mutant,position,original_aa,new_aa,original_hydrophobicity,new_hydrophobicity,delta_hydrophobicity,original_molecular_weight,new_molecular_weight,delta_molecular_weight,original_polarity,new_polarity,delta_polarity,original_charge,new_charge,delta_charge,DMS_score
H24Y,24,H,Y,-3.2,-1.3,1.9000000000000001,155.16,181.19,26.03,10.4,6.2,-4.2,0.5,0.0,-0.5,-1.0
H24P,24,H,P,-3.2,-1.6,1.6,155.16,115.13,-40.03,10.4,8.0,-2.4000000000000004,0.5,0.0,-0.5,-3.321928
H24L,24,H,L,-3.2,3.8,7.0,155.16,131.17,-23.99000000000001,10.4,4.9,-5.5,0.5,0.0,-0.5,-0.5
H24R,24,H,R,-3.2,-4.5,-1.2999999999999998,155.16,174.2,19.039999999999992,10.4,10.5,0.09999999999999964,0.5,1.0,0.5,-0.25
P25R,25,P,R,-1.6,-4.5,-2.9,115.13,174.2,59.06999999999999,8.0,10.5,2.5,0.0,1.0,1.0,0.0
P25Q,25,P,Q,-1.6,-3.5,-1.9,115.13,146.15,31.02000000000001,8.0,10.5,2.5,0.0,0.0,0.0,0.0
P25S,25,P,S,-1.6,-0.8,0.8,115.13,105.09,-10.039999999999992,8.0,9.2,1.1999999999999993,0.0,0.0,0.0,0.0
P25T,25,P,T,-1.6,-0.7,0.9000000000000001,115.13,119.12,3.990000000000009,8.0,8.6,0.5999999999999996,0.0,0.0,0.0,0.0
P25L,25,P,L,-1.6,3.8,5.4,115.13,131.17,16.039999999999992,8.0,4.9,-3.0999999999999996,0.0,0.0,0.0,-0.166666667
E26G,26,E,G,-3.5,-0.4,3.1,147.13,75.07,-72.06,12.3,9.0,-3.3000000000000007,-1.0,0.0,1.0,-1.0
E26K,26,E,K,-3.5,-3.9,-0.3999999999999999,147.13,146.19,-0.9399999999999977,12.3,11.3,-1.0,-1.0,1.0,2.0,0.0
E26V,26,E,V,-3.5,4.2,7.7,147.13,117.15,-29.97999999999999,12.3,5.9,-6.4,-1.0,0.0,1.0,0.0
T27A,27,T,A,-0.7,1.8,2.5,119.12,89.09,-30.03,8.6,8.1,-0.5,0.0,0.0,0.0,0.0
T27M,27,T,M,-0.7,1.9,2.5999999999999996,119.12,149.21,30.090000000000003,8.6,5.7,-2.8999999999999995,0.0,0.0,0.0,-1.0
T27P,27,T,P,-0.7,-1.6,-0.9000000000000001,119.12,115.13,-3.990000000000009,8.6,8.0,-0.5999999999999996,0.0,0.0,0.0,-2.321928
T27R,27,T,R,-0.7,-4.5,-3.8,119.12,174.2,55.079999999999984,8.6,10.5,1.9000000000000004,0.0,1.0,1.0,-2.321928
T27S,27,T,S,-0.7,-0.8,-0.10000000000000009,119.12,105.09,-14.030000000000001,8.6,9.2,0.5999999999999996,0.0,0.0,0.0,-1.0
T27K,27,T,K,-0.7,-3.9,-3.2,119.12,146.19,27.069999999999993,8.6,11.3,2.700000000000001,0.0,1.0,1.0,-2.321928
L28P,28,L,P,3.8,-1.6,-5.4,131.17,115.13,-16.039999999999992,4.9,8.0,3.0999999999999996,0.0,0.0,0.0,-2.101606667
L28M,28,L,M,3.8,1.9,-1.9,131.17,149.21,18.04000000000002,4.9,5.7,0.7999999999999998,0.0,0.0,0.0,0.0
L28Q,28,L,Q,3.8,-3.5,-7.3,131.17,146.15,14.980000000000018,4.9,10.5,5.6,0.0,0.0,0.0,0.0
V29M,29,V,M,4.2,1.9,-2.3000000000000003,117.15,149.21,32.06,5.9,5.7,-0.20000000000000018,0.0,0.0,0.0,0.0
V29E,29,V,E,4.2,-3.5,-7.7,117.15,147.13,29.97999999999999,5.9,12.3,6.4,0.0,-1.0,-1.0,-0.5
K30I,30,K,I,-3.9,4.5,8.4,146.19,131.17,-15.02000000000001,11.3,5.2,-6.1000000000000005,1.0,0.0,-1.0,-0.386988
K30E,30,K,E,-3.9,-3.5,0.3999999999999999,146.19,147.13,0.9399999999999977,11.3,12.3,1.0,1.0,-1.0,-2.0,-1.0
K30N,30,K,N,-3.9,-3.5,0.3999999999999999,146.19,132.12,-14.069999999999993,11.3,11.6,0.29999999999999893,1.0,0.0,-1.0,-2.321928
K30T,30,K,T,-3.9,-0.7,3.2,146.19,119.12,-27.069999999999993,11.3,8.6,-2.700000000000001,1.0,0.0,-1.0,1.0
K30R,30,K,R,-3.9,-4.5,-0.6000000000000001,146.19,174.2,28.00999999999999,11.3,10.5,-0.8000000000000007,1.0,1.0,0.0,0.0
V31L,31,V,L,4.2,3.8,-0.40000000000000036,117.15,131.17,14.019999999999982,5.9,4.9,-1.0,0.0,0.0,0.0,0.0
V31I,31,V,I,4.2,4.5,0.2999999999999998,117.15,131.17,14.019999999999982,5.9,5.2,-0.7000000000000002,0.0,0.0,0.0,-0.333333333
V31A,31,V,A,4.2,1.8,-2.4000000000000004,117.15,89.09,-28.060000000000002,5.9,8.1,2.1999999999999993,0.0,0.0,0.0,0.0
K32I,32,K,I,-3.9,4.5,8.4,146.19,131.17,-15.02000000000001,11.3,5.2,-6.1000000000000005,1.0,0.0,-1.0,0.0
K32E,32,K,E,-3.9,-3.5,0.3999999999999999,146.19,147.13,0.9399999999999977,11.3,12.3,1.0,1.0,-1.0,-2.0,-0.5
K32Q,32,K,Q,-3.9,-3.5,0.3999999999999999,146.19,146.15,-0.03999999999999204,11.3,10.5,-0.8000000000000007,1.0,0.0,-1.0,0.0
K32R,32,K,R,-3.9,-4.5,-0.6000000000000001,146.19,174.2,28.00999999999999,11.3,10.5,-0.8000000000000007,1.0,1.0,0.0,-0.333333333
K32T,32,K,T,-3.9,-0.7,3.2,146.19,119.12,-27.069999999999993,11.3,8.6,-2.700000000000001,1.0,0.0,-1.0,0.0
K32N,32,K,N,-3.9,-3.5,0.3999999999999999,146.19,132.12,-14.069999999999993,11.3,11.6,0.29999999999999893,1.0,0.0,-1.0,0.0
D33V,33,D,V,-3.5,4.2,7.7,133.1,117.15,-15.949999999999989,13.0,5.9,-7.1,-1.0,0.0,1.0,0.0
D33G,33,D,G,-3.5,-0.4,3.1,133.1,75.07,-58.03,13.0,9.0,-4.0,-1.0,0.0,1.0,-1.0
D33A,33,D,A,-3.5,1.8,5.3,133.1,89.09,-44.00999999999999,13.0,8.1,-4.9,-1.0,0.0,1.0,-1.0
D33N,33,D,N,-3.5,-3.5,0.0,133.1,132.12,-0.9799999999999898,13.0,11.6,-1.4000000000000004,-1.0,0.0,1.0,0.0
A34T,34,A,T,1.8,-0.7,-2.5,89.09,119.12,30.03,8.1,8.6,0.5,0.0,0.0,0.0,-1.0643856000000005
A34V,34,A,V,1.8,4.2,2.4000000000000004,89.09,117.15,28.060000000000002,8.1,5.9,-2.1999999999999993,0.0,0.0,0.0,0.0
A34D,34,A,D,1.8,-3.5,-5.3,89.09,133.1,44.00999999999999,8.1,13.0,4.9,0.0,-1.0,-1.0,-5.321928
A34G,34,A,G,1.8,-0.4,-2.2,89.09,75.07,-14.02000000000001,8.1,9.0,0.9000000000000004,0.0,0.0,0.0,-1.0
A34P,34,A,P,1.8,-1.6,-3.4000000000000004,89.09,115.13,26.039999999999992,8.1,8.0,-0.09999999999999964,0.0,0.0,0.0,-4.821928
E35V,35,E,V,-3.5,4.2,7.7,147.13,117.15,-29.97999999999999,12.3,5.9,-6.4,-1.0,0.0,1.0,-2.321928
E35K,35,E,K,-3.5,-3.9,-0.3999999999999999,147.13,146.19,-0.9399999999999977,12.3,11.3,-1.0,-1.0,1.0,2.0,-3.321928
E35G,35,E,G,-3.5,-0.4,3.1,147.13,75.07,-72.06,12.3,9.0,-3.3000000000000007,-1.0,0.0,1.0,-1.0
E35D,35,E,D,-3.5,-3.5,0.0,147.13,133.1,-14.030000000000001,12.3,13.0,0.6999999999999993,-1.0,-1.0,0.0,-2.160964
D36A,36,D,A,-3.5,1.8,5.3,133.1,89.09,-44.00999999999999,13.0,8.1,-4.9,-1.0,0.0,1.0,0.0
D36E,36,D,E,-3.5,-3.5,0.0,133.1,147.13,14.030000000000001,13.0,12.3,-0.6999999999999993,-1.0,-1.0,0.0,0.0
D36N,36,D,N,-3.5,-3.5,0.0,133.1,132.12,-0.9799999999999898,13.0,11.6,-1.4000000000000004,-1.0,0.0,1.0,0.0
D36V,36,D,V,-3.5,4.2,7.7,133.1,117.15,-15.949999999999989,13.0,5.9,-7.1,-1.0,0.0,1.0,0.0
Q37R,37,Q,R,-3.5,-4.5,-1.0,146.15,174.2,28.049999999999983,10.5,10.5,0.0,0.0,1.0,1.0,0.0
Q37H,37,Q,H,-3.5,-3.2,0.2999999999999998,146.15,155.16,9.009999999999991,10.5,10.4,-0.09999999999999964,0.0,0.5,0.5,0.5
Q37K,37,Q,K,-3.5,-3.9,-0.3999999999999999,146.15,146.19,0.03999999999999204,10.5,11.3,0.8000000000000007,0.0,1.0,1.0,0.333333333
Q37L,37,Q,L,-3.5,3.8,7.3,146.15,131.17,-14.980000000000018,10.5,4.9,-5.6,0.0,0.0,0.0,0.0
L38W,38,L,W,3.8,-0.9,-4.7,131.17,204.23,73.06,4.9,5.4,0.5,0.0,0.0,0.0,0.0
L38M,38,L,M,3.8,1.9,-1.9,131.17,149.21,18.04000000000002,4.9,5.7,0.7999999999999998,0.0,0.0,0.0,1.0
L38S,38,L,S,3.8,-0.8,-4.6,131.17,105.09,-26.079999999999984,4.9,9.2,4.299999999999999,0.0,0.0,0.0,-1.0
L38F,38,L,F,3.8,2.8,-1.0,131.17,165.19,34.02000000000001,4.9,5.2,0.2999999999999998,0.0,0.0,0.0,-1.0
G39A,39,G,A,-0.4,1.8,2.2,75.07,89.09,14.02000000000001,9.0,8.1,-0.9000000000000004,0.0,0.0,0.0,1.0
G39C,39,G,C,-0.4,2.5,2.9,75.07,121.16,46.09,9.0,5.5,-3.5,0.0,0.0,0.0,-0.5
G39D,39,G,D,-0.4,-3.5,-3.1,75.07,133.1,58.03,9.0,13.0,4.0,0.0,-1.0,-1.0,0.0
G39R,39,G,R,-0.4,-4.5,-4.1,75.07,174.2,99.13,9.0,10.5,1.5,0.0,1.0,1.0,0.0
G39S,39,G,S,-0.4,-0.8,-0.4,75.07,105.09,30.02000000000001,9.0,9.2,0.1999999999999993,0.0,0.0,0.0,0.0
A40T,40,A,T,1.8,-0.7,-2.5,89.09,119.12,30.03,8.1,8.6,0.5,0.0,0.0,0.0,-0.2
A40V,40,A,V,1.8,4.2,2.4000000000000004,89.09,117.15,28.060000000000002,8.1,5.9,-2.1999999999999993,0.0,0.0,0.0,-2.321928
R41Q,41,R,Q,-4.5,-3.5,1.0,174.2,146.15,-28.049999999999983,10.5,10.5,0.0,1.0,0.0,-1.0,0.0
R41L,41,R,L,-4.5,3.8,8.3,174.2,131.17,-43.03,10.5,4.9,-5.6,1.0,0.0,-1.0,-1.0
V42A,42,V,A,4.2,1.8,-2.4000000000000004,117.15,89.09,-28.060000000000002,5.9,8.1,2.1999999999999993,0.0,0.0,0.0,-1.0
V42L,42,V,L,4.2,3.8,-0.40000000000000036,117.15,131.17,14.019999999999982,5.9,4.9,-1.0,0.0,0.0,0.0,0.25
V42G,42,V,G,4.2,-0.4,-4.6000000000000005,117.15,75.07,-42.08000000000001,5.9,9.0,3.0999999999999996,0.0,0.0,0.0,-5.321928
V42E,42,V,E,4.2,-3.5,-7.7,117.15,147.13,29.97999999999999,5.9,12.3,6.4,0.0,-1.0,-1.0,-5.321928
G43A,43,G,A,-0.4,1.8,2.2,75.07,89.09,14.02000000000001,9.0,8.1,-0.9000000000000004,0.0,0.0,0.0,-0.666666667
G43C,43,G,C,-0.4,2.5,2.9,75.07,121.16,46.09,9.0,5.5,-3.5,0.0,0.0,0.0,-3.321928
G43D,43,G,D,-0.4,-3.5,-3.1,75.07,133.1,58.03,9.0,13.0,4.0,0.0,-1.0,-1.0,-5.321928
G43S,43,G,S,-0.4,-0.8,-0.4,75.07,105.09,30.02000000000001,9.0,9.2,0.1999999999999993,0.0,0.0,0.0,-1.0
Y44F,44,Y,F,-1.3,2.8,4.1,181.19,165.19,-16.0,6.2,5.2,-1.0,0.0,0.0,0.0,0.0
Y44H,44,Y,H,-1.3,-3.2,-1.9000000000000001,181.19,155.16,-26.03,6.2,10.4,4.2,0.0,0.5,0.5,-3.321928
Y44C,44,Y,C,-1.3,2.5,3.8,181.19,121.16,-60.03,6.2,5.5,-0.7000000000000002,0.0,0.0,0.0,-5.321928
Y44N,44,Y,N,-1.3,-3.5,-2.2,181.19,132.12,-49.06999999999999,6.2,11.6,5.3999999999999995,0.0,0.0,0.0,-2.660964
I45T,45,I,T,4.5,-0.7,-5.2,131.17,119.12,-12.049999999999983,5.2,8.6,3.3999999999999995,0.0,0.0,0.0,0.0
I45V,45,I,V,4.5,4.2,-0.2999999999999998,131.17,117.15,-14.019999999999982,5.2,5.9,0.7000000000000002,0.0,0.0,0.0,0.0
I45N,45,I,N,4.5,-3.5,-8.0,131.17,132.12,0.950000000000017,5.2,11.6,6.3999999999999995,0.0,0.0,0.0,-4.321928
I45M,45,I,M,4.5,1.9,-2.6,131.17,149.21,18.04000000000002,5.2,5.7,0.5,0.0,0.0,0.0,0.0
I45F,45,I,F,4.5,2.8,-1.7000000000000002,131.17,165.19,34.02000000000001,5.2,5.2,0.0,0.0,0.0,0.0,0.0
E46V,46,E,V,-3.5,4.2,7.7,147.13,117.15,-29.97999999999999,12.3,5.9,-6.4,-1.0,0.0,1.0,-0.333333333
E46D,46,E,D,-3.5,-3.5,0.0,147.13,133.1,-14.030000000000001,12.3,13.0,0.6999999999999993,-1.0,-1.0,0.0,-0.75
E46G,46,E,G,-3.5,-0.4,3.1,147.13,75.07,-72.06,12.3,9.0,-3.3000000000000007,-1.0,0.0,1.0,-2.321928
E46K,46,E,K,-3.5,-3.9,-0.3999999999999999,147.13,146.19,-0.9399999999999977,12.3,11.3,-1.0,-1.0,1.0,2.0,0.333333333
L47V,47,L,V,3.8,4.2,0.40000000000000036,131.17,117.15,-14.019999999999982,4.9,5.9,1.0,0.0,0.0,0.0,0.0
L47M,47,L,M,3.8,1.9,-1.9,131.17,149.21,18.04000000000002,4.9,5.7,0.7999999999999998,0.0,0.0,0.0,0.0
L47P,47,L,P,3.8,-1.6,-5.4,131.17,115.13,-16.039999999999992,4.9,8.0,3.0999999999999996,0.0,0.0,0.0,-5.321928
L47Q,47,L,Q,3.8,-3.5,-7.3,131.17,146.15,14.980000000000018,4.9,10.5,5.6,0.0,0.0,0.0,-0.5
D48E,48,D,E,-3.5,-3.5,0.0,133.1,147.13,14.030000000000001,13.0,12.3,-0.6999999999999993,-1.0,-1.0,0.0,0.0
D48G,48,D,G,-3.5,-0.4,3.1,133.1,75.07,-58.03,13.0,9.0,-4.0,-1.0,0.0,1.0,-1.0
D48N,48,D,N,-3.5,-3.5,0.0,133.1,132.12,-0.9799999999999898,13.0,11.6,-1.4000000000000004,-1.0,0.0,1.0,-1.0
D48V,48,D,V,-3.5,4.2,7.7,133.1,117.15,-15.949999999999989,13.0,5.9,-7.1,-1.0,0.0,1.0,-1.991446
L49I,49,L,I,3.8,4.5,0.7000000000000002,131.17,131.17,0.0,4.9,5.2,0.2999999999999998,0.0,0.0,0.0,0.0
L49H,49,L,H,3.8,-3.2,-7.0,131.17,155.16,23.99000000000001,4.9,10.4,5.5,0.0,0.5,0.5,-2.321928
L49F,49,L,F,3.8,2.8,-1.0,131.17,165.19,34.02000000000001,4.9,5.2,0.2999999999999998,0.0,0.0,0.0,0.0
L49P,49,L,P,3.8,-1.6,-5.4,131.17,115.13,-16.039999999999992,4.9,8.0,3.0999999999999996,0.0,0.0,0.0,-2.321928
L49R,49,L,R,3.8,-4.5,-8.3,131.17,174.2,43.03,4.9,10.5,5.6,0.0,1.0,1.0,-3.321928
N50D,50,N,D,-3.5,-3.5,0.0,132.12,133.1,0.9799999999999898,11.6,13.0,1.4000000000000004,0.0,-1.0,-1.0,0.5
N50K,50,N,K,-3.5,-3.9,-0.3999999999999999,132.12,146.19,14.069999999999993,11.6,11.3,-0.29999999999999893,0.0,1.0,1.0,0.0
N50S,50,N,S,-3.5,-0.8,2.7,132.12,105.09,-27.03,11.6,9.2,-2.4000000000000004,0.0,0.0,0.0,0.0
N50T,50,N,T,-3.5,-0.7,2.8,132.12,119.12,-13.0,11.6,8.6,-3.0,0.0,0.0,0.0,0.0
S51I,51,S,I,-0.8,4.5,5.3,105.09,131.17,26.079999999999984,9.2,5.2,-3.999999999999999,0.0,0.0,0.0,-1.160964
S51C,51,S,C,-0.8,2.5,3.3,105.09,121.16,16.069999999999993,9.2,5.5,-3.6999999999999993,0.0,0.0,0.0,-2.321928
S51T,51,S,T,-0.8,-0.7,0.10000000000000009,105.09,119.12,14.030000000000001,9.2,8.6,-0.5999999999999996,0.0,0.0,0.0,0.0
S51R,51,S,R,-0.8,-4.5,-3.7,105.09,174.2,69.10999999999999,9.2,10.5,1.3000000000000007,0.0,1.0,1.0,-0.5
S51N,51,S,N,-0.8,-3.5,-2.7,105.09,132.12,27.03,9.2,11.6,2.4000000000000004,0.0,0.0,0.0,-0.142857143
G52A,52,G,A,-0.4,1.8,2.2,75.07,89.09,14.02000000000001,9.0,8.1,-0.9000000000000004,0.0,0.0,0.0,-0.5
G52S,52,G,S,-0.4,-0.8,-0.4,75.07,105.09,30.02000000000001,9.0,9.2,0.1999999999999993,0.0,0.0,0.0,-0.5
G52C,52,G,C,-0.4,2.5,2.9,75.07,121.16,46.09,9.0,5.5,-3.5,0.0,0.0,0.0,-2.214618667
G52D,52,G,D,-0.4,-3.5,-3.1,75.07,133.1,58.03,9.0,13.0,4.0,0.0,-1.0,-1.0,-1.0
K53R,53,K,R,-3.9,-4.5,-0.6000000000000001,146.19,174.2,28.00999999999999,11.3,10.5,-0.8000000000000007,1.0,1.0,0.0,0.0
K53M,53,K,M,-3.9,1.9,5.8,146.19,149.21,3.0200000000000102,11.3,5.7,-5.6000000000000005,1.0,0.0,-1.0,0.0
K53E,53,K,E,-3.9,-3.5,0.3999999999999999,146.19,147.13,0.9399999999999977,11.3,12.3,1.0,1.0,-1.0,-2.0,1.0
I54F,54,I,F,4.5,2.8,-1.7000000000000002,131.17,165.19,34.02000000000001,5.2,5.2,0.0,0.0,0.0,0.0,0.0
I54N,54,I,N,4.5,-3.5,-8.0,131.17,132.12,0.950000000000017,5.2,11.6,6.3999999999999995,0.0,0.0,0.0,-1.370723
I54T,54,I,T,4.5,-0.7,-5.2,131.17,119.12,-12.049999999999983,5.2,8.6,3.3999999999999995,0.0,0.0,0.0,0.25
I54V,54,I,V,4.5,4.2,-0.2999999999999998,131.17,117.15,-14.019999999999982,5.2,5.9,0.7000000000000002,0.0,0.0,0.0,0.333333333
L55I,55,L,I,3.8,4.5,0.7000000000000002,131.17,131.17,0.0,4.9,5.2,0.2999999999999998,0.0,0.0,0.0,0.25
L55H,55,L,H,3.8,-3.2,-7.0,131.17,155.16,23.99000000000001,4.9,10.4,5.5,0.0,0.5,0.5,-1.660964
L55P,55,L,P,3.8,-1.6,-5.4,131.17,115.13,-16.039999999999992,4.9,8.0,3.0999999999999996,0.0,0.0,0.0,-5.321928
E56V,56,E,V,-3.5,4.2,7.7,147.13,117.15,-29.97999999999999,12.3,5.9,-6.4,-1.0,0.0,1.0,-0.5
E56K,56,E,K,-3.5,-3.9,-0.3999999999999999,147.13,146.19,-0.9399999999999977,12.3,11.3,-1.0,-1.0,1.0,2.0,0.0
E56G,56,E,G,-3.5,-0.4,3.1,147.13,75.07,-72.06,12.3,9.0,-3.3000000000000007,-1.0,0.0,1.0,0.0
S57N,57,S,N,-0.8,-3.5,-2.7,105.09,132.12,27.03,9.2,11.6,2.4000000000000004,0.0,0.0,0.0,0.0
S57I,57,S,I,-0.8,4.5,5.3,105.09,131.17,26.079999999999984,9.2,5.2,-3.999999999999999,0.0,0.0,0.0,0.0
S57G,57,S,G,-0.8,-0.4,0.4,105.09,75.07,-30.02000000000001,9.2,9.0,-0.1999999999999993,0.0,0.0,0.0,0.0
S57R,57,S,R,-0.8,-4.5,-3.7,105.09,174.2,69.10999999999999,9.2,10.5,1.3000000000000007,0.0,1.0,1.0,0.0
F58L,58,F,L,2.8,3.8,1.0,165.19,131.17,-34.02000000000001,5.2,4.9,-0.2999999999999998,0.0,0.0,0.0,-0.25
F58I,58,F,I,2.8,4.5,1.7000000000000002,165.19,131.17,-34.02000000000001,5.2,5.2,0.0,0.0,0.0,0.0,-1.0
F58V,58,F,V,2.8,4.2,1.4000000000000004,165.19,117.15,-48.03999999999999,5.2,5.9,0.7000000000000002,0.0,0.0,0.0,0.0
F58S,58,F,S,2.8,-0.8,-3.5999999999999996,165.19,105.09,-60.099999999999994,5.2,9.2,3.999999999999999,0.0,0.0,0.0,0.0
F58C,58,F,C,2.8,2.5,-0.2999999999999998,165.19,121.16,-44.03,5.2,5.5,0.2999999999999998,0.0,0.0,0.0,0.0
R59L,59,R,L,-4.5,3.8,8.3,174.2,131.17,-43.03,10.5,4.9,-5.6,1.0,0.0,-1.0,-3.321928
R59C,59,R,C,-4.5,2.5,7.0,174.2,121.16,-53.03999999999999,10.5,5.5,-5.0,1.0,0.0,-1.0,-3.655261333
R59H,59,R,H,-4.5,-3.2,1.2999999999999998,174.2,155.16,-19.039999999999992,10.5,10.4,-0.09999999999999964,1.0,0.5,-0.5,-0.285714286
R59P,59,R,P,-4.5,-1.6,2.9,174.2,115.13,-59.06999999999999,10.5,8.0,-2.5,1.0,0.0,-1.0,-5.321928
P60A,60,P,A,-1.6,1.8,3.4000000000000004,115.13,89.09,-26.039999999999992,8.0,8.1,0.09999999999999964,0.0,0.0,0.0,0.0
P60T,60,P,T,-1.6,-0.7,0.9000000000000001,115.13,119.12,3.990000000000009,8.0,8.6,0.5999999999999996,0.0,0.0,0.0,0.0
P60S,60,P,S,-1.6,-0.8,0.8,115.13,105.09,-10.039999999999992,8.0,9.2,1.1999999999999993,0.0,0.0,0.0,0.0
P60R,60,P,R,-1.6,-4.5,-2.9,115.13,174.2,59.06999999999999,8.0,10.5,2.5,0.0,1.0,1.0,0.0
P60L,60,P,L,-1.6,3.8,5.4,115.13,131.17,16.039999999999992,8.0,4.9,-3.0999999999999996,0.0,0.0,0.0,-0.5
P60H,60,P,H,-1.6,-3.2,-1.6,115.13,155.16,40.03,8.0,10.4,2.4000000000000004,0.0,0.5,0.5,0.333333333
E61G,61,E,G,-3.5,-0.4,3.1,147.13,75.07,-72.06,12.3,9.0,-3.3000000000000007,-1.0,0.0,1.0,0.0
E61A,61,E,A,-3.5,1.8,5.3,147.13,89.09,-58.03999999999999,12.3,8.1,-4.200000000000001,-1.0,0.0,1.0,0.0
E61V,61,E,V,-3.5,4.2,7.7,147.13,117.15,-29.97999999999999,12.3,5.9,-6.4,-1.0,0.0,1.0,0.0
E61D,61,E,D,-3.5,-3.5,0.0,147.13,133.1,-14.030000000000001,12.3,13.0,0.6999999999999993,-1.0,-1.0,0.0,0.0
E61K,61,E,K,-3.5,-3.9,-0.3999999999999999,147.13,146.19,-0.9399999999999977,12.3,11.3,-1.0,-1.0,1.0,2.0,0.0
E62G,62,E,G,-3.5,-0.4,3.1,147.13,75.07,-72.06,12.3,9.0,-3.3000000000000007,-1.0,0.0,1.0,-1.0
E62D,62,E,D,-3.5,-3.5,0.0,147.13,133.1,-14.030000000000001,12.3,13.0,0.6999999999999993,-1.0,-1.0,0.0,0.0
R63C,63,R,C,-4.5,2.5,7.0,174.2,121.16,-53.03999999999999,10.5,5.5,-5.0,1.0,0.0,-1.0,-1.607309333
R63L,63,R,L,-4.5,3.8,8.3,174.2,131.17,-43.03,10.5,4.9,-5.6,1.0,0.0,-1.0,0.0
F64S,64,F,S,2.8,-0.8,-3.5999999999999996,165.19,105.09,-60.099999999999994,5.2,9.2,3.999999999999999,0.0,0.0,0.0,-5.321928
F64L,64,F,L,2.8,3.8,1.0,165.19,131.17,-34.02000000000001,5.2,4.9,-0.2999999999999998,0.0,0.0,0.0,-4.821928
F64C,64,F,C,2.8,2.5,-0.2999999999999998,165.19,121.16,-44.03,5.2,5.5,0.2999999999999998,0.0,0.0,0.0,-5.321928
F64V,64,F,V,2.8,4.2,1.4000000000000004,165.19,117.15,-48.03999999999999,5.2,5.9,0.7000000000000002,0.0,0.0,0.0,-2.821928
F64I,64,F,I,2.8,4.5,1.7000000000000002,165.19,131.17,-34.02000000000001,5.2,5.2,0.0,0.0,0.0,0.0,-4.821928
F64Y,64,F,Y,2.8,-1.3,-4.1,165.19,181.19,16.0,5.2,6.2,1.0,0.0,0.0,0.0,-0.666666667
P65L,65,P,L,-1.6,3.8,5.4,115.13,131.17,16.039999999999992,8.0,4.9,-3.0999999999999996,0.0,0.0,0.0,-4.321928
P65S,65,P,S,-1.6,-0.8,0.8,115.13,105.09,-10.039999999999992,8.0,9.2,1.1999999999999993,0.0,0.0,0.0,-2.741446
P65Q,65,P,Q,-1.6,-3.5,-1.9,115.13,146.15,31.02000000000001,8.0,10.5,2.5,0.0,0.0,0.0,-4.321928
M66L,66,M,L,1.9,3.8,1.9,149.21,131.17,-18.04000000000002,5.7,4.9,-0.7999999999999998,0.0,0.0,0.0,-0.331704
M66K,66,M,K,1.9,-3.9,-5.8,149.21,146.19,-3.0200000000000102,5.7,11.3,5.6000000000000005,0.0,1.0,1.0,-5.321928
M66I,66,M,I,1.9,4.5,2.6,149.21,131.17,-18.04000000000002,5.7,5.2,-0.5,0.0,0.0,0.0,0.0
M66T,66,M,T,1.9,-0.7,-2.5999999999999996,149.21,119.12,-30.090000000000003,5.7,8.6,2.8999999999999995,0.0,0.0,0.0,-1.5287712
M66V,66,M,V,1.9,4.2,2.3000000000000003,149.21,117.15,-32.06,5.7,5.9,0.20000000000000018,0.0,0.0,0.0,0.0
M66R,66,M,R,1.9,-4.5,-6.4,149.21,174.2,24.98999999999998,5.7,10.5,4.8,0.0,1.0,1.0,-5.321928
M67V,67,M,V,1.9,4.2,2.3000000000000003,149.21,117.15,-32.06,5.7,5.9,0.20000000000000018,0.0,0.0,0.0,-1.0
M67T,67,M,T,1.9,-0.7,-2.5999999999999996,149.21,119.12,-30.090000000000003,5.7,8.6,2.8999999999999995,0.0,0.0,0.0,-0.5
M67L,67,M,L,1.9,3.8,1.9,149.21,131.17,-18.04000000000002,5.7,4.9,-0.7999999999999998,0.0,0.0,0.0,-2.321928
M67K,67,M,K,1.9,-3.9,-5.8,149.21,146.19,-3.0200000000000102,5.7,11.3,5.6000000000000005,0.0,1.0,1.0,-5.321928
M67I,67,M,I,1.9,4.5,2.6,149.21,131.17,-18.04000000000002,5.7,5.2,-0.5,0.0,0.0,0.0,-0.666666667
S68N,68,S,N,-0.8,-3.5,-2.7,105.09,132.12,27.03,9.2,11.6,2.4000000000000004,0.0,0.0,0.0,-5.321928
S68G,68,S,G,-0.8,-0.4,0.4,105.09,75.07,-30.02000000000001,9.2,9.0,-0.1999999999999993,0.0,0.0,0.0,-5.321928
S68C,68,S,C,-0.8,2.5,3.3,105.09,121.16,16.069999999999993,9.2,5.5,-3.6999999999999993,0.0,0.0,0.0,-5.321928
S68I,68,S,I,-0.8,4.5,5.3,105.09,131.17,26.079999999999984,9.2,5.2,-3.999999999999999,0.0,0.0,0.0,-5.321928
T69N,69,T,N,-0.7,-3.5,-2.8,119.12,132.12,13.0,8.6,11.6,3.0,0.0,0.0,0.0,-5.321928
T69I,69,T,I,-0.7,4.5,5.2,119.12,131.17,12.049999999999983,8.6,5.2,-3.3999999999999995,0.0,0.0,0.0,-2.821928
T69A,69,T,A,-0.7,1.8,2.5,119.12,89.09,-30.03,8.6,8.1,-0.5,0.0,0.0,0.0,-4.321928
T69S,69,T,S,-0.7,-0.8,-0.10000000000000009,119.12,105.09,-14.030000000000001,8.6,9.2,0.5999999999999996,0.0,0.0,0.0,-1.214618667
F70I,70,F,I,2.8,4.5,1.7000000000000002,165.19,131.17,-34.02000000000001,5.2,5.2,0.0,0.0,0.0,0.0,-1.0
F70L,70,F,L,2.8,3.8,1.0,165.19,131.17,-34.02000000000001,5.2,4.9,-0.2999999999999998,0.0,0.0,0.0,-1.5287712
F70S,70,F,S,2.8,-0.8,-3.5999999999999996,165.19,105.09,-60.099999999999994,5.2,9.2,3.999999999999999,0.0,0.0,0.0,0.0
F70Y,70,F,Y,2.8,-1.3,-4.1,165.19,181.19,16.0,5.2,6.2,1.0,0.0,0.0,0.0,-4.321928
F70V,70,F,V,2.8,4.2,1.4000000000000004,165.19,117.15,-48.03999999999999,5.2,5.9,0.7000000000000002,0.0,0.0,0.0,-0.666666667
K71N,71,K,N,-3.9,-3.5,0.3999999999999999,146.19,132.12,-14.069999999999993,11.3,11.6,0.29999999999999893,1.0,0.0,-1.0,-5.321928
K71I,71,K,I,-3.9,4.5,8.4,146.19,131.17,-15.02000000000001,11.3,5.2,-6.1000000000000005,1.0,0.0,-1.0,-5.321928
K71R,71,K,R,-3.9,-4.5,-0.6000000000000001,146.19,174.2,28.00999999999999,11.3,10.5,-0.8000000000000007,1.0,1.0,0.0,-4.821928
K71T,71,K,T,-3.9,-0.7,3.2,146.19,119.12,-27.069999999999993,11.3,8.6,-2.700000000000001,1.0,0.0,-1.0,-5.321928
V72I,72,V,I,4.2,4.5,0.2999999999999998,117.15,131.17,14.019999999999982,5.9,5.2,-0.7000000000000002,0.0,0.0,0.0,0.0
V72G,72,V,G,4.2,-0.4,-4.6000000000000005,117.15,75.07,-42.08000000000001,5.9,9.0,3.0999999999999996,0.0,0.0,0.0,-3.321928
V72D,72,V,D,4.2,-3.5,-7.7,117.15,133.1,15.949999999999989,5.9,13.0,7.1,0.0,-1.0,-1.0,-5.321928
V72A,72,V,A,4.2,1.8,-2.4000000000000004,117.15,89.09,-28.060000000000002,5.9,8.1,2.1999999999999993,0.0,0.0,0.0,0.0
L73Q,73,L,Q,3.8,-3.5,-7.3,131.17,146.15,14.980000000000018,4.9,10.5,5.6,0.0,0.0,0.0,-1.0
L73P,73,L,P,3.8,-1.6,-5.4,131.17,115.13,-16.039999999999992,4.9,8.0,3.0999999999999996,0.0,0.0,0.0,-1.0
L74P,74,L,P,3.8,-1.6,-5.4,131.17,115.13,-16.039999999999992,4.9,8.0,3.0999999999999996,0.0,0.0,0.0,-5.321928
L74Q,74,L,Q,3.8,-3.5,-7.3,131.17,146.15,14.980000000000018,4.9,10.5,5.6,0.0,0.0,0.0,-4.321928
L74I,74,L,I,3.8,4.5,0.7000000000000002,131.17,131.17,0.0,4.9,5.2,0.2999999999999998,0.0,0.0,0.0,-0.75
C75R,75,C,R,2.5,-4.5,-7.0,121.16,174.2,53.03999999999999,5.5,10.5,5.0,0.0,1.0,1.0,-5.321928
C75S,75,C,S,2.5,-0.8,-3.3,121.16,105.09,-16.069999999999993,5.5,9.2,3.6999999999999993,0.0,0.0,0.0,-1.330482
C75Y,75,C,Y,2.5,-1.3,-3.8,121.16,181.19,60.03,5.5,6.2,0.7000000000000002,0.0,0.0,0.0,-5.321928
G76A,76,G,A,-0.4,1.8,2.2,75.07,89.09,14.02000000000001,9.0,8.1,-0.9000000000000004,0.0,0.0,0.0,-4.321928
G76S,76,G,S,-0.4,-0.8,-0.4,75.07,105.09,30.02000000000001,9.0,9.2,0.1999999999999993,0.0,0.0,0.0,-0.5
G76V,76,G,V,-0.4,4.2,4.6000000000000005,75.07,117.15,42.08000000000001,9.0,5.9,-3.0999999999999996,0.0,0.0,0.0,-2.321928
G76C,76,G,C,-0.4,2.5,2.9,75.07,121.16,46.09,9.0,5.5,-3.5,0.0,0.0,0.0,-1.0
G76D,76,G,D,-0.4,-3.5,-3.1,75.07,133.1,58.03,9.0,13.0,4.0,0.0,-1.0,-1.0,-5.321928
A77P,77,A,P,1.8,-1.6,-3.4000000000000004,89.09,115.13,26.039999999999992,8.1,8.0,-0.09999999999999964,0.0,0.0,0.0,-5.321928
A77G,77,A,G,1.8,-0.4,-2.2,89.09,75.07,-14.02000000000001,8.1,9.0,0.9000000000000004,0.0,0.0,0.0,-1.0
A77E,77,A,E,1.8,-3.5,-5.3,89.09,147.13,58.03999999999999,8.1,12.3,4.200000000000001,0.0,-1.0,-1.0,-2.321928
A77T,77,A,T,1.8,-0.7,-2.5,89.09,119.12,30.03,8.1,8.6,0.5,0.0,0.0,0.0,0.0
A77V,77,A,V,1.8,4.2,2.4000000000000004,89.09,117.15,28.060000000000002,8.1,5.9,-2.1999999999999993,0.0,0.0,0.0,0.0
V78A,78,V,A,4.2,1.8,-2.4000000000000004,117.15,89.09,-28.060000000000002,5.9,8.1,2.1999999999999993,0.0,0.0,0.0,-1.410964
V78I,78,V,I,4.2,4.5,0.2999999999999998,117.15,131.17,14.019999999999982,5.9,5.2,-0.7000000000000002,0.0,0.0,0.0,0.0
V78L,78,V,L,4.2,3.8,-0.40000000000000036,117.15,131.17,14.019999999999982,5.9,4.9,-1.0,0.0,0.0,0.0,-0.5
L79F,79,L,F,3.8,2.8,-1.0,131.17,165.19,34.02000000000001,4.9,5.2,0.2999999999999998,0.0,0.0,0.0,-3.321928
L79I,79,L,I,3.8,4.5,0.7000000000000002,131.17,131.17,0.0,4.9,5.2,0.2999999999999998,0.0,0.0,0.0,-2.321928
S80P,80,S,P,-0.8,-1.6,-0.8,105.09,115.13,10.039999999999992,9.2,8.0,-1.1999999999999993,0.0,0.0,0.0,-5.321928
S80T,80,S,T,-0.8,-0.7,0.10000000000000009,105.09,119.12,14.030000000000001,9.2,8.6,-0.5999999999999996,0.0,0.0,0.0,0.333333333
S80Y,80,S,Y,-0.8,-1.3,-0.5,105.09,181.19,76.1,9.2,6.2,-2.999999999999999,0.0,0.0,0.0,0.0
R81L,81,R,L,-4.5,3.8,8.3,174.2,131.17,-43.03,10.5,4.9,-5.6,1.0,0.0,-1.0,0.0
R81S,81,R,S,-4.5,-0.8,3.7,174.2,105.09,-69.10999999999999,10.5,9.2,-1.3000000000000007,1.0,0.0,-1.0,0.0
R81P,81,R,P,-4.5,-1.6,2.9,174.2,115.13,-59.06999999999999,10.5,8.0,-2.5,1.0,0.0,-1.0,-4.321928
R81H,81,R,H,-4.5,-3.2,1.2999999999999998,174.2,155.16,-19.039999999999992,10.5,10.4,-0.09999999999999964,1.0,0.5,-0.5,-0.610160667
R81C,81,R,C,-4.5,2.5,7.0,174.2,121.16,-53.03999999999999,10.5,5.5,-5.0,1.0,0.0,-1.0,-1.5287712
V82G,82,V,G,4.2,-0.4,-4.6000000000000005,117.15,75.07,-42.08000000000001,5.9,9.0,3.0999999999999996,0.0,0.0,0.0,-2.321928
V82I,82,V,I,4.2,4.5,0.2999999999999998,117.15,131.17,14.019999999999982,5.9,5.2,-0.7000000000000002,0.0,0.0,0.0,0.0
V82D,82,V,D,4.2,-3.5,-7.7,117.15,133.1,15.949999999999989,5.9,13.0,7.1,0.0,-1.0,-1.0,-3.321928
V82L,82,V,L,4.2,3.8,-0.40000000000000036,117.15,131.17,14.019999999999982,5.9,4.9,-1.0,0.0,0.0,0.0,-2.321928
V82A,82,V,A,4.2,1.8,-2.4000000000000004,117.15,89.09,-28.060000000000002,5.9,8.1,2.1999999999999993,0.0,0.0,0.0,-1.0
D83G,83,D,G,-3.5,-0.4,3.1,133.1,75.07,-58.03,13.0,9.0,-4.0,-1.0,0.0,1.0,-2.321928
D83V,83,D,V,-3.5,4.2,7.7,133.1,117.15,-15.949999999999989,13.0,5.9,-7.1,-1.0,0.0,1.0,-3.821928
D83N,83,D,N,-3.5,-3.5,0.0,133.1,132.12,-0.9799999999999898,13.0,11.6,-1.4000000000000004,-1.0,0.0,1.0,-2.321928
A84P,84,A,P,1.8,-1.6,-3.4000000000000004,89.09,115.13,26.039999999999992,8.1,8.0,-0.09999999999999964,0.0,0.0,0.0,-3.321928
A84D,84,A,D,1.8,-3.5,-5.3,89.09,133.1,44.00999999999999,8.1,13.0,4.9,0.0,-1.0,-1.0,0.0
A84S,84,A,S,1.8,-0.8,-2.6,89.09,105.09,16.0,8.1,9.2,1.0999999999999996,0.0,0.0,0.0,0.0
A84T,84,A,T,1.8,-0.7,-2.5,89.09,119.12,30.03,8.1,8.6,0.5,0.0,0.0,0.0,0.0
A84V,84,A,V,1.8,4.2,2.4000000000000004,89.09,117.15,28.060000000000002,8.1,5.9,-2.1999999999999993,0.0,0.0,0.0,0.166666667
G85W,85,G,W,-0.4,-0.9,-0.5,75.07,204.23,129.16,9.0,5.4,-3.5999999999999996,0.0,0.0,0.0,-1.660964
G85E,85,G,E,-0.4,-3.5,-3.1,75.07,147.13,72.06,9.0,12.3,3.3000000000000007,0.0,-1.0,-1.0,-0.333333333
G85R,85,G,R,-0.4,-4.5,-4.1,75.07,174.2,99.13,9.0,10.5,1.5,0.0,1.0,1.0,-0.333333333
G85V,85,G,V,-0.4,4.2,4.6000000000000005,75.07,117.15,42.08000000000001,9.0,5.9,-3.0999999999999996,0.0,0.0,0.0,-1.881285333
Q86E,86,Q,E,-3.5,-3.5,0.0,146.15,147.13,0.9799999999999898,10.5,12.3,1.8000000000000007,0.0,-1.0,-1.0,-1.0
Q86H,86,Q,H,-3.5,-3.2,0.2999999999999998,146.15,155.16,9.009999999999991,10.5,10.4,-0.09999999999999964,0.0,0.5,0.5,0.0
Q86K,86,Q,K,-3.5,-3.9,-0.3999999999999999,146.15,146.19,0.03999999999999204,10.5,11.3,0.8000000000000007,0.0,1.0,1.0,0.5
E87V,87,E,V,-3.5,4.2,7.7,147.13,117.15,-29.97999999999999,12.3,5.9,-6.4,-1.0,0.0,1.0,-0.25
E87A,87,E,A,-3.5,1.8,5.3,147.13,89.09,-58.03999999999999,12.3,8.1,-4.200000000000001,-1.0,0.0,1.0,-1.0
E87D,87,E,D,-3.5,-3.5,0.0,147.13,133.1,-14.030000000000001,12.3,13.0,0.6999999999999993,-1.0,-1.0,0.0,0.0
E87K,87,E,K,-3.5,-3.9,-0.3999999999999999,147.13,146.19,-0.9399999999999977,12.3,11.3,-1.0,-1.0,1.0,2.0,-4.321928
Q88H,88,Q,H,-3.5,-3.2,0.2999999999999998,146.15,155.16,9.009999999999991,10.5,10.4,-0.09999999999999964,0.0,0.5,0.5,-0.25
Q88R,88,Q,R,-3.5,-4.5,-1.0,146.15,174.2,28.049999999999983,10.5,10.5,0.0,0.0,1.0,1.0,0.0
Q88L,88,Q,L,-3.5,3.8,7.3,146.15,131.17,-14.980000000000018,10.5,4.9,-5.6,0.0,0.0,0.0,-0.4643855999999999
L89F,89,L,F,3.8,2.8,-1.0,131.17,165.19,34.02000000000001,4.9,5.2,0.2999999999999998,0.0,0.0,0.0,-1.330482
L89H,89,L,H,3.8,-3.2,-7.0,131.17,155.16,23.99000000000001,4.9,10.4,5.5,0.0,0.5,0.5,-2.721928
L89I,89,L,I,3.8,4.5,0.7000000000000002,131.17,131.17,0.0,4.9,5.2,0.2999999999999998,0.0,0.0,0.0,-1.0
L89P,89,L,P,3.8,-1.6,-5.4,131.17,115.13,-16.039999999999992,4.9,8.0,3.0999999999999996,0.0,0.0,0.0,-1.0
G90A,90,G,A,-0.4,1.8,2.2,75.07,89.09,14.02000000000001,9.0,8.1,-0.9000000000000004,0.0,0.0,0.0,0.0
G90C,90,G,C,-0.4,2.5,2.9,75.07,121.16,46.09,9.0,5.5,-3.5,0.0,0.0,0.0,-1.7739759999999998
G90R,90,G,R,-0.4,-4.5,-4.1,75.07,174.2,99.13,9.0,10.5,1.5,0.0,1.0,1.0,0.0
G90S,90,G,S,-0.4,-0.8,-0.4,75.07,105.09,30.02000000000001,9.0,9.2,0.1999999999999993,0.0,0.0,0.0,-0.4
G90D,90,G,D,-0.4,-3.5,-3.1,75.07,133.1,58.03,9.0,13.0,4.0,0.0,-1.0,-1.0,0.333333333
R91C,91,R,C,-4.5,2.5,7.0,174.2,121.16,-53.03999999999999,10.5,5.5,-5.0,1.0,0.0,-1.0,-3.321928
R91H,91,R,H,-4.5,-3.2,1.2999999999999998,174.2,155.16,-19.039999999999992,10.5,10.4,-0.09999999999999964,1.0,0.5,-0.5,0.0
R91L,91,R,L,-4.5,3.8,8.3,174.2,131.17,-43.03,10.5,4.9,-5.6,1.0,0.0,-1.0,-2.321928
R91S,91,R,S,-4.5,-0.8,3.7,174.2,105.09,-69.10999999999999,10.5,9.2,-1.3000000000000007,1.0,0.0,-1.0,-1.0
R92C,92,R,C,-4.5,2.5,7.0,174.2,121.16,-53.03999999999999,10.5,5.5,-5.0,1.0,0.0,-1.0,-1.0
R92G,92,R,G,-4.5,-0.4,4.1,174.2,75.07,-99.13,10.5,9.0,-1.5,1.0,0.0,-1.0,-2.321928
R92H,92,R,H,-4.5,-3.2,1.2999999999999998,174.2,155.16,-19.039999999999992,10.5,10.4,-0.09999999999999964,1.0,0.5,-0.5,-0.428571429
R92L,92,R,L,-4.5,3.8,8.3,174.2,131.17,-43.03,10.5,4.9,-5.6,1.0,0.0,-1.0,0.2
R92S,92,R,S,-4.5,-0.8,3.7,174.2,105.09,-69.10999999999999,10.5,9.2,-1.3000000000000007,1.0,0.0,-1.0,-1.0
I93V,93,I,V,4.5,4.2,-0.2999999999999998,131.17,117.15,-14.019999999999982,5.2,5.9,0.7000000000000002,0.0,0.0,0.0,0.333333333
I93M,93,I,M,4.5,1.9,-2.6,131.17,149.21,18.04000000000002,5.2,5.7,0.5,0.0,0.0,0.0,0.0
I93L,93,I,L,4.5,3.8,-0.7000000000000002,131.17,131.17,0.0,5.2,4.9,-0.2999999999999998,0.0,0.0,0.0,0.0
I93K,93,I,K,4.5,-3.9,-8.4,131.17,146.19,15.02000000000001,5.2,11.3,6.1000000000000005,0.0,1.0,1.0,-2.821928
H94Y,94,H,Y,-3.2,-1.3,1.9000000000000001,155.16,181.19,26.03,10.4,6.2,-4.2,0.5,0.0,-0.5,0.0
H94R,94,H,R,-3.2,-4.5,-1.2999999999999998,155.16,174.2,19.039999999999992,10.4,10.5,0.09999999999999964,0.5,1.0,0.5,0.0
H94Q,94,H,Q,-3.2,-3.5,-0.2999999999999998,155.16,146.15,-9.009999999999991,10.4,10.5,0.09999999999999964,0.5,0.0,-0.5,0.0
H94L,94,H,L,-3.2,3.8,7.0,155.16,131.17,-23.99000000000001,10.4,4.9,-5.5,0.5,0.0,-0.5,0.0
H94D,94,H,D,-3.2,-3.5,-0.2999999999999998,155.16,133.1,-22.060000000000002,10.4,13.0,2.5999999999999996,0.5,-1.0,-1.5,-1.0
Y95C,95,Y,C,-1.3,2.5,3.8,181.19,121.16,-60.03,6.2,5.5,-0.7000000000000002,0.0,0.0,0.0,-2.321928
Y95H,95,Y,H,-1.3,-3.2,-1.9000000000000001,181.19,155.16,-26.03,6.2,10.4,4.2,0.0,0.5,0.5,-2.821928
Y95N,95,Y,N,-1.3,-3.5,-2.2,181.19,132.12,-49.06999999999999,6.2,11.6,5.3999999999999995,0.0,0.0,0.0,-5.321928
S96P,96,S,P,-0.8,-1.6,-0.8,105.09,115.13,10.039999999999992,9.2,8.0,-1.1999999999999993,0.0,0.0,0.0,0.0
Q97L,97,Q,L,-3.5,3.8,7.3,146.15,131.17,-14.980000000000018,10.5,4.9,-5.6,0.0,0.0,0.0,-1.107309333
Q97H,97,Q,H,-3.5,-3.2,0.2999999999999998,146.15,155.16,9.009999999999991,10.5,10.4,-0.09999999999999964,0.0,0.5,0.5,0.0
Q97R,97,Q,R,-3.5,-4.5,-1.0,146.15,174.2,28.049999999999983,10.5,10.5,0.0,0.0,1.0,1.0,0.25
Q97P,97,Q,P,-3.5,-1.6,1.9,146.15,115.13,-31.02000000000001,10.5,8.0,-2.5,0.0,0.0,0.0,0.0
N98D,98,N,D,-3.5,-3.5,0.0,132.12,133.1,0.9799999999999898,11.6,13.0,1.4000000000000004,0.0,-1.0,-1.0,0.0
N98S,98,N,S,-3.5,-0.8,2.7,132.12,105.09,-27.03,11.6,9.2,-2.4000000000000004,0.0,0.0,0.0,0.0
N98Y,98,N,Y,-3.5,-1.3,2.2,132.12,181.19,49.06999999999999,11.6,6.2,-5.3999999999999995,0.0,0.0,0.0,0.0
D99V,99,D,V,-3.5,4.2,7.7,133.1,117.15,-15.949999999999989,13.0,5.9,-7.1,-1.0,0.0,1.0,-0.5
D99N,99,D,N,-3.5,-3.5,0.0,133.1,132.12,-0.9799999999999898,13.0,11.6,-1.4000000000000004,-1.0,0.0,1.0,0.0
D99G,99,D,G,-3.5,-0.4,3.1,133.1,75.07,-58.03,13.0,9.0,-4.0,-1.0,0.0,1.0,-2.321928
D99E,99,D,E,-3.5,-3.5,0.0,133.1,147.13,14.030000000000001,13.0,12.3,-0.6999999999999993,-1.0,-1.0,0.0,0.0
L100F,100,L,F,3.8,2.8,-1.0,131.17,165.19,34.02000000000001,4.9,5.2,0.2999999999999998,0.0,0.0,0.0,0.0
L100M,100,L,M,3.8,1.9,-1.9,131.17,149.21,18.04000000000002,4.9,5.7,0.7999999999999998,0.0,0.0,0.0,0.0
L100V,100,L,V,3.8,4.2,0.40000000000000036,131.17,117.15,-14.019999999999982,4.9,5.9,1.0,0.0,0.0,0.0,0.0
L100S,100,L,S,3.8,-0.8,-4.6,131.17,105.09,-26.079999999999984,4.9,9.2,4.299999999999999,0.0,0.0,0.0,-2.321928
V101D,101,V,D,4.2,-3.5,-7.7,117.15,133.1,15.949999999999989,5.9,13.0,7.1,0.0,-1.0,-1.0,-1.0
V101G,101,V,G,4.2,-0.4,-4.6000000000000005,117.15,75.07,-42.08000000000001,5.9,9.0,3.0999999999999996,0.0,0.0,0.0,-5.321928
V101L,101,V,L,4.2,3.8,-0.40000000000000036,117.15,131.17,14.019999999999982,5.9,4.9,-1.0,0.0,0.0,0.0,-0.5
V101A,101,V,A,4.2,1.8,-2.4000000000000004,117.15,89.09,-28.060000000000002,5.9,8.1,2.1999999999999993,0.0,0.0,0.0,-0.833333333
E102G,102,E,G,-3.5,-0.4,3.1,147.13,75.07,-72.06,12.3,9.0,-3.3000000000000007,-1.0,0.0,1.0,-0.5
E102V,102,E,V,-3.5,4.2,7.7,147.13,117.15,-29.97999999999999,12.3,5.9,-6.4,-1.0,0.0,1.0,0.333333333
E102K,102,E,K,-3.5,-3.9,-0.3999999999999999,147.13,146.19,-0.9399999999999977,12.3,11.3,-1.0,-1.0,1.0,2.0,-0.666666667
E102D,102,E,D,-3.5,-3.5,0.0,147.13,133.1,-14.030000000000001,12.3,13.0,0.6999999999999993,-1.0,-1.0,0.0,0.0
Y103H,103,Y,H,-1.3,-3.2,-1.9000000000000001,181.19,155.16,-26.03,6.2,10.4,4.2,0.0,0.5,0.5,-0.666666667
S104P,104,S,P,-0.8,-1.6,-0.8,105.09,115.13,10.039999999999992,9.2,8.0,-1.1999999999999993,0.0,0.0,0.0,-4.988594667
S104T,104,S,T,-0.8,-0.7,0.10000000000000009,105.09,119.12,14.030000000000001,9.2,8.6,-0.5999999999999996,0.0,0.0,0.0,-2.321928
S104L,104,S,L,-0.8,3.8,4.6,105.09,131.17,26.079999999999984,9.2,4.9,-4.299999999999999,0.0,0.0,0.0,-5.321928
P105Q,105,P,Q,-1.6,-3.5,-1.9,115.13,146.15,31.02000000000001,8.0,10.5,2.5,0.0,0.0,0.0,-2.821928
P105L,105,P,L,-1.6,3.8,5.4,115.13,131.17,16.039999999999992,8.0,4.9,-3.0999999999999996,0.0,0.0,0.0,-1.440642667
P105R,105,P,R,-1.6,-4.5,-2.9,115.13,174.2,59.06999999999999,8.0,10.5,2.5,0.0,1.0,1.0,-2.321928
P105A,105,P,A,-1.6,1.8,3.4000000000000004,115.13,89.09,-26.039999999999992,8.0,8.1,0.09999999999999964,0.0,0.0,0.0,-2.321928
P105S,105,P,S,-1.6,-0.8,0.8,115.13,105.09,-10.039999999999992,8.0,9.2,1.1999999999999993,0.0,0.0,0.0,-2.6552613330000003
V106L,106,V,L,4.2,3.8,-0.40000000000000036,117.15,131.17,14.019999999999982,5.9,4.9,-1.0,0.0,0.0,0.0,0.0
V106I,106,V,I,4.2,4.5,0.2999999999999998,117.15,131.17,14.019999999999982,5.9,5.2,-0.7000000000000002,0.0,0.0,0.0,0.25
V106F,106,V,F,4.2,2.8,-1.4000000000000004,117.15,165.19,48.03999999999999,5.9,5.2,-0.7000000000000002,0.0,0.0,0.0,-1.0
V106A,106,V,A,4.2,1.8,-2.4000000000000004,117.15,89.09,-28.060000000000002,5.9,8.1,2.1999999999999993,0.0,0.0,0.0,-0.660964
V106D,106,V,D,4.2,-3.5,-7.7,117.15,133.1,15.949999999999989,5.9,13.0,7.1,0.0,-1.0,-1.0,-1.0
V106G,106,V,G,4.2,-0.4,-4.6000000000000005,117.15,75.07,-42.08000000000001,5.9,9.0,3.0999999999999996,0.0,0.0,0.0,-2.321928
T107S,107,T,S,-0.7,-0.8,-0.10000000000000009,119.12,105.09,-14.030000000000001,8.6,9.2,0.5999999999999996,0.0,0.0,0.0,-0.333333333
T107I,107,T,I,-0.7,4.5,5.2,119.12,131.17,12.049999999999983,8.6,5.2,-3.3999999999999995,0.0,0.0,0.0,-1.440642667
T107A,107,T,A,-0.7,1.8,2.5,119.12,89.09,-30.03,8.6,8.1,-0.5,0.0,0.0,0.0,-0.333333333
E108D,108,E,D,-3.5,-3.5,0.0,147.13,133.1,-14.030000000000001,12.3,13.0,0.6999999999999993,-1.0,-1.0,0.0,0.0
E108K,108,E,K,-3.5,-3.9,-0.3999999999999999,147.13,146.19,-0.9399999999999977,12.3,11.3,-1.0,-1.0,1.0,2.0,0.0
K109R,109,K,R,-3.9,-4.5,-0.6000000000000001,146.19,174.2,28.00999999999999,11.3,10.5,-0.8000000000000007,1.0,1.0,0.0,0.0
K109Q,109,K,Q,-3.9,-3.5,0.3999999999999999,146.19,146.15,-0.03999999999999204,11.3,10.5,-0.8000000000000007,1.0,0.0,-1.0,0.0
K109M,109,K,M,-3.9,1.9,5.8,146.19,149.21,3.0200000000000102,11.3,5.7,-5.6000000000000005,1.0,0.0,-1.0,0.0
K109N,109,K,N,-3.9,-3.5,0.3999999999999999,146.19,132.12,-14.069999999999993,11.3,11.6,0.29999999999999893,1.0,0.0,-1.0,0.0
K109E,109,K,E,-3.9,-3.5,0.3999999999999999,146.19,147.13,0.9399999999999977,11.3,12.3,1.0,1.0,-1.0,-2.0,-0.5
H110Y,110,H,Y,-3.2,-1.3,1.9000000000000001,155.16,181.19,26.03,10.4,6.2,-4.2,0.5,0.0,-0.5,0.0
H110R,110,H,R,-3.2,-4.5,-1.2999999999999998,155.16,174.2,19.039999999999992,10.4,10.5,0.09999999999999964,0.5,1.0,0.5,-0.5
H110Q,110,H,Q,-3.2,-3.5,-0.2999999999999998,155.16,146.15,-9.009999999999991,10.4,10.5,0.09999999999999964,0.5,0.0,-0.5,-1.0
H110D,110,H,D,-3.2,-3.5,-0.2999999999999998,155.16,133.1,-22.060000000000002,10.4,13.0,2.5999999999999996,0.5,-1.0,-1.5,-2.321928
L111P,111,L,P,3.8,-1.6,-5.4,131.17,115.13,-16.039999999999992,4.9,8.0,3.0999999999999996,0.0,0.0,0.0,-0.5
L111H,111,L,H,3.8,-3.2,-7.0,131.17,155.16,23.99000000000001,4.9,10.4,5.5,0.0,0.5,0.5,-0.333333333
L111F,111,L,F,3.8,2.8,-1.0,131.17,165.19,34.02000000000001,4.9,5.2,0.2999999999999998,0.0,0.0,0.0,0.0
L111I,111,L,I,3.8,4.5,0.7000000000000002,131.17,131.17,0.0,4.9,5.2,0.2999999999999998,0.0,0.0,0.0,0.0
T112M,112,T,M,-0.7,1.9,2.5999999999999996,119.12,149.21,30.090000000000003,8.6,5.7,-2.8999999999999995,0.0,0.0,0.0,0.0
T112R,112,T,R,-0.7,-4.5,-3.8,119.12,174.2,55.079999999999984,8.6,10.5,1.9000000000000004,0.0,1.0,1.0,0.0
T112S,112,T,S,-0.7,-0.8,-0.10000000000000009,119.12,105.09,-14.030000000000001,8.6,9.2,0.5999999999999996,0.0,0.0,0.0,0.0
D113E,113,D,E,-3.5,-3.5,0.0,133.1,147.13,14.030000000000001,13.0,12.3,-0.6999999999999993,-1.0,-1.0,0.0,-0.2
D113G,113,D,G,-3.5,-0.4,3.1,133.1,75.07,-58.03,13.0,9.0,-4.0,-1.0,0.0,1.0,0.0
D113V,113,D,V,-3.5,4.2,7.7,133.1,117.15,-15.949999999999989,13.0,5.9,-7.1,-1.0,0.0,1.0,-0.333333333
G114A,114,G,A,-0.4,1.8,2.2,75.07,89.09,14.02000000000001,9.0,8.1,-0.9000000000000004,0.0,0.0,0.0,0.0
G114S,114,G,S,-0.4,-0.8,-0.4,75.07,105.09,30.02000000000001,9.0,9.2,0.1999999999999993,0.0,0.0,0.0,-1.660964
G114V,114,G,V,-0.4,4.2,4.6000000000000005,75.07,117.15,42.08000000000001,9.0,5.9,-3.0999999999999996,0.0,0.0,0.0,-2.321928
G114D,114,G,D,-0.4,-3.5,-3.1,75.07,133.1,58.03,9.0,13.0,4.0,0.0,-1.0,-1.0,-3.321928
M115V,115,M,V,1.9,4.2,2.3000000000000003,149.21,117.15,-32.06,5.7,5.9,0.20000000000000018,0.0,0.0,0.0,-1.0
M115K,115,M,K,1.9,-3.9,-5.8,149.21,146.19,-3.0200000000000102,5.7,11.3,5.6000000000000005,0.0,1.0,1.0,-2.988594667
M115L,115,M,L,1.9,3.8,1.9,149.21,131.17,-18.04000000000002,5.7,4.9,-0.7999999999999998,0.0,0.0,0.0,-1.0
M115T,115,M,T,1.9,-0.7,-2.5999999999999996,149.21,119.12,-30.090000000000003,5.7,8.6,2.8999999999999995,0.0,0.0,0.0,-1.0
T116A,116,T,A,-0.7,1.8,2.5,119.12,89.09,-30.03,8.6,8.1,-0.5,0.0,0.0,0.0,-0.666666667
T116S,116,T,S,-0.7,-0.8,-0.10000000000000009,119.12,105.09,-14.030000000000001,8.6,9.2,0.5999999999999996,0.0,0.0,0.0,0.0
T116R,116,T,R,-0.7,-4.5,-3.8,119.12,174.2,55.079999999999984,8.6,10.5,1.9000000000000004,0.0,1.0,1.0,-1.660964
T116I,116,T,I,-0.7,4.5,5.2,119.12,131.17,12.049999999999983,8.6,5.2,-3.3999999999999995,0.0,0.0,0.0,-1.0
V117I,117,V,I,4.2,4.5,0.2999999999999998,117.15,131.17,14.019999999999982,5.9,5.2,-0.7000000000000002,0.0,0.0,0.0,0.0
V117E,117,V,E,4.2,-3.5,-7.7,117.15,147.13,29.97999999999999,5.9,12.3,6.4,0.0,-1.0,-1.0,-5.321928
V117L,117,V,L,4.2,3.8,-0.40000000000000036,117.15,131.17,14.019999999999982,5.9,4.9,-1.0,0.0,0.0,0.0,0.0
R118G,118,R,G,-4.5,-0.4,4.1,174.2,75.07,-99.13,10.5,9.0,-1.5,1.0,0.0,-1.0,0.0
R118I,118,R,I,-4.5,4.5,9.0,174.2,131.17,-43.03,10.5,5.2,-5.3,1.0,0.0,-1.0,0.0
R118S,118,R,S,-4.5,-0.8,3.7,174.2,105.09,-69.10999999999999,10.5,9.2,-1.3000000000000007,1.0,0.0,-1.0,0.0
E119G,119,E,G,-3.5,-0.4,3.1,147.13,75.07,-72.06,12.3,9.0,-3.3000000000000007,-1.0,0.0,1.0,-1.0
E119K,119,E,K,-3.5,-3.9,-0.3999999999999999,147.13,146.19,-0.9399999999999977,12.3,11.3,-1.0,-1.0,1.0,2.0,-2.321928
E119D,119,E,D,-3.5,-3.5,0.0,147.13,133.1,-14.030000000000001,12.3,13.0,0.6999999999999993,-1.0,-1.0,0.0,0.0
L120F,120,L,F,3.8,2.8,-1.0,131.17,165.19,34.02000000000001,4.9,5.2,0.2999999999999998,0.0,0.0,0.0,-2.321928
L120S,120,L,S,3.8,-0.8,-4.6,131.17,105.09,-26.079999999999984,4.9,9.2,4.299999999999999,0.0,0.0,0.0,-3.821928
C121W,121,C,W,2.5,-0.9,-3.4,121.16,204.23,83.07,5.5,5.4,-0.09999999999999964,0.0,0.0,0.0,-5.321928
C121Y,121,C,Y,2.5,-1.3,-3.8,121.16,181.19,60.03,5.5,6.2,0.7000000000000002,0.0,0.0,0.0,-5.321928
C121S,121,C,S,2.5,-0.8,-3.3,121.16,105.09,-16.069999999999993,5.5,9.2,3.6999999999999993,0.0,0.0,0.0,-2.821928
C121R,121,C,R,2.5,-4.5,-7.0,121.16,174.2,53.03999999999999,5.5,10.5,5.0,0.0,1.0,1.0,-5.321928
S122R,122,S,R,-0.8,-4.5,-3.7,105.09,174.2,69.10999999999999,9.2,10.5,1.3000000000000007,0.0,1.0,1.0,0.0
S122N,122,S,N,-0.8,-3.5,-2.7,105.09,132.12,27.03,9.2,11.6,2.4000000000000004,0.0,0.0,0.0,-0.25
S122I,122,S,I,-0.8,4.5,5.3,105.09,131.17,26.079999999999984,9.2,5.2,-3.999999999999999,0.0,0.0,0.0,0.0
S122G,122,S,G,-0.8,-0.4,0.4,105.09,75.07,-30.02000000000001,9.2,9.0,-0.1999999999999993,0.0,0.0,0.0,0.0
S122C,122,S,C,-0.8,2.5,3.3,105.09,121.16,16.069999999999993,9.2,5.5,-3.6999999999999993,0.0,0.0,0.0,-0.666666667
A123D,123,A,D,1.8,-3.5,-5.3,89.09,133.1,44.00999999999999,8.1,13.0,4.9,0.0,-1.0,-1.0,-4.321928
A123G,123,A,G,1.8,-0.4,-2.2,89.09,75.07,-14.02000000000001,8.1,9.0,0.9000000000000004,0.0,0.0,0.0,-1.0
A123S,123,A,S,1.8,-0.8,-2.6,89.09,105.09,16.0,8.1,9.2,1.0999999999999996,0.0,0.0,0.0,-1.0
A123T,123,A,T,1.8,-0.7,-2.5,89.09,119.12,30.03,8.1,8.6,0.5,0.0,0.0,0.0,-2.321928
A123V,123,A,V,1.8,4.2,2.4000000000000004,89.09,117.15,28.060000000000002,8.1,5.9,-2.1999999999999993,0.0,0.0,0.0,-1.045989714
A124D,124,A,D,1.8,-3.5,-5.3,89.09,133.1,44.00999999999999,8.1,13.0,4.9,0.0,-1.0,-1.0,-5.321928
A124P,124,A,P,1.8,-1.6,-3.4000000000000004,89.09,115.13,26.039999999999992,8.1,8.0,-0.09999999999999964,0.0,0.0,0.0,-5.321928
A124S,124,A,S,1.8,-0.8,-2.6,89.09,105.09,16.0,8.1,9.2,1.0999999999999996,0.0,0.0,0.0,0.0
A124T,124,A,T,1.8,-0.7,-2.5,89.09,119.12,30.03,8.1,8.6,0.5,0.0,0.0,0.0,-0.25
A124V,124,A,V,1.8,4.2,2.4000000000000004,89.09,117.15,28.060000000000002,8.1,5.9,-2.1999999999999993,0.0,0.0,0.0,-0.5
I125V,125,I,V,4.5,4.2,-0.2999999999999998,131.17,117.15,-14.019999999999982,5.2,5.9,0.7000000000000002,0.0,0.0,0.0,0.0
I125M,125,I,M,4.5,1.9,-2.6,131.17,149.21,18.04000000000002,5.2,5.7,0.5,0.0,0.0,0.0,0.0
I125L,125,I,L,4.5,3.8,-0.7000000000000002,131.17,131.17,0.0,5.2,4.9,-0.2999999999999998,0.0,0.0,0.0,0.0
I125K,125,I,K,4.5,-3.9,-8.4,131.17,146.19,15.02000000000001,5.2,11.3,6.1000000000000005,0.0,1.0,1.0,-5.321928
I125T,125,I,T,4.5,-0.7,-5.2,131.17,119.12,-12.049999999999983,5.2,8.6,3.3999999999999995,0.0,0.0,0.0,-2.321928
T126N,126,T,N,-0.7,-3.5,-2.8,119.12,132.12,13.0,8.6,11.6,3.0,0.0,0.0,0.0,-2.321928
T126A,126,T,A,-0.7,1.8,2.5,119.12,89.09,-30.03,8.6,8.1,-0.5,0.0,0.0,0.0,-0.333333333
T126I,126,T,I,-0.7,4.5,5.2,119.12,131.17,12.049999999999983,8.6,5.2,-3.3999999999999995,0.0,0.0,0.0,-0.333333333
T126P,126,T,P,-0.7,-1.6,-0.9000000000000001,119.12,115.13,-3.990000000000009,8.6,8.0,-0.5999999999999996,0.0,0.0,0.0,-4.321928
T126S,126,T,S,-0.7,-0.8,-0.10000000000000009,119.12,105.09,-14.030000000000001,8.6,9.2,0.5999999999999996,0.0,0.0,0.0,-0.75
M127V,127,M,V,1.9,4.2,2.3000000000000003,149.21,117.15,-32.06,5.7,5.9,0.20000000000000018,0.0,0.0,0.0,0.5
M127T,127,M,T,1.9,-0.7,-2.5999999999999996,149.21,119.12,-30.090000000000003,5.7,8.6,2.8999999999999995,0.0,0.0,0.0,-0.5
M127R,127,M,R,1.9,-4.5,-6.4,149.21,174.2,24.98999999999998,5.7,10.5,4.8,0.0,1.0,1.0,0.0
M127L,127,M,L,1.9,3.8,1.9,149.21,131.17,-18.04000000000002,5.7,4.9,-0.7999999999999998,0.0,0.0,0.0,0.0
M127K,127,M,K,1.9,-3.9,-5.8,149.21,146.19,-3.0200000000000102,5.7,11.3,5.6000000000000005,0.0,1.0,1.0,-0.333333333
M127I,127,M,I,1.9,4.5,2.6,149.21,131.17,-18.04000000000002,5.7,5.2,-0.5,0.0,0.0,0.0,0.0
S128C,128,S,C,-0.8,2.5,3.3,105.09,121.16,16.069999999999993,9.2,5.5,-3.6999999999999993,0.0,0.0,0.0,-5.321928
S128I,128,S,I,-0.8,4.5,5.3,105.09,131.17,26.079999999999984,9.2,5.2,-3.999999999999999,0.0,0.0,0.0,-3.160964
S128N,128,S,N,-0.8,-3.5,-2.7,105.09,132.12,27.03,9.2,11.6,2.4000000000000004,0.0,0.0,0.0,-5.321928
S128R,128,S,R,-0.8,-4.5,-3.7,105.09,174.2,69.10999999999999,9.2,10.5,1.3000000000000007,0.0,1.0,1.0,-5.321928
D129N,129,D,N,-3.5,-3.5,0.0,133.1,132.12,-0.9799999999999898,13.0,11.6,-1.4000000000000004,-1.0,0.0,1.0,-5.321928
D129G,129,D,G,-3.5,-0.4,3.1,133.1,75.07,-58.03,13.0,9.0,-4.0,-1.0,0.0,1.0,-5.321928
D129H,129,D,H,-3.5,-3.2,0.2999999999999998,133.1,155.16,22.060000000000002,13.0,10.4,-2.5999999999999996,-1.0,0.5,1.5,-5.321928
N130I,130,N,I,-3.5,4.5,8.0,132.12,131.17,-0.950000000000017,11.6,5.2,-6.3999999999999995,0.0,0.0,0.0,-5.321928
N130Y,130,N,Y,-3.5,-1.3,2.2,132.12,181.19,49.06999999999999,11.6,6.2,-5.3999999999999995,0.0,0.0,0.0,-4.321928
N130S,130,N,S,-3.5,-0.8,2.7,132.12,105.09,-27.03,11.6,9.2,-2.4000000000000004,0.0,0.0,0.0,-3.321928
N130K,130,N,K,-3.5,-3.9,-0.3999999999999999,132.12,146.19,14.069999999999993,11.6,11.3,-0.29999999999999893,0.0,1.0,1.0,-5.321928
T131A,131,T,A,-0.7,1.8,2.5,119.12,89.09,-30.03,8.6,8.1,-0.5,0.0,0.0,0.0,-1.160964
T131S,131,T,S,-0.7,-0.8,-0.10000000000000009,119.12,105.09,-14.030000000000001,8.6,9.2,0.5999999999999996,0.0,0.0,0.0,0.0
T131I,131,T,I,-0.7,4.5,5.2,119.12,131.17,12.049999999999983,8.6,5.2,-3.3999999999999995,0.0,0.0,0.0,-5.321928
T131N,131,T,N,-0.7,-3.5,-2.8,119.12,132.12,13.0,8.6,11.6,3.0,0.0,0.0,0.0,-3.321928
A132T,132,A,T,1.8,-0.7,-2.5,89.09,119.12,30.03,8.1,8.6,0.5,0.0,0.0,0.0,-5.321928
A132E,132,A,E,1.8,-3.5,-5.3,89.09,147.13,58.03999999999999,8.1,12.3,4.200000000000001,0.0,-1.0,-1.0,-5.321928
A132V,132,A,V,1.8,4.2,2.4000000000000004,89.09,117.15,28.060000000000002,8.1,5.9,-2.1999999999999993,0.0,0.0,0.0,-5.321928
A132G,132,A,G,1.8,-0.4,-2.2,89.09,75.07,-14.02000000000001,8.1,9.0,0.9000000000000004,0.0,0.0,0.0,-2.321928
A132S,132,A,S,1.8,-0.8,-2.6,89.09,105.09,16.0,8.1,9.2,1.0999999999999996,0.0,0.0,0.0,0.0
A133V,133,A,V,1.8,4.2,2.4000000000000004,89.09,117.15,28.060000000000002,8.1,5.9,-2.1999999999999993,0.0,0.0,0.0,-3.821928
A133T,133,A,T,1.8,-0.7,-2.5,89.09,119.12,30.03,8.1,8.6,0.5,0.0,0.0,0.0,0.0
N134I,134,N,I,-3.5,4.5,8.0,132.12,131.17,-0.950000000000017,11.6,5.2,-6.3999999999999995,0.0,0.0,0.0,-4.321928
N134S,134,N,S,-3.5,-0.8,2.7,132.12,105.09,-27.03,11.6,9.2,-2.4000000000000004,0.0,0.0,0.0,-4.321928
L135S,135,L,S,3.8,-0.8,-4.6,131.17,105.09,-26.079999999999984,4.9,9.2,4.299999999999999,0.0,0.0,0.0,-3.321928
L135I,135,L,I,3.8,4.5,0.7000000000000002,131.17,131.17,0.0,4.9,5.2,0.2999999999999998,0.0,0.0,0.0,0.0
L135F,135,L,F,3.8,2.8,-1.0,131.17,165.19,34.02000000000001,4.9,5.2,0.2999999999999998,0.0,0.0,0.0,-2.321928
L136R,136,L,R,3.8,-4.5,-8.3,131.17,174.2,43.03,4.9,10.5,5.6,0.0,1.0,1.0,-5.321928
L136H,136,L,H,3.8,-3.2,-7.0,131.17,155.16,23.99000000000001,4.9,10.4,5.5,0.0,0.5,0.5,-5.321928
L136P,136,L,P,3.8,-1.6,-5.4,131.17,115.13,-16.039999999999992,4.9,8.0,3.0999999999999996,0.0,0.0,0.0,-5.321928
L137M,137,L,M,3.8,1.9,-1.9,131.17,149.21,18.04000000000002,4.9,5.7,0.7999999999999998,0.0,0.0,0.0,0.0
L137P,137,L,P,3.8,-1.6,-5.4,131.17,115.13,-16.039999999999992,4.9,8.0,3.0999999999999996,0.0,0.0,0.0,-5.321928
L137Q,137,L,Q,3.8,-3.5,-7.3,131.17,146.15,14.980000000000018,4.9,10.5,5.6,0.0,0.0,0.0,-2.488594667
L137R,137,L,R,3.8,-4.5,-8.3,131.17,174.2,43.03,4.9,10.5,5.6,0.0,1.0,1.0,-5.321928
T138A,138,T,A,-0.7,1.8,2.5,119.12,89.09,-30.03,8.6,8.1,-0.5,0.0,0.0,0.0,0.0
T138I,138,T,I,-0.7,4.5,5.2,119.12,131.17,12.049999999999983,8.6,5.2,-3.3999999999999995,0.0,0.0,0.0,0.0
T138R,138,T,R,-0.7,-4.5,-3.8,119.12,174.2,55.079999999999984,8.6,10.5,1.9000000000000004,0.0,1.0,1.0,0.0
T138K,138,T,K,-0.7,-3.9,-3.2,119.12,146.19,27.069999999999993,8.6,11.3,2.700000000000001,0.0,1.0,1.0,0.0
T139A,139,T,A,-0.7,1.8,2.5,119.12,89.09,-30.03,8.6,8.1,-0.5,0.0,0.0,0.0,0.333333333
T139M,139,T,M,-0.7,1.9,2.5999999999999996,119.12,149.21,30.090000000000003,8.6,5.7,-2.8999999999999995,0.0,0.0,0.0,-0.5
T139S,139,T,S,-0.7,-0.8,-0.10000000000000009,119.12,105.09,-14.030000000000001,8.6,9.2,0.5999999999999996,0.0,0.0,0.0,0.0
I140F,140,I,F,4.5,2.8,-1.7000000000000002,131.17,165.19,34.02000000000001,5.2,5.2,0.0,0.0,0.0,0.0,-0.428571429
I140T,140,I,T,4.5,-0.7,-5.2,131.17,119.12,-12.049999999999983,5.2,8.6,3.3999999999999995,0.0,0.0,0.0,-1.660964
I140V,140,I,V,4.5,4.2,-0.2999999999999998,131.17,117.15,-14.019999999999982,5.2,5.9,0.7000000000000002,0.0,0.0,0.0,0.0
I140N,140,I,N,4.5,-3.5,-8.0,131.17,132.12,0.950000000000017,5.2,11.6,6.3999999999999995,0.0,0.0,0.0,-2.6552613330000003
G141E,141,G,E,-0.4,-3.5,-3.1,75.07,147.13,72.06,9.0,12.3,3.3000000000000007,0.0,-1.0,-1.0,-1.0
G141R,141,G,R,-0.4,-4.5,-4.1,75.07,174.2,99.13,9.0,10.5,1.5,0.0,1.0,1.0,-0.666666667
G142A,142,G,A,-0.4,1.8,2.2,75.07,89.09,14.02000000000001,9.0,8.1,-0.9000000000000004,0.0,0.0,0.0,-3.321928
G142R,142,G,R,-0.4,-4.5,-4.1,75.07,174.2,99.13,9.0,10.5,1.5,0.0,1.0,1.0,-3.321928
G142V,142,G,V,-0.4,4.2,4.6000000000000005,75.07,117.15,42.08000000000001,9.0,5.9,-3.0999999999999996,0.0,0.0,0.0,-5.321928
P143S,143,P,S,-1.6,-0.8,0.8,115.13,105.09,-10.039999999999992,8.0,9.2,1.1999999999999993,0.0,0.0,0.0,-2.101606667
P143Q,143,P,Q,-1.6,-3.5,-1.9,115.13,146.15,31.02000000000001,8.0,10.5,2.5,0.0,0.0,0.0,-1.0
P143L,143,P,L,-1.6,3.8,5.4,115.13,131.17,16.039999999999992,8.0,4.9,-3.0999999999999996,0.0,0.0,0.0,-3.1552613330000003
P143A,143,P,A,-1.6,1.8,3.4000000000000004,115.13,89.09,-26.039999999999992,8.0,8.1,0.09999999999999964,0.0,0.0,0.0,-1.0
K144N,144,K,N,-3.9,-3.5,0.3999999999999999,146.19,132.12,-14.069999999999993,11.3,11.6,0.29999999999999893,1.0,0.0,-1.0,0.0
K144E,144,K,E,-3.9,-3.5,0.3999999999999999,146.19,147.13,0.9399999999999977,11.3,12.3,1.0,1.0,-1.0,-2.0,0.0
K144M,144,K,M,-3.9,1.9,5.8,146.19,149.21,3.0200000000000102,11.3,5.7,-5.6000000000000005,1.0,0.0,-1.0,-1.107309333
E145K,145,E,K,-3.5,-3.9,-0.3999999999999999,147.13,146.19,-0.9399999999999977,12.3,11.3,-1.0,-1.0,1.0,2.0,0.0
E145V,145,E,V,-3.5,4.2,7.7,147.13,117.15,-29.97999999999999,12.3,5.9,-6.4,-1.0,0.0,1.0,0.0
E145Q,145,E,Q,-3.5,-3.5,0.0,147.13,146.15,-0.9799999999999898,12.3,10.5,-1.8000000000000007,-1.0,0.0,1.0,-1.0
E145G,145,E,G,-3.5,-0.4,3.1,147.13,75.07,-72.06,12.3,9.0,-3.3000000000000007,-1.0,0.0,1.0,0.2
L146P,146,L,P,3.8,-1.6,-5.4,131.17,115.13,-16.039999999999992,4.9,8.0,3.0999999999999996,0.0,0.0,0.0,-5.321928
L146Q,146,L,Q,3.8,-3.5,-7.3,131.17,146.15,14.980000000000018,4.9,10.5,5.6,0.0,0.0,0.0,-3.321928
T147N,147,T,N,-0.7,-3.5,-2.8,119.12,132.12,13.0,8.6,11.6,3.0,0.0,0.0,0.0,0.0
T147I,147,T,I,-0.7,4.5,5.2,119.12,131.17,12.049999999999983,8.6,5.2,-3.3999999999999995,0.0,0.0,0.0,-1.0
T147A,147,T,A,-0.7,1.8,2.5,119.12,89.09,-30.03,8.6,8.1,-0.5,0.0,0.0,0.0,-0.75
A148V,148,A,V,1.8,4.2,2.4000000000000004,89.09,117.15,28.060000000000002,8.1,5.9,-2.1999999999999993,0.0,0.0,0.0,0.0
A148T,148,A,T,1.8,-0.7,-2.5,89.09,119.12,30.03,8.1,8.6,0.5,0.0,0.0,0.0,0.25
F149Y,149,F,Y,2.8,-1.3,-4.1,165.19,181.19,16.0,5.2,6.2,1.0,0.0,0.0,0.0,0.0
F149S,149,F,S,2.8,-0.8,-3.5999999999999996,165.19,105.09,-60.099999999999994,5.2,9.2,3.999999999999999,0.0,0.0,0.0,-1.0
F149L,149,F,L,2.8,3.8,1.0,165.19,131.17,-34.02000000000001,5.2,4.9,-0.2999999999999998,0.0,0.0,0.0,-0.428571429
F149I,149,F,I,2.8,4.5,1.7000000000000002,165.19,131.17,-34.02000000000001,5.2,5.2,0.0,0.0,0.0,0.0,-0.25
F149V,149,F,V,2.8,4.2,1.4000000000000004,165.19,117.15,-48.03999999999999,5.2,5.9,0.7000000000000002,0.0,0.0,0.0,-0.5
L150M,150,L,M,3.8,1.9,-1.9,131.17,149.21,18.04000000000002,4.9,5.7,0.7999999999999998,0.0,0.0,0.0,0.333333333
L150W,150,L,W,3.8,-0.9,-4.7,131.17,204.23,73.06,4.9,5.4,0.5,0.0,0.0,0.0,-1.0
L150F,150,L,F,3.8,2.8,-1.0,131.17,165.19,34.02000000000001,4.9,5.2,0.2999999999999998,0.0,0.0,0.0,0.0
L150S,150,L,S,3.8,-0.8,-4.6,131.17,105.09,-26.079999999999984,4.9,9.2,4.299999999999999,0.0,0.0,0.0,-1.0
H151L,151,H,L,-3.2,3.8,7.0,155.16,131.17,-23.99000000000001,10.4,4.9,-5.5,0.5,0.0,-0.5,-0.5
H151Q,151,H,Q,-3.2,-3.5,-0.2999999999999998,155.16,146.15,-9.009999999999991,10.4,10.5,0.09999999999999964,0.5,0.0,-0.5,0.0
H151R,151,H,R,-3.2,-4.5,-1.2999999999999998,155.16,174.2,19.039999999999992,10.4,10.5,0.09999999999999964,0.5,1.0,0.5,0.0
H151Y,151,H,Y,-3.2,-1.3,1.9000000000000001,155.16,181.19,26.03,10.4,6.2,-4.2,0.5,0.0,-0.5,0.0
N152H,152,N,H,-3.5,-3.2,0.2999999999999998,132.12,155.16,23.039999999999992,11.6,10.4,-1.1999999999999993,0.0,0.5,0.5,0.0
N152I,152,N,I,-3.5,4.5,8.0,132.12,131.17,-0.950000000000017,11.6,5.2,-6.3999999999999995,0.0,0.0,0.0,0.0
N152K,152,N,K,-3.5,-3.9,-0.3999999999999999,132.12,146.19,14.069999999999993,11.6,11.3,-0.29999999999999893,0.0,1.0,1.0,-2.321928
N152D,152,N,D,-3.5,-3.5,0.0,132.12,133.1,0.9799999999999898,11.6,13.0,1.4000000000000004,0.0,-1.0,-1.0,-0.5
N152S,152,N,S,-3.5,-0.8,2.7,132.12,105.09,-27.03,11.6,9.2,-2.4000000000000004,0.0,0.0,0.0,0.333333333
N152Y,152,N,Y,-3.5,-1.3,2.2,132.12,181.19,49.06999999999999,11.6,6.2,-5.3999999999999995,0.0,0.0,0.0,0.0
M153K,153,M,K,1.9,-3.9,-5.8,149.21,146.19,-3.0200000000000102,5.7,11.3,5.6000000000000005,0.0,1.0,1.0,-0.333333333
M153L,153,M,L,1.9,3.8,1.9,149.21,131.17,-18.04000000000002,5.7,4.9,-0.7999999999999998,0.0,0.0,0.0,0.0
M153T,153,M,T,1.9,-0.7,-2.5999999999999996,149.21,119.12,-30.090000000000003,5.7,8.6,2.8999999999999995,0.0,0.0,0.0,0.0
M153I,153,M,I,1.9,4.5,2.6,149.21,131.17,-18.04000000000002,5.7,5.2,-0.5,0.0,0.0,0.0,0.333333333
G154V,154,G,V,-0.4,4.2,4.6000000000000005,75.07,117.15,42.08000000000001,9.0,5.9,-3.0999999999999996,0.0,0.0,0.0,-4.321928
G154W,154,G,W,-0.4,-0.9,-0.5,75.07,204.23,129.16,9.0,5.4,-3.5999999999999996,0.0,0.0,0.0,-3.321928
G154R,154,G,R,-0.4,-4.5,-4.1,75.07,174.2,99.13,9.0,10.5,1.5,0.0,1.0,1.0,-1.0
D155E,155,D,E,-3.5,-3.5,0.0,133.1,147.13,14.030000000000001,13.0,12.3,-0.6999999999999993,-1.0,-1.0,0.0,-2.321928
D155N,155,D,N,-3.5,-3.5,0.0,133.1,132.12,-0.9799999999999898,13.0,11.6,-1.4000000000000004,-1.0,0.0,1.0,-2.321928
D155G,155,D,G,-3.5,-0.4,3.1,133.1,75.07,-58.03,13.0,9.0,-4.0,-1.0,0.0,1.0,-5.321928
D155V,155,D,V,-3.5,4.2,7.7,133.1,117.15,-15.949999999999989,13.0,5.9,-7.1,-1.0,0.0,1.0,-5.321928
H156L,156,H,L,-3.2,3.8,7.0,155.16,131.17,-23.99000000000001,10.4,4.9,-5.5,0.5,0.0,-0.5,-0.5
H156R,156,H,R,-3.2,-4.5,-1.2999999999999998,155.16,174.2,19.039999999999992,10.4,10.5,0.09999999999999964,0.5,1.0,0.5,0.25
H156P,156,H,P,-3.2,-1.6,1.6,155.16,115.13,-40.03,10.4,8.0,-2.4000000000000004,0.5,0.0,-0.5,1.0
V157I,157,V,I,4.2,4.5,0.2999999999999998,117.15,131.17,14.019999999999982,5.9,5.2,-0.7000000000000002,0.0,0.0,0.0,0.0
V157A,157,V,A,4.2,1.8,-2.4000000000000004,117.15,89.09,-28.060000000000002,5.9,8.1,2.1999999999999993,0.0,0.0,0.0,0.0
V157E,157,V,E,4.2,-3.5,-7.7,117.15,147.13,29.97999999999999,5.9,12.3,6.4,0.0,-1.0,-1.0,0.0
V157G,157,V,G,4.2,-0.4,-4.6000000000000005,117.15,75.07,-42.08000000000001,5.9,9.0,3.0999999999999996,0.0,0.0,0.0,-1.0
V157L,157,V,L,4.2,3.8,-0.40000000000000036,117.15,131.17,14.019999999999982,5.9,4.9,-1.0,0.0,0.0,0.0,0.0
T158S,158,T,S,-0.7,-0.8,-0.10000000000000009,119.12,105.09,-14.030000000000001,8.6,9.2,0.5999999999999996,0.0,0.0,0.0,0.333333333
T158I,158,T,I,-0.7,4.5,5.2,119.12,131.17,12.049999999999983,8.6,5.2,-3.3999999999999995,0.0,0.0,0.0,-3.321928
T158A,158,T,A,-0.7,1.8,2.5,119.12,89.09,-30.03,8.6,8.1,-0.5,0.0,0.0,0.0,-1.0
R159C,159,R,C,-4.5,2.5,7.0,174.2,121.16,-53.03999999999999,10.5,5.5,-5.0,1.0,0.0,-1.0,-1.7931568
R159H,159,R,H,-4.5,-3.2,1.2999999999999998,174.2,155.16,-19.039999999999992,10.5,10.4,-0.09999999999999964,1.0,0.5,-0.5,0.0
R159L,159,R,L,-4.5,3.8,8.3,174.2,131.17,-43.03,10.5,4.9,-5.6,1.0,0.0,-1.0,-2.321928
L160F,160,L,F,3.8,2.8,-1.0,131.17,165.19,34.02000000000001,4.9,5.2,0.2999999999999998,0.0,0.0,0.0,-1.0
L160H,160,L,H,3.8,-3.2,-7.0,131.17,155.16,23.99000000000001,4.9,10.4,5.5,0.0,0.5,0.5,-0.5
L160I,160,L,I,3.8,4.5,0.7000000000000002,131.17,131.17,0.0,4.9,5.2,0.2999999999999998,0.0,0.0,0.0,-0.5
L160P,160,L,P,3.8,-1.6,-5.4,131.17,115.13,-16.039999999999992,4.9,8.0,3.0999999999999996,0.0,0.0,0.0,-1.0
D161V,161,D,V,-3.5,4.2,7.7,133.1,117.15,-15.949999999999989,13.0,5.9,-7.1,-1.0,0.0,1.0,-1.991446
D161E,161,D,E,-3.5,-3.5,0.0,133.1,147.13,14.030000000000001,13.0,12.3,-0.6999999999999993,-1.0,-1.0,0.0,-0.666666667
D161G,161,D,G,-3.5,-0.4,3.1,133.1,75.07,-58.03,13.0,9.0,-4.0,-1.0,0.0,1.0,-4.655261333
D161N,161,D,N,-3.5,-3.5,0.0,133.1,132.12,-0.9799999999999898,13.0,11.6,-1.4000000000000004,-1.0,0.0,1.0,-0.5
R162H,162,R,H,-4.5,-3.2,1.2999999999999998,174.2,155.16,-19.039999999999992,10.5,10.4,-0.09999999999999964,1.0,0.5,-0.5,-1.0
R162C,162,R,C,-4.5,2.5,7.0,174.2,121.16,-53.03999999999999,10.5,5.5,-5.0,1.0,0.0,-1.0,-1.660964
R162S,162,R,S,-4.5,-0.8,3.7,174.2,105.09,-69.10999999999999,10.5,9.2,-1.3000000000000007,1.0,0.0,-1.0,-1.0
W163G,163,W,G,-0.9,-0.4,0.5,204.23,75.07,-129.16,5.4,9.0,3.5999999999999996,0.0,0.0,0.0,-1.0
W163R,163,W,R,-0.9,-4.5,-3.6,204.23,174.2,-30.03,5.4,10.5,5.1,0.0,1.0,1.0,-0.444444444
E164K,164,E,K,-3.5,-3.9,-0.3999999999999999,147.13,146.19,-0.9399999999999977,12.3,11.3,-1.0,-1.0,1.0,2.0,-5.321928
E164V,164,E,V,-3.5,4.2,7.7,147.13,117.15,-29.97999999999999,12.3,5.9,-6.4,-1.0,0.0,1.0,-5.321928
E164D,164,E,D,-3.5,-3.5,0.0,147.13,133.1,-14.030000000000001,12.3,13.0,0.6999999999999993,-1.0,-1.0,0.0,-5.321928
E164G,164,E,G,-3.5,-0.4,3.1,147.13,75.07,-72.06,12.3,9.0,-3.3000000000000007,-1.0,0.0,1.0,-5.321928
P165S,165,P,S,-1.6,-0.8,0.8,115.13,105.09,-10.039999999999992,8.0,9.2,1.1999999999999993,0.0,0.0,0.0,-1.0
P165L,165,P,L,-1.6,3.8,5.4,115.13,131.17,16.039999999999992,8.0,4.9,-3.0999999999999996,0.0,0.0,0.0,-0.333333333
P165A,165,P,A,-1.6,1.8,3.4000000000000004,115.13,89.09,-26.039999999999992,8.0,8.1,0.09999999999999964,0.0,0.0,0.0,-1.160964
P165Q,165,P,Q,-1.6,-3.5,-1.9,115.13,146.15,31.02000000000001,8.0,10.5,2.5,0.0,0.0,0.0,-1.0
E166A,166,E,A,-3.5,1.8,5.3,147.13,89.09,-58.03999999999999,12.3,8.1,-4.200000000000001,-1.0,0.0,1.0,0.0
E166D,166,E,D,-3.5,-3.5,0.0,147.13,133.1,-14.030000000000001,12.3,13.0,0.6999999999999993,-1.0,-1.0,0.0,0.0
E166G,166,E,G,-3.5,-0.4,3.1,147.13,75.07,-72.06,12.3,9.0,-3.3000000000000007,-1.0,0.0,1.0,-0.666666667
E166K,166,E,K,-3.5,-3.9,-0.3999999999999999,147.13,146.19,-0.9399999999999977,12.3,11.3,-1.0,-1.0,1.0,2.0,0.0
L167V,167,L,V,3.8,4.2,0.40000000000000036,131.17,117.15,-14.019999999999982,4.9,5.9,1.0,0.0,0.0,0.0,0.0
L167Q,167,L,Q,3.8,-3.5,-7.3,131.17,146.15,14.980000000000018,4.9,10.5,5.6,0.0,0.0,0.0,-5.321928
L167P,167,L,P,3.8,-1.6,-5.4,131.17,115.13,-16.039999999999992,4.9,8.0,3.0999999999999996,0.0,0.0,0.0,-5.321928
L167M,167,L,M,3.8,1.9,-1.9,131.17,149.21,18.04000000000002,4.9,5.7,0.7999999999999998,0.0,0.0,0.0,0.0
N168Y,168,N,Y,-3.5,-1.3,2.2,132.12,181.19,49.06999999999999,11.6,6.2,-5.3999999999999995,0.0,0.0,0.0,-5.321928
N168I,168,N,I,-3.5,4.5,8.0,132.12,131.17,-0.950000000000017,11.6,5.2,-6.3999999999999995,0.0,0.0,0.0,-4.821928
N168D,168,N,D,-3.5,-3.5,0.0,132.12,133.1,0.9799999999999898,11.6,13.0,1.4000000000000004,0.0,-1.0,-1.0,-3.321928
N168S,168,N,S,-3.5,-0.8,2.7,132.12,105.09,-27.03,11.6,9.2,-2.4000000000000004,0.0,0.0,0.0,-1.0
N168K,168,N,K,-3.5,-3.9,-0.3999999999999999,132.12,146.19,14.069999999999993,11.6,11.3,-0.29999999999999893,0.0,1.0,1.0,-5.321928
E169G,169,E,G,-3.5,-0.4,3.1,147.13,75.07,-72.06,12.3,9.0,-3.3000000000000007,-1.0,0.0,1.0,0.0
E169K,169,E,K,-3.5,-3.9,-0.3999999999999999,147.13,146.19,-0.9399999999999977,12.3,11.3,-1.0,-1.0,1.0,2.0,0.0
E169V,169,E,V,-3.5,4.2,7.7,147.13,117.15,-29.97999999999999,12.3,5.9,-6.4,-1.0,0.0,1.0,0.0
E169D,169,E,D,-3.5,-3.5,0.0,147.13,133.1,-14.030000000000001,12.3,13.0,0.6999999999999993,-1.0,-1.0,0.0,0.0
A170T,170,A,T,1.8,-0.7,-2.5,89.09,119.12,30.03,8.1,8.6,0.5,0.0,0.0,0.0,-0.833333333
A170V,170,A,V,1.8,4.2,2.4000000000000004,89.09,117.15,28.060000000000002,8.1,5.9,-2.1999999999999993,0.0,0.0,0.0,-1.045989714
A170G,170,A,G,1.8,-0.4,-2.2,89.09,75.07,-14.02000000000001,8.1,9.0,0.9000000000000004,0.0,0.0,0.0,0.0
A170S,170,A,S,1.8,-0.8,-2.6,89.09,105.09,16.0,8.1,9.2,1.0999999999999996,0.0,0.0,0.0,0.0
I171L,171,I,L,4.5,3.8,-0.7000000000000002,131.17,131.17,0.0,5.2,4.9,-0.2999999999999998,0.0,0.0,0.0,-0.166666667
I171M,171,I,M,4.5,1.9,-2.6,131.17,149.21,18.04000000000002,5.2,5.7,0.5,0.0,0.0,0.0,0.0
I171T,171,I,T,4.5,-0.7,-5.2,131.17,119.12,-12.049999999999983,5.2,8.6,3.3999999999999995,0.0,0.0,0.0,0.0
I171V,171,I,V,4.5,4.2,-0.2999999999999998,131.17,117.15,-14.019999999999982,5.2,5.9,0.7000000000000002,0.0,0.0,0.0,-0.25
P172L,172,P,L,-1.6,3.8,5.4,115.13,131.17,16.039999999999992,8.0,4.9,-3.0999999999999996,0.0,0.0,0.0,0.0
P172Q,172,P,Q,-1.6,-3.5,-1.9,115.13,146.15,31.02000000000001,8.0,10.5,2.5,0.0,0.0,0.0,0.0
P172A,172,P,A,-1.6,1.8,3.4000000000000004,115.13,89.09,-26.039999999999992,8.0,8.1,0.09999999999999964,0.0,0.0,0.0,0.0
P172S,172,P,S,-1.6,-0.8,0.8,115.13,105.09,-10.039999999999992,8.0,9.2,1.1999999999999993,0.0,0.0,0.0,-0.125
N173Y,173,N,Y,-3.5,-1.3,2.2,132.12,181.19,49.06999999999999,11.6,6.2,-5.3999999999999995,0.0,0.0,0.0,0.25
N173S,173,N,S,-3.5,-0.8,2.7,132.12,105.09,-27.03,11.6,9.2,-2.4000000000000004,0.0,0.0,0.0,0.25
N173K,173,N,K,-3.5,-3.9,-0.3999999999999999,132.12,146.19,14.069999999999993,11.6,11.3,-0.29999999999999893,0.0,1.0,1.0,0.333333333
N173D,173,N,D,-3.5,-3.5,0.0,132.12,133.1,0.9799999999999898,11.6,13.0,1.4000000000000004,0.0,-1.0,-1.0,0.0
D174E,174,D,E,-3.5,-3.5,0.0,133.1,147.13,14.030000000000001,13.0,12.3,-0.6999999999999993,-1.0,-1.0,0.0,0.0
D174V,174,D,V,-3.5,4.2,7.7,133.1,117.15,-15.949999999999989,13.0,5.9,-7.1,-1.0,0.0,1.0,-3.821928
E175V,175,E,V,-3.5,4.2,7.7,147.13,117.15,-29.97999999999999,12.3,5.9,-6.4,-1.0,0.0,1.0,0.5
E175K,175,E,K,-3.5,-3.9,-0.3999999999999999,147.13,146.19,-0.9399999999999977,12.3,11.3,-1.0,-1.0,1.0,2.0,0.0
E175D,175,E,D,-3.5,-3.5,0.0,147.13,133.1,-14.030000000000001,12.3,13.0,0.6999999999999993,-1.0,-1.0,0.0,-3.160964
R176H,176,R,H,-4.5,-3.2,1.2999999999999998,174.2,155.16,-19.039999999999992,10.5,10.4,-0.09999999999999964,1.0,0.5,-0.5,-0.5
R176C,176,R,C,-4.5,2.5,7.0,174.2,121.16,-53.03999999999999,10.5,5.5,-5.0,1.0,0.0,-1.0,-1.0
D177N,177,D,N,-3.5,-3.5,0.0,133.1,132.12,-0.9799999999999898,13.0,11.6,-1.4000000000000004,-1.0,0.0,1.0,-4.321928
D177G,177,D,G,-3.5,-0.4,3.1,133.1,75.07,-58.03,13.0,9.0,-4.0,-1.0,0.0,1.0,-5.321928
D177E,177,D,E,-3.5,-3.5,0.0,133.1,147.13,14.030000000000001,13.0,12.3,-0.6999999999999993,-1.0,-1.0,0.0,-5.321928
D177A,177,D,A,-3.5,1.8,5.3,133.1,89.09,-44.00999999999999,13.0,8.1,-4.9,-1.0,0.0,1.0,-5.321928
D177V,177,D,V,-3.5,4.2,7.7,133.1,117.15,-15.949999999999989,13.0,5.9,-7.1,-1.0,0.0,1.0,-5.321928
D177Y,177,D,Y,-3.5,-1.3,2.2,133.1,181.19,48.09,13.0,6.2,-6.8,-1.0,0.0,1.0,-5.321928
T178A,178,T,A,-0.7,1.8,2.5,119.12,89.09,-30.03,8.6,8.1,-0.5,0.0,0.0,0.0,-3.321928
T178I,178,T,I,-0.7,4.5,5.2,119.12,131.17,12.049999999999983,8.6,5.2,-3.3999999999999995,0.0,0.0,0.0,-3.121928
T178S,178,T,S,-0.7,-0.8,-0.10000000000000009,119.12,105.09,-14.030000000000001,8.6,9.2,0.5999999999999996,0.0,0.0,0.0,0.0
T178P,178,T,P,-0.7,-1.6,-0.9000000000000001,119.12,115.13,-3.990000000000009,8.6,8.0,-0.5999999999999996,0.0,0.0,0.0,-5.321928
T178N,178,T,N,-0.7,-3.5,-2.8,119.12,132.12,13.0,8.6,11.6,3.0,0.0,0.0,0.0,-3.321928
T179S,179,T,S,-0.7,-0.8,-0.10000000000000009,119.12,105.09,-14.030000000000001,8.6,9.2,0.5999999999999996,0.0,0.0,0.0,0.0
T179K,179,T,K,-0.7,-3.9,-3.2,119.12,146.19,27.069999999999993,8.6,11.3,2.700000000000001,0.0,1.0,1.0,-5.321928
T179A,179,T,A,-0.7,1.8,2.5,119.12,89.09,-30.03,8.6,8.1,-0.5,0.0,0.0,0.0,-2.988594667
T179M,179,T,M,-0.7,1.9,2.5999999999999996,119.12,149.21,30.090000000000003,8.6,5.7,-2.8999999999999995,0.0,0.0,0.0,-5.321928
T179P,179,T,P,-0.7,-1.6,-0.9000000000000001,119.12,115.13,-3.990000000000009,8.6,8.0,-0.5999999999999996,0.0,0.0,0.0,-5.321928
T179R,179,T,R,-0.7,-4.5,-3.8,119.12,174.2,55.079999999999984,8.6,10.5,1.9000000000000004,0.0,1.0,1.0,-5.321928
M180I,180,M,I,1.9,4.5,2.6,149.21,131.17,-18.04000000000002,5.7,5.2,-0.5,0.0,0.0,0.0,0.0
M180V,180,M,V,1.9,4.2,2.3000000000000003,149.21,117.15,-32.06,5.7,5.9,0.20000000000000018,0.0,0.0,0.0,0.0
M180T,180,M,T,1.9,-0.7,-2.5999999999999996,149.21,119.12,-30.090000000000003,5.7,8.6,2.8999999999999995,0.0,0.0,0.0,0.0
M180L,180,M,L,1.9,3.8,1.9,149.21,131.17,-18.04000000000002,5.7,4.9,-0.7999999999999998,0.0,0.0,0.0,1.0
M180K,180,M,K,1.9,-3.9,-5.8,149.21,146.19,-3.0200000000000102,5.7,11.3,5.6000000000000005,0.0,1.0,1.0,-0.25
P181S,181,P,S,-1.6,-0.8,0.8,115.13,105.09,-10.039999999999992,8.0,9.2,1.1999999999999993,0.0,0.0,0.0,-3.321928
P181H,181,P,H,-1.6,-3.2,-1.6,115.13,155.16,40.03,8.0,10.4,2.4000000000000004,0.0,0.5,0.5,-5.321928
A182E,182,A,E,1.8,-3.5,-5.3,89.09,147.13,58.03999999999999,8.1,12.3,4.200000000000001,0.0,-1.0,-1.0,-1.0
A182G,182,A,G,1.8,-0.4,-2.2,89.09,75.07,-14.02000000000001,8.1,9.0,0.9000000000000004,0.0,0.0,0.0,1.0
A182S,182,A,S,1.8,-0.8,-2.6,89.09,105.09,16.0,8.1,9.2,1.0999999999999996,0.0,0.0,0.0,0.0
A182T,182,A,T,1.8,-0.7,-2.5,89.09,119.12,30.03,8.1,8.6,0.5,0.0,0.0,0.0,0.0
A182V,182,A,V,1.8,4.2,2.4000000000000004,89.09,117.15,28.060000000000002,8.1,5.9,-2.1999999999999993,0.0,0.0,0.0,0.0
A183E,183,A,E,1.8,-3.5,-5.3,89.09,147.13,58.03999999999999,8.1,12.3,4.200000000000001,0.0,-1.0,-1.0,0.0
A183S,183,A,S,1.8,-0.8,-2.6,89.09,105.09,16.0,8.1,9.2,1.0999999999999996,0.0,0.0,0.0,0.0
A183T,183,A,T,1.8,-0.7,-2.5,89.09,119.12,30.03,8.1,8.6,0.5,0.0,0.0,0.0,0.0
A183V,183,A,V,1.8,4.2,2.4000000000000004,89.09,117.15,28.060000000000002,8.1,5.9,-2.1999999999999993,0.0,0.0,0.0,0.0
M184I,184,M,I,1.9,4.5,2.6,149.21,131.17,-18.04000000000002,5.7,5.2,-0.5,0.0,0.0,0.0,0.333333333
M184K,184,M,K,1.9,-3.9,-5.8,149.21,146.19,-3.0200000000000102,5.7,11.3,5.6000000000000005,0.0,1.0,1.0,-5.321928
M184L,184,M,L,1.9,3.8,1.9,149.21,131.17,-18.04000000000002,5.7,4.9,-0.7999999999999998,0.0,0.0,0.0,-0.8
M184T,184,M,T,1.9,-0.7,-2.5999999999999996,149.21,119.12,-30.090000000000003,5.7,8.6,2.8999999999999995,0.0,0.0,0.0,-3.821928
M184V,184,M,V,1.9,4.2,2.3000000000000003,149.21,117.15,-32.06,5.7,5.9,0.20000000000000018,0.0,0.0,0.0,0.0
A185T,185,A,T,1.8,-0.7,-2.5,89.09,119.12,30.03,8.1,8.6,0.5,0.0,0.0,0.0,-3.321928
T186A,186,T,A,-0.7,1.8,2.5,119.12,89.09,-30.03,8.6,8.1,-0.5,0.0,0.0,0.0,-0.2
T186S,186,T,S,-0.7,-0.8,-0.10000000000000009,119.12,105.09,-14.030000000000001,8.6,9.2,0.5999999999999996,0.0,0.0,0.0,0.0
T186I,186,T,I,-0.7,4.5,5.2,119.12,131.17,12.049999999999983,8.6,5.2,-3.3999999999999995,0.0,0.0,0.0,0.25
T186P,186,T,P,-0.7,-1.6,-0.9000000000000001,119.12,115.13,-3.990000000000009,8.6,8.0,-0.5999999999999996,0.0,0.0,0.0,0.0
T186K,186,T,K,-0.7,-3.9,-3.2,119.12,146.19,27.069999999999993,8.6,11.3,2.700000000000001,0.0,1.0,1.0,0.0
T187M,187,T,M,-0.7,1.9,2.5999999999999996,119.12,149.21,30.090000000000003,8.6,5.7,-2.8999999999999995,0.0,0.0,0.0,-0.6
T187K,187,T,K,-0.7,-3.9,-3.2,119.12,146.19,27.069999999999993,8.6,11.3,2.700000000000001,0.0,1.0,1.0,-5.321928
T187A,187,T,A,-0.7,1.8,2.5,119.12,89.09,-30.03,8.6,8.1,-0.5,0.0,0.0,0.0,-3.321928
T187S,187,T,S,-0.7,-0.8,-0.10000000000000009,119.12,105.09,-14.030000000000001,8.6,9.2,0.5999999999999996,0.0,0.0,0.0,-0.5
L188M,188,L,M,3.8,1.9,-1.9,131.17,149.21,18.04000000000002,4.9,5.7,0.7999999999999998,0.0,0.0,0.0,0.0
L188F,188,L,F,3.8,2.8,-1.0,131.17,165.19,34.02000000000001,4.9,5.2,0.2999999999999998,0.0,0.0,0.0,0.0
R189C,189,R,C,-4.5,2.5,7.0,174.2,121.16,-53.03999999999999,10.5,5.5,-5.0,1.0,0.0,-1.0,-0.5
R189H,189,R,H,-4.5,-3.2,1.2999999999999998,174.2,155.16,-19.039999999999992,10.5,10.4,-0.09999999999999964,1.0,0.5,-0.5,0.0
R189G,189,R,G,-4.5,-0.4,4.1,174.2,75.07,-99.13,10.5,9.0,-1.5,1.0,0.0,-1.0,0.0
R189P,189,R,P,-4.5,-1.6,2.9,174.2,115.13,-59.06999999999999,10.5,8.0,-2.5,1.0,0.0,-1.0,-5.321928
K190Q,190,K,Q,-3.9,-3.5,0.3999999999999999,146.19,146.15,-0.03999999999999204,11.3,10.5,-0.8000000000000007,1.0,0.0,-1.0,0.0
K190N,190,K,N,-3.9,-3.5,0.3999999999999999,146.19,132.12,-14.069999999999993,11.3,11.6,0.29999999999999893,1.0,0.0,-1.0,0.0
K190I,190,K,I,-3.9,4.5,8.4,146.19,131.17,-15.02000000000001,11.3,5.2,-6.1000000000000005,1.0,0.0,-1.0,0.0
K190E,190,K,E,-3.9,-3.5,0.3999999999999999,146.19,147.13,0.9399999999999977,11.3,12.3,1.0,1.0,-1.0,-2.0,-0.2
K190T,190,K,T,-3.9,-0.7,3.2,146.19,119.12,-27.069999999999993,11.3,8.6,-2.700000000000001,1.0,0.0,-1.0,0.0
L191V,191,L,V,3.8,4.2,0.40000000000000036,131.17,117.15,-14.019999999999982,4.9,5.9,1.0,0.0,0.0,0.0,-0.5
L191P,191,L,P,3.8,-1.6,-5.4,131.17,115.13,-16.039999999999992,4.9,8.0,3.0999999999999996,0.0,0.0,0.0,-5.321928
L192F,192,L,F,3.8,2.8,-1.0,131.17,165.19,34.02000000000001,4.9,5.2,0.2999999999999998,0.0,0.0,0.0,0.0
L192S,192,L,S,3.8,-0.8,-4.6,131.17,105.09,-26.079999999999984,4.9,9.2,4.299999999999999,0.0,0.0,0.0,-2.321928
L192I,192,L,I,3.8,4.5,0.7000000000000002,131.17,131.17,0.0,4.9,5.2,0.2999999999999998,0.0,0.0,0.0,0.0
T193I,193,T,I,-0.7,4.5,5.2,119.12,131.17,12.049999999999983,8.6,5.2,-3.3999999999999995,0.0,0.0,0.0,0.333333333
T193A,193,T,A,-0.7,1.8,2.5,119.12,89.09,-30.03,8.6,8.1,-0.5,0.0,0.0,0.0,0.0
T193N,193,T,N,-0.7,-3.5,-2.8,119.12,132.12,13.0,8.6,11.6,3.0,0.0,0.0,0.0,0.0
T193S,193,T,S,-0.7,-0.8,-0.10000000000000009,119.12,105.09,-14.030000000000001,8.6,9.2,0.5999999999999996,0.0,0.0,0.0,-0.333333333
G194S,194,G,S,-0.4,-0.8,-0.4,75.07,105.09,30.02000000000001,9.0,9.2,0.1999999999999993,0.0,0.0,0.0,0.0
G194D,194,G,D,-0.4,-3.5,-3.1,75.07,133.1,58.03,9.0,13.0,4.0,0.0,-1.0,-1.0,0.0
G194A,194,G,A,-0.4,1.8,2.2,75.07,89.09,14.02000000000001,9.0,8.1,-0.9000000000000004,0.0,0.0,0.0,0.0
G194C,194,G,C,-0.4,2.5,2.9,75.07,121.16,46.09,9.0,5.5,-3.5,0.0,0.0,0.0,-0.333333333
E195K,195,E,K,-3.5,-3.9,-0.3999999999999999,147.13,146.19,-0.9399999999999977,12.3,11.3,-1.0,-1.0,1.0,2.0,0.0
E195V,195,E,V,-3.5,4.2,7.7,147.13,117.15,-29.97999999999999,12.3,5.9,-6.4,-1.0,0.0,1.0,-2.321928
E195G,195,E,G,-3.5,-0.4,3.1,147.13,75.07,-72.06,12.3,9.0,-3.3000000000000007,-1.0,0.0,1.0,-1.0
E195D,195,E,D,-3.5,-3.5,0.0,147.13,133.1,-14.030000000000001,12.3,13.0,0.6999999999999993,-1.0,-1.0,0.0,0.0
L196V,196,L,V,3.8,4.2,0.40000000000000036,131.17,117.15,-14.019999999999982,4.9,5.9,1.0,0.0,0.0,0.0,0.0
L196P,196,L,P,3.8,-1.6,-5.4,131.17,115.13,-16.039999999999992,4.9,8.0,3.0999999999999996,0.0,0.0,0.0,-1.0
L196Q,196,L,Q,3.8,-3.5,-7.3,131.17,146.15,14.980000000000018,4.9,10.5,5.6,0.0,0.0,0.0,0.0
L197P,197,L,P,3.8,-1.6,-5.4,131.17,115.13,-16.039999999999992,4.9,8.0,3.0999999999999996,0.0,0.0,0.0,-2.6552613330000003
L197H,197,L,H,3.8,-3.2,-7.0,131.17,155.16,23.99000000000001,4.9,10.4,5.5,0.0,0.5,0.5,-1.944234286
L197F,197,L,F,3.8,2.8,-1.0,131.17,165.19,34.02000000000001,4.9,5.2,0.2999999999999998,0.0,0.0,0.0,-2.321928
T198S,198,T,S,-0.7,-0.8,-0.10000000000000009,119.12,105.09,-14.030000000000001,8.6,9.2,0.5999999999999996,0.0,0.0,0.0,0.0
T198P,198,T,P,-0.7,-1.6,-0.9000000000000001,119.12,115.13,-3.990000000000009,8.6,8.0,-0.5999999999999996,0.0,0.0,0.0,-1.0
T198A,198,T,A,-0.7,1.8,2.5,119.12,89.09,-30.03,8.6,8.1,-0.5,0.0,0.0,0.0,-0.25
T198I,198,T,I,-0.7,4.5,5.2,119.12,131.17,12.049999999999983,8.6,5.2,-3.3999999999999995,0.0,0.0,0.0,-1.881285333
L199I,199,L,I,3.8,4.5,0.7000000000000002,131.17,131.17,0.0,4.9,5.2,0.2999999999999998,0.0,0.0,0.0,0.0
L199P,199,L,P,3.8,-1.6,-5.4,131.17,115.13,-16.039999999999992,4.9,8.0,3.0999999999999996,0.0,0.0,0.0,0.0
L199Q,199,L,Q,3.8,-3.5,-7.3,131.17,146.15,14.980000000000018,4.9,10.5,5.6,0.0,0.0,0.0,0.166666667
A200D,200,A,D,1.8,-3.5,-5.3,89.09,133.1,44.00999999999999,8.1,13.0,4.9,0.0,-1.0,-1.0,-2.321928
A200G,200,A,G,1.8,-0.4,-2.2,89.09,75.07,-14.02000000000001,8.1,9.0,0.9000000000000004,0.0,0.0,0.0,0.0
A200T,200,A,T,1.8,-0.7,-2.5,89.09,119.12,30.03,8.1,8.6,0.5,0.0,0.0,0.0,0.0
A200S,200,A,S,1.8,-0.8,-2.6,89.09,105.09,16.0,8.1,9.2,1.0999999999999996,0.0,0.0,0.0,0.0
A200V,200,A,V,1.8,4.2,2.4000000000000004,89.09,117.15,28.060000000000002,8.1,5.9,-2.1999999999999993,0.0,0.0,0.0,0.0
S201C,201,S,C,-0.8,2.5,3.3,105.09,121.16,16.069999999999993,9.2,5.5,-3.6999999999999993,0.0,0.0,0.0,0.0
S201F,201,S,F,-0.8,2.8,3.5999999999999996,105.09,165.19,60.099999999999994,9.2,5.2,-3.999999999999999,0.0,0.0,0.0,-3.321928
S201P,201,S,P,-0.8,-1.6,-0.8,105.09,115.13,10.039999999999992,9.2,8.0,-1.1999999999999993,0.0,0.0,0.0,-3.571928
S201T,201,S,T,-0.8,-0.7,0.10000000000000009,105.09,119.12,14.030000000000001,9.2,8.6,-0.5999999999999996,0.0,0.0,0.0,-1.0
R202W,202,R,W,-4.5,-0.9,3.6,174.2,204.23,30.03,10.5,5.4,-5.1,1.0,0.0,-1.0,-4.321928
R202Q,202,R,Q,-4.5,-3.5,1.0,174.2,146.15,-28.049999999999983,10.5,10.5,0.0,1.0,0.0,-1.0,0.2
R202L,202,R,L,-4.5,3.8,8.3,174.2,131.17,-43.03,10.5,4.9,-5.6,1.0,0.0,-1.0,-1.440642667
Q203L,203,Q,L,-3.5,3.8,7.3,146.15,131.17,-14.980000000000018,10.5,4.9,-5.6,0.0,0.0,0.0,0.0
Q203R,203,Q,R,-3.5,-4.5,-1.0,146.15,174.2,28.049999999999983,10.5,10.5,0.0,0.0,1.0,1.0,0.166666667
Q203H,203,Q,H,-3.5,-3.2,0.2999999999999998,146.15,155.16,9.009999999999991,10.5,10.4,-0.09999999999999964,0.0,0.5,0.5,0.0
Q203E,203,Q,E,-3.5,-3.5,0.0,146.15,147.13,0.9799999999999898,10.5,12.3,1.8000000000000007,0.0,-1.0,-1.0,-1.160964
Q204E,204,Q,E,-3.5,-3.5,0.0,146.15,147.13,0.9799999999999898,10.5,12.3,1.8000000000000007,0.0,-1.0,-1.0,0.0
Q204H,204,Q,H,-3.5,-3.2,0.2999999999999998,146.15,155.16,9.009999999999991,10.5,10.4,-0.09999999999999964,0.0,0.5,0.5,-0.666666667
Q204R,204,Q,R,-3.5,-4.5,-1.0,146.15,174.2,28.049999999999983,10.5,10.5,0.0,0.0,1.0,1.0,-0.4
L205I,205,L,I,3.8,4.5,0.7000000000000002,131.17,131.17,0.0,4.9,5.2,0.2999999999999998,0.0,0.0,0.0,-0.666666667
L205S,205,L,S,3.8,-0.8,-4.6,131.17,105.09,-26.079999999999984,4.9,9.2,4.299999999999999,0.0,0.0,0.0,-5.321928
I206M,206,I,M,4.5,1.9,-2.6,131.17,149.21,18.04000000000002,5.2,5.7,0.5,0.0,0.0,0.0,0.0
I206T,206,I,T,4.5,-0.7,-5.2,131.17,119.12,-12.049999999999983,5.2,8.6,3.3999999999999995,0.0,0.0,0.0,-1.0
I206V,206,I,V,4.5,4.2,-0.2999999999999998,131.17,117.15,-14.019999999999982,5.2,5.9,0.7000000000000002,0.0,0.0,0.0,-0.333333333
I206L,206,I,L,4.5,3.8,-0.7000000000000002,131.17,131.17,0.0,5.2,4.9,-0.2999999999999998,0.0,0.0,0.0,0.0
I206K,206,I,K,4.5,-3.9,-8.4,131.17,146.19,15.02000000000001,5.2,11.3,6.1000000000000005,0.0,1.0,1.0,0.0
D207E,207,D,E,-3.5,-3.5,0.0,133.1,147.13,14.030000000000001,13.0,12.3,-0.6999999999999993,-1.0,-1.0,0.0,0.0
D207G,207,D,G,-3.5,-0.4,3.1,133.1,75.07,-58.03,13.0,9.0,-4.0,-1.0,0.0,1.0,-1.0
D207V,207,D,V,-3.5,4.2,7.7,133.1,117.15,-15.949999999999989,13.0,5.9,-7.1,-1.0,0.0,1.0,-0.5
D207Y,207,D,Y,-3.5,-1.3,2.2,133.1,181.19,48.09,13.0,6.2,-6.8,-1.0,0.0,1.0,0.0
W208C,208,W,C,-0.9,2.5,3.4,204.23,121.16,-83.07,5.4,5.5,0.09999999999999964,0.0,0.0,0.0,-2.988594667
W208R,208,W,R,-0.9,-4.5,-3.6,204.23,174.2,-30.03,5.4,10.5,5.1,0.0,1.0,1.0,-5.321928
M209V,209,M,V,1.9,4.2,2.3000000000000003,149.21,117.15,-32.06,5.7,5.9,0.20000000000000018,0.0,0.0,0.0,-5.321928
M209L,209,M,L,1.9,3.8,1.9,149.21,131.17,-18.04000000000002,5.7,4.9,-0.7999999999999998,0.0,0.0,0.0,0.0
M209I,209,M,I,1.9,4.5,2.6,149.21,131.17,-18.04000000000002,5.7,5.2,-0.5,0.0,0.0,0.0,-5.321928
E210D,210,E,D,-3.5,-3.5,0.0,147.13,133.1,-14.030000000000001,12.3,13.0,0.6999999999999993,-1.0,-1.0,0.0,0.0
E210G,210,E,G,-3.5,-0.4,3.1,147.13,75.07,-72.06,12.3,9.0,-3.3000000000000007,-1.0,0.0,1.0,-0.5
A211S,211,A,S,1.8,-0.8,-2.6,89.09,105.09,16.0,8.1,9.2,1.0999999999999996,0.0,0.0,0.0,0.0
A211T,211,A,T,1.8,-0.7,-2.5,89.09,119.12,30.03,8.1,8.6,0.5,0.0,0.0,0.0,-1.0
A211V,211,A,V,1.8,4.2,2.4000000000000004,89.09,117.15,28.060000000000002,8.1,5.9,-2.1999999999999993,0.0,0.0,0.0,-1.0
A211G,211,A,G,1.8,-0.4,-2.2,89.09,75.07,-14.02000000000001,8.1,9.0,0.9000000000000004,0.0,0.0,0.0,-1.0
D212N,212,D,N,-3.5,-3.5,0.0,133.1,132.12,-0.9799999999999898,13.0,11.6,-1.4000000000000004,-1.0,0.0,1.0,-1.660964
D212V,212,D,V,-3.5,4.2,7.7,133.1,117.15,-15.949999999999989,13.0,5.9,-7.1,-1.0,0.0,1.0,-2.988594667
K213I,213,K,I,-3.9,4.5,8.4,146.19,131.17,-15.02000000000001,11.3,5.2,-6.1000000000000005,1.0,0.0,-1.0,0.0
K213N,213,K,N,-3.9,-3.5,0.3999999999999999,146.19,132.12,-14.069999999999993,11.3,11.6,0.29999999999999893,1.0,0.0,-1.0,0.0
K213T,213,K,T,-3.9,-0.7,3.2,146.19,119.12,-27.069999999999993,11.3,8.6,-2.700000000000001,1.0,0.0,-1.0,-0.5
V214L,214,V,L,4.2,3.8,-0.40000000000000036,117.15,131.17,14.019999999999982,5.9,4.9,-1.0,0.0,0.0,0.0,-1.0
V214I,214,V,I,4.2,4.5,0.2999999999999998,117.15,131.17,14.019999999999982,5.9,5.2,-0.7000000000000002,0.0,0.0,0.0,-1.0
V214G,214,V,G,4.2,-0.4,-4.6000000000000005,117.15,75.07,-42.08000000000001,5.9,9.0,3.0999999999999996,0.0,0.0,0.0,-2.321928
V214F,214,V,F,4.2,2.8,-1.4000000000000004,117.15,165.19,48.03999999999999,5.9,5.2,-0.7000000000000002,0.0,0.0,0.0,-1.0
V214D,214,V,D,4.2,-3.5,-7.7,117.15,133.1,15.949999999999989,5.9,13.0,7.1,0.0,-1.0,-1.0,-5.071928
V214A,214,V,A,4.2,1.8,-2.4000000000000004,117.15,89.09,-28.060000000000002,5.9,8.1,2.1999999999999993,0.0,0.0,0.0,-0.666666667
A215E,215,A,E,1.8,-3.5,-5.3,89.09,147.13,58.03999999999999,8.1,12.3,4.200000000000001,0.0,-1.0,-1.0,-3.321928
A215T,215,A,T,1.8,-0.7,-2.5,89.09,119.12,30.03,8.1,8.6,0.5,0.0,0.0,0.0,-1.660964
A215V,215,A,V,1.8,4.2,2.4000000000000004,89.09,117.15,28.060000000000002,8.1,5.9,-2.1999999999999993,0.0,0.0,0.0,-3.321928
G216E,216,G,E,-0.4,-3.5,-3.1,75.07,147.13,72.06,9.0,12.3,3.3000000000000007,0.0,-1.0,-1.0,-2.160964
G216R,216,G,R,-0.4,-4.5,-4.1,75.07,174.2,99.13,9.0,10.5,1.5,0.0,1.0,1.0,-1.0
G216V,216,G,V,-0.4,4.2,4.6000000000000005,75.07,117.15,42.08000000000001,9.0,5.9,-3.0999999999999996,0.0,0.0,0.0,-2.321928
P217A,217,P,A,-1.6,1.8,3.4000000000000004,115.13,89.09,-26.039999999999992,8.0,8.1,0.09999999999999964,0.0,0.0,0.0,-0.2
P217L,217,P,L,-1.6,3.8,5.4,115.13,131.17,16.039999999999992,8.0,4.9,-3.0999999999999996,0.0,0.0,0.0,0.0
P217S,217,P,S,-1.6,-0.8,0.8,115.13,105.09,-10.039999999999992,8.0,9.2,1.1999999999999993,0.0,0.0,0.0,-0.924658667
L218I,218,L,I,3.8,4.5,0.7000000000000002,131.17,131.17,0.0,4.9,5.2,0.2999999999999998,0.0,0.0,0.0,-2.321928
L218H,218,L,H,3.8,-3.2,-7.0,131.17,155.16,23.99000000000001,4.9,10.4,5.5,0.0,0.5,0.5,-3.321928
L218V,218,L,V,3.8,4.2,0.40000000000000036,131.17,117.15,-14.019999999999982,4.9,5.9,1.0,0.0,0.0,0.0,-4.321928
L218F,218,L,F,3.8,2.8,-1.0,131.17,165.19,34.02000000000001,4.9,5.2,0.2999999999999998,0.0,0.0,0.0,-4.321928
L219M,219,L,M,3.8,1.9,-1.9,131.17,149.21,18.04000000000002,4.9,5.7,0.7999999999999998,0.0,0.0,0.0,0.0
L219V,219,L,V,3.8,4.2,0.40000000000000036,131.17,117.15,-14.019999999999982,4.9,5.9,1.0,0.0,0.0,0.0,-1.0
L219R,219,L,R,3.8,-4.5,-8.3,131.17,174.2,43.03,4.9,10.5,5.6,0.0,1.0,1.0,-3.321928
L219Q,219,L,Q,3.8,-3.5,-7.3,131.17,146.15,14.980000000000018,4.9,10.5,5.6,0.0,0.0,0.0,-3.321928
L219P,219,L,P,3.8,-1.6,-5.4,131.17,115.13,-16.039999999999992,4.9,8.0,3.0999999999999996,0.0,0.0,0.0,-3.321928
R220C,220,R,C,-4.5,2.5,7.0,174.2,121.16,-53.03999999999999,10.5,5.5,-5.0,1.0,0.0,-1.0,-3.821928
R220H,220,R,H,-4.5,-3.2,1.2999999999999998,174.2,155.16,-19.039999999999992,10.5,10.4,-0.09999999999999964,1.0,0.5,-0.5,-3.446928
R220L,220,R,L,-4.5,3.8,8.3,174.2,131.17,-43.03,10.5,4.9,-5.6,1.0,0.0,-1.0,-4.321928
R220S,220,R,S,-4.5,-0.8,3.7,174.2,105.09,-69.10999999999999,10.5,9.2,-1.3000000000000007,1.0,0.0,-1.0,-3.321928
S221P,221,S,P,-0.8,-1.6,-0.8,105.09,115.13,10.039999999999992,9.2,8.0,-1.1999999999999993,0.0,0.0,0.0,-0.666666667
S221A,221,S,A,-0.8,1.8,2.6,105.09,89.09,-16.0,9.2,8.1,-1.0999999999999996,0.0,0.0,0.0,0.0
S221T,221,S,T,-0.8,-0.7,0.10000000000000009,105.09,119.12,14.030000000000001,9.2,8.6,-0.5999999999999996,0.0,0.0,0.0,0.0
S221W,221,S,W,-0.8,-0.9,-0.09999999999999998,105.09,204.23,99.13999999999999,9.2,5.4,-3.799999999999999,0.0,0.0,0.0,-1.0
S221L,221,S,L,-0.8,3.8,4.6,105.09,131.17,26.079999999999984,9.2,4.9,-4.299999999999999,0.0,0.0,0.0,0.0
A222T,222,A,T,1.8,-0.7,-2.5,89.09,119.12,30.03,8.1,8.6,0.5,0.0,0.0,0.0,0.0
A222V,222,A,V,1.8,4.2,2.4000000000000004,89.09,117.15,28.060000000000002,8.1,5.9,-2.1999999999999993,0.0,0.0,0.0,0.125
L223R,223,L,R,3.8,-4.5,-8.3,131.17,174.2,43.03,4.9,10.5,5.6,0.0,1.0,1.0,-2.321928
L223H,223,L,H,3.8,-3.2,-7.0,131.17,155.16,23.99000000000001,4.9,10.4,5.5,0.0,0.5,0.5,-4.571928
L223I,223,L,I,3.8,4.5,0.7000000000000002,131.17,131.17,0.0,4.9,5.2,0.2999999999999998,0.0,0.0,0.0,0.0
L223P,223,L,P,3.8,-1.6,-5.4,131.17,115.13,-16.039999999999992,4.9,8.0,3.0999999999999996,0.0,0.0,0.0,-4.821928
L223F,223,L,F,3.8,2.8,-1.0,131.17,165.19,34.02000000000001,4.9,5.2,0.2999999999999998,0.0,0.0,0.0,-2.4575424
P224S,224,P,S,-1.6,-0.8,0.8,115.13,105.09,-10.039999999999992,8.0,9.2,1.1999999999999993,0.0,0.0,0.0,-5.321928
P224L,224,P,L,-1.6,3.8,5.4,115.13,131.17,16.039999999999992,8.0,4.9,-3.0999999999999996,0.0,0.0,0.0,-2.160964
P224Q,224,P,Q,-1.6,-3.5,-1.9,115.13,146.15,31.02000000000001,8.0,10.5,2.5,0.0,0.0,0.0,-1.107309333
A225T,225,A,T,1.8,-0.7,-2.5,89.09,119.12,30.03,8.1,8.6,0.5,0.0,0.0,0.0,0.0
A225S,225,A,S,1.8,-0.8,-2.6,89.09,105.09,16.0,8.1,9.2,1.0999999999999996,0.0,0.0,0.0,-1.0
A225P,225,A,P,1.8,-1.6,-3.4000000000000004,89.09,115.13,26.039999999999992,8.1,8.0,-0.09999999999999964,0.0,0.0,0.0,0.0
A225V,225,A,V,1.8,4.2,2.4000000000000004,89.09,117.15,28.060000000000002,8.1,5.9,-2.1999999999999993,0.0,0.0,0.0,0.0
A225G,225,A,G,1.8,-0.4,-2.2,89.09,75.07,-14.02000000000001,8.1,9.0,0.9000000000000004,0.0,0.0,0.0,1.0
G226D,226,G,D,-0.4,-3.5,-3.1,75.07,133.1,58.03,9.0,13.0,4.0,0.0,-1.0,-1.0,0.0
G226S,226,G,S,-0.4,-0.8,-0.4,75.07,105.09,30.02000000000001,9.0,9.2,0.1999999999999993,0.0,0.0,0.0,0.0
W227L,227,W,L,-0.9,3.8,4.7,204.23,131.17,-73.06,5.4,4.9,-0.5,0.0,0.0,0.0,-5.321928
W227G,227,W,G,-0.9,-0.4,0.5,204.23,75.07,-129.16,5.4,9.0,3.5999999999999996,0.0,0.0,0.0,-5.321928
W227S,227,W,S,-0.9,-0.8,0.09999999999999998,204.23,105.09,-99.13999999999999,5.4,9.2,3.799999999999999,0.0,0.0,0.0,-5.321928
W227R,227,W,R,-0.9,-4.5,-3.6,204.23,174.2,-30.03,5.4,10.5,5.1,0.0,1.0,1.0,-5.321928
F228I,228,F,I,2.8,4.5,1.7000000000000002,165.19,131.17,-34.02000000000001,5.2,5.2,0.0,0.0,0.0,0.0,-1.0
F228L,228,F,L,2.8,3.8,1.0,165.19,131.17,-34.02000000000001,5.2,4.9,-0.2999999999999998,0.0,0.0,0.0,-1.881285333
F228S,228,F,S,2.8,-0.8,-3.5999999999999996,165.19,105.09,-60.099999999999994,5.2,9.2,3.999999999999999,0.0,0.0,0.0,-2.321928
I229T,229,I,T,4.5,-0.7,-5.2,131.17,119.12,-12.049999999999983,5.2,8.6,3.3999999999999995,0.0,0.0,0.0,-4.821928
I229V,229,I,V,4.5,4.2,-0.2999999999999998,131.17,117.15,-14.019999999999982,5.2,5.9,0.7000000000000002,0.0,0.0,0.0,-1.0
I229M,229,I,M,4.5,1.9,-2.6,131.17,149.21,18.04000000000002,5.2,5.7,0.5,0.0,0.0,0.0,-1.0
A230T,230,A,T,1.8,-0.7,-2.5,89.09,119.12,30.03,8.1,8.6,0.5,0.0,0.0,0.0,-5.321928
A230S,230,A,S,1.8,-0.8,-2.6,89.09,105.09,16.0,8.1,9.2,1.0999999999999996,0.0,0.0,0.0,-1.0
A230D,230,A,D,1.8,-3.5,-5.3,89.09,133.1,44.00999999999999,8.1,13.0,4.9,0.0,-1.0,-1.0,-5.321928
A230V,230,A,V,1.8,4.2,2.4000000000000004,89.09,117.15,28.060000000000002,8.1,5.9,-2.1999999999999993,0.0,0.0,0.0,-1.991446
A230P,230,A,P,1.8,-1.6,-3.4000000000000004,89.09,115.13,26.039999999999992,8.1,8.0,-0.09999999999999964,0.0,0.0,0.0,-5.321928
D231N,231,D,N,-3.5,-3.5,0.0,133.1,132.12,-0.9799999999999898,13.0,11.6,-1.4000000000000004,-1.0,0.0,1.0,-2.821928
D231E,231,D,E,-3.5,-3.5,0.0,133.1,147.13,14.030000000000001,13.0,12.3,-0.6999999999999993,-1.0,-1.0,0.0,-3.821928
D231V,231,D,V,-3.5,4.2,7.7,133.1,117.15,-15.949999999999989,13.0,5.9,-7.1,-1.0,0.0,1.0,-4.321928
K232E,232,K,E,-3.9,-3.5,0.3999999999999999,146.19,147.13,0.9399999999999977,11.3,12.3,1.0,1.0,-1.0,-2.0,-5.321928
K232Q,232,K,Q,-3.9,-3.5,0.3999999999999999,146.19,146.15,-0.03999999999999204,11.3,10.5,-0.8000000000000007,1.0,0.0,-1.0,-5.321928
S233Y,233,S,Y,-0.8,-1.3,-0.5,105.09,181.19,76.1,9.2,6.2,-2.999999999999999,0.0,0.0,0.0,-5.321928
S233T,233,S,T,-0.8,-0.7,0.10000000000000009,105.09,119.12,14.030000000000001,9.2,8.6,-0.5999999999999996,0.0,0.0,0.0,0.0
S233C,233,S,C,-0.8,2.5,3.3,105.09,121.16,16.069999999999993,9.2,5.5,-3.6999999999999993,0.0,0.0,0.0,-5.321928
S233P,233,S,P,-0.8,-1.6,-0.8,105.09,115.13,10.039999999999992,9.2,8.0,-1.1999999999999993,0.0,0.0,0.0,-3.321928
G234E,234,G,E,-0.4,-3.5,-3.1,75.07,147.13,72.06,9.0,12.3,3.3000000000000007,0.0,-1.0,-1.0,-5.321928
G234R,234,G,R,-0.4,-4.5,-4.1,75.07,174.2,99.13,9.0,10.5,1.5,0.0,1.0,1.0,-5.321928
G234V,234,G,V,-0.4,4.2,4.6000000000000005,75.07,117.15,42.08000000000001,9.0,5.9,-3.0999999999999996,0.0,0.0,0.0,-5.321928
A235T,235,A,T,1.8,-0.7,-2.5,89.09,119.12,30.03,8.1,8.6,0.5,0.0,0.0,0.0,-2.321928
A235S,235,A,S,1.8,-0.8,-2.6,89.09,105.09,16.0,8.1,9.2,1.0999999999999996,0.0,0.0,0.0,-1.660964
A235D,235,A,D,1.8,-3.5,-5.3,89.09,133.1,44.00999999999999,8.1,13.0,4.9,0.0,-1.0,-1.0,-5.321928
A235V,235,A,V,1.8,4.2,2.4000000000000004,89.09,117.15,28.060000000000002,8.1,5.9,-2.1999999999999993,0.0,0.0,0.0,-2.101606667
G236S,236,G,S,-0.4,-0.8,-0.4,75.07,105.09,30.02000000000001,9.0,9.2,0.1999999999999993,0.0,0.0,0.0,-2.321928
G236A,236,G,A,-0.4,1.8,2.2,75.07,89.09,14.02000000000001,9.0,8.1,-0.9000000000000004,0.0,0.0,0.0,0.0
G236C,236,G,C,-0.4,2.5,2.9,75.07,121.16,46.09,9.0,5.5,-3.5,0.0,0.0,0.0,-3.321928
G236V,236,G,V,-0.4,4.2,4.6000000000000005,75.07,117.15,42.08000000000001,9.0,5.9,-3.0999999999999996,0.0,0.0,0.0,-5.321928
G236R,236,G,R,-0.4,-4.5,-4.1,75.07,174.2,99.13,9.0,10.5,1.5,0.0,1.0,1.0,-5.321928
G236D,236,G,D,-0.4,-3.5,-3.1,75.07,133.1,58.03,9.0,13.0,4.0,0.0,-1.0,-1.0,-4.321928
E237D,237,E,D,-3.5,-3.5,0.0,147.13,133.1,-14.030000000000001,12.3,13.0,0.6999999999999993,-1.0,-1.0,0.0,0.0
E237K,237,E,K,-3.5,-3.9,-0.3999999999999999,147.13,146.19,-0.9399999999999977,12.3,11.3,-1.0,-1.0,1.0,2.0,0.5
E237V,237,E,V,-3.5,4.2,7.7,147.13,117.15,-29.97999999999999,12.3,5.9,-6.4,-1.0,0.0,1.0,-1.0
R238C,238,R,C,-4.5,2.5,7.0,174.2,121.16,-53.03999999999999,10.5,5.5,-5.0,1.0,0.0,-1.0,-0.285714286
R238G,238,R,G,-4.5,-0.4,4.1,174.2,75.07,-99.13,10.5,9.0,-1.5,1.0,0.0,-1.0,-0.5
G239V,239,G,V,-0.4,4.2,4.6000000000000005,75.07,117.15,42.08000000000001,9.0,5.9,-3.0999999999999996,0.0,0.0,0.0,-5.321928
G239E,239,G,E,-0.4,-3.5,-3.1,75.07,147.13,72.06,9.0,12.3,3.3000000000000007,0.0,-1.0,-1.0,-5.321928
G239R,239,G,R,-0.4,-4.5,-4.1,75.07,174.2,99.13,9.0,10.5,1.5,0.0,1.0,1.0,-5.321928
G239W,239,G,W,-0.4,-0.9,-0.5,75.07,204.23,129.16,9.0,5.4,-3.5999999999999996,0.0,0.0,0.0,-5.321928
S240A,240,S,A,-0.8,1.8,2.6,105.09,89.09,-16.0,9.2,8.1,-1.0999999999999996,0.0,0.0,0.0,0.0
S240F,240,S,F,-0.8,2.8,3.5999999999999996,105.09,165.19,60.099999999999994,9.2,5.2,-3.999999999999999,0.0,0.0,0.0,-4.321928
S240Y,240,S,Y,-0.8,-1.3,-0.5,105.09,181.19,76.1,9.2,6.2,-2.999999999999999,0.0,0.0,0.0,-5.321928
S240T,240,S,T,-0.8,-0.7,0.10000000000000009,105.09,119.12,14.030000000000001,9.2,8.6,-0.5999999999999996,0.0,0.0,0.0,-1.0
R241S,241,R,S,-4.5,-0.8,3.7,174.2,105.09,-69.10999999999999,10.5,9.2,-1.3000000000000007,1.0,0.0,-1.0,-3.321928
R241H,241,R,H,-4.5,-3.2,1.2999999999999998,174.2,155.16,-19.039999999999992,10.5,10.4,-0.09999999999999964,1.0,0.5,-0.5,-3.988594667
R241C,241,R,C,-4.5,2.5,7.0,174.2,121.16,-53.03999999999999,10.5,5.5,-5.0,1.0,0.0,-1.0,-4.321928
G242C,242,G,C,-0.4,2.5,2.9,75.07,121.16,46.09,9.0,5.5,-3.5,0.0,0.0,0.0,-0.666666667
G242D,242,G,D,-0.4,-3.5,-3.1,75.07,133.1,58.03,9.0,13.0,4.0,0.0,-1.0,-1.0,-5.321928
G242S,242,G,S,-0.4,-0.8,-0.4,75.07,105.09,30.02000000000001,9.0,9.2,0.1999999999999993,0.0,0.0,0.0,-1.0643856000000005
G242A,242,G,A,-0.4,1.8,2.2,75.07,89.09,14.02000000000001,9.0,8.1,-0.9000000000000004,0.0,0.0,0.0,-0.5
I243N,243,I,N,4.5,-3.5,-8.0,131.17,132.12,0.950000000000017,5.2,11.6,6.3999999999999995,0.0,0.0,0.0,-4.988594667
I243T,243,I,T,4.5,-0.7,-5.2,131.17,119.12,-12.049999999999983,5.2,8.6,3.3999999999999995,0.0,0.0,0.0,-3.321928
I243F,243,I,F,4.5,2.8,-1.7000000000000002,131.17,165.19,34.02000000000001,5.2,5.2,0.0,0.0,0.0,0.0,-2.321928
I244F,244,I,F,4.5,2.8,-1.7000000000000002,131.17,165.19,34.02000000000001,5.2,5.2,0.0,0.0,0.0,0.0,-3.821928
I244M,244,I,M,4.5,1.9,-2.6,131.17,149.21,18.04000000000002,5.2,5.7,0.5,0.0,0.0,0.0,0.0
I244N,244,I,N,4.5,-3.5,-8.0,131.17,132.12,0.950000000000017,5.2,11.6,6.3999999999999995,0.0,0.0,0.0,-5.321928
I244T,244,I,T,4.5,-0.7,-5.2,131.17,119.12,-12.049999999999983,5.2,8.6,3.3999999999999995,0.0,0.0,0.0,-1.220321333
I244V,244,I,V,4.5,4.2,-0.2999999999999998,131.17,117.15,-14.019999999999982,5.2,5.9,0.7000000000000002,0.0,0.0,0.0,0.25
A245G,245,A,G,1.8,-0.4,-2.2,89.09,75.07,-14.02000000000001,8.1,9.0,0.9000000000000004,0.0,0.0,0.0,-1.0
A245V,245,A,V,1.8,4.2,2.4000000000000004,89.09,117.15,28.060000000000002,8.1,5.9,-2.1999999999999993,0.0,0.0,0.0,-2.321928
A245E,245,A,E,1.8,-3.5,-5.3,89.09,147.13,58.03999999999999,8.1,12.3,4.200000000000001,0.0,-1.0,-1.0,-5.321928
A246S,246,A,S,1.8,-0.8,-2.6,89.09,105.09,16.0,8.1,9.2,1.0999999999999996,0.0,0.0,0.0,0.0
A246T,246,A,T,1.8,-0.7,-2.5,89.09,119.12,30.03,8.1,8.6,0.5,0.0,0.0,0.0,0.0
A246V,246,A,V,1.8,4.2,2.4000000000000004,89.09,117.15,28.060000000000002,8.1,5.9,-2.1999999999999993,0.0,0.0,0.0,0.0
L247Q,247,L,Q,3.8,-3.5,-7.3,131.17,146.15,14.980000000000018,4.9,10.5,5.6,0.0,0.0,0.0,-5.321928
L247R,247,L,R,3.8,-4.5,-8.3,131.17,174.2,43.03,4.9,10.5,5.6,0.0,1.0,1.0,-5.321928
L247M,247,L,M,3.8,1.9,-1.9,131.17,149.21,18.04000000000002,4.9,5.7,0.7999999999999998,0.0,0.0,0.0,-0.25
L247P,247,L,P,3.8,-1.6,-5.4,131.17,115.13,-16.039999999999992,4.9,8.0,3.0999999999999996,0.0,0.0,0.0,-5.321928
G248E,248,G,E,-0.4,-3.5,-3.1,75.07,147.13,72.06,9.0,12.3,3.3000000000000007,0.0,-1.0,-1.0,-5.321928
G248R,248,G,R,-0.4,-4.5,-4.1,75.07,174.2,99.13,9.0,10.5,1.5,0.0,1.0,1.0,-5.321928
G248W,248,G,W,-0.4,-0.9,-0.5,75.07,204.23,129.16,9.0,5.4,-3.5999999999999996,0.0,0.0,0.0,-5.321928
P249T,249,P,T,-1.6,-0.7,0.9000000000000001,115.13,119.12,3.990000000000009,8.0,8.6,0.5999999999999996,0.0,0.0,0.0,-1.0
P249S,249,P,S,-1.6,-0.8,0.8,115.13,105.09,-10.039999999999992,8.0,9.2,1.1999999999999993,0.0,0.0,0.0,-0.5
P249L,249,P,L,-1.6,3.8,5.4,115.13,131.17,16.039999999999992,8.0,4.9,-3.0999999999999996,0.0,0.0,0.0,-1.881285333
P249A,249,P,A,-1.6,1.8,3.4000000000000004,115.13,89.09,-26.039999999999992,8.0,8.1,0.09999999999999964,0.0,0.0,0.0,-1.0
D250N,250,D,N,-3.5,-3.5,0.0,133.1,132.12,-0.9799999999999898,13.0,11.6,-1.4000000000000004,-1.0,0.0,1.0,0.5
D250H,250,D,H,-3.5,-3.2,0.2999999999999998,133.1,155.16,22.060000000000002,13.0,10.4,-2.5999999999999996,-1.0,0.5,1.5,1.0
D250V,250,D,V,-3.5,4.2,7.7,133.1,117.15,-15.949999999999989,13.0,5.9,-7.1,-1.0,0.0,1.0,0.0
D250E,250,D,E,-3.5,-3.5,0.0,133.1,147.13,14.030000000000001,13.0,12.3,-0.6999999999999993,-1.0,-1.0,0.0,0.0
D250G,250,D,G,-3.5,-0.4,3.1,133.1,75.07,-58.03,13.0,9.0,-4.0,-1.0,0.0,1.0,-0.333333333
D250Y,250,D,Y,-3.5,-1.3,2.2,133.1,181.19,48.09,13.0,6.2,-6.8,-1.0,0.0,1.0,0.0
G251C,251,G,C,-0.4,2.5,2.9,75.07,121.16,46.09,9.0,5.5,-3.5,0.0,0.0,0.0,0.0
G251D,251,G,D,-0.4,-3.5,-3.1,75.07,133.1,58.03,9.0,13.0,4.0,0.0,-1.0,-1.0,-3.321928
G251V,251,G,V,-0.4,4.2,4.6000000000000005,75.07,117.15,42.08000000000001,9.0,5.9,-3.0999999999999996,0.0,0.0,0.0,-1.0
K252M,252,K,M,-3.9,1.9,5.8,146.19,149.21,3.0200000000000102,11.3,5.7,-5.6000000000000005,1.0,0.0,-1.0,0.333333333
K252T,252,K,T,-3.9,-0.7,3.2,146.19,119.12,-27.069999999999993,11.3,8.6,-2.700000000000001,1.0,0.0,-1.0,-1.0
K252E,252,K,E,-3.9,-3.5,0.3999999999999999,146.19,147.13,0.9399999999999977,11.3,12.3,1.0,1.0,-1.0,-2.0,0.0
K252N,252,K,N,-3.9,-3.5,0.3999999999999999,146.19,132.12,-14.069999999999993,11.3,11.6,0.29999999999999893,1.0,0.0,-1.0,0.0
K252R,252,K,R,-3.9,-4.5,-0.6000000000000001,146.19,174.2,28.00999999999999,11.3,10.5,-0.8000000000000007,1.0,1.0,0.0,-0.428571429
P253R,253,P,R,-1.6,-4.5,-2.9,115.13,174.2,59.06999999999999,8.0,10.5,2.5,0.0,1.0,1.0,0.0
P253S,253,P,S,-1.6,-0.8,0.8,115.13,105.09,-10.039999999999992,8.0,9.2,1.1999999999999993,0.0,0.0,0.0,-0.333333333
P253L,253,P,L,-1.6,3.8,5.4,115.13,131.17,16.039999999999992,8.0,4.9,-3.0999999999999996,0.0,0.0,0.0,0.0
P253A,253,P,A,-1.6,1.8,3.4000000000000004,115.13,89.09,-26.039999999999992,8.0,8.1,0.09999999999999964,0.0,0.0,0.0,0.0
S254P,254,S,P,-0.8,-1.6,-0.8,105.09,115.13,10.039999999999992,9.2,8.0,-1.1999999999999993,0.0,0.0,0.0,-0.5
S254T,254,S,T,-0.8,-0.7,0.10000000000000009,105.09,119.12,14.030000000000001,9.2,8.6,-0.5999999999999996,0.0,0.0,0.0,-1.0
R255C,255,R,C,-4.5,2.5,7.0,174.2,121.16,-53.03999999999999,10.5,5.5,-5.0,1.0,0.0,-1.0,-3.321928
R255H,255,R,H,-4.5,-3.2,1.2999999999999998,174.2,155.16,-19.039999999999992,10.5,10.4,-0.09999999999999964,1.0,0.5,-0.5,-1.7414459999999998
R255S,255,R,S,-4.5,-0.8,3.7,174.2,105.09,-69.10999999999999,10.5,9.2,-1.3000000000000007,1.0,0.0,-1.0,-1.881285333
I256V,256,I,V,4.5,4.2,-0.2999999999999998,131.17,117.15,-14.019999999999982,5.2,5.9,0.7000000000000002,0.0,0.0,0.0,0.0
I256T,256,I,T,4.5,-0.7,-5.2,131.17,119.12,-12.049999999999983,5.2,8.6,3.3999999999999995,0.0,0.0,0.0,-4.321928
I256N,256,I,N,4.5,-3.5,-8.0,131.17,132.12,0.950000000000017,5.2,11.6,6.3999999999999995,0.0,0.0,0.0,-5.321928
I256L,256,I,L,4.5,3.8,-0.7000000000000002,131.17,131.17,0.0,5.2,4.9,-0.2999999999999998,0.0,0.0,0.0,0.0
V257I,257,V,I,4.2,4.5,0.2999999999999998,117.15,131.17,14.019999999999982,5.9,5.2,-0.7000000000000002,0.0,0.0,0.0,-0.25
V257E,257,V,E,4.2,-3.5,-7.7,117.15,147.13,29.97999999999999,5.9,12.3,6.4,0.0,-1.0,-1.0,-5.321928
V257A,257,V,A,4.2,1.8,-2.4000000000000004,117.15,89.09,-28.060000000000002,5.9,8.1,2.1999999999999993,0.0,0.0,0.0,-1.0
V257L,257,V,L,4.2,3.8,-0.40000000000000036,117.15,131.17,14.019999999999982,5.9,4.9,-1.0,0.0,0.0,0.0,-1.0
V258A,258,V,A,4.2,1.8,-2.4000000000000004,117.15,89.09,-28.060000000000002,5.9,8.1,2.1999999999999993,0.0,0.0,0.0,-5.321928
V258D,258,V,D,4.2,-3.5,-7.7,117.15,133.1,15.949999999999989,5.9,13.0,7.1,0.0,-1.0,-1.0,-5.321928
V258F,258,V,F,4.2,2.8,-1.4000000000000004,117.15,165.19,48.03999999999999,5.9,5.2,-0.7000000000000002,0.0,0.0,0.0,-5.321928
V258I,258,V,I,4.2,4.5,0.2999999999999998,117.15,131.17,14.019999999999982,5.9,5.2,-0.7000000000000002,0.0,0.0,0.0,0.0
I259F,259,I,F,4.5,2.8,-1.7000000000000002,131.17,165.19,34.02000000000001,5.2,5.2,0.0,0.0,0.0,0.0,-1.0
I259M,259,I,M,4.5,1.9,-2.6,131.17,149.21,18.04000000000002,5.2,5.7,0.5,0.0,0.0,0.0,-1.0
I259T,259,I,T,4.5,-0.7,-5.2,131.17,119.12,-12.049999999999983,5.2,8.6,3.3999999999999995,0.0,0.0,0.0,-3.321928
Y260D,260,Y,D,-1.3,-3.5,-2.2,181.19,133.1,-48.09,6.2,13.0,6.8,0.0,-1.0,-1.0,-5.321928
Y260S,260,Y,S,-1.3,-0.8,0.5,181.19,105.09,-76.1,6.2,9.2,2.999999999999999,0.0,0.0,0.0,-5.321928
Y260H,260,Y,H,-1.3,-3.2,-1.9000000000000001,181.19,155.16,-26.03,6.2,10.4,4.2,0.0,0.5,0.5,-5.321928
Y260N,260,Y,N,-1.3,-3.5,-2.2,181.19,132.12,-49.06999999999999,6.2,11.6,5.3999999999999995,0.0,0.0,0.0,-5.321928
Y260F,260,Y,F,-1.3,2.8,4.1,181.19,165.19,-16.0,6.2,5.2,-1.0,0.0,0.0,0.0,0.0
T261S,261,T,S,-0.7,-0.8,-0.10000000000000009,119.12,105.09,-14.030000000000001,8.6,9.2,0.5999999999999996,0.0,0.0,0.0,0.0
T261A,261,T,A,-0.7,1.8,2.5,119.12,89.09,-30.03,8.6,8.1,-0.5,0.0,0.0,0.0,0.0
T261M,261,T,M,-0.7,1.9,2.5999999999999996,119.12,149.21,30.090000000000003,8.6,5.7,-2.8999999999999995,0.0,0.0,0.0,0.181818182
T261K,261,T,K,-0.7,-3.9,-3.2,119.12,146.19,27.069999999999993,8.6,11.3,2.700000000000001,0.0,1.0,1.0,-5.321928
T261R,261,T,R,-0.7,-4.5,-3.8,119.12,174.2,55.079999999999984,8.6,10.5,1.9000000000000004,0.0,1.0,1.0,-4.988594667
T262A,262,T,A,-0.7,1.8,2.5,119.12,89.09,-30.03,8.6,8.1,-0.5,0.0,0.0,0.0,0.0
T262M,262,T,M,-0.7,1.9,2.5999999999999996,119.12,149.21,30.090000000000003,8.6,5.7,-2.8999999999999995,0.0,0.0,0.0,0.0
T262S,262,T,S,-0.7,-0.8,-0.10000000000000009,119.12,105.09,-14.030000000000001,8.6,9.2,0.5999999999999996,0.0,0.0,0.0,0.0
T262R,262,T,R,-0.7,-4.5,-3.8,119.12,174.2,55.079999999999984,8.6,10.5,1.9000000000000004,0.0,1.0,1.0,-1.0
G263W,263,G,W,-0.4,-0.9,-0.5,75.07,204.23,129.16,9.0,5.4,-3.5999999999999996,0.0,0.0,0.0,-3.321928
G263V,263,G,V,-0.4,4.2,4.6000000000000005,75.07,117.15,42.08000000000001,9.0,5.9,-3.0999999999999996,0.0,0.0,0.0,-3.988594667
S264I,264,S,I,-0.8,4.5,5.3,105.09,131.17,26.079999999999984,9.2,5.2,-3.999999999999999,0.0,0.0,0.0,-2.821928
S264G,264,S,G,-0.8,-0.4,0.4,105.09,75.07,-30.02000000000001,9.2,9.0,-0.1999999999999993,0.0,0.0,0.0,-0.75
S264N,264,S,N,-0.8,-3.5,-2.7,105.09,132.12,27.03,9.2,11.6,2.4000000000000004,0.0,0.0,0.0,-1.0
S264T,264,S,T,-0.8,-0.7,0.10000000000000009,105.09,119.12,14.030000000000001,9.2,8.6,-0.5999999999999996,0.0,0.0,0.0,0.0
S264R,264,S,R,-0.8,-4.5,-3.7,105.09,174.2,69.10999999999999,9.2,10.5,1.3000000000000007,0.0,1.0,1.0,-2.521928
Q265P,265,Q,P,-3.5,-1.6,1.9,146.15,115.13,-31.02000000000001,10.5,8.0,-2.5,0.0,0.0,0.0,0.0
Q265R,265,Q,R,-3.5,-4.5,-1.0,146.15,174.2,28.049999999999983,10.5,10.5,0.0,0.0,1.0,1.0,0.0
Q265H,265,Q,H,-3.5,-3.2,0.2999999999999998,146.15,155.16,9.009999999999991,10.5,10.4,-0.09999999999999964,0.0,0.5,0.5,0.0
Q265L,265,Q,L,-3.5,3.8,7.3,146.15,131.17,-14.980000000000018,10.5,4.9,-5.6,0.0,0.0,0.0,-0.25
A266V,266,A,V,1.8,4.2,2.4000000000000004,89.09,117.15,28.060000000000002,8.1,5.9,-2.1999999999999993,0.0,0.0,0.0,0.0
A266T,266,A,T,1.8,-0.7,-2.5,89.09,119.12,30.03,8.1,8.6,0.5,0.0,0.0,0.0,-0.5
A266S,266,A,S,1.8,-0.8,-2.6,89.09,105.09,16.0,8.1,9.2,1.0999999999999996,0.0,0.0,0.0,0.0
A266G,266,A,G,1.8,-0.4,-2.2,89.09,75.07,-14.02000000000001,8.1,9.0,0.9000000000000004,0.0,0.0,0.0,0.0
T267S,267,T,S,-0.7,-0.8,-0.10000000000000009,119.12,105.09,-14.030000000000001,8.6,9.2,0.5999999999999996,0.0,0.0,0.0,-0.333333333
T267A,267,T,A,-0.7,1.8,2.5,119.12,89.09,-30.03,8.6,8.1,-0.5,0.0,0.0,0.0,0.0
T267I,267,T,I,-0.7,4.5,5.2,119.12,131.17,12.049999999999983,8.6,5.2,-3.3999999999999995,0.0,0.0,0.0,-1.0
M268L,268,M,L,1.9,3.8,1.9,149.21,131.17,-18.04000000000002,5.7,4.9,-0.7999999999999998,0.0,0.0,0.0,-0.5
M268K,268,M,K,1.9,-3.9,-5.8,149.21,146.19,-3.0200000000000102,5.7,11.3,5.6000000000000005,0.0,1.0,1.0,-1.660964
M268T,268,M,T,1.9,-0.7,-2.5999999999999996,149.21,119.12,-30.090000000000003,5.7,8.6,2.8999999999999995,0.0,0.0,0.0,-0.666666667
M268V,268,M,V,1.9,4.2,2.3000000000000003,149.21,117.15,-32.06,5.7,5.9,0.20000000000000018,0.0,0.0,0.0,-1.547952
M268I,268,M,I,1.9,4.5,2.6,149.21,131.17,-18.04000000000002,5.7,5.2,-0.5,0.0,0.0,0.0,-0.166666667
D269E,269,D,E,-3.5,-3.5,0.0,133.1,147.13,14.030000000000001,13.0,12.3,-0.6999999999999993,-1.0,-1.0,0.0,-0.25
D269Y,269,D,Y,-3.5,-1.3,2.2,133.1,181.19,48.09,13.0,6.2,-6.8,-1.0,0.0,1.0,0.0
D269N,269,D,N,-3.5,-3.5,0.0,133.1,132.12,-0.9799999999999898,13.0,11.6,-1.4000000000000004,-1.0,0.0,1.0,0.0
D269G,269,D,G,-3.5,-0.4,3.1,133.1,75.07,-58.03,13.0,9.0,-4.0,-1.0,0.0,1.0,0.0
D269V,269,D,V,-3.5,4.2,7.7,133.1,117.15,-15.949999999999989,13.0,5.9,-7.1,-1.0,0.0,1.0,-0.5
E270G,270,E,G,-3.5,-0.4,3.1,147.13,75.07,-72.06,12.3,9.0,-3.3000000000000007,-1.0,0.0,1.0,-0.5
E270D,270,E,D,-3.5,-3.5,0.0,147.13,133.1,-14.030000000000001,12.3,13.0,0.6999999999999993,-1.0,-1.0,0.0,0.0
E270V,270,E,V,-3.5,4.2,7.7,147.13,117.15,-29.97999999999999,12.3,5.9,-6.4,-1.0,0.0,1.0,-0.25
E270K,270,E,K,-3.5,-3.9,-0.3999999999999999,147.13,146.19,-0.9399999999999977,12.3,11.3,-1.0,-1.0,1.0,2.0,-0.5
R271G,271,R,G,-4.5,-0.4,4.1,174.2,75.07,-99.13,10.5,9.0,-1.5,1.0,0.0,-1.0,-1.0
R271Q,271,R,Q,-4.5,-3.5,1.0,174.2,146.15,-28.049999999999983,10.5,10.5,0.0,1.0,0.0,-1.0,0.0
N272I,272,N,I,-3.5,4.5,8.0,132.12,131.17,-0.950000000000017,11.6,5.2,-6.3999999999999995,0.0,0.0,0.0,-3.321928
N272Y,272,N,Y,-3.5,-1.3,2.2,132.12,181.19,49.06999999999999,11.6,6.2,-5.3999999999999995,0.0,0.0,0.0,-5.321928
N272K,272,N,K,-3.5,-3.9,-0.3999999999999999,132.12,146.19,14.069999999999993,11.6,11.3,-0.29999999999999893,0.0,1.0,1.0,-5.321928
R273S,273,R,S,-4.5,-0.8,3.7,174.2,105.09,-69.10999999999999,10.5,9.2,-1.3000000000000007,1.0,0.0,-1.0,0.0
R273K,273,R,K,-4.5,-3.9,0.6000000000000001,174.2,146.19,-28.00999999999999,10.5,11.3,0.8000000000000007,1.0,1.0,0.0,0.5
R273I,273,R,I,-4.5,4.5,9.0,174.2,131.17,-43.03,10.5,5.2,-5.3,1.0,0.0,-1.0,0.0
R273G,273,R,G,-4.5,-0.4,4.1,174.2,75.07,-99.13,10.5,9.0,-1.5,1.0,0.0,-1.0,0.0
Q274K,274,Q,K,-3.5,-3.9,-0.3999999999999999,146.15,146.19,0.03999999999999204,10.5,11.3,0.8000000000000007,0.0,1.0,1.0,0.0
Q274L,274,Q,L,-3.5,3.8,7.3,146.15,131.17,-14.980000000000018,10.5,4.9,-5.6,0.0,0.0,0.0,-1.0
Q274P,274,Q,P,-3.5,-1.6,1.9,146.15,115.13,-31.02000000000001,10.5,8.0,-2.5,0.0,0.0,0.0,-3.321928
Q274R,274,Q,R,-3.5,-4.5,-1.0,146.15,174.2,28.049999999999983,10.5,10.5,0.0,0.0,1.0,1.0,0.0
Q274E,274,Q,E,-3.5,-3.5,0.0,146.15,147.13,0.9799999999999898,10.5,12.3,1.8000000000000007,0.0,-1.0,-1.0,0.0
Q274H,274,Q,H,-3.5,-3.2,0.2999999999999998,146.15,155.16,9.009999999999991,10.5,10.4,-0.09999999999999964,0.0,0.5,0.5,0.0
I275M,275,I,M,4.5,1.9,-2.6,131.17,149.21,18.04000000000002,5.2,5.7,0.5,0.0,0.0,0.0,0.0
I275N,275,I,N,4.5,-3.5,-8.0,131.17,132.12,0.950000000000017,5.2,11.6,6.3999999999999995,0.0,0.0,0.0,-5.321928
I275T,275,I,T,4.5,-0.7,-5.2,131.17,119.12,-12.049999999999983,5.2,8.6,3.3999999999999995,0.0,0.0,0.0,-4.321928
A276T,276,A,T,1.8,-0.7,-2.5,89.09,119.12,30.03,8.1,8.6,0.5,0.0,0.0,0.0,-0.5
E277V,277,E,V,-3.5,4.2,7.7,147.13,117.15,-29.97999999999999,12.3,5.9,-6.4,-1.0,0.0,1.0,-0.7602754290000001
E277K,277,E,K,-3.5,-3.9,-0.3999999999999999,147.13,146.19,-0.9399999999999977,12.3,11.3,-1.0,-1.0,1.0,2.0,-0.5
E277G,277,E,G,-3.5,-0.4,3.1,147.13,75.07,-72.06,12.3,9.0,-3.3000000000000007,-1.0,0.0,1.0,0.0
E277A,277,E,A,-3.5,1.8,5.3,147.13,89.09,-58.03999999999999,12.3,8.1,-4.200000000000001,-1.0,0.0,1.0,0.0
I278K,278,I,K,4.5,-3.9,-8.4,131.17,146.19,15.02000000000001,5.2,11.3,6.1000000000000005,0.0,1.0,1.0,-5.321928
I278L,278,I,L,4.5,3.8,-0.7000000000000002,131.17,131.17,0.0,5.2,4.9,-0.2999999999999998,0.0,0.0,0.0,0.0
I278T,278,I,T,4.5,-0.7,-5.2,131.17,119.12,-12.049999999999983,5.2,8.6,3.3999999999999995,0.0,0.0,0.0,-4.321928
I278M,278,I,M,4.5,1.9,-2.6,131.17,149.21,18.04000000000002,5.2,5.7,0.5,0.0,0.0,0.0,-1.0
I278V,278,I,V,4.5,4.2,-0.2999999999999998,131.17,117.15,-14.019999999999982,5.2,5.9,0.7000000000000002,0.0,0.0,0.0,0.0
G279C,279,G,C,-0.4,2.5,2.9,75.07,121.16,46.09,9.0,5.5,-3.5,0.0,0.0,0.0,-1.0
G279R,279,G,R,-0.4,-4.5,-4.1,75.07,174.2,99.13,9.0,10.5,1.5,0.0,1.0,1.0,-5.321928
G279S,279,G,S,-0.4,-0.8,-0.4,75.07,105.09,30.02000000000001,9.0,9.2,0.1999999999999993,0.0,0.0,0.0,-1.660964
A280S,280,A,S,1.8,-0.8,-2.6,89.09,105.09,16.0,8.1,9.2,1.0999999999999996,0.0,0.0,0.0,0.0
A280T,280,A,T,1.8,-0.7,-2.5,89.09,119.12,30.03,8.1,8.6,0.5,0.0,0.0,0.0,0.0
A280V,280,A,V,1.8,4.2,2.4000000000000004,89.09,117.15,28.060000000000002,8.1,5.9,-2.1999999999999993,0.0,0.0,0.0,-0.166666667
S281T,281,S,T,-0.8,-0.7,0.10000000000000009,105.09,119.12,14.030000000000001,9.2,8.6,-0.5999999999999996,0.0,0.0,0.0,0.0
S281P,281,S,P,-0.8,-1.6,-0.8,105.09,115.13,10.039999999999992,9.2,8.0,-1.1999999999999993,0.0,0.0,0.0,-3.321928
S281A,281,S,A,-0.8,1.8,2.6,105.09,89.09,-16.0,9.2,8.1,-1.0999999999999996,0.0,0.0,0.0,0.0
L282V,282,L,V,3.8,4.2,0.40000000000000036,131.17,117.15,-14.019999999999982,4.9,5.9,1.0,0.0,0.0,0.0,0.0
L282P,282,L,P,3.8,-1.6,-5.4,131.17,115.13,-16.039999999999992,4.9,8.0,3.0999999999999996,0.0,0.0,0.0,-5.321928
L282Q,282,L,Q,3.8,-3.5,-7.3,131.17,146.15,14.980000000000018,4.9,10.5,5.6,0.0,0.0,0.0,-1.160964
I283F,283,I,F,4.5,2.8,-1.7000000000000002,131.17,165.19,34.02000000000001,5.2,5.2,0.0,0.0,0.0,0.0,0.0
I283V,283,I,V,4.5,4.2,-0.2999999999999998,131.17,117.15,-14.019999999999982,5.2,5.9,0.7000000000000002,0.0,0.0,0.0,-0.333333333
I283T,283,I,T,4.5,-0.7,-5.2,131.17,119.12,-12.049999999999983,5.2,8.6,3.3999999999999995,0.0,0.0,0.0,0.0
I283N,283,I,N,4.5,-3.5,-8.0,131.17,132.12,0.950000000000017,5.2,11.6,6.3999999999999995,0.0,0.0,0.0,-4.321928
K284E,284,K,E,-3.9,-3.5,0.3999999999999999,146.19,147.13,0.9399999999999977,11.3,12.3,1.0,1.0,-1.0,-2.0,0.0
K284N,284,K,N,-3.9,-3.5,0.3999999999999999,146.19,132.12,-14.069999999999993,11.3,11.6,0.29999999999999893,1.0,0.0,-1.0,-1.0
K284R,284,K,R,-3.9,-4.5,-0.6000000000000001,146.19,174.2,28.00999999999999,11.3,10.5,-0.8000000000000007,1.0,1.0,0.0,0.5
K284T,284,K,T,-3.9,-0.7,3.2,146.19,119.12,-27.069999999999993,11.3,8.6,-2.700000000000001,1.0,0.0,-1.0,0.0
H285Y,285,H,Y,-3.2,-1.3,1.9000000000000001,155.16,181.19,26.03,10.4,6.2,-4.2,0.5,0.0,-0.5,0.0
H285Q,285,H,Q,-3.2,-3.5,-0.2999999999999998,155.16,146.15,-9.009999999999991,10.4,10.5,0.09999999999999964,0.5,0.0,-0.5,-0.333333333
H285P,285,H,P,-3.2,-1.6,1.6,155.16,115.13,-40.03,10.4,8.0,-2.4000000000000004,0.5,0.0,-0.5,-3.214618667
H285N,285,H,N,-3.2,-3.5,-0.2999999999999998,155.16,132.12,-23.039999999999992,10.4,11.6,1.1999999999999993,0.5,0.0,-0.5,0.0
H285L,285,H,L,-3.2,3.8,7.0,155.16,131.17,-23.99000000000001,10.4,4.9,-5.5,0.5,0.0,-0.5,-1.0
W286R,286,W,R,-0.9,-4.5,-3.6,204.23,174.2,-30.03,5.4,10.5,5.1,0.0,1.0,1.0,-5.250499429
W286C,286,W,C,-0.9,2.5,3.4,204.23,121.16,-83.07,5.4,5.5,0.09999999999999964,0.0,0.0,0.0,-5.321928
W286L,286,W,L,-0.9,3.8,4.7,204.23,131.17,-73.06,5.4,4.9,-0.5,0.0,0.0,0.0,-2.321928
