position,original_A,original_C,original_D,original_E,original_F,original_G,original_H,original_I,original_K,original_L,original_M,original_N,original_P,original_Q,original_R,original_S,original_T,original_V,original_W,original_Y,new_A,new_C,new_D,new_E,new_F,new_G,new_H,new_I,new_K,new_L,new_M,new_N,new_P,new_Q,new_R,new_S,new_T,new_V,new_W,new_Y,original_hydrophobicity,new_hydrophobicity,delta_hydrophobicity,original_molecular_weight,new_molecular_weight,delta_molecular_weight,original_polarity,new_polarity,delta_polarity,original_charge,new_charge,delta_charge,DMS_score
24,0,0,0,0,0,0,1,0,0,0,0,0,0,0,0,0,0,0,0,0,0,0,0,0,0,0,0,0,0,0,0,0,0,0,0,0,0,0,0,1,-3.2,-1.3,1.9,155.16,181.19,26.03,10.4,6.2,-4.2,0.5,0.0,-0.5,-1.0
24,0,0,0,0,0,0,1,0,0,0,0,0,0,0,0,0,0,0,0,0,0,0,0,0,0,0,0,0,0,0,0,0,1,0,0,0,0,0,0,0,-3.2,-1.6,1.6,155.16,115.13,-40.03,10.4,8.0,-2.4000000000000004,0.5,0.0,-0.5,-3.321928
24,0,0,0,0,0,0,1,0,0,0,0,0,0,0,0,0,0,0,0,0,0,0,0,0,0,0,0,0,0,1,0,0,0,0,0,0,0,0,0,0,-3.2,3.8,7.0,155.16,131.17,-23.99000000000001,10.4,4.9,-5.5,0.5,0.0,-0.5,-0.5
24,0,0,0,0,0,0,1,0,0,0,0,0,0,0,0,0,0,0,0,0,0,0,0,0,0,0,0,0,0,0,0,0,0,0,1,0,0,0,0,0,-3.2,-4.5,-1.2999999999999998,155.16,174.2,19.039999999999992,10.4,10.5,0.0999999999999996,0.5,1.0,0.5,-0.25
25,0,0,0,0,0,0,0,0,0,0,0,0,1,0,0,0,0,0,0,0,0,0,0,0,0,0,0,0,0,0,0,0,0,0,1,0,0,0,0,0,-1.6,-4.5,-2.9,115.13,174.2,59.06999999999999,8.0,10.5,2.5,0.0,1.0,1.0,0.0
25,0,0,0,0,0,0,0,0,0,0,0,0,1,0,0,0,0,0,0,0,0,0,0,0,0,0,0,0,0,0,0,0,0,1,0,0,0,0,0,0,-1.6,-3.5,-1.9,115.13,146.15,31.02000000000001,8.0,10.5,2.5,0.0,0.0,0.0,0.0
25,0,0,0,0,0,0,0,0,0,0,0,0,1,0,0,0,0,0,0,0,0,0,0,0,0,0,0,0,0,0,0,0,0,0,0,1,0,0,0,0,-1.6,-0.8,0.8,115.13,105.09,-10.039999999999992,8.0,9.2,1.1999999999999993,0.0,0.0,0.0,0.0
25,0,0,0,0,0,0,0,0,0,0,0,0,1,0,0,0,0,0,0,0,0,0,0,0,0,0,0,0,0,0,0,0,0,0,0,0,1,0,0,0,-1.6,-0.7,0.9000000000000001,115.13,119.12,3.990000000000009,8.0,8.6,0.5999999999999996,0.0,0.0,0.0,0.0
25,0,0,0,0,0,0,0,0,0,0,0,0,1,0,0,0,0,0,0,0,0,0,0,0,0,0,0,0,0,1,0,0,0,0,0,0,0,0,0,0,-1.6,3.8,5.4,115.13,131.17,16.039999999999992,8.0,4.9,-3.0999999999999996,0.0,0.0,0.0,-0.166666667
26,0,0,0,1,0,0,0,0,0,0,0,0,0,0,0,0,0,0,0,0,0,0,0,0,0,1,0,0,0,0,0,0,0,0,0,0,0,0,0,0,-3.5,-0.4,3.1,147.13,75.07,-72.06,12.3,9.0,-3.3000000000000007,-1.0,0.0,1.0,-1.0
26,0,0,0,1,0,0,0,0,0,0,0,0,0,0,0,0,0,0,0,0,0,0,0,0,0,0,0,0,1,0,0,0,0,0,0,0,0,0,0,0,-3.5,-3.9,-0.3999999999999999,147.13,146.19,-0.9399999999999976,12.3,11.3,-1.0,-1.0,1.0,2.0,0.0
26,0,0,0,1,0,0,0,0,0,0,0,0,0,0,0,0,0,0,0,0,0,0,0,0,0,0,0,0,0,0,0,0,0,0,0,0,0,1,0,0,-3.5,4.2,7.7,147.13,117.15,-29.97999999999999,12.3,5.9,-6.4,-1.0,0.0,1.0,0.0
27,0,0,0,0,0,0,0,0,0,0,0,0,0,0,0,0,1,0,0,0,1,0,0,0,0,0,0,0,0,0,0,0,0,0,0,0,0,0,0,0,-0.7,1.8,2.5,119.12,89.09,-30.03,8.6,8.1,-0.5,0.0,0.0,0.0,0.0
27,0,0,0,0,0,0,0,0,0,0,0,0,0,0,0,0,1,0,0,0,0,0,0,0,0,0,0,0,0,0,1,0,0,0,0,0,0,0,0,0,-0.7,1.9,2.5999999999999996,119.12,149.21,30.090000000000003,8.6,5.7,-2.8999999999999995,0.0,0.0,0.0,-1.0
27,0,0,0,0,0,0,0,0,0,0,0,0,0,0,0,0,1,0,0,0,0,0,0,0,0,0,0,0,0,0,0,0,1,0,0,0,0,0,0,0,-0.7,-1.6,-0.9000000000000001,119.12,115.13,-3.990000000000009,8.6,8.0,-0.5999999999999996,0.0,0.0,0.0,-2.321928
27,0,0,0,0,0,0,0,0,0,0,0,0,0,0,0,0,1,0,0,0,0,0,0,0,0,0,0,0,0,0,0,0,0,0,1,0,0,0,0,0,-0.7,-4.5,-3.8,119.12,174.2,55.079999999999984,8.6,10.5,1.9000000000000004,0.0,1.0,1.0,-2.321928
27,0,0,0,0,0,0,0,0,0,0,0,0,0,0,0,0,1,0,0,0,0,0,0,0,0,0,0,0,0,0,0,0,0,0,0,1,0,0,0,0,-0.7,-0.8,-0.1,119.12,105.09,-14.03,8.6,9.2,0.5999999999999996,0.0,0.0,0.0,-1.0
27,0,0,0,0,0,0,0,0,0,0,0,0,0,0,0,0,1,0,0,0,0,0,0,0,0,0,0,0,1,0,0,0,0,0,0,0,0,0,0,0,-0.7,-3.9,-3.2,119.12,146.19,27.069999999999993,8.6,11.3,2.700000000000001,0.0,1.0,1.0,-2.321928
28,0,0,0,0,0,0,0,0,0,1,0,0,0,0,0,0,0,0,0,0,0,0,0,0,0,0,0,0,0,0,0,0,1,0,0,0,0,0,0,0,3.8,-1.6,-5.4,131.17,115.13,-16.039999999999992,4.9,8.0,3.0999999999999996,0.0,0.0,0.0,-2.101606667
28,0,0,0,0,0,0,0,0,0,1,0,0,0,0,0,0,0,0,0,0,0,0,0,0,0,0,0,0,0,0,1,0,0,0,0,0,0,0,0,0,3.8,1.9,-1.9,131.17,149.21,18.04000000000002,4.9,5.7,0.7999999999999998,0.0,0.0,0.0,0.0
28,0,0,0,0,0,0,0,0,0,1,0,0,0,0,0,0,0,0,0,0,0,0,0,0,0,0,0,0,0,0,0,0,0,1,0,0,0,0,0,0,3.8,-3.5,-7.3,131.17,146.15,14.980000000000018,4.9,10.5,5.6,0.0,0.0,0.0,0.0
29,0,0,0,0,0,0,0,0,0,0,0,0,0,0,0,0,0,1,0,0,0,0,0,0,0,0,0,0,0,0,1,0,0,0,0,0,0,0,0,0,4.2,1.9,-2.3000000000000003,117.15,149.21,32.06,5.9,5.7,-0.2000000000000001,0.0,0.0,0.0,0.0
29,0,0,0,0,0,0,0,0,0,0,0,0,0,0,0,0,0,1,0,0,0,0,0,1,0,0,0,0,0,0,0,0,0,0,0,0,0,0,0,0,4.2,-3.5,-7.7,117.15,147.13,29.97999999999999,5.9,12.3,6.4,0.0,-1.0,-1.0,-0.5
30,0,0,0,0,0,0,0,0,1,0,0,0,0,0,0,0,0,0,0,0,0,0,0,0,0,0,0,1,0,0,0,0,0,0,0,0,0,0,0,0,-3.9,4.5,8.4,146.19,131.17,-15.02000000000001,11.3,5.2,-6.1000000000000005,1.0,0.0,-1.0,-0.386988
30,0,0,0,0,0,0,0,0,1,0,0,0,0,0,0,0,0,0,0,0,0,0,0,1,0,0,0,0,0,0,0,0,0,0,0,0,0,0,0,0,-3.9,-3.5,0.3999999999999999,146.19,147.13,0.9399999999999976,11.3,12.3,1.0,1.0,-1.0,-2.0,-1.0
30,0,0,0,0,0,0,0,0,1,0,0,0,0,0,0,0,0,0,0,0,0,0,0,0,0,0,0,0,0,0,0,1,0,0,0,0,0,0,0,0,-3.9,-3.5,0.3999999999999999,146.19,132.12,-14.069999999999991,11.3,11.6,0.2999999999999989,1.0,0.0,-1.0,-2.321928
30,0,0,0,0,0,0,0,0,1,0,0,0,0,0,0,0,0,0,0,0,0,0,0,0,0,0,0,0,0,0,0,0,0,0,0,0,1,0,0,0,-3.9,-0.7,3.2,146.19,119.12,-27.069999999999993,11.3,8.6,-2.700000000000001,1.0,0.0,-1.0,1.0
30,0,0,0,0,0,0,0,0,1,0,0,0,0,0,0,0,0,0,0,0,0,0,0,0,0,0,0,0,0,0,0,0,0,0,1,0,0,0,0,0,-3.9,-4.5,-0.6000000000000001,146.19,174.2,28.00999999999999,11.3,10.5,-0.8000000000000007,1.0,1.0,0.0,0.0
31,0,0,0,0,0,0,0,0,0,0,0,0,0,0,0,0,0,1,0,0,0,0,0,0,0,0,0,0,0,1,0,0,0,0,0,0,0,0,0,0,4.2,3.8,-0.4000000000000003,117.15,131.17,14.019999999999982,5.9,4.9,-1.0,0.0,0.0,0.0,0.0
31,0,0,0,0,0,0,0,0,0,0,0,0,0,0,0,0,0,1,0,0,0,0,0,0,0,0,0,1,0,0,0,0,0,0,0,0,0,0,0,0,4.2,4.5,0.2999999999999998,117.15,131.17,14.019999999999982,5.9,5.2,-0.7000000000000002,0.0,0.0,0.0,-0.333333333
31,0,0,0,0,0,0,0,0,0,0,0,0,0,0,0,0,0,1,0,0,1,0,0,0,0,0,0,0,0,0,0,0,0,0,0,0,0,0,0,0,4.2,1.8,-2.4000000000000004,117.15,89.09,-28.06,5.9,8.1,2.1999999999999993,0.0,0.0,0.0,0.0
32,0,0,0,0,0,0,0,0,1,0,0,0,0,0,0,0,0,0,0,0,0,0,0,0,0,0,0,1,0,0,0,0,0,0,0,0,0,0,0,0,-3.9,4.5,8.4,146.19,131.17,-15.02000000000001,11.3,5.2,-6.1000000000000005,1.0,0.0,-1.0,0.0
32,0,0,0,0,0,0,0,0,1,0,0,0,0,0,0,0,0,0,0,0,0,0,0,1,0,0,0,0,0,0,0,0,0,0,0,0,0,0,0,0,-3.9,-3.5,0.3999999999999999,146.19,147.13,0.9399999999999976,11.3,12.3,1.0,1.0,-1.0,-2.0,-0.5
32,0,0,0,0,0,0,0,0,1,0,0,0,0,0,0,0,0,0,0,0,0,0,0,0,0,0,0,0,0,0,0,0,0,1,0,0,0,0,0,0,-3.9,-3.5,0.3999999999999999,146.19,146.15,-0.039999999999992,11.3,10.5,-0.8000000000000007,1.0,0.0,-1.0,0.0
32,0,0,0,0,0,0,0,0,1,0,0,0,0,0,0,0,0,0,0,0,0,0,0,0,0,0,0,0,0,0,0,0,0,0,1,0,0,0,0,0,-3.9,-4.5,-0.6000000000000001,146.19,174.2,28.00999999999999,11.3,10.5,-0.8000000000000007,1.0,1.0,0.0,-0.333333333
32,0,0,0,0,0,0,0,0,1,0,0,0,0,0,0,0,0,0,0,0,0,0,0,0,0,0,0,0,0,0,0,0,0,0,0,0,1,0,0,0,-3.9,-0.7,3.2,146.19,119.12,-27.069999999999993,11.3,8.6,-2.700000000000001,1.0,0.0,-1.0,0.0
32,0,0,0,0,0,0,0,0,1,0,0,0,0,0,0,0,0,0,0,0,0,0,0,0,0,0,0,0,0,0,0,1,0,0,0,0,0,0,0,0,-3.9,-3.5,0.3999999999999999,146.19,132.12,-14.069999999999991,11.3,11.6,0.2999999999999989,1.0,0.0,-1.0,0.0
33,0,0,1,0,0,0,0,0,0,0,0,0,0,0,0,0,0,0,0,0,0,0,0,0,0,0,0,0,0,0,0,0,0,0,0,0,0,1,0,0,-3.5,4.2,7.7,133.1,117.15,-15.949999999999989,13.0,5.9,-7.1,-1.0,0.0,1.0,0.0
33,0,0,1,0,0,0,0,0,0,0,0,0,0,0,0,0,0,0,0,0,0,0,0,0,0,1,0,0,0,0,0,0,0,0,0,0,0,0,0,0,-3.5,-0.4,3.1,133.1,75.07,-58.03,13.0,9.0,-4.0,-1.0,0.0,1.0,-1.0
33,0,0,1,0,0,0,0,0,0,0,0,0,0,0,0,0,0,0,0,0,1,0,0,0,0,0,0,0,0,0,0,0,0,0,0,0,0,0,0,0,-3.5,1.8,5.3,133.1,89.09,-44.00999999999999,13.0,8.1,-4.9,-1.0,0.0,1.0,-1.0
33,0,0,1,0,0,0,0,0,0,0,0,0,0,0,0,0,0,0,0,0,0,0,0,0,0,0,0,0,0,0,0,1,0,0,0,0,0,0,0,0,-3.5,-3.5,0.0,133.1,132.12,-0.9799999999999898,13.0,11.6,-1.4000000000000004,-1.0,0.0,1.0,0.0
34,1,0,0,0,0,0,0,0,0,0,0,0,0,0,0,0,0,0,0,0,0,0,0,0,0,0,0,0,0,0,0,0,0,0,0,0,1,0,0,0,1.8,-0.7,-2.5,89.09,119.12,30.03,8.1,8.6,0.5,0.0,0.0,0.0,-1.0643856000000005
34,1,0,0,0,0,0,0,0,0,0,0,0,0,0,0,0,0,0,0,0,0,0,0,0,0,0,0,0,0,0,0,0,0,0,0,0,0,1,0,0,1.8,4.2,2.4000000000000004,89.09,117.15,28.06,8.1,5.9,-2.1999999999999993,0.0,0.0,0.0,0.0
34,1,0,0,0,0,0,0,0,0,0,0,0,0,0,0,0,0,0,0,0,0,0,1,0,0,0,0,0,0,0,0,0,0,0,0,0,0,0,0,0,1.8,-3.5,-5.3,89.09,133.1,44.00999999999999,8.1,13.0,4.9,0.0,-1.0,-1.0,-5.321928
34,1,0,0,0,0,0,0,0,0,0,0,0,0,0,0,0,0,0,0,0,0,0,0,0,0,1,0,0,0,0,0,0,0,0,0,0,0,0,0,0,1.8,-0.4,-2.2,89.09,75.07,-14.02000000000001,8.1,9.0,0.9000000000000004,0.0,0.0,0.0,-1.0
34,1,0,0,0,0,0,0,0,0,0,0,0,0,0,0,0,0,0,0,0,0,0,0,0,0,0,0,0,0,0,0,0,1,0,0,0,0,0,0,0,1.8,-1.6,-3.4000000000000004,89.09,115.13,26.039999999999992,8.1,8.0,-0.0999999999999996,0.0,0.0,0.0,-4.821928
35,0,0,0,1,0,0,0,0,0,0,0,0,0,0,0,0,0,0,0,0,0,0,0,0,0,0,0,0,0,0,0,0,0,0,0,0,0,1,0,0,-3.5,4.2,7.7,147.13,117.15,-29.97999999999999,12.3,5.9,-6.4,-1.0,0.0,1.0,-2.321928
35,0,0,0,1,0,0,0,0,0,0,0,0,0,0,0,0,0,0,0,0,0,0,0,0,0,0,0,0,1,0,0,0,0,0,0,0,0,0,0,0,-3.5,-3.9,-0.3999999999999999,147.13,146.19,-0.9399999999999976,12.3,11.3,-1.0,-1.0,1.0,2.0,-3.321928
35,0,0,0,1,0,0,0,0,0,0,0,0,0,0,0,0,0,0,0,0,0,0,0,0,0,1,0,0,0,0,0,0,0,0,0,0,0,0,0,0,-3.5,-0.4,3.1,147.13,75.07,-72.06,12.3,9.0,-3.3000000000000007,-1.0,0.0,1.0,-1.0
35,0,0,0,1,0,0,0,0,0,0,0,0,0,0,0,0,0,0,0,0,0,0,1,0,0,0,0,0,0,0,0,0,0,0,0,0,0,0,0,0,-3.5,-3.5,0.0,147.13,133.1,-14.03,12.3,13.0,0.6999999999999993,-1.0,-1.0,0.0,-2.160964
36,0,0,1,0,0,0,0,0,0,0,0,0,0,0,0,0,0,0,0,0,1,0,0,0,0,0,0,0,0,0,0,0,0,0,0,0,0,0,0,0,-3.5,1.8,5.3,133.1,89.09,-44.00999999999999,13.0,8.1,-4.9,-1.0,0.0,1.0,0.0
36,0,0,1,0,0,0,0,0,0,0,0,0,0,0,0,0,0,0,0,0,0,0,0,1,0,0,0,0,0,0,0,0,0,0,0,0,0,0,0,0,-3.5,-3.5,0.0,133.1,147.13,14.03,13.0,12.3,-0.6999999999999993,-1.0,-1.0,0.0,0.0
36,0,0,1,0,0,0,0,0,0,0,0,0,0,0,0,0,0,0,0,0,0,0,0,0,0,0,0,0,0,0,0,1,0,0,0,0,0,0,0,0,-3.5,-3.5,0.0,133.1,132.12,-0.9799999999999898,13.0,11.6,-1.4000000000000004,-1.0,0.0,1.0,0.0
36,0,0,1,0,0,0,0,0,0,0,0,0,0,0,0,0,0,0,0,0,0,0,0,0,0,0,0,0,0,0,0,0,0,0,0,0,0,1,0,0,-3.5,4.2,7.7,133.1,117.15,-15.949999999999989,13.0,5.9,-7.1,-1.0,0.0,1.0,0.0
37,0,0,0,0,0,0,0,0,0,0,0,0,0,1,0,0,0,0,0,0,0,0,0,0,0,0,0,0,0,0,0,0,0,0,1,0,0,0,0,0,-3.5,-4.5,-1.0,146.15,174.2,28.049999999999983,10.5,10.5,0.0,0.0,1.0,1.0,0.0
37,0,0,0,0,0,0,0,0,0,0,0,0,0,1,0,0,0,0,0,0,0,0,0,0,0,0,1,0,0,0,0,0,0,0,0,0,0,0,0,0,-3.5,-3.2,0.2999999999999998,146.15,155.16,9.009999999999993,10.5,10.4,-0.0999999999999996,0.0,0.5,0.5,0.5
37,0,0,0,0,0,0,0,0,0,0,0,0,0,1,0,0,0,0,0,0,0,0,0,0,0,0,0,0,1,0,0,0,0,0,0,0,0,0,0,0,-3.5,-3.9,-0.3999999999999999,146.15,146.19,0.039999999999992,10.5,11.3,0.8000000000000007,0.0,1.0,1.0,0.333333333
37,0,0,0,0,0,0,0,0,0,0,0,0,0,1,0,0,0,0,0,0,0,0,0,0,0,0,0,0,0,1,0,0,0,0,0,0,0,0,0,0,-3.5,3.8,7.3,146.15,131.17,-14.980000000000018,10.5,4.9,-5.6,0.0,0.0,0.0,0.0
38,0,0,0,0,0,0,0,0,0,1,0,0,0,0,0,0,0,0,0,0,0,0,0,0,0,0,0,0,0,0,0,0,0,0,0,0,0,0,1,0,3.8,-0.9,-4.7,131.17,204.23,73.06,4.9,5.4,0.5,0.0,0.0,0.0,0.0
38,0,0,0,0,0,0,0,0,0,1,0,0,0,0,0,0,0,0,0,0,0,0,0,0,0,0,0,0,0,0,1,0,0,0,0,0,0,0,0,0,3.8,1.9,-1.9,131.17,149.21,18.04000000000002,4.9,5.7,0.7999999999999998,0.0,0.0,0.0,1.0
38,0,0,0,0,0,0,0,0,0,1,0,0,0,0,0,0,0,0,0,0,0,0,0,0,0,0,0,0,0,0,0,0,0,0,0,1,0,0,0,0,3.8,-0.8,-4.6,131.17,105.09,-26.079999999999984,4.9,9.2,4.299999999999999,0.0,0.0,0.0,-1.0
38,0,0,0,0,0,0,0,0,0,1,0,0,0,0,0,0,0,0,0,0,0,0,0,0,1,0,0,0,0,0,0,0,0,0,0,0,0,0,0,0,3.8,2.8,-1.0,131.17,165.19,34.02000000000001,4.9,5.2,0.2999999999999998,0.0,0.0,0.0,-1.0
39,0,0,0,0,0,1,0,0,0,0,0,0,0,0,0,0,0,0,0,0,1,0,0,0,0,0,0,0,0,0,0,0,0,0,0,0,0,0,0,0,-0.4,1.8,2.2,75.07,89.09,14.02000000000001,9.0,8.1,-0.9000000000000004,0.0,0.0,0.0,1.0
39,0,0,0,0,0,1,0,0,0,0,0,0,0,0,0,0,0,0,0,0,0,1,0,0,0,0,0,0,0,0,0,0,0,0,0,0,0,0,0,0,-0.4,2.5,2.9,75.07,121.16,46.09,9.0,5.5,-3.5,0.0,0.0,0.0,-0.5
39,0,0,0,0,0,1,0,0,0,0,0,0,0,0,0,0,0,0,0,0,0,0,1,0,0,0,0,0,0,0,0,0,0,0,0,0,0,0,0,0,-0.4,-3.5,-3.1,75.07,133.1,58.03,9.0,13.0,4.0,0.0,-1.0,-1.0,0.0
39,0,0,0,0,0,1,0,0,0,0,0,0,0,0,0,0,0,0,0,0,0,0,0,0,0,0,0,0,0,0,0,0,0,0,1,0,0,0,0,0,-0.4,-4.5,-4.1,75.07,174.2,99.13,9.0,10.5,1.5,0.0,1.0,1.0,0.0
39,0,0,0,0,0,1,0,0,0,0,0,0,0,0,0,0,0,0,0,0,0,0,0,0,0,0,0,0,0,0,0,0,0,0,0,1,0,0,0,0,-0.4,-0.8,-0.4,75.07,105.09,30.02000000000001,9.0,9.2,0.1999999999999993,0.0,0.0,0.0,0.0
40,1,0,0,0,0,0,0,0,0,0,0,0,0,0,0,0,0,0,0,0,0,0,0,0,0,0,0,0,0,0,0,0,0,0,0,0,1,0,0,0,1.8,-0.7,-2.5,89.09,119.12,30.03,8.1,8.6,0.5,0.0,0.0,0.0,-0.2
40,1,0,0,0,0,0,0,0,0,0,0,0,0,0,0,0,0,0,0,0,0,0,0,0,0,0,0,0,0,0,0,0,0,0,0,0,0,1,0,0,1.8,4.2,2.4000000000000004,89.09,117.15,28.06,8.1,5.9,-2.1999999999999993,0.0,0.0,0.0,-2.321928
41,0,0,0,0,0,0,0,0,0,0,0,0,0,0,1,0,0,0,0,0,0,0,0,0,0,0,0,0,0,0,0,0,0,1,0,0,0,0,0,0,-4.5,-3.5,1.0,174.2,146.15,-28.049999999999983,10.5,10.5,0.0,1.0,0.0,-1.0,0.0
41,0,0,0,0,0,0,0,0,0,0,0,0,0,0,1,0,0,0,0,0,0,0,0,0,0,0,0,0,0,1,0,0,0,0,0,0,0,0,0,0,-4.5,3.8,8.3,174.2,131.17,-43.03,10.5,4.9,-5.6,1.0,0.0,-1.0,-1.0
42,0,0,0,0,0,0,0,0,0,0,0,0,0,0,0,0,0,1,0,0,1,0,0,0,0,0,0,0,0,0,0,0,0,0,0,0,0,0,0,0,4.2,1.8,-2.4000000000000004,117.15,89.09,-28.06,5.9,8.1,2.1999999999999993,0.0,0.0,0.0,-1.0
42,0,0,0,0,0,0,0,0,0,0,0,0,0,0,0,0,0,1,0,0,0,0,0,0,0,0,0,0,0,1,0,0,0,0,0,0,0,0,0,0,4.2,3.8,-0.4000000000000003,117.15,131.17,14.019999999999982,5.9,4.9,-1.0,0.0,0.0,0.0,0.25
42,0,0,0,0,0,0,0,0,0,0,0,0,0,0,0,0,0,1,0,0,0,0,0,0,0,1,0,0,0,0,0,0,0,0,0,0,0,0,0,0,4.2,-0.4,-4.6000000000000005,117.15,75.07,-42.08000000000001,5.9,9.0,3.0999999999999996,0.0,0.0,0.0,-5.321928
42,0,0,0,0,0,0,0,0,0,0,0,0,0,0,0,0,0,1,0,0,0,0,0,1,0,0,0,0,0,0,0,0,0,0,0,0,0,0,0,0,4.2,-3.5,-7.7,117.15,147.13,29.97999999999999,5.9,12.3,6.4,0.0,-1.0,-1.0,-5.321928
43,0,0,0,0,0,1,0,0,0,0,0,0,0,0,0,0,0,0,0,0,1,0,0,0,0,0,0,0,0,0,0,0,0,0,0,0,0,0,0,0,-0.4,1.8,2.2,75.07,89.09,14.02000000000001,9.0,8.1,-0.9000000000000004,0.0,0.0,0.0,-0.666666667
43,0,0,0,0,0,1,0,0,0,0,0,0,0,0,0,0,0,0,0,0,0,1,0,0,0,0,0,0,0,0,0,0,0,0,0,0,0,0,0,0,-0.4,2.5,2.9,75.07,121.16,46.09,9.0,5.5,-3.5,0.0,0.0,0.0,-3.321928
43,0,0,0,0,0,1,0,0,0,0,0,0,0,0,0,0,0,0,0,0,0,0,1,0,0,0,0,0,0,0,0,0,0,0,0,0,0,0,0,0,-0.4,-3.5,-3.1,75.07,133.1,58.03,9.0,13.0,4.0,0.0,-1.0,-1.0,-5.321928
43,0,0,0,0,0,1,0,0,0,0,0,0,0,0,0,0,0,0,0,0,0,0,0,0,0,0,0,0,0,0,0,0,0,0,0,1,0,0,0,0,-0.4,-0.8,-0.4,75.07,105.09,30.02000000000001,9.0,9.2,0.1999999999999993,0.0,0.0,0.0,-1.0
44,0,0,0,0,0,0,0,0,0,0,0,0,0,0,0,0,0,0,0,1,0,0,0,0,1,0,0,0,0,0,0,0,0,0,0,0,0,0,0,0,-1.3,2.8,4.1,181.19,165.19,-16.0,6.2,5.2,-1.0,0.0,0.0,0.0,0.0
44,0,0,0,0,0,0,0,0,0,0,0,0,0,0,0,0,0,0,0,1,0,0,0,0,0,0,1,0,0,0,0,0,0,0,0,0,0,0,0,0,-1.3,-3.2,-1.9,181.19,155.16,-26.03,6.2,10.4,4.2,0.0,0.5,0.5,-3.321928
44,0,0,0,0,0,0,0,0,0,0,0,0,0,0,0,0,0,0,0,1,0,1,0,0,0,0,0,0,0,0,0,0,0,0,0,0,0,0,0,0,-1.3,2.5,3.8,181.19,121.16,-60.03,6.2,5.5,-0.7000000000000002,0.0,0.0,0.0,-5.321928
44,0,0,0,0,0,0,0,0,0,0,0,0,0,0,0,0,0,0,0,1,0,0,0,0,0,0,0,0,0,0,0,1,0,0,0,0,0,0,0,0,-1.3,-3.5,-2.2,181.19,132.12,-49.06999999999999,6.2,11.6,5.3999999999999995,0.0,0.0,0.0,-2.660964
45,0,0,0,0,0,0,0,1,0,0,0,0,0,0,0,0,0,0,0,0,0,0,0,0,0,0,0,0,0,0,0,0,0,0,0,0,1,0,0,0,4.5,-0.7,-5.2,131.17,119.12,-12.049999999999985,5.2,8.6,3.3999999999999995,0.0,0.0,0.0,0.0
45,0,0,0,0,0,0,0,1,0,0,0,0,0,0,0,0,0,0,0,0,0,0,0,0,0,0,0,0,0,0,0,0,0,0,0,0,0,1,0,0,4.5,4.2,-0.2999999999999998,131.17,117.15,-14.019999999999982,5.2,5.9,0.7000000000000002,0.0,0.0,0.0,0.0
45,0,0,0,0,0,0,0,1,0,0,0,0,0,0,0,0,0,0,0,0,0,0,0,0,0,0,0,0,0,0,0,1,0,0,0,0,0,0,0,0,4.5,-3.5,-8.0,131.17,132.12,0.950000000000017,5.2,11.6,6.3999999999999995,0.0,0.0,0.0,-4.321928
45,0,0,0,0,0,0,0,1,0,0,0,0,0,0,0,0,0,0,0,0,0,0,0,0,0,0,0,0,0,0,1,0,0,0,0,0,0,0,0,0,4.5,1.9,-2.6,131.17,149.21,18.04000000000002,5.2,5.7,0.5,0.0,0.0,0.0,0.0
45,0,0,0,0,0,0,0,1,0,0,0,0,0,0,0,0,0,0,0,0,0,0,0,0,1,0,0,0,0,0,0,0,0,0,0,0,0,0,0,0,4.5,2.8,-1.7000000000000002,131.17,165.19,34.02000000000001,5.2,5.2,0.0,0.0,0.0,0.0,0.0
46,0,0,0,1,0,0,0,0,0,0,0,0,0,0,0,0,0,0,0,0,0,0,0,0,0,0,0,0,0,0,0,0,0,0,0,0,0,1,0,0,-3.5,4.2,7.7,147.13,117.15,-29.97999999999999,12.3,5.9,-6.4,-1.0,0.0,1.0,-0.333333333
46,0,0,0,1,0,0,0,0,0,0,0,0,0,0,0,0,0,0,0,0,0,0,1,0,0,0,0,0,0,0,0,0,0,0,0,0,0,0,0,0,-3.5,-3.5,0.0,147.13,133.1,-14.03,12.3,13.0,0.6999999999999993,-1.0,-1.0,0.0,-0.75
46,0,0,0,1,0,0,0,0,0,0,0,0,0,0,0,0,0,0,0,0,0,0,0,0,0,1,0,0,0,0,0,0,0,0,0,0,0,0,0,0,-3.5,-0.4,3.1,147.13,75.07,-72.06,12.3,9.0,-3.3000000000000007,-1.0,0.0,1.0,-2.321928
46,0,0,0,1,0,0,0,0,0,0,0,0,0,0,0,0,0,0,0,0,0,0,0,0,0,0,0,0,1,0,0,0,0,0,0,0,0,0,0,0,-3.5,-3.9,-0.3999999999999999,147.13,146.19,-0.9399999999999976,12.3,11.3,-1.0,-1.0,1.0,2.0,0.333333333
47,0,0,0,0,0,0,0,0,0,1,0,0,0,0,0,0,0,0,0,0,0,0,0,0,0,0,0,0,0,0,0,0,0,0,0,0,0,1,0,0,3.8,4.2,0.4000000000000003,131.17,117.15,-14.019999999999982,4.9,5.9,1.0,0.0,0.0,0.0,0.0
47,0,0,0,0,0,0,0,0,0,1,0,0,0,0,0,0,0,0,0,0,0,0,0,0,0,0,0,0,0,0,1,0,0,0,0,0,0,0,0,0,3.8,1.9,-1.9,131.17,149.21,18.04000000000002,4.9,5.7,0.7999999999999998,0.0,0.0,0.0,0.0
47,0,0,0,0,0,0,0,0,0,1,0,0,0,0,0,0,0,0,0,0,0,0,0,0,0,0,0,0,0,0,0,0,1,0,0,0,0,0,0,0,3.8,-1.6,-5.4,131.17,115.13,-16.039999999999992,4.9,8.0,3.0999999999999996,0.0,0.0,0.0,-5.321928
47,0,0,0,0,0,0,0,0,0,1,0,0,0,0,0,0,0,0,0,0,0,0,0,0,0,0,0,0,0,0,0,0,0,1,0,0,0,0,0,0,3.8,-3.5,-7.3,131.17,146.15,14.980000000000018,4.9,10.5,5.6,0.0,0.0,0.0,-0.5
48,0,0,1,0,0,0,0,0,0,0,0,0,0,0,0,0,0,0,0,0,0,0,0,1,0,0,0,0,0,0,0,0,0,0,0,0,0,0,0,0,-3.5,-3.5,0.0,133.1,147.13,14.03,13.0,12.3,-0.6999999999999993,-1.0,-1.0,0.0,0.0
48,0,0,1,0,0,0,0,0,0,0,0,0,0,0,0,0,0,0,0,0,0,0,0,0,0,1,0,0,0,0,0,0,0,0,0,0,0,0,0,0,-3.5,-0.4,3.1,133.1,75.07,-58.03,13.0,9.0,-4.0,-1.0,0.0,1.0,-1.0
48,0,0,1,0,0,0,0,0,0,0,0,0,0,0,0,0,0,0,0,0,0,0,0,0,0,0,0,0,0,0,0,1,0,0,0,0,0,0,0,0,-3.5,-3.5,0.0,133.1,132.12,-0.9799999999999898,13.0,11.6,-1.4000000000000004,-1.0,0.0,1.0,-1.0
48,0,0,1,0,0,0,0,0,0,0,0,0,0,0,0,0,0,0,0,0,0,0,0,0,0,0,0,0,0,0,0,0,0,0,0,0,0,1,0,0,-3.5,4.2,7.7,133.1,117.15,-15.949999999999989,13.0,5.9,-7.1,-1.0,0.0,1.0,-1.991446
49,0,0,0,0,0,0,0,0,0,1,0,0,0,0,0,0,0,0,0,0,0,0,0,0,0,0,0,1,0,0,0,0,0,0,0,0,0,0,0,0,3.8,4.5,0.7000000000000002,131.17,131.17,0.0,4.9,5.2,0.2999999999999998,0.0,0.0,0.0,0.0
49,0,0,0,0,0,0,0,0,0,1,0,0,0,0,0,0,0,0,0,0,0,0,0,0,0,0,1,0,0,0,0,0,0,0,0,0,0,0,0,0,3.8,-3.2,-7.0,131.17,155.16,23.99000000000001,4.9,10.4,5.5,0.0,0.5,0.5,-2.321928
49,0,0,0,0,0,0,0,0,0,1,0,0,0,0,0,0,0,0,0,0,0,0,0,0,1,0,0,0,0,0,0,0,0,0,0,0,0,0,0,0,3.8,2.8,-1.0,131.17,165.19,34.02000000000001,4.9,5.2,0.2999999999999998,0.0,0.0,0.0,0.0
49,0,0,0,0,0,0,0,0,0,1,0,0,0,0,0,0,0,0,0,0,0,0,0,0,0,0,0,0,0,0,0,0,1,0,0,0,0,0,0,0,3.8,-1.6,-5.4,131.17,115.13,-16.039999999999992,4.9,8.0,3.0999999999999996,0.0,0.0,0.0,-2.321928
49,0,0,0,0,0,0,0,0,0,1,0,0,0,0,0,0,0,0,0,0,0,0,0,0,0,0,0,0,0,0,0,0,0,0,1,0,0,0,0,0,3.8,-4.5,-8.3,131.17,174.2,43.03,4.9,10.5,5.6,0.0,1.0,1.0,-3.321928
50,0,0,0,0,0,0,0,0,0,0,0,1,0,0,0,0,0,0,0,0,0,0,1,0,0,0,0,0,0,0,0,0,0,0,0,0,0,0,0,0,-3.5,-3.5,0.0,132.12,133.1,0.9799999999999898,11.6,13.0,1.4000000000000004,0.0,-1.0,-1.0,0.5
50,0,0,0,0,0,0,0,0,0,0,0,1,0,0,0,0,0,0,0,0,0,0,0,0,0,0,0,0,1,0,0,0,0,0,0,0,0,0,0,0,-3.5,-3.9,-0.3999999999999999,132.12,146.19,14.069999999999991,11.6,11.3,-0.2999999999999989,0.0,1.0,1.0,0.0
50,0,0,0,0,0,0,0,0,0,0,0,1,0,0,0,0,0,0,0,0,0,0,0,0,0,0,0,0,0,0,0,0,0,0,0,1,0,0,0,0,-3.5,-0.8,2.7,132.12,105.09,-27.03,11.6,9.2,-2.4000000000000004,0.0,0.0,0.0,0.0
50,0,0,0,0,0,0,0,0,0,0,0,1,0,0,0,0,0,0,0,0,0,0,0,0,0,0,0,0,0,0,0,0,0,0,0,0,1,0,0,0,-3.5,-0.7,2.8,132.12,119.12,-13.0,11.6,8.6,-3.0,0.0,0.0,0.0,0.0
51,0,0,0,0,0,0,0,0,0,0,0,0,0,0,0,1,0,0,0,0,0,0,0,0,0,0,0,1,0,0,0,0,0,0,0,0,0,0,0,0,-0.8,4.5,5.3,105.09,131.17,26.079999999999984,9.2,5.2,-3.999999999999999,0.0,0.0,0.0,-1.160964
51,0,0,0,0,0,0,0,0,0,0,0,0,0,0,0,1,0,0,0,0,0,1,0,0,0,0,0,0,0,0,0,0,0,0,0,0,0,0,0,0,-0.8,2.5,3.3,105.09,121.16,16.069999999999993,9.2,5.5,-3.6999999999999993,0.0,0.0,0.0,-2.321928
51,0,0,0,0,0,0,0,0,0,0,0,0,0,0,0,1,0,0,0,0,0,0,0,0,0,0,0,0,0,0,0,0,0,0,0,0,1,0,0,0,-0.8,-0.7,0.1,105.09,119.12,14.03,9.2,8.6,-0.5999999999999996,0.0,0.0,0.0,0.0
51,0,0,0,0,0,0,0,0,0,0,0,0,0,0,0,1,0,0,0,0,0,0,0,0,0,0,0,0,0,0,0,0,0,0,1,0,0,0,0,0,-0.8,-4.5,-3.7,105.09,174.2,69.10999999999999,9.2,10.5,1.3000000000000007,0.0,1.0,1.0,-0.5
51,0,0,0,0,0,0,0,0,0,0,0,0,0,0,0,1,0,0,0,0,0,0,0,0,0,0,0,0,0,0,0,1,0,0,0,0,0,0,0,0,-0.8,-3.5,-2.7,105.09,132.12,27.03,9.2,11.6,2.4000000000000004,0.0,0.0,0.0,-0.142857143
52,0,0,0,0,0,1,0,0,0,0,0,0,0,0,0,0,0,0,0,0,1,0,0,0,0,0,0,0,0,0,0,0,0,0,0,0,0,0,0,0,-0.4,1.8,2.2,75.07,89.09,14.02000000000001,9.0,8.1,-0.9000000000000004,0.0,0.0,0.0,-0.5
52,0,0,0,0,0,1,0,0,0,0,0,0,0,0,0,0,0,0,0,0,0,0,0,0,0,0,0,0,0,0,0,0,0,0,0,1,0,0,0,0,-0.4,-0.8,-0.4,75.07,105.09,30.02000000000001,9.0,9.2,0.1999999999999993,0.0,0.0,0.0,-0.5
52,0,0,0,0,0,1,0,0,0,0,0,0,0,0,0,0,0,0,0,0,0,1,0,0,0,0,0,0,0,0,0,0,0,0,0,0,0,0,0,0,-0.4,2.5,2.9,75.07,121.16,46.09,9.0,5.5,-3.5,0.0,0.0,0.0,-2.214618667
52,0,0,0,0,0,1,0,0,0,0,0,0,0,0,0,0,0,0,0,0,0,0,1,0,0,0,0,0,0,0,0,0,0,0,0,0,0,0,0,0,-0.4,-3.5,-3.1,75.07,133.1,58.03,9.0,13.0,4.0,0.0,-1.0,-1.0,-1.0
53,0,0,0,0,0,0,0,0,1,0,0,0,0,0,0,0,0,0,0,0,0,0,0,0,0,0,0,0,0,0,0,0,0,0,1,0,0,0,0,0,-3.9,-4.5,-0.6000000000000001,146.19,174.2,28.00999999999999,11.3,10.5,-0.8000000000000007,1.0,1.0,0.0,0.0
53,0,0,0,0,0,0,0,0,1,0,0,0,0,0,0,0,0,0,0,0,0,0,0,0,0,0,0,0,0,0,1,0,0,0,0,0,0,0,0,0,-3.9,1.9,5.8,146.19,149.21,3.0200000000000102,11.3,5.7,-5.6000000000000005,1.0,0.0,-1.0,0.0
53,0,0,0,0,0,0,0,0,1,0,0,0,0,0,0,0,0,0,0,0,0,0,0,1,0,0,0,0,0,0,0,0,0,0,0,0,0,0,0,0,-3.9,-3.5,0.3999999999999999,146.19,147.13,0.9399999999999976,11.3,12.3,1.0,1.0,-1.0,-2.0,1.0
54,0,0,0,0,0,0,0,1,0,0,0,0,0,0,0,0,0,0,0,0,0,0,0,0,1,0,0,0,0,0,0,0,0,0,0,0,0,0,0,0,4.5,2.8,-1.7000000000000002,131.17,165.19,34.02000000000001,5.2,5.2,0.0,0.0,0.0,0.0,0.0
54,0,0,0,0,0,0,0,1,0,0,0,0,0,0,0,0,0,0,0,0,0,0,0,0,0,0,0,0,0,0,0,1,0,0,0,0,0,0,0,0,4.5,-3.5,-8.0,131.17,132.12,0.950000000000017,5.2,11.6,6.3999999999999995,0.0,0.0,0.0,-1.370723
54,0,0,0,0,0,0,0,1,0,0,0,0,0,0,0,0,0,0,0,0,0,0,0,0,0,0,0,0,0,0,0,0,0,0,0,0,1,0,0,0,4.5,-0.7,-5.2,131.17,119.12,-12.049999999999985,5.2,8.6,3.3999999999999995,0.0,0.0,0.0,0.25
54,0,0,0,0,0,0,0,1,0,0,0,0,0,0,0,0,0,0,0,0,0,0,0,0,0,0,0,0,0,0,0,0,0,0,0,0,0,1,0,0,4.5,4.2,-0.2999999999999998,131.17,117.15,-14.019999999999982,5.2,5.9,0.7000000000000002,0.0,0.0,0.0,0.333333333
55,0,0,0,0,0,0,0,0,0,1,0,0,0,0,0,0,0,0,0,0,0,0,0,0,0,0,0,1,0,0,0,0,0,0,0,0,0,0,0,0,3.8,4.5,0.7000000000000002,131.17,131.17,0.0,4.9,5.2,0.2999999999999998,0.0,0.0,0.0,0.25
55,0,0,0,0,0,0,0,0,0,1,0,0,0,0,0,0,0,0,0,0,0,0,0,0,0,0,1,0,0,0,0,0,0,0,0,0,0,0,0,0,3.8,-3.2,-7.0,131.17,155.16,23.99000000000001,4.9,10.4,5.5,0.0,0.5,0.5,-1.660964
55,0,0,0,0,0,0,0,0,0,1,0,0,0,0,0,0,0,0,0,0,0,0,0,0,0,0,0,0,0,0,0,0,1,0,0,0,0,0,0,0,3.8,-1.6,-5.4,131.17,115.13,-16.039999999999992,4.9,8.0,3.0999999999999996,0.0,0.0,0.0,-5.321928
56,0,0,0,1,0,0,0,0,0,0,0,0,0,0,0,0,0,0,0,0,0,0,0,0,0,0,0,0,0,0,0,0,0,0,0,0,0,1,0,0,-3.5,4.2,7.7,147.13,117.15,-29.97999999999999,12.3,5.9,-6.4,-1.0,0.0,1.0,-0.5
56,0,0,0,1,0,0,0,0,0,0,0,0,0,0,0,0,0,0,0,0,0,0,0,0,0,0,0,0,1,0,0,0,0,0,0,0,0,0,0,0,-3.5,-3.9,-0.3999999999999999,147.13,146.19,-0.9399999999999976,12.3,11.3,-1.0,-1.0,1.0,2.0,0.0
56,0,0,0,1,0,0,0,0,0,0,0,0,0,0,0,0,0,0,0,0,0,0,0,0,0,1,0,0,0,0,0,0,0,0,0,0,0,0,0,0,-3.5,-0.4,3.1,147.13,75.07,-72.06,12.3,9.0,-3.3000000000000007,-1.0,0.0,1.0,0.0
57,0,0,0,0,0,0,0,0,0,0,0,0,0,0,0,1,0,0,0,0,0,0,0,0,0,0,0,0,0,0,0,1,0,0,0,0,0,0,0,0,-0.8,-3.5,-2.7,105.09,132.12,27.03,9.2,11.6,2.4000000000000004,0.0,0.0,0.0,0.0
57,0,0,0,0,0,0,0,0,0,0,0,0,0,0,0,1,0,0,0,0,0,0,0,0,0,0,0,1,0,0,0,0,0,0,0,0,0,0,0,0,-0.8,4.5,5.3,105.09,131.17,26.079999999999984,9.2,5.2,-3.999999999999999,0.0,0.0,0.0,0.0
57,0,0,0,0,0,0,0,0,0,0,0,0,0,0,0,1,0,0,0,0,0,0,0,0,0,1,0,0,0,0,0,0,0,0,0,0,0,0,0,0,-0.8,-0.4,0.4,105.09,75.07,-30.02000000000001,9.2,9.0,-0.1999999999999993,0.0,0.0,0.0,0.0
57,0,0,0,0,0,0,0,0,0,0,0,0,0,0,0,1,0,0,0,0,0,0,0,0,0,0,0,0,0,0,0,0,0,0,1,0,0,0,0,0,-0.8,-4.5,-3.7,105.09,174.2,69.10999999999999,9.2,10.5,1.3000000000000007,0.0,1.0,1.0,0.0
58,0,0,0,0,1,0,0,0,0,0,0,0,0,0,0,0,0,0,0,0,0,0,0,0,0,0,0,0,0,1,0,0,0,0,0,0,0,0,0,0,2.8,3.8,1.0,165.19,131.17,-34.02000000000001,5.2,4.9,-0.2999999999999998,0.0,0.0,0.0,-0.25
58,0,0,0,0,1,0,0,0,0,0,0,0,0,0,0,0,0,0,0,0,0,0,0,0,0,0,0,1,0,0,0,0,0,0,0,0,0,0,0,0,2.8,4.5,1.7000000000000002,165.19,131.17,-34.02000000000001,5.2,5.2,0.0,0.0,0.0,0.0,-1.0
58,0,0,0,0,1,0,0,0,0,0,0,0,0,0,0,0,0,0,0,0,0,0,0,0,0,0,0,0,0,0,0,0,0,0,0,0,0,1,0,0,2.8,4.2,1.4000000000000004,165.19,117.15,-48.03999999999999,5.2,5.9,0.7000000000000002,0.0,0.0,0.0,0.0
58,0,0,0,0,1,0,0,0,0,0,0,0,0,0,0,0,0,0,0,0,0,0,0,0,0,0,0,0,0,0,0,0,0,0,0,1,0,0,0,0,2.8,-0.8,-3.5999999999999996,165.19,105.09,-60.099999999999994,5.2,9.2,3.999999999999999,0.0,0.0,0.0,0.0
58,0,0,0,0,1,0,0,0,0,0,0,0,0,0,0,0,0,0,0,0,0,1,0,0,0,0,0,0,0,0,0,0,0,0,0,0,0,0,0,0,2.8,2.5,-0.2999999999999998,165.19,121.16,-44.03,5.2,5.5,0.2999999999999998,0.0,0.0,0.0,0.0
59,0,0,0,0,0,0,0,0,0,0,0,0,0,0,1,0,0,0,0,0,0,0,0,0,0,0,0,0,0,1,0,0,0,0,0,0,0,0,0,0,-4.5,3.8,8.3,174.2,131.17,-43.03,10.5,4.9,-5.6,1.0,0.0,-1.0,-3.321928
59,0,0,0,0,0,0,0,0,0,0,0,0,0,0,1,0,0,0,0,0,0,1,0,0,0,0,0,0,0,0,0,0,0,0,0,0,0,0,0,0,-4.5,2.5,7.0,174.2,121.16,-53.03999999999999,10.5,5.5,-5.0,1.0,0.0,-1.0,-3.655261333
59,0,0,0,0,0,0,0,0,0,0,0,0,0,0,1,0,0,0,0,0,0,0,0,0,0,0,1,0,0,0,0,0,0,0,0,0,0,0,0,0,-4.5,-3.2,1.2999999999999998,174.2,155.16,-19.039999999999992,10.5,10.4,-0.0999999999999996,1.0,0.5,-0.5,-0.285714286
59,0,0,0,0,0,0,0,0,0,0,0,0,0,0,1,0,0,0,0,0,0,0,0,0,0,0,0,0,0,0,0,0,1,0,0,0,0,0,0,0,-4.5,-1.6,2.9,174.2,115.13,-59.06999999999999,10.5,8.0,-2.5,1.0,0.0,-1.0,-5.321928
60,0,0,0,0,0,0,0,0,0,0,0,0,1,0,0,0,0,0,0,0,1,0,0,0,0,0,0,0,0,0,0,0,0,0,0,0,0,0,0,0,-1.6,1.8,3.4000000000000004,115.13,89.09,-26.039999999999992,8.0,8.1,0.0999999999999996,0.0,0.0,0.0,0.0
60,0,0,0,0,0,0,0,0,0,0,0,0,1,0,0,0,0,0,0,0,0,0,0,0,0,0,0,0,0,0,0,0,0,0,0,0,1,0,0,0,-1.6,-0.7,0.9000000000000001,115.13,119.12,3.990000000000009,8.0,8.6,0.5999999999999996,0.0,0.0,0.0,0.0
60,0,0,0,0,0,0,0,0,0,0,0,0,1,0,0,0,0,0,0,0,0,0,0,0,0,0,0,0,0,0,0,0,0,0,0,1,0,0,0,0,-1.6,-0.8,0.8,115.13,105.09,-10.039999999999992,8.0,9.2,1.1999999999999993,0.0,0.0,0.0,0.0
60,0,0,0,0,0,0,0,0,0,0,0,0,1,0,0,0,0,0,0,0,0,0,0,0,0,0,0,0,0,0,0,0,0,0,1,0,0,0,0,0,-1.6,-4.5,-2.9,115.13,174.2,59.06999999999999,8.0,10.5,2.5,0.0,1.0,1.0,0.0
60,0,0,0,0,0,0,0,0,0,0,0,0,1,0,0,0,0,0,0,0,0,0,0,0,0,0,0,0,0,1,0,0,0,0,0,0,0,0,0,0,-1.6,3.8,5.4,115.13,131.17,16.039999999999992,8.0,4.9,-3.0999999999999996,0.0,0.0,0.0,-0.5
60,0,0,0,0,0,0,0,0,0,0,0,0,1,0,0,0,0,0,0,0,0,0,0,0,0,0,1,0,0,0,0,0,0,0,0,0,0,0,0,0,-1.6,-3.2,-1.6,115.13,155.16,40.03,8.0,10.4,2.4000000000000004,0.0,0.5,0.5,0.333333333
61,0,0,0,1,0,0,0,0,0,0,0,0,0,0,0,0,0,0,0,0,0,0,0,0,0,1,0,0,0,0,0,0,0,0,0,0,0,0,0,0,-3.5,-0.4,3.1,147.13,75.07,-72.06,12.3,9.0,-3.3000000000000007,-1.0,0.0,1.0,0.0
61,0,0,0,1,0,0,0,0,0,0,0,0,0,0,0,0,0,0,0,0,1,0,0,0,0,0,0,0,0,0,0,0,0,0,0,0,0,0,0,0,-3.5,1.8,5.3,147.13,89.09,-58.03999999999999,12.3,8.1,-4.200000000000001,-1.0,0.0,1.0,0.0
61,0,0,0,1,0,0,0,0,0,0,0,0,0,0,0,0,0,0,0,0,0,0,0,0,0,0,0,0,0,0,0,0,0,0,0,0,0,1,0,0,-3.5,4.2,7.7,147.13,117.15,-29.97999999999999,12.3,5.9,-6.4,-1.0,0.0,1.0,0.0
61,0,0,0,1,0,0,0,0,0,0,0,0,0,0,0,0,0,0,0,0,0,0,1,0,0,0,0,0,0,0,0,0,0,0,0,0,0,0,0,0,-3.5,-3.5,0.0,147.13,133.1,-14.03,12.3,13.0,0.6999999999999993,-1.0,-1.0,0.0,0.0
61,0,0,0,1,0,0,0,0,0,0,0,0,0,0,0,0,0,0,0,0,0,0,0,0,0,0,0,0,1,0,0,0,0,0,0,0,0,0,0,0,-3.5,-3.9,-0.3999999999999999,147.13,146.19,-0.9399999999999976,12.3,11.3,-1.0,-1.0,1.0,2.0,0.0
62,0,0,0,1,0,0,0,0,0,0,0,0,0,0,0,0,0,0,0,0,0,0,0,0,0,1,0,0,0,0,0,0,0,0,0,0,0,0,0,0,-3.5,-0.4,3.1,147.13,75.07,-72.06,12.3,9.0,-3.3000000000000007,-1.0,0.0,1.0,-1.0
62,0,0,0,1,0,0,0,0,0,0,0,0,0,0,0,0,0,0,0,0,0,0,1,0,0,0,0,0,0,0,0,0,0,0,0,0,0,0,0,0,-3.5,-3.5,0.0,147.13,133.1,-14.03,12.3,13.0,0.6999999999999993,-1.0,-1.0,0.0,0.0
63,0,0,0,0,0,0,0,0,0,0,0,0,0,0,1,0,0,0,0,0,0,1,0,0,0,0,0,0,0,0,0,0,0,0,0,0,0,0,0,0,-4.5,2.5,7.0,174.2,121.16,-53.03999999999999,10.5,5.5,-5.0,1.0,0.0,-1.0,-1.607309333
63,0,0,0,0,0,0,0,0,0,0,0,0,0,0,1,0,0,0,0,0,0,0,0,0,0,0,0,0,0,1,0,0,0,0,0,0,0,0,0,0,-4.5,3.8,8.3,174.2,131.17,-43.03,10.5,4.9,-5.6,1.0,0.0,-1.0,0.0
64,0,0,0,0,1,0,0,0,0,0,0,0,0,0,0,0,0,0,0,0,0,0,0,0,0,0,0,0,0,0,0,0,0,0,0,1,0,0,0,0,2.8,-0.8,-3.5999999999999996,165.19,105.09,-60.099999999999994,5.2,9.2,3.999999999999999,0.0,0.0,0.0,-5.321928
64,0,0,0,0,1,0,0,0,0,0,0,0,0,0,0,0,0,0,0,0,0,0,0,0,0,0,0,0,0,1,0,0,0,0,0,0,0,0,0,0,2.8,3.8,1.0,165.19,131.17,-34.02000000000001,5.2,4.9,-0.2999999999999998,0.0,0.0,0.0,-4.821928
64,0,0,0,0,1,0,0,0,0,0,0,0,0,0,0,0,0,0,0,0,0,1,0,0,0,0,0,0,0,0,0,0,0,0,0,0,0,0,0,0,2.8,2.5,-0.2999999999999998,165.19,121.16,-44.03,5.2,5.5,0.2999999999999998,0.0,0.0,0.0,-5.321928
64,0,0,0,0,1,0,0,0,0,0,0,0,0,0,0,0,0,0,0,0,0,0,0,0,0,0,0,0,0,0,0,0,0,0,0,0,0,1,0,0,2.8,4.2,1.4000000000000004,165.19,117.15,-48.03999999999999,5.2,5.9,0.7000000000000002,0.0,0.0,0.0,-2.821928
64,0,0,0,0,1,0,0,0,0,0,0,0,0,0,0,0,0,0,0,0,0,0,0,0,0,0,0,1,0,0,0,0,0,0,0,0,0,0,0,0,2.8,4.5,1.7000000000000002,165.19,131.17,-34.02000000000001,5.2,5.2,0.0,0.0,0.0,0.0,-4.821928
64,0,0,0,0,1,0,0,0,0,0,0,0,0,0,0,0,0,0,0,0,0,0,0,0,0,0,0,0,0,0,0,0,0,0,0,0,0,0,0,1,2.8,-1.3,-4.1,165.19,181.19,16.0,5.2,6.2,1.0,0.0,0.0,0.0,-0.666666667
65,0,0,0,0,0,0,0,0,0,0,0,0,1,0,0,0,0,0,0,0,0,0,0,0,0,0,0,0,0,1,0,0,0,0,0,0,0,0,0,0,-1.6,3.8,5.4,115.13,131.17,16.039999999999992,8.0,4.9,-3.0999999999999996,0.0,0.0,0.0,-4.321928
65,0,0,0,0,0,0,0,0,0,0,0,0,1,0,0,0,0,0,0,0,0,0,0,0,0,0,0,0,0,0,0,0,0,0,0,1,0,0,0,0,-1.6,-0.8,0.8,115.13,105.09,-10.039999999999992,8.0,9.2,1.1999999999999993,0.0,0.0,0.0,-2.741446
65,0,0,0,0,0,0,0,0,0,0,0,0,1,0,0,0,0,0,0,0,0,0,0,0,0,0,0,0,0,0,0,0,0,1,0,0,0,0,0,0,-1.6,-3.5,-1.9,115.13,146.15,31.02000000000001,8.0,10.5,2.5,0.0,0.0,0.0,-4.321928
66,0,0,0,0,0,0,0,0,0,0,1,0,0,0,0,0,0,0,0,0,0,0,0,0,0,0,0,0,0,1,0,0,0,0,0,0,0,0,0,0,1.9,3.8,1.9,149.21,131.17,-18.04000000000002,5.7,4.9,-0.7999999999999998,0.0,0.0,0.0,-0.331704
66,0,0,0,0,0,0,0,0,0,0,1,0,0,0,0,0,0,0,0,0,0,0,0,0,0,0,0,0,1,0,0,0,0,0,0,0,0,0,0,0,1.9,-3.9,-5.8,149.21,146.19,-3.0200000000000102,5.7,11.3,5.6000000000000005,0.0,1.0,1.0,-5.321928
66,0,0,0,0,0,0,0,0,0,0,1,0,0,0,0,0,0,0,0,0,0,0,0,0,0,0,0,1,0,0,0,0,0,0,0,0,0,0,0,0,1.9,4.5,2.6,149.21,131.17,-18.04000000000002,5.7,5.2,-0.5,0.0,0.0,0.0,0.0
66,0,0,0,0,0,0,0,0,0,0,1,0,0,0,0,0,0,0,0,0,0,0,0,0,0,0,0,0,0,0,0,0,0,0,0,0,1,0,0,0,1.9,-0.7,-2.5999999999999996,149.21,119.12,-30.090000000000003,5.7,8.6,2.8999999999999995,0.0,0.0,0.0,-1.5287712
66,0,0,0,0,0,0,0,0,0,0,1,0,0,0,0,0,0,0,0,0,0,0,0,0,0,0,0,0,0,0,0,0,0,0,0,0,0,1,0,0,1.9,4.2,2.3000000000000003,149.21,117.15,-32.06,5.7,5.9,0.2000000000000001,0.0,0.0,0.0,0.0
66,0,0,0,0,0,0,0,0,0,0,1,0,0,0,0,0,0,0,0,0,0,0,0,0,0,0,0,0,0,0,0,0,0,0,1,0,0,0,0,0,1.9,-4.5,-6.4,149.21,174.2,24.98999999999998,5.7,10.5,4.8,0.0,1.0,1.0,-5.321928
67,0,0,0,0,0,0,0,0,0,0,1,0,0,0,0,0,0,0,0,0,0,0,0,0,0,0,0,0,0,0,0,0,0,0,0,0,0,1,0,0,1.9,4.2,2.3000000000000003,149.21,117.15,-32.06,5.7,5.9,0.2000000000000001,0.0,0.0,0.0,-1.0
67,0,0,0,0,0,0,0,0,0,0,1,0,0,0,0,0,0,0,0,0,0,0,0,0,0,0,0,0,0,0,0,0,0,0,0,0,1,0,0,0,1.9,-0.7,-2.5999999999999996,149.21,119.12,-30.090000000000003,5.7,8.6,2.8999999999999995,0.0,0.0,0.0,-0.5
67,0,0,0,0,0,0,0,0,0,0,1,0,0,0,0,0,0,0,0,0,0,0,0,0,0,0,0,0,0,1,0,0,0,0,0,0,0,0,0,0,1.9,3.8,1.9,149.21,131.17,-18.04000000000002,5.7,4.9,-0.7999999999999998,0.0,0.0,0.0,-2.321928
67,0,0,0,0,0,0,0,0,0,0,1,0,0,0,0,0,0,0,0,0,0,0,0,0,0,0,0,0,1,0,0,0,0,0,0,0,0,0,0,0,1.9,-3.9,-5.8,149.21,146.19,-3.0200000000000102,5.7,11.3,5.6000000000000005,0.0,1.0,1.0,-5.321928
67,0,0,0,0,0,0,0,0,0,0,1,0,0,0,0,0,0,0,0,0,0,0,0,0,0,0,0,1,0,0,0,0,0,0,0,0,0,0,0,0,1.9,4.5,2.6,149.21,131.17,-18.04000000000002,5.7,5.2,-0.5,0.0,0.0,0.0,-0.666666667
68,0,0,0,0,0,0,0,0,0,0,0,0,0,0,0,1,0,0,0,0,0,0,0,0,0,0,0,0,0,0,0,1,0,0,0,0,0,0,0,0,-0.8,-3.5,-2.7,105.09,132.12,27.03,9.2,11.6,2.4000000000000004,0.0,0.0,0.0,-5.321928
68,0,0,0,0,0,0,0,0,0,0,0,0,0,0,0,1,0,0,0,0,0,0,0,0,0,1,0,0,0,0,0,0,0,0,0,0,0,0,0,0,-0.8,-0.4,0.4,105.09,75.07,-30.02000000000001,9.2,9.0,-0.1999999999999993,0.0,0.0,0.0,-5.321928
68,0,0,0,0,0,0,0,0,0,0,0,0,0,0,0,1,0,0,0,0,0,1,0,0,0,0,0,0,0,0,0,0,0,0,0,0,0,0,0,0,-0.8,2.5,3.3,105.09,121.16,16.069999999999993,9.2,5.5,-3.6999999999999993,0.0,0.0,0.0,-5.321928
68,0,0,0,0,0,0,0,0,0,0,0,0,0,0,0,1,0,0,0,0,0,0,0,0,0,0,0,1,0,0,0,0,0,0,0,0,0,0,0,0,-0.8,4.5,5.3,105.09,131.17,26.079999999999984,9.2,5.2,-3.999999999999999,0.0,0.0,0.0,-5.321928
69,0,0,0,0,0,0,0,0,0,0,0,0,0,0,0,0,1,0,0,0,0,0,0,0,0,0,0,0,0,0,0,1,0,0,0,0,0,0,0,0,-0.7,-3.5,-2.8,119.12,132.12,13.0,8.6,11.6,3.0,0.0,0.0,0.0,-5.321928
69,0,0,0,0,0,0,0,0,0,0,0,0,0,0,0,0,1,0,0,0,0,0,0,0,0,0,0,1,0,0,0,0,0,0,0,0,0,0,0,0,-0.7,4.5,5.2,119.12,131.17,12.049999999999985,8.6,5.2,-3.3999999999999995,0.0,0.0,0.0,-2.821928
69,0,0,0,0,0,0,0,0,0,0,0,0,0,0,0,0,1,0,0,0,1,0,0,0,0,0,0,0,0,0,0,0,0,0,0,0,0,0,0,0,-0.7,1.8,2.5,119.12,89.09,-30.03,8.6,8.1,-0.5,0.0,0.0,0.0,-4.321928
69,0,0,0,0,0,0,0,0,0,0,0,0,0,0,0,0,1,0,0,0,0,0,0,0,0,0,0,0,0,0,0,0,0,0,0,1,0,0,0,0,-0.7,-0.8,-0.1,119.12,105.09,-14.03,8.6,9.2,0.5999999999999996,0.0,0.0,0.0,-1.214618667
70,0,0,0,0,1,0,0,0,0,0,0,0,0,0,0,0,0,0,0,0,0,0,0,0,0,0,0,1,0,0,0,0,0,0,0,0,0,0,0,0,2.8,4.5,1.7000000000000002,165.19,131.17,-34.02000000000001,5.2,5.2,0.0,0.0,0.0,0.0,-1.0
70,0,0,0,0,1,0,0,0,0,0,0,0,0,0,0,0,0,0,0,0,0,0,0,0,0,0,0,0,0,1,0,0,0,0,0,0,0,0,0,0,2.8,3.8,1.0,165.19,131.17,-34.02000000000001,5.2,4.9,-0.2999999999999998,0.0,0.0,0.0,-1.5287712
70,0,0,0,0,1,0,0,0,0,0,0,0,0,0,0,0,0,0,0,0,0,0,0,0,0,0,0,0,0,0,0,0,0,0,0,1,0,0,0,0,2.8,-0.8,-3.5999999999999996,165.19,105.09,-60.099999999999994,5.2,9.2,3.999999999999999,0.0,0.0,0.0,0.0
70,0,0,0,0,1,0,0,0,0,0,0,0,0,0,0,0,0,0,0,0,0,0,0,0,0,0,0,0,0,0,0,0,0,0,0,0,0,0,0,1,2.8,-1.3,-4.1,165.19,181.19,16.0,5.2,6.2,1.0,0.0,0.0,0.0,-4.321928
70,0,0,0,0,1,0,0,0,0,0,0,0,0,0,0,0,0,0,0,0,0,0,0,0,0,0,0,0,0,0,0,0,0,0,0,0,0,1,0,0,2.8,4.2,1.4000000000000004,165.19,117.15,-48.03999999999999,5.2,5.9,0.7000000000000002,0.0,0.0,0.0,-0.666666667
71,0,0,0,0,0,0,0,0,1,0,0,0,0,0,0,0,0,0,0,0,0,0,0,0,0,0,0,0,0,0,0,1,0,0,0,0,0,0,0,0,-3.9,-3.5,0.3999999999999999,146.19,132.12,-14.069999999999991,11.3,11.6,0.2999999999999989,1.0,0.0,-1.0,-5.321928
71,0,0,0,0,0,0,0,0,1,0,0,0,0,0,0,0,0,0,0,0,0,0,0,0,0,0,0,1,0,0,0,0,0,0,0,0,0,0,0,0,-3.9,4.5,8.4,146.19,131.17,-15.02000000000001,11.3,5.2,-6.1000000000000005,1.0,0.0,-1.0,-5.321928
71,0,0,0,0,0,0,0,0,1,0,0,0,0,0,0,0,0,0,0,0,0,0,0,0,0,0,0,0,0,0,0,0,0,0,1,0,0,0,0,0,-3.9,-4.5,-0.6000000000000001,146.19,174.2,28.00999999999999,11.3,10.5,-0.8000000000000007,1.0,1.0,0.0,-4.821928
71,0,0,0,0,0,0,0,0,1,0,0,0,0,0,0,0,0,0,0,0,0,0,0,0,0,0,0,0,0,0,0,0,0,0,0,0,1,0,0,0,-3.9,-0.7,3.2,146.19,119.12,-27.069999999999993,11.3,8.6,-2.700000000000001,1.0,0.0,-1.0,-5.321928
72,0,0,0,0,0,0,0,0,0,0,0,0,0,0,0,0,0,1,0,0,0,0,0,0,0,0,0,1,0,0,0,0,0,0,0,0,0,0,0,0,4.2,4.5,0.2999999999999998,117.15,131.17,14.019999999999982,5.9,5.2,-0.7000000000000002,0.0,0.0,0.0,0.0
72,0,0,0,0,0,0,0,0,0,0,0,0,0,0,0,0,0,1,0,0,0,0,0,0,0,1,0,0,0,0,0,0,0,0,0,0,0,0,0,0,4.2,-0.4,-4.6000000000000005,117.15,75.07,-42.08000000000001,5.9,9.0,3.0999999999999996,0.0,0.0,0.0,-3.321928
72,0,0,0,0,0,0,0,0,0,0,0,0,0,0,0,0,0,1,0,0,0,0,1,0,0,0,0,0,0,0,0,0,0,0,0,0,0,0,0,0,4.2,-3.5,-7.7,117.15,133.1,15.949999999999989,5.9,13.0,7.1,0.0,-1.0,-1.0,-5.321928
72,0,0,0,0,0,0,0,0,0,0,0,0,0,0,0,0,0,1,0,0,1,0,0,0,0,0,0,0,0,0,0,0,0,0,0,0,0,0,0,0,4.2,1.8,-2.4000000000000004,117.15,89.09,-28.06,5.9,8.1,2.1999999999999993,0.0,0.0,0.0,0.0
73,0,0,0,0,0,0,0,0,0,1,0,0,0,0,0,0,0,0,0,0,0,0,0,0,0,0,0,0,0,0,0,0,0,1,0,0,0,0,0,0,3.8,-3.5,-7.3,131.17,146.15,14.980000000000018,4.9,10.5,5.6,0.0,0.0,0.0,-1.0
73,0,0,0,0,0,0,0,0,0,1,0,0,0,0,0,0,0,0,0,0,0,0,0,0,0,0,0,0,0,0,0,0,1,0,0,0,0,0,0,0,3.8,-1.6,-5.4,131.17,115.13,-16.039999999999992,4.9,8.0,3.0999999999999996,0.0,0.0,0.0,-1.0
74,0,0,0,0,0,0,0,0,0,1,0,0,0,0,0,0,0,0,0,0,0,0,0,0,0,0,0,0,0,0,0,0,1,0,0,0,0,0,0,0,3.8,-1.6,-5.4,131.17,115.13,-16.039999999999992,4.9,8.0,3.0999999999999996,0.0,0.0,0.0,-5.321928
74,0,0,0,0,0,0,0,0,0,1,0,0,0,0,0,0,0,0,0,0,0,0,0,0,0,0,0,0,0,0,0,0,0,1,0,0,0,0,0,0,3.8,-3.5,-7.3,131.17,146.15,14.980000000000018,4.9,10.5,5.6,0.0,0.0,0.0,-4.321928
74,0,0,0,0,0,0,0,0,0,1,0,0,0,0,0,0,0,0,0,0,0,0,0,0,0,0,0,1,0,0,0,0,0,0,0,0,0,0,0,0,3.8,4.5,0.7000000000000002,131.17,131.17,0.0,4.9,5.2,0.2999999999999998,0.0,0.0,0.0,-0.75
75,0,1,0,0,0,0,0,0,0,0,0,0,0,0,0,0,0,0,0,0,0,0,0,0,0,0,0,0,0,0,0,0,0,0,1,0,0,0,0,0,2.5,-4.5,-7.0,121.16,174.2,53.03999999999999,5.5,10.5,5.0,0.0,1.0,1.0,-5.321928
75,0,1,0,0,0,0,0,0,0,0,0,0,0,0,0,0,0,0,0,0,0,0,0,0,0,0,0,0,0,0,0,0,0,0,0,1,0,0,0,0,2.5,-0.8,-3.3,121.16,105.09,-16.069999999999993,5.5,9.2,3.6999999999999993,0.0,0.0,0.0,-1.330482
75,0,1,0,0,0,0,0,0,0,0,0,0,0,0,0,0,0,0,0,0,0,0,0,0,0,0,0,0,0,0,0,0,0,0,0,0,0,0,0,1,2.5,-1.3,-3.8,121.16,181.19,60.03,5.5,6.2,0.7000000000000002,0.0,0.0,0.0,-5.321928
76,0,0,0,0,0,1,0,0,0,0,0,0,0,0,0,0,0,0,0,0,1,0,0,0,0,0,0,0,0,0,0,0,0,0,0,0,0,0,0,0,-0.4,1.8,2.2,75.07,89.09,14.02000000000001,9.0,8.1,-0.9000000000000004,0.0,0.0,0.0,-4.321928
76,0,0,0,0,0,1,0,0,0,0,0,0,0,0,0,0,0,0,0,0,0,0,0,0,0,0,0,0,0,0,0,0,0,0,0,1,0,0,0,0,-0.4,-0.8,-0.4,75.07,105.09,30.02000000000001,9.0,9.2,0.1999999999999993,0.0,0.0,0.0,-0.5
76,0,0,0,0,0,1,0,0,0,0,0,0,0,0,0,0,0,0,0,0,0,0,0,0,0,0,0,0,0,0,0,0,0,0,0,0,0,1,0,0,-0.4,4.2,4.6000000000000005,75.07,117.15,42.08000000000001,9.0,5.9,-3.0999999999999996,0.0,0.0,0.0,-2.321928
76,0,0,0,0,0,1,0,0,0,0,0,0,0,0,0,0,0,0,0,0,0,1,0,0,0,0,0,0,0,0,0,0,0,0,0,0,0,0,0,0,-0.4,2.5,2.9,75.07,121.16,46.09,9.0,5.5,-3.5,0.0,0.0,0.0,-1.0
76,0,0,0,0,0,1,0,0,0,0,0,0,0,0,0,0,0,0,0,0,0,0,1,0,0,0,0,0,0,0,0,0,0,0,0,0,0,0,0,0,-0.4,-3.5,-3.1,75.07,133.1,58.03,9.0,13.0,4.0,0.0,-1.0,-1.0,-5.321928
77,1,0,0,0,0,0,0,0,0,0,0,0,0,0,0,0,0,0,0,0,0,0,0,0,0,0,0,0,0,0,0,0,1,0,0,0,0,0,0,0,1.8,-1.6,-3.4000000000000004,89.09,115.13,26.039999999999992,8.1,8.0,-0.0999999999999996,0.0,0.0,0.0,-5.321928
77,1,0,0,0,0,0,0,0,0,0,0,0,0,0,0,0,0,0,0,0,0,0,0,0,0,1,0,0,0,0,0,0,0,0,0,0,0,0,0,0,1.8,-0.4,-2.2,89.09,75.07,-14.02000000000001,8.1,9.0,0.9000000000000004,0.0,0.0,0.0,-1.0
77,1,0,0,0,0,0,0,0,0,0,0,0,0,0,0,0,0,0,0,0,0,0,0,1,0,0,0,0,0,0,0,0,0,0,0,0,0,0,0,0,1.8,-3.5,-5.3,89.09,147.13,58.03999999999999,8.1,12.3,4.200000000000001,0.0,-1.0,-1.0,-2.321928
77,1,0,0,0,0,0,0,0,0,0,0,0,0,0,0,0,0,0,0,0,0,0,0,0,0,0,0,0,0,0,0,0,0,0,0,0,1,0,0,0,1.8,-0.7,-2.5,89.09,119.12,30.03,8.1,8.6,0.5,0.0,0.0,0.0,0.0
77,1,0,0,0,0,0,0,0,0,0,0,0,0,0,0,0,0,0,0,0,0,0,0,0,0,0,0,0,0,0,0,0,0,0,0,0,0,1,0,0,1.8,4.2,2.4000000000000004,89.09,117.15,28.06,8.1,5.9,-2.1999999999999993,0.0,0.0,0.0,0.0
78,0,0,0,0,0,0,0,0,0,0,0,0,0,0,0,0,0,1,0,0,1,0,0,0,0,0,0,0,0,0,0,0,0,0,0,0,0,0,0,0,4.2,1.8,-2.4000000000000004,117.15,89.09,-28.06,5.9,8.1,2.1999999999999993,0.0,0.0,0.0,-1.410964
78,0,0,0,0,0,0,0,0,0,0,0,0,0,0,0,0,0,1,0,0,0,0,0,0,0,0,0,1,0,0,0,0,0,0,0,0,0,0,0,0,4.2,4.5,0.2999999999999998,117.15,131.17,14.019999999999982,5.9,5.2,-0.7000000000000002,0.0,0.0,0.0,0.0
78,0,0,0,0,0,0,0,0,0,0,0,0,0,0,0,0,0,1,0,0,0,0,0,0,0,0,0,0,0,1,0,0,0,0,0,0,0,0,0,0,4.2,3.8,-0.4000000000000003,117.15,131.17,14.019999999999982,5.9,4.9,-1.0,0.0,0.0,0.0,-0.5
79,0,0,0,0,0,0,0,0,0,1,0,0,0,0,0,0,0,0,0,0,0,0,0,0,1,0,0,0,0,0,0,0,0,0,0,0,0,0,0,0,3.8,2.8,-1.0,131.17,165.19,34.02000000000001,4.9,5.2,0.2999999999999998,0.0,0.0,0.0,-3.321928
79,0,0,0,0,0,0,0,0,0,1,0,0,0,0,0,0,0,0,0,0,0,0,0,0,0,0,0,1,0,0,0,0,0,0,0,0,0,0,0,0,3.8,4.5,0.7000000000000002,131.17,131.17,0.0,4.9,5.2,0.2999999999999998,0.0,0.0,0.0,-2.321928
80,0,0,0,0,0,0,0,0,0,0,0,0,0,0,0,1,0,0,0,0,0,0,0,0,0,0,0,0,0,0,0,0,1,0,0,0,0,0,0,0,-0.8,-1.6,-0.8,105.09,115.13,10.039999999999992,9.2,8.0,-1.1999999999999993,0.0,0.0,0.0,-5.321928
80,0,0,0,0,0,0,0,0,0,0,0,0,0,0,0,1,0,0,0,0,0,0,0,0,0,0,0,0,0,0,0,0,0,0,0,0,1,0,0,0,-0.8,-0.7,0.1,105.09,119.12,14.03,9.2,8.6,-0.5999999999999996,0.0,0.0,0.0,0.333333333
80,0,0,0,0,0,0,0,0,0,0,0,0,0,0,0,1,0,0,0,0,0,0,0,0,0,0,0,0,0,0,0,0,0,0,0,0,0,0,0,1,-0.8,-1.3,-0.5,105.09,181.19,76.1,9.2,6.2,-2.999999999999999,0.0,0.0,0.0,0.0
81,0,0,0,0,0,0,0,0,0,0,0,0,0,0,1,0,0,0,0,0,0,0,0,0,0,0,0,0,0,1,0,0,0,0,0,0,0,0,0,0,-4.5,3.8,8.3,174.2,131.17,-43.03,10.5,4.9,-5.6,1.0,0.0,-1.0,0.0
81,0,0,0,0,0,0,0,0,0,0,0,0,0,0,1,0,0,0,0,0,0,0,0,0,0,0,0,0,0,0,0,0,0,0,0,1,0,0,0,0,-4.5,-0.8,3.7,174.2,105.09,-69.10999999999999,10.5,9.2,-1.3000000000000007,1.0,0.0,-1.0,0.0
81,0,0,0,0,0,0,0,0,0,0,0,0,0,0,1,0,0,0,0,0,0,0,0,0,0,0,0,0,0,0,0,0,1,0,0,0,0,0,0,0,-4.5,-1.6,2.9,174.2,115.13,-59.06999999999999,10.5,8.0,-2.5,1.0,0.0,-1.0,-4.321928
81,0,0,0,0,0,0,0,0,0,0,0,0,0,0,1,0,0,0,0,0,0,0,0,0,0,0,1,0,0,0,0,0,0,0,0,0,0,0,0,0,-4.5,-3.2,1.2999999999999998,174.2,155.16,-19.039999999999992,10.5,10.4,-0.0999999999999996,1.0,0.5,-0.5,-0.610160667
81,0,0,0,0,0,0,0,0,0,0,0,0,0,0,1,0,0,0,0,0,0,1,0,0,0,0,0,0,0,0,0,0,0,0,0,0,0,0,0,0,-4.5,2.5,7.0,174.2,121.16,-53.03999999999999,10.5,5.5,-5.0,1.0,0.0,-1.0,-1.5287712
82,0,0,0,0,0,0,0,0,0,0,0,0,0,0,0,0,0,1,0,0,0,0,0,0,0,1,0,0,0,0,0,0,0,0,0,0,0,0,0,0,4.2,-0.4,-4.6000000000000005,117.15,75.07,-42.08000000000001,5.9,9.0,3.0999999999999996,0.0,0.0,0.0,-2.321928
82,0,0,0,0,0,0,0,0,0,0,0,0,0,0,0,0,0,1,0,0,0,0,0,0,0,0,0,1,0,0,0,0,0,0,0,0,0,0,0,0,4.2,4.5,0.2999999999999998,117.15,131.17,14.019999999999982,5.9,5.2,-0.7000000000000002,0.0,0.0,0.0,0.0
82,0,0,0,0,0,0,0,0,0,0,0,0,0,0,0,0,0,1,0,0,0,0,1,0,0,0,0,0,0,0,0,0,0,0,0,0,0,0,0,0,4.2,-3.5,-7.7,117.15,133.1,15.949999999999989,5.9,13.0,7.1,0.0,-1.0,-1.0,-3.321928
82,0,0,0,0,0,0,0,0,0,0,0,0,0,0,0,0,0,1,0,0,0,0,0,0,0,0,0,0,0,1,0,0,0,0,0,0,0,0,0,0,4.2,3.8,-0.4000000000000003,117.15,131.17,14.019999999999982,5.9,4.9,-1.0,0.0,0.0,0.0,-2.321928
82,0,0,0,0,0,0,0,0,0,0,0,0,0,0,0,0,0,1,0,0,1,0,0,0,0,0,0,0,0,0,0,0,0,0,0,0,0,0,0,0,4.2,1.8,-2.4000000000000004,117.15,89.09,-28.06,5.9,8.1,2.1999999999999993,0.0,0.0,0.0,-1.0
83,0,0,1,0,0,0,0,0,0,0,0,0,0,0,0,0,0,0,0,0,0,0,0,0,0,1,0,0,0,0,0,0,0,0,0,0,0,0,0,0,-3.5,-0.4,3.1,133.1,75.07,-58.03,13.0,9.0,-4.0,-1.0,0.0,1.0,-2.321928
83,0,0,1,0,0,0,0,0,0,0,0,0,0,0,0,0,0,0,0,0,0,0,0,0,0,0,0,0,0,0,0,0,0,0,0,0,0,1,0,0,-3.5,4.2,7.7,133.1,117.15,-15.949999999999989,13.0,5.9,-7.1,-1.0,0.0,1.0,-3.821928
83,0,0,1,0,0,0,0,0,0,0,0,0,0,0,0,0,0,0,0,0,0,0,0,0,0,0,0,0,0,0,0,1,0,0,0,0,0,0,0,0,-3.5,-3.5,0.0,133.1,132.12,-0.9799999999999898,13.0,11.6,-1.4000000000000004,-1.0,0.0,1.0,-2.321928
84,1,0,0,0,0,0,0,0,0,0,0,0,0,0,0,0,0,0,0,0,0,0,0,0,0,0,0,0,0,0,0,0,1,0,0,0,0,0,0,0,1.8,-1.6,-3.4000000000000004,89.09,115.13,26.039999999999992,8.1,8.0,-0.0999999999999996,0.0,0.0,0.0,-3.321928
84,1,0,0,0,0,0,0,0,0,0,0,0,0,0,0,0,0,0,0,0,0,0,1,0,0,0,0,0,0,0,0,0,0,0,0,0,0,0,0,0,1.8,-3.5,-5.3,89.09,133.1,44.00999999999999,8.1,13.0,4.9,0.0,-1.0,-1.0,0.0
84,1,0,0,0,0,0,0,0,0,0,0,0,0,0,0,0,0,0,0,0,0,0,0,0,0,0,0,0,0,0,0,0,0,0,0,1,0,0,0,0,1.8,-0.8,-2.6,89.09,105.09,16.0,8.1,9.2,1.0999999999999996,0.0,0.0,0.0,0.0
84,1,0,0,0,0,0,0,0,0,0,0,0,0,0,0,0,0,0,0,0,0,0,0,0,0,0,0,0,0,0,0,0,0,0,0,0,1,0,0,0,1.8,-0.7,-2.5,89.09,119.12,30.03,8.1,8.6,0.5,0.0,0.0,0.0,0.0
84,1,0,0,0,0,0,0,0,0,0,0,0,0,0,0,0,0,0,0,0,0,0,0,0,0,0,0,0,0,0,0,0,0,0,0,0,0,1,0,0,1.8,4.2,2.4000000000000004,89.09,117.15,28.06,8.1,5.9,-2.1999999999999993,0.0,0.0,0.0,0.166666667
85,0,0,0,0,0,1,0,0,0,0,0,0,0,0,0,0,0,0,0,0,0,0,0,0,0,0,0,0,0,0,0,0,0,0,0,0,0,0,1,0,-0.4,-0.9,-0.5,75.07,204.23,129.16,9.0,5.4,-3.5999999999999996,0.0,0.0,0.0,-1.660964
85,0,0,0,0,0,1,0,0,0,0,0,0,0,0,0,0,0,0,0,0,0,0,0,1,0,0,0,0,0,0,0,0,0,0,0,0,0,0,0,0,-0.4,-3.5,-3.1,75.07,147.13,72.06,9.0,12.3,3.3000000000000007,0.0,-1.0,-1.0,-0.333333333
85,0,0,0,0,0,1,0,0,0,0,0,0,0,0,0,0,0,0,0,0,0,0,0,0,0,0,0,0,0,0,0,0,0,0,1,0,0,0,0,0,-0.4,-4.5,-4.1,75.07,174.2,99.13,9.0,10.5,1.5,0.0,1.0,1.0,-0.333333333
85,0,0,0,0,0,1,0,0,0,0,0,0,0,0,0,0,0,0,0,0,0,0,0,0,0,0,0,0,0,0,0,0,0,0,0,0,0,1,0,0,-0.4,4.2,4.6000000000000005,75.07,117.15,42.08000000000001,9.0,5.9,-3.0999999999999996,0.0,0.0,0.0,-1.881285333
86,0,0,0,0,0,0,0,0,0,0,0,0,0,1,0,0,0,0,0,0,0,0,0,1,0,0,0,0,0,0,0,0,0,0,0,0,0,0,0,0,-3.5,-3.5,0.0,146.15,147.13,0.9799999999999898,10.5,12.3,1.8000000000000007,0.0,-1.0,-1.0,-1.0
86,0,0,0,0,0,0,0,0,0,0,0,0,0,1,0,0,0,0,0,0,0,0,0,0,0,0,1,0,0,0,0,0,0,0,0,0,0,0,0,0,-3.5,-3.2,0.2999999999999998,146.15,155.16,9.009999999999993,10.5,10.4,-0.0999999999999996,0.0,0.5,0.5,0.0
86,0,0,0,0,0,0,0,0,0,0,0,0,0,1,0,0,0,0,0,0,0,0,0,0,0,0,0,0,1,0,0,0,0,0,0,0,0,0,0,0,-3.5,-3.9,-0.3999999999999999,146.15,146.19,0.039999999999992,10.5,11.3,0.8000000000000007,0.0,1.0,1.0,0.5
87,0,0,0,1,0,0,0,0,0,0,0,0,0,0,0,0,0,0,0,0,0,0,0,0,0,0,0,0,0,0,0,0,0,0,0,0,0,1,0,0,-3.5,4.2,7.7,147.13,117.15,-29.97999999999999,12.3,5.9,-6.4,-1.0,0.0,1.0,-0.25
87,0,0,0,1,0,0,0,0,0,0,0,0,0,0,0,0,0,0,0,0,1,0,0,0,0,0,0,0,0,0,0,0,0,0,0,0,0,0,0,0,-3.5,1.8,5.3,147.13,89.09,-58.03999999999999,12.3,8.1,-4.200000000000001,-1.0,0.0,1.0,-1.0
87,0,0,0,1,0,0,0,0,0,0,0,0,0,0,0,0,0,0,0,0,0,0,1,0,0,0,0,0,0,0,0,0,0,0,0,0,0,0,0,0,-3.5,-3.5,0.0,147.13,133.1,-14.03,12.3,13.0,0.6999999999999993,-1.0,-1.0,0.0,0.0
87,0,0,0,1,0,0,0,0,0,0,0,0,0,0,0,0,0,0,0,0,0,0,0,0,0,0,0,0,1,0,0,0,0,0,0,0,0,0,0,0,-3.5,-3.9,-0.3999999999999999,147.13,146.19,-0.9399999999999976,12.3,11.3,-1.0,-1.0,1.0,2.0,-4.321928
88,0,0,0,0,0,0,0,0,0,0,0,0,0,1,0,0,0,0,0,0,0,0,0,0,0,0,1,0,0,0,0,0,0,0,0,0,0,0,0,0,-3.5,-3.2,0.2999999999999998,146.15,155.16,9.009999999999993,10.5,10.4,-0.0999999999999996,0.0,0.5,0.5,-0.25
88,0,0,0,0,0,0,0,0,0,0,0,0,0,1,0,0,0,0,0,0,0,0,0,0,0,0,0,0,0,0,0,0,0,0,1,0,0,0,0,0,-3.5,-4.5,-1.0,146.15,174.2,28.049999999999983,10.5,10.5,0.0,0.0,1.0,1.0,0.0
88,0,0,0,0,0,0,0,0,0,0,0,0,0,1,0,0,0,0,0,0,0,0,0,0,0,0,0,0,0,1,0,0,0,0,0,0,0,0,0,0,-3.5,3.8,7.3,146.15,131.17,-14.980000000000018,10.5,4.9,-5.6,0.0,0.0,0.0,-0.4643855999999999
89,0,0,0,0,0,0,0,0,0,1,0,0,0,0,0,0,0,0,0,0,0,0,0,0,1,0,0,0,0,0,0,0,0,0,0,0,0,0,0,0,3.8,2.8,-1.0,131.17,165.19,34.02000000000001,4.9,5.2,0.2999999999999998,0.0,0.0,0.0,-1.330482
89,0,0,0,0,0,0,0,0,0,1,0,0,0,0,0,0,0,0,0,0,0,0,0,0,0,0,1,0,0,0,0,0,0,0,0,0,0,0,0,0,3.8,-3.2,-7.0,131.17,155.16,23.99000000000001,4.9,10.4,5.5,0.0,0.5,0.5,-2.721928
89,0,0,0,0,0,0,0,0,0,1,0,0,0,0,0,0,0,0,0,0,0,0,0,0,0,0,0,1,0,0,0,0,0,0,0,0,0,0,0,0,3.8,4.5,0.7000000000000002,131.17,131.17,0.0,4.9,5.2,0.2999999999999998,0.0,0.0,0.0,-1.0
89,0,0,0,0,0,0,0,0,0,1,0,0,0,0,0,0,0,0,0,0,0,0,0,0,0,0,0,0,0,0,0,0,1,0,0,0,0,0,0,0,3.8,-1.6,-5.4,131.17,115.13,-16.039999999999992,4.9,8.0,3.0999999999999996,0.0,0.0,0.0,-1.0
90,0,0,0,0,0,1,0,0,0,0,0,0,0,0,0,0,0,0,0,0,1,0,0,0,0,0,0,0,0,0,0,0,0,0,0,0,0,0,0,0,-0.4,1.8,2.2,75.07,89.09,14.02000000000001,9.0,8.1,-0.9000000000000004,0.0,0.0,0.0,0.0
90,0,0,0,0,0,1,0,0,0,0,0,0,0,0,0,0,0,0,0,0,0,1,0,0,0,0,0,0,0,0,0,0,0,0,0,0,0,0,0,0,-0.4,2.5,2.9,75.07,121.16,46.09,9.0,5.5,-3.5,0.0,0.0,0.0,-1.7739759999999998
90,0,0,0,0,0,1,0,0,0,0,0,0,0,0,0,0,0,0,0,0,0,0,0,0,0,0,0,0,0,0,0,0,0,0,1,0,0,0,0,0,-0.4,-4.5,-4.1,75.07,174.2,99.13,9.0,10.5,1.5,0.0,1.0,1.0,0.0
90,0,0,0,0,0,1,0,0,0,0,0,0,0,0,0,0,0,0,0,0,0,0,0,0,0,0,0,0,0,0,0,0,0,0,0,1,0,0,0,0,-0.4,-0.8,-0.4,75.07,105.09,30.02000000000001,9.0,9.2,0.1999999999999993,0.0,0.0,0.0,-0.4
90,0,0,0,0,0,1,0,0,0,0,0,0,0,0,0,0,0,0,0,0,0,0,1,0,0,0,0,0,0,0,0,0,0,0,0,0,0,0,0,0,-0.4,-3.5,-3.1,75.07,133.1,58.03,9.0,13.0,4.0,0.0,-1.0,-1.0,0.333333333
91,0,0,0,0,0,0,0,0,0,0,0,0,0,0,1,0,0,0,0,0,0,1,0,0,0,0,0,0,0,0,0,0,0,0,0,0,0,0,0,0,-4.5,2.5,7.0,174.2,121.16,-53.03999999999999,10.5,5.5,-5.0,1.0,0.0,-1.0,-3.321928
91,0,0,0,0,0,0,0,0,0,0,0,0,0,0,1,0,0,0,0,0,0,0,0,0,0,0,1,0,0,0,0,0,0,0,0,0,0,0,0,0,-4.5,-3.2,1.2999999999999998,174.2,155.16,-19.039999999999992,10.5,10.4,-0.0999999999999996,1.0,0.5,-0.5,0.0
91,0,0,0,0,0,0,0,0,0,0,0,0,0,0,1,0,0,0,0,0,0,0,0,0,0,0,0,0,0,1,0,0,0,0,0,0,0,0,0,0,-4.5,3.8,8.3,174.2,131.17,-43.03,10.5,4.9,-5.6,1.0,0.0,-1.0,-2.321928
91,0,0,0,0,0,0,0,0,0,0,0,0,0,0,1,0,0,0,0,0,0,0,0,0,0,0,0,0,0,0,0,0,0,0,0,1,0,0,0,0,-4.5,-0.8,3.7,174.2,105.09,-69.10999999999999,10.5,9.2,-1.3000000000000007,1.0,0.0,-1.0,-1.0
92,0,0,0,0,0,0,0,0,0,0,0,0,0,0,1,0,0,0,0,0,0,1,0,0,0,0,0,0,0,0,0,0,0,0,0,0,0,0,0,0,-4.5,2.5,7.0,174.2,121.16,-53.03999999999999,10.5,5.5,-5.0,1.0,0.0,-1.0,-1.0
92,0,0,0,0,0,0,0,0,0,0,0,0,0,0,1,0,0,0,0,0,0,0,0,0,0,1,0,0,0,0,0,0,0,0,0,0,0,0,0,0,-4.5,-0.4,4.1,174.2,75.07,-99.13,10.5,9.0,-1.5,1.0,0.0,-1.0,-2.321928
92,0,0,0,0,0,0,0,0,0,0,0,0,0,0,1,0,0,0,0,0,0,0,0,0,0,0,1,0,0,0,0,0,0,0,0,0,0,0,0,0,-4.5,-3.2,1.2999999999999998,174.2,155.16,-19.039999999999992,10.5,10.4,-0.0999999999999996,1.0,0.5,-0.5,-0.428571429
92,0,0,0,0,0,0,0,0,0,0,0,0,0,0,1,0,0,0,0,0,0,0,0,0,0,0,0,0,0,1,0,0,0,0,0,0,0,0,0,0,-4.5,3.8,8.3,174.2,131.17,-43.03,10.5,4.9,-5.6,1.0,0.0,-1.0,0.2
92,0,0,0,0,0,0,0,0,0,0,0,0,0,0,1,0,0,0,0,0,0,0,0,0,0,0,0,0,0,0,0,0,0,0,0,1,0,0,0,0,-4.5,-0.8,3.7,174.2,105.09,-69.10999999999999,10.5,9.2,-1.3000000000000007,1.0,0.0,-1.0,-1.0
93,0,0,0,0,0,0,0,1,0,0,0,0,0,0,0,0,0,0,0,0,0,0,0,0,0,0,0,0,0,0,0,0,0,0,0,0,0,1,0,0,4.5,4.2,-0.2999999999999998,131.17,117.15,-14.019999999999982,5.2,5.9,0.7000000000000002,0.0,0.0,0.0,0.333333333
93,0,0,0,0,0,0,0,1,0,0,0,0,0,0,0,0,0,0,0,0,0,0,0,0,0,0,0,0,0,0,1,0,0,0,0,0,0,0,0,0,4.5,1.9,-2.6,131.17,149.21,18.04000000000002,5.2,5.7,0.5,0.0,0.0,0.0,0.0
93,0,0,0,0,0,0,0,1,0,0,0,0,0,0,0,0,0,0,0,0,0,0,0,0,0,0,0,0,0,1,0,0,0,0,0,0,0,0,0,0,4.5,3.8,-0.7000000000000002,131.17,131.17,0.0,5.2,4.9,-0.2999999999999998,0.0,0.0,0.0,0.0
93,0,0,0,0,0,0,0,1,0,0,0,0,0,0,0,0,0,0,0,0,0,0,0,0,0,0,0,0,1,0,0,0,0,0,0,0,0,0,0,0,4.5,-3.9,-8.4,131.17,146.19,15.02000000000001,5.2,11.3,6.1000000000000005,0.0,1.0,1.0,-2.821928
94,0,0,0,0,0,0,1,0,0,0,0,0,0,0,0,0,0,0,0,0,0,0,0,0,0,0,0,0,0,0,0,0,0,0,0,0,0,0,0,1,-3.2,-1.3,1.9,155.16,181.19,26.03,10.4,6.2,-4.2,0.5,0.0,-0.5,0.0
94,0,0,0,0,0,0,1,0,0,0,0,0,0,0,0,0,0,0,0,0,0,0,0,0,0,0,0,0,0,0,0,0,0,0,1,0,0,0,0,0,-3.2,-4.5,-1.2999999999999998,155.16,174.2,19.039999999999992,10.4,10.5,0.0999999999999996,0.5,1.0,0.5,0.0
94,0,0,0,0,0,0,1,0,0,0,0,0,0,0,0,0,0,0,0,0,0,0,0,0,0,0,0,0,0,0,0,0,0,1,0,0,0,0,0,0,-3.2,-3.5,-0.2999999999999998,155.16,146.15,-9.009999999999993,10.4,10.5,0.0999999999999996,0.5,0.0,-0.5,0.0
94,0,0,0,0,0,0,1,0,0,0,0,0,0,0,0,0,0,0,0,0,0,0,0,0,0,0,0,0,0,1,0,0,0,0,0,0,0,0,0,0,-3.2,3.8,7.0,155.16,131.17,-23.99000000000001,10.4,4.9,-5.5,0.5,0.0,-0.5,0.0
94,0,0,0,0,0,0,1,0,0,0,0,0,0,0,0,0,0,0,0,0,0,0,1,0,0,0,0,0,0,0,0,0,0,0,0,0,0,0,0,0,-3.2,-3.5,-0.2999999999999998,155.16,133.1,-22.06,10.4,13.0,2.5999999999999996,0.5,-1.0,-1.5,-1.0
95,0,0,0,0,0,0,0,0,0,0,0,0,0,0,0,0,0,0,0,1,0,1,0,0,0,0,0,0,0,0,0,0,0,0,0,0,0,0,0,0,-1.3,2.5,3.8,181.19,121.16,-60.03,6.2,5.5,-0.7000000000000002,0.0,0.0,0.0,-2.321928
95,0,0,0,0,0,0,0,0,0,0,0,0,0,0,0,0,0,0,0,1,0,0,0,0,0,0,1,0,0,0,0,0,0,0,0,0,0,0,0,0,-1.3,-3.2,-1.9,181.19,155.16,-26.03,6.2,10.4,4.2,0.0,0.5,0.5,-2.821928
95,0,0,0,0,0,0,0,0,0,0,0,0,0,0,0,0,0,0,0,1,0,0,0,0,0,0,0,0,0,0,0,1,0,0,0,0,0,0,0,0,-1.3,-3.5,-2.2,181.19,132.12,-49.06999999999999,6.2,11.6,5.3999999999999995,0.0,0.0,0.0,-5.321928
96,0,0,0,0,0,0,0,0,0,0,0,0,0,0,0,1,0,0,0,0,0,0,0,0,0,0,0,0,0,0,0,0,1,0,0,0,0,0,0,0,-0.8,-1.6,-0.8,105.09,115.13,10.039999999999992,9.2,8.0,-1.1999999999999993,0.0,0.0,0.0,0.0
97,0,0,0,0,0,0,0,0,0,0,0,0,0,1,0,0,0,0,0,0,0,0,0,0,0,0,0,0,0,1,0,0,0,0,0,0,0,0,0,0,-3.5,3.8,7.3,146.15,131.17,-14.980000000000018,10.5,4.9,-5.6,0.0,0.0,0.0,-1.107309333
97,0,0,0,0,0,0,0,0,0,0,0,0,0,1,0,0,0,0,0,0,0,0,0,0,0,0,1,0,0,0,0,0,0,0,0,0,0,0,0,0,-3.5,-3.2,0.2999999999999998,146.15,155.16,9.009999999999993,10.5,10.4,-0.0999999999999996,0.0,0.5,0.5,0.0
97,0,0,0,0,0,0,0,0,0,0,0,0,0,1,0,0,0,0,0,0,0,0,0,0,0,0,0,0,0,0,0,0,0,0,1,0,0,0,0,0,-3.5,-4.5,-1.0,146.15,174.2,28.049999999999983,10.5,10.5,0.0,0.0,1.0,1.0,0.25
97,0,0,0,0,0,0,0,0,0,0,0,0,0,1,0,0,0,0,0,0,0,0,0,0,0,0,0,0,0,0,0,0,1,0,0,0,0,0,0,0,-3.5,-1.6,1.9,146.15,115.13,-31.02000000000001,10.5,8.0,-2.5,0.0,0.0,0.0,0.0
98,0,0,0,0,0,0,0,0,0,0,0,1,0,0,0,0,0,0,0,0,0,0,1,0,0,0,0,0,0,0,0,0,0,0,0,0,0,0,0,0,-3.5,-3.5,0.0,132.12,133.1,0.9799999999999898,11.6,13.0,1.4000000000000004,0.0,-1.0,-1.0,0.0
98,0,0,0,0,0,0,0,0,0,0,0,1,0,0,0,0,0,0,0,0,0,0,0,0,0,0,0,0,0,0,0,0,0,0,0,1,0,0,0,0,-3.5,-0.8,2.7,132.12,105.09,-27.03,11.6,9.2,-2.4000000000000004,0.0,0.0,0.0,0.0
98,0,0,0,0,0,0,0,0,0,0,0,1,0,0,0,0,0,0,0,0,0,0,0,0,0,0,0,0,0,0,0,0,0,0,0,0,0,0,0,1,-3.5,-1.3,2.2,132.12,181.19,49.06999999999999,11.6,6.2,-5.3999999999999995,0.0,0.0,0.0,0.0
99,0,0,1,0,0,0,0,0,0,0,0,0,0,0,0,0,0,0,0,0,0,0,0,0,0,0,0,0,0,0,0,0,0,0,0,0,0,1,0,0,-3.5,4.2,7.7,133.1,117.15,-15.949999999999989,13.0,5.9,-7.1,-1.0,0.0,1.0,-0.5
99,0,0,1,0,0,0,0,0,0,0,0,0,0,0,0,0,0,0,0,0,0,0,0,0,0,0,0,0,0,0,0,1,0,0,0,0,0,0,0,0,-3.5,-3.5,0.0,133.1,132.12,-0.9799999999999898,13.0,11.6,-1.4000000000000004,-1.0,0.0,1.0,0.0
99,0,0,1,0,0,0,0,0,0,0,0,0,0,0,0,0,0,0,0,0,0,0,0,0,0,1,0,0,0,0,0,0,0,0,0,0,0,0,0,0,-3.5,-0.4,3.1,133.1,75.07,-58.03,13.0,9.0,-4.0,-1.0,0.0,1.0,-2.321928
99,0,0,1,0,0,0,0,0,0,0,0,0,0,0,0,0,0,0,0,0,0,0,0,1,0,0,0,0,0,0,0,0,0,0,0,0,0,0,0,0,-3.5,-3.5,0.0,133.1,147.13,14.03,13.0,12.3,-0.6999999999999993,-1.0,-1.0,0.0,0.0
100,0,0,0,0,0,0,0,0,0,1,0,0,0,0,0,0,0,0,0,0,0,0,0,0,1,0,0,0,0,0,0,0,0,0,0,0,0,0,0,0,3.8,2.8,-1.0,131.17,165.19,34.02000000000001,4.9,5.2,0.2999999999999998,0.0,0.0,0.0,0.0
100,0,0,0,0,0,0,0,0,0,1,0,0,0,0,0,0,0,0,0,0,0,0,0,0,0,0,0,0,0,0,1,0,0,0,0,0,0,0,0,0,3.8,1.9,-1.9,131.17,149.21,18.04000000000002,4.9,5.7,0.7999999999999998,0.0,0.0,0.0,0.0
100,0,0,0,0,0,0,0,0,0,1,0,0,0,0,0,0,0,0,0,0,0,0,0,0,0,0,0,0,0,0,0,0,0,0,0,0,0,1,0,0,3.8,4.2,0.4000000000000003,131.17,117.15,-14.019999999999982,4.9,5.9,1.0,0.0,0.0,0.0,0.0
100,0,0,0,0,0,0,0,0,0,1,0,0,0,0,0,0,0,0,0,0,0,0,0,0,0,0,0,0,0,0,0,0,0,0,0,1,0,0,0,0,3.8,-0.8,-4.6,131.17,105.09,-26.079999999999984,4.9,9.2,4.299999999999999,0.0,0.0,0.0,-2.321928
101,0,0,0,0,0,0,0,0,0,0,0,0,0,0,0,0,0,1,0,0,0,0,1,0,0,0,0,0,0,0,0,0,0,0,0,0,0,0,0,0,4.2,-3.5,-7.7,117.15,133.1,15.949999999999989,5.9,13.0,7.1,0.0,-1.0,-1.0,-1.0
101,0,0,0,0,0,0,0,0,0,0,0,0,0,0,0,0,0,1,0,0,0,0,0,0,0,1,0,0,0,0,0,0,0,0,0,0,0,0,0,0,4.2,-0.4,-4.6000000000000005,117.15,75.07,-42.08000000000001,5.9,9.0,3.0999999999999996,0.0,0.0,0.0,-5.321928
101,0,0,0,0,0,0,0,0,0,0,0,0,0,0,0,0,0,1,0,0,0,0,0,0,0,0,0,0,0,1,0,0,0,0,0,0,0,0,0,0,4.2,3.8,-0.4000000000000003,117.15,131.17,14.019999999999982,5.9,4.9,-1.0,0.0,0.0,0.0,-0.5
101,0,0,0,0,0,0,0,0,0,0,0,0,0,0,0,0,0,1,0,0,1,0,0,0,0,0,0,0,0,0,0,0,0,0,0,0,0,0,0,0,4.2,1.8,-2.4000000000000004,117.15,89.09,-28.06,5.9,8.1,2.1999999999999993,0.0,0.0,0.0,-0.833333333
102,0,0,0,1,0,0,0,0,0,0,0,0,0,0,0,0,0,0,0,0,0,0,0,0,0,1,0,0,0,0,0,0,0,0,0,0,0,0,0,0,-3.5,-0.4,3.1,147.13,75.07,-72.06,12.3,9.0,-3.3000000000000007,-1.0,0.0,1.0,-0.5
102,0,0,0,1,0,0,0,0,0,0,0,0,0,0,0,0,0,0,0,0,0,0,0,0,0,0,0,0,0,0,0,0,0,0,0,0,0,1,0,0,-3.5,4.2,7.7,147.13,117.15,-29.97999999999999,12.3,5.9,-6.4,-1.0,0.0,1.0,0.333333333
102,0,0,0,1,0,0,0,0,0,0,0,0,0,0,0,0,0,0,0,0,0,0,0,0,0,0,0,0,1,0,0,0,0,0,0,0,0,0,0,0,-3.5,-3.9,-0.3999999999999999,147.13,146.19,-0.9399999999999976,12.3,11.3,-1.0,-1.0,1.0,2.0,-0.666666667
102,0,0,0,1,0,0,0,0,0,0,0,0,0,0,0,0,0,0,0,0,0,0,1,0,0,0,0,0,0,0,0,0,0,0,0,0,0,0,0,0,-3.5,-3.5,0.0,147.13,133.1,-14.03,12.3,13.0,0.6999999999999993,-1.0,-1.0,0.0,0.0
103,0,0,0,0,0,0,0,0,0,0,0,0,0,0,0,0,0,0,0,1,0,0,0,0,0,0,1,0,0,0,0,0,0,0,0,0,0,0,0,0,-1.3,-3.2,-1.9,181.19,155.16,-26.03,6.2,10.4,4.2,0.0,0.5,0.5,-0.666666667
104,0,0,0,0,0,0,0,0,0,0,0,0,0,0,0,1,0,0,0,0,0,0,0,0,0,0,0,0,0,0,0,0,1,0,0,0,0,0,0,0,-0.8,-1.6,-0.8,105.09,115.13,10.039999999999992,9.2,8.0,-1.1999999999999993,0.0,0.0,0.0,-4.988594667
104,0,0,0,0,0,0,0,0,0,0,0,0,0,0,0,1,0,0,0,0,0,0,0,0,0,0,0,0,0,0,0,0,0,0,0,0,1,0,0,0,-0.8,-0.7,0.1,105.09,119.12,14.03,9.2,8.6,-0.5999999999999996,0.0,0.0,0.0,-2.321928
104,0,0,0,0,0,0,0,0,0,0,0,0,0,0,0,1,0,0,0,0,0,0,0,0,0,0,0,0,0,1,0,0,0,0,0,0,0,0,0,0,-0.8,3.8,4.6,105.09,131.17,26.079999999999984,9.2,4.9,-4.299999999999999,0.0,0.0,0.0,-5.321928
105,0,0,0,0,0,0,0,0,0,0,0,0,1,0,0,0,0,0,0,0,0,0,0,0,0,0,0,0,0,0,0,0,0,1,0,0,0,0,0,0,-1.6,-3.5,-1.9,115.13,146.15,31.02000000000001,8.0,10.5,2.5,0.0,0.0,0.0,-2.821928
105,0,0,0,0,0,0,0,0,0,0,0,0,1,0,0,0,0,0,0,0,0,0,0,0,0,0,0,0,0,1,0,0,0,0,0,0,0,0,0,0,-1.6,3.8,5.4,115.13,131.17,16.039999999999992,8.0,4.9,-3.0999999999999996,0.0,0.0,0.0,-1.440642667
105,0,0,0,0,0,0,0,0,0,0,0,0,1,0,0,0,0,0,0,0,0,0,0,0,0,0,0,0,0,0,0,0,0,0,1,0,0,0,0,0,-1.6,-4.5,-2.9,115.13,174.2,59.06999999999999,8.0,10.5,2.5,0.0,1.0,1.0,-2.321928
105,0,0,0,0,0,0,0,0,0,0,0,0,1,0,0,0,0,0,0,0,1,0,0,0,0,0,0,0,0,0,0,0,0,0,0,0,0,0,0,0,-1.6,1.8,3.4000000000000004,115.13,89.09,-26.039999999999992,8.0,8.1,0.0999999999999996,0.0,0.0,0.0,-2.321928
105,0,0,0,0,0,0,0,0,0,0,0,0,1,0,0,0,0,0,0,0,0,0,0,0,0,0,0,0,0,0,0,0,0,0,0,1,0,0,0,0,-1.6,-0.8,0.8,115.13,105.09,-10.039999999999992,8.0,9.2,1.1999999999999993,0.0,0.0,0.0,-2.6552613330000003
106,0,0,0,0,0,0,0,0,0,0,0,0,0,0,0,0,0,1,0,0,0,0,0,0,0,0,0,0,0,1,0,0,0,0,0,0,0,0,0,0,4.2,3.8,-0.4000000000000003,117.15,131.17,14.019999999999982,5.9,4.9,-1.0,0.0,0.0,0.0,0.0
106,0,0,0,0,0,0,0,0,0,0,0,0,0,0,0,0,0,1,0,0,0,0,0,0,0,0,0,1,0,0,0,0,0,0,0,0,0,0,0,0,4.2,4.5,0.2999999999999998,117.15,131.17,14.019999999999982,5.9,5.2,-0.7000000000000002,0.0,0.0,0.0,0.25
106,0,0,0,0,0,0,0,0,0,0,0,0,0,0,0,0,0,1,0,0,0,0,0,0,1,0,0,0,0,0,0,0,0,0,0,0,0,0,0,0,4.2,2.8,-1.4000000000000004,117.15,165.19,48.03999999999999,5.9,5.2,-0.7000000000000002,0.0,0.0,0.0,-1.0
106,0,0,0,0,0,0,0,0,0,0,0,0,0,0,0,0,0,1,0,0,1,0,0,0,0,0,0,0,0,0,0,0,0,0,0,0,0,0,0,0,4.2,1.8,-2.4000000000000004,117.15,89.09,-28.06,5.9,8.1,2.1999999999999993,0.0,0.0,0.0,-0.660964
106,0,0,0,0,0,0,0,0,0,0,0,0,0,0,0,0,0,1,0,0,0,0,1,0,0,0,0,0,0,0,0,0,0,0,0,0,0,0,0,0,4.2,-3.5,-7.7,117.15,133.1,15.949999999999989,5.9,13.0,7.1,0.0,-1.0,-1.0,-1.0
106,0,0,0,0,0,0,0,0,0,0,0,0,0,0,0,0,0,1,0,0,0,0,0,0,0,1,0,0,0,0,0,0,0,0,0,0,0,0,0,0,4.2,-0.4,-4.6000000000000005,117.15,75.07,-42.08000000000001,5.9,9.0,3.0999999999999996,0.0,0.0,0.0,-2.321928
107,0,0,0,0,0,0,0,0,0,0,0,0,0,0,0,0,1,0,0,0,0,0,0,0,0,0,0,0,0,0,0,0,0,0,0,1,0,0,0,0,-0.7,-0.8,-0.1,119.12,105.09,-14.03,8.6,9.2,0.5999999999999996,0.0,0.0,0.0,-0.333333333
107,0,0,0,0,0,0,0,0,0,0,0,0,0,0,0,0,1,0,0,0,0,0,0,0,0,0,0,1,0,0,0,0,0,0,0,0,0,0,0,0,-0.7,4.5,5.2,119.12,131.17,12.049999999999985,8.6,5.2,-3.3999999999999995,0.0,0.0,0.0,-1.440642667
107,0,0,0,0,0,0,0,0,0,0,0,0,0,0,0,0,1,0,0,0,1,0,0,0,0,0,0,0,0,0,0,0,0,0,0,0,0,0,0,0,-0.7,1.8,2.5,119.12,89.09,-30.03,8.6,8.1,-0.5,0.0,0.0,0.0,-0.333333333
108,0,0,0,1,0,0,0,0,0,0,0,0,0,0,0,0,0,0,0,0,0,0,1,0,0,0,0,0,0,0,0,0,0,0,0,0,0,0,0,0,-3.5,-3.5,0.0,147.13,133.1,-14.03,12.3,13.0,0.6999999999999993,-1.0,-1.0,0.0,0.0
108,0,0,0,1,0,0,0,0,0,0,0,0,0,0,0,0,0,0,0,0,0,0,0,0,0,0,0,0,1,0,0,0,0,0,0,0,0,0,0,0,-3.5,-3.9,-0.3999999999999999,147.13,146.19,-0.9399999999999976,12.3,11.3,-1.0,-1.0,1.0,2.0,0.0
109,0,0,0,0,0,0,0,0,1,0,0,0,0,0,0,0,0,0,0,0,0,0,0,0,0,0,0,0,0,0,0,0,0,0,1,0,0,0,0,0,-3.9,-4.5,-0.6000000000000001,146.19,174.2,28.00999999999999,11.3,10.5,-0.8000000000000007,1.0,1.0,0.0,0.0
109,0,0,0,0,0,0,0,0,1,0,0,0,0,0,0,0,0,0,0,0,0,0,0,0,0,0,0,0,0,0,0,0,0,1,0,0,0,0,0,0,-3.9,-3.5,0.3999999999999999,146.19,146.15,-0.039999999999992,11.3,10.5,-0.8000000000000007,1.0,0.0,-1.0,0.0
109,0,0,0,0,0,0,0,0,1,0,0,0,0,0,0,0,0,0,0,0,0,0,0,0,0,0,0,0,0,0,1,0,0,0,0,0,0,0,0,0,-3.9,1.9,5.8,146.19,149.21,3.0200000000000102,11.3,5.7,-5.6000000000000005,1.0,0.0,-1.0,0.0
109,0,0,0,0,0,0,0,0,1,0,0,0,0,0,0,0,0,0,0,0,0,0,0,0,0,0,0,0,0,0,0,1,0,0,0,0,0,0,0,0,-3.9,-3.5,0.3999999999999999,146.19,132.12,-14.069999999999991,11.3,11.6,0.2999999999999989,1.0,0.0,-1.0,0.0
109,0,0,0,0,0,0,0,0,1,0,0,0,0,0,0,0,0,0,0,0,0,0,0,1,0,0,0,0,0,0,0,0,0,0,0,0,0,0,0,0,-3.9,-3.5,0.3999999999999999,146.19,147.13,0.9399999999999976,11.3,12.3,1.0,1.0,-1.0,-2.0,-0.5
110,0,0,0,0,0,0,1,0,0,0,0,0,0,0,0,0,0,0,0,0,0,0,0,0,0,0,0,0,0,0,0,0,0,0,0,0,0,0,0,1,-3.2,-1.3,1.9,155.16,181.19,26.03,10.4,6.2,-4.2,0.5,0.0,-0.5,0.0
110,0,0,0,0,0,0,1,0,0,0,0,0,0,0,0,0,0,0,0,0,0,0,0,0,0,0,0,0,0,0,0,0,0,0,1,0,0,0,0,0,-3.2,-4.5,-1.2999999999999998,155.16,174.2,19.039999999999992,10.4,10.5,0.0999999999999996,0.5,1.0,0.5,-0.5
110,0,0,0,0,0,0,1,0,0,0,0,0,0,0,0,0,0,0,0,0,0,0,0,0,0,0,0,0,0,0,0,0,0,1,0,0,0,0,0,0,-3.2,-3.5,-0.2999999999999998,155.16,146.15,-9.009999999999993,10.4,10.5,0.0999999999999996,0.5,0.0,-0.5,-1.0
110,0,0,0,0,0,0,1,0,0,0,0,0,0,0,0,0,0,0,0,0,0,0,1,0,0,0,0,0,0,0,0,0,0,0,0,0,0,0,0,0,-3.2,-3.5,-0.2999999999999998,155.16,133.1,-22.06,10.4,13.0,2.5999999999999996,0.5,-1.0,-1.5,-2.321928
111,0,0,0,0,0,0,0,0,0,1,0,0,0,0,0,0,0,0,0,0,0,0,0,0,0,0,0,0,0,0,0,0,1,0,0,0,0,0,0,0,3.8,-1.6,-5.4,131.17,115.13,-16.039999999999992,4.9,8.0,3.0999999999999996,0.0,0.0,0.0,-0.5
111,0,0,0,0,0,0,0,0,0,1,0,0,0,0,0,0,0,0,0,0,0,0,0,0,0,0,1,0,0,0,0,0,0,0,0,0,0,0,0,0,3.8,-3.2,-7.0,131.17,155.16,23.99000000000001,4.9,10.4,5.5,0.0,0.5,0.5,-0.333333333
111,0,0,0,0,0,0,0,0,0,1,0,0,0,0,0,0,0,0,0,0,0,0,0,0,1,0,0,0,0,0,0,0,0,0,0,0,0,0,0,0,3.8,2.8,-1.0,131.17,165.19,34.02000000000001,4.9,5.2,0.2999999999999998,0.0,0.0,0.0,0.0
111,0,0,0,0,0,0,0,0,0,1,0,0,0,0,0,0,0,0,0,0,0,0,0,0,0,0,0,1,0,0,0,0,0,0,0,0,0,0,0,0,3.8,4.5,0.7000000000000002,131.17,131.17,0.0,4.9,5.2,0.2999999999999998,0.0,0.0,0.0,0.0
112,0,0,0,0,0,0,0,0,0,0,0,0,0,0,0,0,1,0,0,0,0,0,0,0,0,0,0,0,0,0,1,0,0,0,0,0,0,0,0,0,-0.7,1.9,2.5999999999999996,119.12,149.21,30.090000000000003,8.6,5.7,-2.8999999999999995,0.0,0.0,0.0,0.0
112,0,0,0,0,0,0,0,0,0,0,0,0,0,0,0,0,1,0,0,0,0,0,0,0,0,0,0,0,0,0,0,0,0,0,1,0,0,0,0,0,-0.7,-4.5,-3.8,119.12,174.2,55.079999999999984,8.6,10.5,1.9000000000000004,0.0,1.0,1.0,0.0
112,0,0,0,0,0,0,0,0,0,0,0,0,0,0,0,0,1,0,0,0,0,0,0,0,0,0,0,0,0,0,0,0,0,0,0,1,0,0,0,0,-0.7,-0.8,-0.1,119.12,105.09,-14.03,8.6,9.2,0.5999999999999996,0.0,0.0,0.0,0.0
113,0,0,1,0,0,0,0,0,0,0,0,0,0,0,0,0,0,0,0,0,0,0,0,1,0,0,0,0,0,0,0,0,0,0,0,0,0,0,0,0,-3.5,-3.5,0.0,133.1,147.13,14.03,13.0,12.3,-0.6999999999999993,-1.0,-1.0,0.0,-0.2
113,0,0,1,0,0,0,0,0,0,0,0,0,0,0,0,0,0,0,0,0,0,0,0,0,0,1,0,0,0,0,0,0,0,0,0,0,0,0,0,0,-3.5,-0.4,3.1,133.1,75.07,-58.03,13.0,9.0,-4.0,-1.0,0.0,1.0,0.0
113,0,0,1,0,0,0,0,0,0,0,0,0,0,0,0,0,0,0,0,0,0,0,0,0,0,0,0,0,0,0,0,0,0,0,0,0,0,1,0,0,-3.5,4.2,7.7,133.1,117.15,-15.949999999999989,13.0,5.9,-7.1,-1.0,0.0,1.0,-0.333333333
114,0,0,0,0,0,1,0,0,0,0,0,0,0,0,0,0,0,0,0,0,1,0,0,0,0,0,0,0,0,0,0,0,0,0,0,0,0,0,0,0,-0.4,1.8,2.2,75.07,89.09,14.02000000000001,9.0,8.1,-0.9000000000000004,0.0,0.0,0.0,0.0
114,0,0,0,0,0,1,0,0,0,0,0,0,0,0,0,0,0,0,0,0,0,0,0,0,0,0,0,0,0,0,0,0,0,0,0,1,0,0,0,0,-0.4,-0.8,-0.4,75.07,105.09,30.02000000000001,9.0,9.2,0.1999999999999993,0.0,0.0,0.0,-1.660964
114,0,0,0,0,0,1,0,0,0,0,0,0,0,0,0,0,0,0,0,0,0,0,0,0,0,0,0,0,0,0,0,0,0,0,0,0,0,1,0,0,-0.4,4.2,4.6000000000000005,75.07,117.15,42.08000000000001,9.0,5.9,-3.0999999999999996,0.0,0.0,0.0,-2.321928
114,0,0,0,0,0,1,0,0,0,0,0,0,0,0,0,0,0,0,0,0,0,0,1,0,0,0,0,0,0,0,0,0,0,0,0,0,0,0,0,0,-0.4,-3.5,-3.1,75.07,133.1,58.03,9.0,13.0,4.0,0.0,-1.0,-1.0,-3.321928
115,0,0,0,0,0,0,0,0,0,0,1,0,0,0,0,0,0,0,0,0,0,0,0,0,0,0,0,0,0,0,0,0,0,0,0,0,0,1,0,0,1.9,4.2,2.3000000000000003,149.21,117.15,-32.06,5.7,5.9,0.2000000000000001,0.0,0.0,0.0,-1.0
115,0,0,0,0,0,0,0,0,0,0,1,0,0,0,0,0,0,0,0,0,0,0,0,0,0,0,0,0,1,0,0,0,0,0,0,0,0,0,0,0,1.9,-3.9,-5.8,149.21,146.19,-3.0200000000000102,5.7,11.3,5.6000000000000005,0.0,1.0,1.0,-2.988594667
115,0,0,0,0,0,0,0,0,0,0,1,0,0,0,0,0,0,0,0,0,0,0,0,0,0,0,0,0,0,1,0,0,0,0,0,0,0,0,0,0,1.9,3.8,1.9,149.21,131.17,-18.04000000000002,5.7,4.9,-0.7999999999999998,0.0,0.0,0.0,-1.0
115,0,0,0,0,0,0,0,0,0,0,1,0,0,0,0,0,0,0,0,0,0,0,0,0,0,0,0,0,0,0,0,0,0,0,0,0,1,0,0,0,1.9,-0.7,-2.5999999999999996,149.21,119.12,-30.090000000000003,5.7,8.6,2.8999999999999995,0.0,0.0,0.0,-1.0
116,0,0,0,0,0,0,0,0,0,0,0,0,0,0,0,0,1,0,0,0,1,0,0,0,0,0,0,0,0,0,0,0,0,0,0,0,0,0,0,0,-0.7,1.8,2.5,119.12,89.09,-30.03,8.6,8.1,-0.5,0.0,0.0,0.0,-0.666666667
116,0,0,0,0,0,0,0,0,0,0,0,0,0,0,0,0,1,0,0,0,0,0,0,0,0,0,0,0,0,0,0,0,0,0,0,1,0,0,0,0,-0.7,-0.8,-0.1,119.12,105.09,-14.03,8.6,9.2,0.5999999999999996,0.0,0.0,0.0,0.0
116,0,0,0,0,0,0,0,0,0,0,0,0,0,0,0,0,1,0,0,0,0,0,0,0,0,0,0,0,0,0,0,0,0,0,1,0,0,0,0,0,-0.7,-4.5,-3.8,119.12,174.2,55.079999999999984,8.6,10.5,1.9000000000000004,0.0,1.0,1.0,-1.660964
116,0,0,0,0,0,0,0,0,0,0,0,0,0,0,0,0,1,0,0,0,0,0,0,0,0,0,0,1,0,0,0,0,0,0,0,0,0,0,0,0,-0.7,4.5,5.2,119.12,131.17,12.049999999999985,8.6,5.2,-3.3999999999999995,0.0,0.0,0.0,-1.0
117,0,0,0,0,0,0,0,0,0,0,0,0,0,0,0,0,0,1,0,0,0,0,0,0,0,0,0,1,0,0,0,0,0,0,0,0,0,0,0,0,4.2,4.5,0.2999999999999998,117.15,131.17,14.019999999999982,5.9,5.2,-0.7000000000000002,0.0,0.0,0.0,0.0
117,0,0,0,0,0,0,0,0,0,0,0,0,0,0,0,0,0,1,0,0,0,0,0,1,0,0,0,0,0,0,0,0,0,0,0,0,0,0,0,0,4.2,-3.5,-7.7,117.15,147.13,29.97999999999999,5.9,12.3,6.4,0.0,-1.0,-1.0,-5.321928
117,0,0,0,0,0,0,0,0,0,0,0,0,0,0,0,0,0,1,0,0,0,0,0,0,0,0,0,0,0,1,0,0,0,0,0,0,0,0,0,0,4.2,3.8,-0.4000000000000003,117.15,131.17,14.019999999999982,5.9,4.9,-1.0,0.0,0.0,0.0,0.0
118,0,0,0,0,0,0,0,0,0,0,0,0,0,0,1,0,0,0,0,0,0,0,0,0,0,1,0,0,0,0,0,0,0,0,0,0,0,0,0,0,-4.5,-0.4,4.1,174.2,75.07,-99.13,10.5,9.0,-1.5,1.0,0.0,-1.0,0.0
118,0,0,0,0,0,0,0,0,0,0,0,0,0,0,1,0,0,0,0,0,0,0,0,0,0,0,0,1,0,0,0,0,0,0,0,0,0,0,0,0,-4.5,4.5,9.0,174.2,131.17,-43.03,10.5,5.2,-5.3,1.0,0.0,-1.0,0.0
118,0,0,0,0,0,0,0,0,0,0,0,0,0,0,1,0,0,0,0,0,0,0,0,0,0,0,0,0,0,0,0,0,0,0,0,1,0,0,0,0,-4.5,-0.8,3.7,174.2,105.09,-69.10999999999999,10.5,9.2,-1.3000000000000007,1.0,0.0,-1.0,0.0
119,0,0,0,1,0,0,0,0,0,0,0,0,0,0,0,0,0,0,0,0,0,0,0,0,0,1,0,0,0,0,0,0,0,0,0,0,0,0,0,0,-3.5,-0.4,3.1,147.13,75.07,-72.06,12.3,9.0,-3.3000000000000007,-1.0,0.0,1.0,-1.0
119,0,0,0,1,0,0,0,0,0,0,0,0,0,0,0,0,0,0,0,0,0,0,0,0,0,0,0,0,1,0,0,0,0,0,0,0,0,0,0,0,-3.5,-3.9,-0.3999999999999999,147.13,146.19,-0.9399999999999976,12.3,11.3,-1.0,-1.0,1.0,2.0,-2.321928
119,0,0,0,1,0,0,0,0,0,0,0,0,0,0,0,0,0,0,0,0,0,0,1,0,0,0,0,0,0,0,0,0,0,0,0,0,0,0,0,0,-3.5,-3.5,0.0,147.13,133.1,-14.03,12.3,13.0,0.6999999999999993,-1.0,-1.0,0.0,0.0
120,0,0,0,0,0,0,0,0,0,1,0,0,0,0,0,0,0,0,0,0,0,0,0,0,1,0,0,0,0,0,0,0,0,0,0,0,0,0,0,0,3.8,2.8,-1.0,131.17,165.19,34.02000000000001,4.9,5.2,0.2999999999999998,0.0,0.0,0.0,-2.321928
120,0,0,0,0,0,0,0,0,0,1,0,0,0,0,0,0,0,0,0,0,0,0,0,0,0,0,0,0,0,0,0,0,0,0,0,1,0,0,0,0,3.8,-0.8,-4.6,131.17,105.09,-26.079999999999984,4.9,9.2,4.299999999999999,0.0,0.0,0.0,-3.821928
121,0,1,0,0,0,0,0,0,0,0,0,0,0,0,0,0,0,0,0,0,0,0,0,0,0,0,0,0,0,0,0,0,0,0,0,0,0,0,1,0,2.5,-0.9,-3.4,121.16,204.23,83.07,5.5,5.4,-0.0999999999999996,0.0,0.0,0.0,-5.321928
121,0,1,0,0,0,0,0,0,0,0,0,0,0,0,0,0,0,0,0,0,0,0,0,0,0,0,0,0,0,0,0,0,0,0,0,0,0,0,0,1,2.5,-1.3,-3.8,121.16,181.19,60.03,5.5,6.2,0.7000000000000002,0.0,0.0,0.0,-5.321928
121,0,1,0,0,0,0,0,0,0,0,0,0,0,0,0,0,0,0,0,0,0,0,0,0,0,0,0,0,0,0,0,0,0,0,0,1,0,0,0,0,2.5,-0.8,-3.3,121.16,105.09,-16.069999999999993,5.5,9.2,3.6999999999999993,0.0,0.0,0.0,-2.821928
121,0,1,0,0,0,0,0,0,0,0,0,0,0,0,0,0,0,0,0,0,0,0,0,0,0,0,0,0,0,0,0,0,0,0,1,0,0,0,0,0,2.5,-4.5,-7.0,121.16,174.2,53.03999999999999,5.5,10.5,5.0,0.0,1.0,1.0,-5.321928
122,0,0,0,0,0,0,0,0,0,0,0,0,0,0,0,1,0,0,0,0,0,0,0,0,0,0,0,0,0,0,0,0,0,0,1,0,0,0,0,0,-0.8,-4.5,-3.7,105.09,174.2,69.10999999999999,9.2,10.5,1.3000000000000007,0.0,1.0,1.0,0.0
122,0,0,0,0,0,0,0,0,0,0,0,0,0,0,0,1,0,0,0,0,0,0,0,0,0,0,0,0,0,0,0,1,0,0,0,0,0,0,0,0,-0.8,-3.5,-2.7,105.09,132.12,27.03,9.2,11.6,2.4000000000000004,0.0,0.0,0.0,-0.25
122,0,0,0,0,0,0,0,0,0,0,0,0,0,0,0,1,0,0,0,0,0,0,0,0,0,0,0,1,0,0,0,0,0,0,0,0,0,0,0,0,-0.8,4.5,5.3,105.09,131.17,26.079999999999984,9.2,5.2,-3.999999999999999,0.0,0.0,0.0,0.0
122,0,0,0,0,0,0,0,0,0,0,0,0,0,0,0,1,0,0,0,0,0,0,0,0,0,1,0,0,0,0,0,0,0,0,0,0,0,0,0,0,-0.8,-0.4,0.4,105.09,75.07,-30.02000000000001,9.2,9.0,-0.1999999999999993,0.0,0.0,0.0,0.0
122,0,0,0,0,0,0,0,0,0,0,0,0,0,0,0,1,0,0,0,0,0,1,0,0,0,0,0,0,0,0,0,0,0,0,0,0,0,0,0,0,-0.8,2.5,3.3,105.09,121.16,16.069999999999993,9.2,5.5,-3.6999999999999993,0.0,0.0,0.0,-0.666666667
123,1,0,0,0,0,0,0,0,0,0,0,0,0,0,0,0,0,0,0,0,0,0,1,0,0,0,0,0,0,0,0,0,0,0,0,0,0,0,0,0,1.8,-3.5,-5.3,89.09,133.1,44.00999999999999,8.1,13.0,4.9,0.0,-1.0,-1.0,-4.321928
123,1,0,0,0,0,0,0,0,0,0,0,0,0,0,0,0,0,0,0,0,0,0,0,0,0,1,0,0,0,0,0,0,0,0,0,0,0,0,0,0,1.8,-0.4,-2.2,89.09,75.07,-14.02000000000001,8.1,9.0,0.9000000000000004,0.0,0.0,0.0,-1.0
123,1,0,0,0,0,0,0,0,0,0,0,0,0,0,0,0,0,0,0,0,0,0,0,0,0,0,0,0,0,0,0,0,0,0,0,1,0,0,0,0,1.8,-0.8,-2.6,89.09,105.09,16.0,8.1,9.2,1.0999999999999996,0.0,0.0,0.0,-1.0
123,1,0,0,0,0,0,0,0,0,0,0,0,0,0,0,0,0,0,0,0,0,0,0,0,0,0,0,0,0,0,0,0,0,0,0,0,1,0,0,0,1.8,-0.7,-2.5,89.09,119.12,30.03,8.1,8.6,0.5,0.0,0.0,0.0,-2.321928
123,1,0,0,0,0,0,0,0,0,0,0,0,0,0,0,0,0,0,0,0,0,0,0,0,0,0,0,0,0,0,0,0,0,0,0,0,0,1,0,0,1.8,4.2,2.4000000000000004,89.09,117.15,28.06,8.1,5.9,-2.1999999999999993,0.0,0.0,0.0,-1.045989714
124,1,0,0,0,0,0,0,0,0,0,0,0,0,0,0,0,0,0,0,0,0,0,1,0,0,0,0,0,0,0,0,0,0,0,0,0,0,0,0,0,1.8,-3.5,-5.3,89.09,133.1,44.00999999999999,8.1,13.0,4.9,0.0,-1.0,-1.0,-5.321928
124,1,0,0,0,0,0,0,0,0,0,0,0,0,0,0,0,0,0,0,0,0,0,0,0,0,0,0,0,0,0,0,0,1,0,0,0,0,0,0,0,1.8,-1.6,-3.4000000000000004,89.09,115.13,26.039999999999992,8.1,8.0,-0.0999999999999996,0.0,0.0,0.0,-5.321928
124,1,0,0,0,0,0,0,0,0,0,0,0,0,0,0,0,0,0,0,0,0,0,0,0,0,0,0,0,0,0,0,0,0,0,0,1,0,0,0,0,1.8,-0.8,-2.6,89.09,105.09,16.0,8.1,9.2,1.0999999999999996,0.0,0.0,0.0,0.0
124,1,0,0,0,0,0,0,0,0,0,0,0,0,0,0,0,0,0,0,0,0,0,0,0,0,0,0,0,0,0,0,0,0,0,0,0,1,0,0,0,1.8,-0.7,-2.5,89.09,119.12,30.03,8.1,8.6,0.5,0.0,0.0,0.0,-0.25
124,1,0,0,0,0,0,0,0,0,0,0,0,0,0,0,0,0,0,0,0,0,0,0,0,0,0,0,0,0,0,0,0,0,0,0,0,0,1,0,0,1.8,4.2,2.4000000000000004,89.09,117.15,28.06,8.1,5.9,-2.1999999999999993,0.0,0.0,0.0,-0.5
125,0,0,0,0,0,0,0,1,0,0,0,0,0,0,0,0,0,0,0,0,0,0,0,0,0,0,0,0,0,0,0,0,0,0,0,0,0,1,0,0,4.5,4.2,-0.2999999999999998,131.17,117.15,-14.019999999999982,5.2,5.9,0.7000000000000002,0.0,0.0,0.0,0.0
125,0,0,0,0,0,0,0,1,0,0,0,0,0,0,0,0,0,0,0,0,0,0,0,0,0,0,0,0,0,0,1,0,0,0,0,0,0,0,0,0,4.5,1.9,-2.6,131.17,149.21,18.04000000000002,5.2,5.7,0.5,0.0,0.0,0.0,0.0
125,0,0,0,0,0,0,0,1,0,0,0,0,0,0,0,0,0,0,0,0,0,0,0,0,0,0,0,0,0,1,0,0,0,0,0,0,0,0,0,0,4.5,3.8,-0.7000000000000002,131.17,131.17,0.0,5.2,4.9,-0.2999999999999998,0.0,0.0,0.0,0.0
125,0,0,0,0,0,0,0,1,0,0,0,0,0,0,0,0,0,0,0,0,0,0,0,0,0,0,0,0,1,0,0,0,0,0,0,0,0,0,0,0,4.5,-3.9,-8.4,131.17,146.19,15.02000000000001,5.2,11.3,6.1000000000000005,0.0,1.0,1.0,-5.321928
125,0,0,0,0,0,0,0,1,0,0,0,0,0,0,0,0,0,0,0,0,0,0,0,0,0,0,0,0,0,0,0,0,0,0,0,0,1,0,0,0,4.5,-0.7,-5.2,131.17,119.12,-12.049999999999985,5.2,8.6,3.3999999999999995,0.0,0.0,0.0,-2.321928
126,0,0,0,0,0,0,0,0,0,0,0,0,0,0,0,0,1,0,0,0,0,0,0,0,0,0,0,0,0,0,0,1,0,0,0,0,0,0,0,0,-0.7,-3.5,-2.8,119.12,132.12,13.0,8.6,11.6,3.0,0.0,0.0,0.0,-2.321928
126,0,0,0,0,0,0,0,0,0,0,0,0,0,0,0,0,1,0,0,0,1,0,0,0,0,0,0,0,0,0,0,0,0,0,0,0,0,0,0,0,-0.7,1.8,2.5,119.12,89.09,-30.03,8.6,8.1,-0.5,0.0,0.0,0.0,-0.333333333
126,0,0,0,0,0,0,0,0,0,0,0,0,0,0,0,0,1,0,0,0,0,0,0,0,0,0,0,1,0,0,0,0,0,0,0,0,0,0,0,0,-0.7,4.5,5.2,119.12,131.17,12.049999999999985,8.6,5.2,-3.3999999999999995,0.0,0.0,0.0,-0.333333333
126,0,0,0,0,0,0,0,0,0,0,0,0,0,0,0,0,1,0,0,0,0,0,0,0,0,0,0,0,0,0,0,0,1,0,0,0,0,0,0,0,-0.7,-1.6,-0.9000000000000001,119.12,115.13,-3.990000000000009,8.6,8.0,-0.5999999999999996,0.0,0.0,0.0,-4.321928
126,0,0,0,0,0,0,0,0,0,0,0,0,0,0,0,0,1,0,0,0,0,0,0,0,0,0,0,0,0,0,0,0,0,0,0,1,0,0,0,0,-0.7,-0.8,-0.1,119.12,105.09,-14.03,8.6,9.2,0.5999999999999996,0.0,0.0,0.0,-0.75
127,0,0,0,0,0,0,0,0,0,0,1,0,0,0,0,0,0,0,0,0,0,0,0,0,0,0,0,0,0,0,0,0,0,0,0,0,0,1,0,0,1.9,4.2,2.3000000000000003,149.21,117.15,-32.06,5.7,5.9,0.2000000000000001,0.0,0.0,0.0,0.5
127,0,0,0,0,0,0,0,0,0,0,1,0,0,0,0,0,0,0,0,0,0,0,0,0,0,0,0,0,0,0,0,0,0,0,0,0,1,0,0,0,1.9,-0.7,-2.5999999999999996,149.21,119.12,-30.090000000000003,5.7,8.6,2.8999999999999995,0.0,0.0,0.0,-0.5
127,0,0,0,0,0,0,0,0,0,0,1,0,0,0,0,0,0,0,0,0,0,0,0,0,0,0,0,0,0,0,0,0,0,0,1,0,0,0,0,0,1.9,-4.5,-6.4,149.21,174.2,24.98999999999998,5.7,10.5,4.8,0.0,1.0,1.0,0.0
127,0,0,0,0,0,0,0,0,0,0,1,0,0,0,0,0,0,0,0,0,0,0,0,0,0,0,0,0,0,1,0,0,0,0,0,0,0,0,0,0,1.9,3.8,1.9,149.21,131.17,-18.04000000000002,5.7,4.9,-0.7999999999999998,0.0,0.0,0.0,0.0
127,0,0,0,0,0,0,0,0,0,0,1,0,0,0,0,0,0,0,0,0,0,0,0,0,0,0,0,0,1,0,0,0,0,0,0,0,0,0,0,0,1.9,-3.9,-5.8,149.21,146.19,-3.0200000000000102,5.7,11.3,5.6000000000000005,0.0,1.0,1.0,-0.333333333
127,0,0,0,0,0,0,0,0,0,0,1,0,0,0,0,0,0,0,0,0,0,0,0,0,0,0,0,1,0,0,0,0,0,0,0,0,0,0,0,0,1.9,4.5,2.6,149.21,131.17,-18.04000000000002,5.7,5.2,-0.5,0.0,0.0,0.0,0.0
128,0,0,0,0,0,0,0,0,0,0,0,0,0,0,0,1,0,0,0,0,0,1,0,0,0,0,0,0,0,0,0,0,0,0,0,0,0,0,0,0,-0.8,2.5,3.3,105.09,121.16,16.069999999999993,9.2,5.5,-3.6999999999999993,0.0,0.0,0.0,-5.321928
128,0,0,0,0,0,0,0,0,0,0,0,0,0,0,0,1,0,0,0,0,0,0,0,0,0,0,0,1,0,0,0,0,0,0,0,0,0,0,0,0,-0.8,4.5,5.3,105.09,131.17,26.079999999999984,9.2,5.2,-3.999999999999999,0.0,0.0,0.0,-3.160964
128,0,0,0,0,0,0,0,0,0,0,0,0,0,0,0,1,0,0,0,0,0,0,0,0,0,0,0,0,0,0,0,1,0,0,0,0,0,0,0,0,-0.8,-3.5,-2.7,105.09,132.12,27.03,9.2,11.6,2.4000000000000004,0.0,0.0,0.0,-5.321928
128,0,0,0,0,0,0,0,0,0,0,0,0,0,0,0,1,0,0,0,0,0,0,0,0,0,0,0,0,0,0,0,0,0,0,1,0,0,0,0,0,-0.8,-4.5,-3.7,105.09,174.2,69.10999999999999,9.2,10.5,1.3000000000000007,0.0,1.0,1.0,-5.321928
129,0,0,1,0,0,0,0,0,0,0,0,0,0,0,0,0,0,0,0,0,0,0,0,0,0,0,0,0,0,0,0,1,0,0,0,0,0,0,0,0,-3.5,-3.5,0.0,133.1,132.12,-0.9799999999999898,13.0,11.6,-1.4000000000000004,-1.0,0.0,1.0,-5.321928
129,0,0,1,0,0,0,0,0,0,0,0,0,0,0,0,0,0,0,0,0,0,0,0,0,0,1,0,0,0,0,0,0,0,0,0,0,0,0,0,0,-3.5,-0.4,3.1,133.1,75.07,-58.03,13.0,9.0,-4.0,-1.0,0.0,1.0,-5.321928
129,0,0,1,0,0,0,0,0,0,0,0,0,0,0,0,0,0,0,0,0,0,0,0,0,0,0,1,0,0,0,0,0,0,0,0,0,0,0,0,0,-3.5,-3.2,0.2999999999999998,133.1,155.16,22.06,13.0,10.4,-2.5999999999999996,-1.0,0.5,1.5,-5.321928
130,0,0,0,0,0,0,0,0,0,0,0,1,0,0,0,0,0,0,0,0,0,0,0,0,0,0,0,1,0,0,0,0,0,0,0,0,0,0,0,0,-3.5,4.5,8.0,132.12,131.17,-0.950000000000017,11.6,5.2,-6.3999999999999995,0.0,0.0,0.0,-5.321928
130,0,0,0,0,0,0,0,0,0,0,0,1,0,0,0,0,0,0,0,0,0,0,0,0,0,0,0,0,0,0,0,0,0,0,0,0,0,0,0,1,-3.5,-1.3,2.2,132.12,181.19,49.06999999999999,11.6,6.2,-5.3999999999999995,0.0,0.0,0.0,-4.321928
130,0,0,0,0,0,0,0,0,0,0,0,1,0,0,0,0,0,0,0,0,0,0,0,0,0,0,0,0,0,0,0,0,0,0,0,1,0,0,0,0,-3.5,-0.8,2.7,132.12,105.09,-27.03,11.6,9.2,-2.4000000000000004,0.0,0.0,0.0,-3.321928
130,0,0,0,0,0,0,0,0,0,0,0,1,0,0,0,0,0,0,0,0,0,0,0,0,0,0,0,0,1,0,0,0,0,0,0,0,0,0,0,0,-3.5,-3.9,-0.3999999999999999,132.12,146.19,14.069999999999991,11.6,11.3,-0.2999999999999989,0.0,1.0,1.0,-5.321928
131,0,0,0,0,0,0,0,0,0,0,0,0,0,0,0,0,1,0,0,0,1,0,0,0,0,0,0,0,0,0,0,0,0,0,0,0,0,0,0,0,-0.7,1.8,2.5,119.12,89.09,-30.03,8.6,8.1,-0.5,0.0,0.0,0.0,-1.160964
131,0,0,0,0,0,0,0,0,0,0,0,0,0,0,0,0,1,0,0,0,0,0,0,0,0,0,0,0,0,0,0,0,0,0,0,1,0,0,0,0,-0.7,-0.8,-0.1,119.12,105.09,-14.03,8.6,9.2,0.5999999999999996,0.0,0.0,0.0,0.0
131,0,0,0,0,0,0,0,0,0,0,0,0,0,0,0,0,1,0,0,0,0,0,0,0,0,0,0,1,0,0,0,0,0,0,0,0,0,0,0,0,-0.7,4.5,5.2,119.12,131.17,12.049999999999985,8.6,5.2,-3.3999999999999995,0.0,0.0,0.0,-5.321928
131,0,0,0,0,0,0,0,0,0,0,0,0,0,0,0,0,1,0,0,0,0,0,0,0,0,0,0,0,0,0,0,1,0,0,0,0,0,0,0,0,-0.7,-3.5,-2.8,119.12,132.12,13.0,8.6,11.6,3.0,0.0,0.0,0.0,-3.321928
132,1,0,0,0,0,0,0,0,0,0,0,0,0,0,0,0,0,0,0,0,0,0,0,0,0,0,0,0,0,0,0,0,0,0,0,0,1,0,0,0,1.8,-0.7,-2.5,89.09,119.12,30.03,8.1,8.6,0.5,0.0,0.0,0.0,-5.321928
132,1,0,0,0,0,0,0,0,0,0,0,0,0,0,0,0,0,0,0,0,0,0,0,1,0,0,0,0,0,0,0,0,0,0,0,0,0,0,0,0,1.8,-3.5,-5.3,89.09,147.13,58.03999999999999,8.1,12.3,4.200000000000001,0.0,-1.0,-1.0,-5.321928
132,1,0,0,0,0,0,0,0,0,0,0,0,0,0,0,0,0,0,0,0,0,0,0,0,0,0,0,0,0,0,0,0,0,0,0,0,0,1,0,0,1.8,4.2,2.4000000000000004,89.09,117.15,28.06,8.1,5.9,-2.1999999999999993,0.0,0.0,0.0,-5.321928
132,1,0,0,0,0,0,0,0,0,0,0,0,0,0,0,0,0,0,0,0,0,0,0,0,0,1,0,0,0,0,0,0,0,0,0,0,0,0,0,0,1.8,-0.4,-2.2,89.09,75.07,-14.02000000000001,8.1,9.0,0.9000000000000004,0.0,0.0,0.0,-2.321928
132,1,0,0,0,0,0,0,0,0,0,0,0,0,0,0,0,0,0,0,0,0,0,0,0,0,0,0,0,0,0,0,0,0,0,0,1,0,0,0,0,1.8,-0.8,-2.6,89.09,105.09,16.0,8.1,9.2,1.0999999999999996,0.0,0.0,0.0,0.0
133,1,0,0,0,0,0,0,0,0,0,0,0,0,0,0,0,0,0,0,0,0,0,0,0,0,0,0,0,0,0,0,0,0,0,0,0,0,1,0,0,1.8,4.2,2.4000000000000004,89.09,117.15,28.06,8.1,5.9,-2.1999999999999993,0.0,0.0,0.0,-3.821928
133,1,0,0,0,0,0,0,0,0,0,0,0,0,0,0,0,0,0,0,0,0,0,0,0,0,0,0,0,0,0,0,0,0,0,0,0,1,0,0,0,1.8,-0.7,-2.5,89.09,119.12,30.03,8.1,8.6,0.5,0.0,0.0,0.0,0.0
134,0,0,0,0,0,0,0,0,0,0,0,1,0,0,0,0,0,0,0,0,0,0,0,0,0,0,0,1,0,0,0,0,0,0,0,0,0,0,0,0,-3.5,4.5,8.0,132.12,131.17,-0.950000000000017,11.6,5.2,-6.3999999999999995,0.0,0.0,0.0,-4.321928
134,0,0,0,0,0,0,0,0,0,0,0,1,0,0,0,0,0,0,0,0,0,0,0,0,0,0,0,0,0,0,0,0,0,0,0,1,0,0,0,0,-3.5,-0.8,2.7,132.12,105.09,-27.03,11.6,9.2,-2.4000000000000004,0.0,0.0,0.0,-4.321928
135,0,0,0,0,0,0,0,0,0,1,0,0,0,0,0,0,0,0,0,0,0,0,0,0,0,0,0,0,0,0,0,0,0,0,0,1,0,0,0,0,3.8,-0.8,-4.6,131.17,105.09,-26.079999999999984,4.9,9.2,4.299999999999999,0.0,0.0,0.0,-3.321928
135,0,0,0,0,0,0,0,0,0,1,0,0,0,0,0,0,0,0,0,0,0,0,0,0,0,0,0,1,0,0,0,0,0,0,0,0,0,0,0,0,3.8,4.5,0.7000000000000002,131.17,131.17,0.0,4.9,5.2,0.2999999999999998,0.0,0.0,0.0,0.0
135,0,0,0,0,0,0,0,0,0,1,0,0,0,0,0,0,0,0,0,0,0,0,0,0,1,0,0,0,0,0,0,0,0,0,0,0,0,0,0,0,3.8,2.8,-1.0,131.17,165.19,34.02000000000001,4.9,5.2,0.2999999999999998,0.0,0.0,0.0,-2.321928
136,0,0,0,0,0,0,0,0,0,1,0,0,0,0,0,0,0,0,0,0,0,0,0,0,0,0,0,0,0,0,0,0,0,0,1,0,0,0,0,0,3.8,-4.5,-8.3,131.17,174.2,43.03,4.9,10.5,5.6,0.0,1.0,1.0,-5.321928
136,0,0,0,0,0,0,0,0,0,1,0,0,0,0,0,0,0,0,0,0,0,0,0,0,0,0,1,0,0,0,0,0,0,0,0,0,0,0,0,0,3.8,-3.2,-7.0,131.17,155.16,23.99000000000001,4.9,10.4,5.5,0.0,0.5,0.5,-5.321928
136,0,0,0,0,0,0,0,0,0,1,0,0,0,0,0,0,0,0,0,0,0,0,0,0,0,0,0,0,0,0,0,0,1,0,0,0,0,0,0,0,3.8,-1.6,-5.4,131.17,115.13,-16.039999999999992,4.9,8.0,3.0999999999999996,0.0,0.0,0.0,-5.321928
137,0,0,0,0,0,0,0,0,0,1,0,0,0,0,0,0,0,0,0,0,0,0,0,0,0,0,0,0,0,0,1,0,0,0,0,0,0,0,0,0,3.8,1.9,-1.9,131.17,149.21,18.04000000000002,4.9,5.7,0.7999999999999998,0.0,0.0,0.0,0.0
137,0,0,0,0,0,0,0,0,0,1,0,0,0,0,0,0,0,0,0,0,0,0,0,0,0,0,0,0,0,0,0,0,1,0,0,0,0,0,0,0,3.8,-1.6,-5.4,131.17,115.13,-16.039999999999992,4.9,8.0,3.0999999999999996,0.0,0.0,0.0,-5.321928
137,0,0,0,0,0,0,0,0,0,1,0,0,0,0,0,0,0,0,0,0,0,0,0,0,0,0,0,0,0,0,0,0,0,1,0,0,0,0,0,0,3.8,-3.5,-7.3,131.17,146.15,14.980000000000018,4.9,10.5,5.6,0.0,0.0,0.0,-2.488594667
137,0,0,0,0,0,0,0,0,0,1,0,0,0,0,0,0,0,0,0,0,0,0,0,0,0,0,0,0,0,0,0,0,0,0,1,0,0,0,0,0,3.8,-4.5,-8.3,131.17,174.2,43.03,4.9,10.5,5.6,0.0,1.0,1.0,-5.321928
138,0,0,0,0,0,0,0,0,0,0,0,0,0,0,0,0,1,0,0,0,1,0,0,0,0,0,0,0,0,0,0,0,0,0,0,0,0,0,0,0,-0.7,1.8,2.5,119.12,89.09,-30.03,8.6,8.1,-0.5,0.0,0.0,0.0,0.0
138,0,0,0,0,0,0,0,0,0,0,0,0,0,0,0,0,1,0,0,0,0,0,0,0,0,0,0,1,0,0,0,0,0,0,0,0,0,0,0,0,-0.7,4.5,5.2,119.12,131.17,12.049999999999985,8.6,5.2,-3.3999999999999995,0.0,0.0,0.0,0.0
138,0,0,0,0,0,0,0,0,0,0,0,0,0,0,0,0,1,0,0,0,0,0,0,0,0,0,0,0,0,0,0,0,0,0,1,0,0,0,0,0,-0.7,-4.5,-3.8,119.12,174.2,55.079999999999984,8.6,10.5,1.9000000000000004,0.0,1.0,1.0,0.0
138,0,0,0,0,0,0,0,0,0,0,0,0,0,0,0,0,1,0,0,0,0,0,0,0,0,0,0,0,1,0,0,0,0,0,0,0,0,0,0,0,-0.7,-3.9,-3.2,119.12,146.19,27.069999999999993,8.6,11.3,2.700000000000001,0.0,1.0,1.0,0.0
139,0,0,0,0,0,0,0,0,0,0,0,0,0,0,0,0,1,0,0,0,1,0,0,0,0,0,0,0,0,0,0,0,0,0,0,0,0,0,0,0,-0.7,1.8,2.5,119.12,89.09,-30.03,8.6,8.1,-0.5,0.0,0.0,0.0,0.333333333
139,0,0,0,0,0,0,0,0,0,0,0,0,0,0,0,0,1,0,0,0,0,0,0,0,0,0,0,0,0,0,1,0,0,0,0,0,0,0,0,0,-0.7,1.9,2.5999999999999996,119.12,149.21,30.090000000000003,8.6,5.7,-2.8999999999999995,0.0,0.0,0.0,-0.5
139,0,0,0,0,0,0,0,0,0,0,0,0,0,0,0,0,1,0,0,0,0,0,0,0,0,0,0,0,0,0,0,0,0,0,0,1,0,0,0,0,-0.7,-0.8,-0.1,119.12,105.09,-14.03,8.6,9.2,0.5999999999999996,0.0,0.0,0.0,0.0
140,0,0,0,0,0,0,0,1,0,0,0,0,0,0,0,0,0,0,0,0,0,0,0,0,1,0,0,0,0,0,0,0,0,0,0,0,0,0,0,0,4.5,2.8,-1.7000000000000002,131.17,165.19,34.02000000000001,5.2,5.2,0.0,0.0,0.0,0.0,-0.428571429
140,0,0,0,0,0,0,0,1,0,0,0,0,0,0,0,0,0,0,0,0,0,0,0,0,0,0,0,0,0,0,0,0,0,0,0,0,1,0,0,0,4.5,-0.7,-5.2,131.17,119.12,-12.049999999999985,5.2,8.6,3.3999999999999995,0.0,0.0,0.0,-1.660964
140,0,0,0,0,0,0,0,1,0,0,0,0,0,0,0,0,0,0,0,0,0,0,0,0,0,0,0,0,0,0,0,0,0,0,0,0,0,1,0,0,4.5,4.2,-0.2999999999999998,131.17,117.15,-14.019999999999982,5.2,5.9,0.7000000000000002,0.0,0.0,0.0,0.0
140,0,0,0,0,0,0,0,1,0,0,0,0,0,0,0,0,0,0,0,0,0,0,0,0,0,0,0,0,0,0,0,1,0,0,0,0,0,0,0,0,4.5,-3.5,-8.0,131.17,132.12,0.950000000000017,5.2,11.6,6.3999999999999995,0.0,0.0,0.0,-2.6552613330000003
141,0,0,0,0,0,1,0,0,0,0,0,0,0,0,0,0,0,0,0,0,0,0,0,1,0,0,0,0,0,0,0,0,0,0,0,0,0,0,0,0,-0.4,-3.5,-3.1,75.07,147.13,72.06,9.0,12.3,3.3000000000000007,0.0,-1.0,-1.0,-1.0
141,0,0,0,0,0,1,0,0,0,0,0,0,0,0,0,0,0,0,0,0,0,0,0,0,0,0,0,0,0,0,0,0,0,0,1,0,0,0,0,0,-0.4,-4.5,-4.1,75.07,174.2,99.13,9.0,10.5,1.5,0.0,1.0,1.0,-0.666666667
142,0,0,0,0,0,1,0,0,0,0,0,0,0,0,0,0,0,0,0,0,1,0,0,0,0,0,0,0,0,0,0,0,0,0,0,0,0,0,0,0,-0.4,1.8,2.2,75.07,89.09,14.02000000000001,9.0,8.1,-0.9000000000000004,0.0,0.0,0.0,-3.321928
142,0,0,0,0,0,1,0,0,0,0,0,0,0,0,0,0,0,0,0,0,0,0,0,0,0,0,0,0,0,0,0,0,0,0,1,0,0,0,0,0,-0.4,-4.5,-4.1,75.07,174.2,99.13,9.0,10.5,1.5,0.0,1.0,1.0,-3.321928
142,0,0,0,0,0,1,0,0,0,0,0,0,0,0,0,0,0,0,0,0,0,0,0,0,0,0,0,0,0,0,0,0,0,0,0,0,0,1,0,0,-0.4,4.2,4.6000000000000005,75.07,117.15,42.08000000000001,9.0,5.9,-3.0999999999999996,0.0,0.0,0.0,-5.321928
143,0,0,0,0,0,0,0,0,0,0,0,0,1,0,0,0,0,0,0,0,0,0,0,0,0,0,0,0,0,0,0,0,0,0,0,1,0,0,0,0,-1.6,-0.8,0.8,115.13,105.09,-10.039999999999992,8.0,9.2,1.1999999999999993,0.0,0.0,0.0,-2.101606667
143,0,0,0,0,0,0,0,0,0,0,0,0,1,0,0,0,0,0,0,0,0,0,0,0,0,0,0,0,0,0,0,0,0,1,0,0,0,0,0,0,-1.6,-3.5,-1.9,115.13,146.15,31.02000000000001,8.0,10.5,2.5,0.0,0.0,0.0,-1.0
143,0,0,0,0,0,0,0,0,0,0,0,0,1,0,0,0,0,0,0,0,0,0,0,0,0,0,0,0,0,1,0,0,0,0,0,0,0,0,0,0,-1.6,3.8,5.4,115.13,131.17,16.039999999999992,8.0,4.9,-3.0999999999999996,0.0,0.0,0.0,-3.1552613330000003
143,0,0,0,0,0,0,0,0,0,0,0,0,1,0,0,0,0,0,0,0,1,0,0,0,0,0,0,0,0,0,0,0,0,0,0,0,0,0,0,0,-1.6,1.8,3.4000000000000004,115.13,89.09,-26.039999999999992,8.0,8.1,0.0999999999999996,0.0,0.0,0.0,-1.0
144,0,0,0,0,0,0,0,0,1,0,0,0,0,0,0,0,0,0,0,0,0,0,0,0,0,0,0,0,0,0,0,1,0,0,0,0,0,0,0,0,-3.9,-3.5,0.3999999999999999,146.19,132.12,-14.069999999999991,11.3,11.6,0.2999999999999989,1.0,0.0,-1.0,0.0
144,0,0,0,0,0,0,0,0,1,0,0,0,0,0,0,0,0,0,0,0,0,0,0,1,0,0,0,0,0,0,0,0,0,0,0,0,0,0,0,0,-3.9,-3.5,0.3999999999999999,146.19,147.13,0.9399999999999976,11.3,12.3,1.0,1.0,-1.0,-2.0,0.0
144,0,0,0,0,0,0,0,0,1,0,0,0,0,0,0,0,0,0,0,0,0,0,0,0,0,0,0,0,0,0,1,0,0,0,0,0,0,0,0,0,-3.9,1.9,5.8,146.19,149.21,3.0200000000000102,11.3,5.7,-5.6000000000000005,1.0,0.0,-1.0,-1.107309333
145,0,0,0,1,0,0,0,0,0,0,0,0,0,0,0,0,0,0,0,0,0,0,0,0,0,0,0,0,1,0,0,0,0,0,0,0,0,0,0,0,-3.5,-3.9,-0.3999999999999999,147.13,146.19,-0.9399999999999976,12.3,11.3,-1.0,-1.0,1.0,2.0,0.0
145,0,0,0,1,0,0,0,0,0,0,0,0,0,0,0,0,0,0,0,0,0,0,0,0,0,0,0,0,0,0,0,0,0,0,0,0,0,1,0,0,-3.5,4.2,7.7,147.13,117.15,-29.97999999999999,12.3,5.9,-6.4,-1.0,0.0,1.0,0.0
145,0,0,0,1,0,0,0,0,0,0,0,0,0,0,0,0,0,0,0,0,0,0,0,0,0,0,0,0,0,0,0,0,0,1,0,0,0,0,0,0,-3.5,-3.5,0.0,147.13,146.15,-0.9799999999999898,12.3,10.5,-1.8000000000000007,-1.0,0.0,1.0,-1.0
145,0,0,0,1,0,0,0,0,0,0,0,0,0,0,0,0,0,0,0,0,0,0,0,0,0,1,0,0,0,0,0,0,0,0,0,0,0,0,0,0,-3.5,-0.4,3.1,147.13,75.07,-72.06,12.3,9.0,-3.3000000000000007,-1.0,0.0,1.0,0.2
146,0,0,0,0,0,0,0,0,0,1,0,0,0,0,0,0,0,0,0,0,0,0,0,0,0,0,0,0,0,0,0,0,1,0,0,0,0,0,0,0,3.8,-1.6,-5.4,131.17,115.13,-16.039999999999992,4.9,8.0,3.0999999999999996,0.0,0.0,0.0,-5.321928
146,0,0,0,0,0,0,0,0,0,1,0,0,0,0,0,0,0,0,0,0,0,0,0,0,0,0,0,0,0,0,0,0,0,1,0,0,0,0,0,0,3.8,-3.5,-7.3,131.17,146.15,14.980000000000018,4.9,10.5,5.6,0.0,0.0,0.0,-3.321928
147,0,0,0,0,0,0,0,0,0,0,0,0,0,0,0,0,1,0,0,0,0,0,0,0,0,0,0,0,0,0,0,1,0,0,0,0,0,0,0,0,-0.7,-3.5,-2.8,119.12,132.12,13.0,8.6,11.6,3.0,0.0,0.0,0.0,0.0
147,0,0,0,0,0,0,0,0,0,0,0,0,0,0,0,0,1,0,0,0,0,0,0,0,0,0,0,1,0,0,0,0,0,0,0,0,0,0,0,0,-0.7,4.5,5.2,119.12,131.17,12.049999999999985,8.6,5.2,-3.3999999999999995,0.0,0.0,0.0,-1.0
147,0,0,0,0,0,0,0,0,0,0,0,0,0,0,0,0,1,0,0,0,1,0,0,0,0,0,0,0,0,0,0,0,0,0,0,0,0,0,0,0,-0.7,1.8,2.5,119.12,89.09,-30.03,8.6,8.1,-0.5,0.0,0.0,0.0,-0.75
148,1,0,0,0,0,0,0,0,0,0,0,0,0,0,0,0,0,0,0,0,0,0,0,0,0,0,0,0,0,0,0,0,0,0,0,0,0,1,0,0,1.8,4.2,2.4000000000000004,89.09,117.15,28.06,8.1,5.9,-2.1999999999999993,0.0,0.0,0.0,0.0
148,1,0,0,0,0,0,0,0,0,0,0,0,0,0,0,0,0,0,0,0,0,0,0,0,0,0,0,0,0,0,0,0,0,0,0,0,1,0,0,0,1.8,-0.7,-2.5,89.09,119.12,30.03,8.1,8.6,0.5,0.0,0.0,0.0,0.25
149,0,0,0,0,1,0,0,0,0,0,0,0,0,0,0,0,0,0,0,0,0,0,0,0,0,0,0,0,0,0,0,0,0,0,0,0,0,0,0,1,2.8,-1.3,-4.1,165.19,181.19,16.0,5.2,6.2,1.0,0.0,0.0,0.0,0.0
149,0,0,0,0,1,0,0,0,0,0,0,0,0,0,0,0,0,0,0,0,0,0,0,0,0,0,0,0,0,0,0,0,0,0,0,1,0,0,0,0,2.8,-0.8,-3.5999999999999996,165.19,105.09,-60.099999999999994,5.2,9.2,3.999999999999999,0.0,0.0,0.0,-1.0
149,0,0,0,0,1,0,0,0,0,0,0,0,0,0,0,0,0,0,0,0,0,0,0,0,0,0,0,0,0,1,0,0,0,0,0,0,0,0,0,0,2.8,3.8,1.0,165.19,131.17,-34.02000000000001,5.2,4.9,-0.2999999999999998,0.0,0.0,0.0,-0.428571429
149,0,0,0,0,1,0,0,0,0,0,0,0,0,0,0,0,0,0,0,0,0,0,0,0,0,0,0,1,0,0,0,0,0,0,0,0,0,0,0,0,2.8,4.5,1.7000000000000002,165.19,131.17,-34.02000000000001,5.2,5.2,0.0,0.0,0.0,0.0,-0.25
149,0,0,0,0,1,0,0,0,0,0,0,0,0,0,0,0,0,0,0,0,0,0,0,0,0,0,0,0,0,0,0,0,0,0,0,0,0,1,0,0,2.8,4.2,1.4000000000000004,165.19,117.15,-48.03999999999999,5.2,5.9,0.7000000000000002,0.0,0.0,0.0,-0.5
150,0,0,0,0,0,0,0,0,0,1,0,0,0,0,0,0,0,0,0,0,0,0,0,0,0,0,0,0,0,0,1,0,0,0,0,0,0,0,0,0,3.8,1.9,-1.9,131.17,149.21,18.04000000000002,4.9,5.7,0.7999999999999998,0.0,0.0,0.0,0.333333333
150,0,0,0,0,0,0,0,0,0,1,0,0,0,0,0,0,0,0,0,0,0,0,0,0,0,0,0,0,0,0,0,0,0,0,0,0,0,0,1,0,3.8,-0.9,-4.7,131.17,204.23,73.06,4.9,5.4,0.5,0.0,0.0,0.0,-1.0
150,0,0,0,0,0,0,0,0,0,1,0,0,0,0,0,0,0,0,0,0,0,0,0,0,1,0,0,0,0,0,0,0,0,0,0,0,0,0,0,0,3.8,2.8,-1.0,131.17,165.19,34.02000000000001,4.9,5.2,0.2999999999999998,0.0,0.0,0.0,0.0
150,0,0,0,0,0,0,0,0,0,1,0,0,0,0,0,0,0,0,0,0,0,0,0,0,0,0,0,0,0,0,0,0,0,0,0,1,0,0,0,0,3.8,-0.8,-4.6,131.17,105.09,-26.079999999999984,4.9,9.2,4.299999999999999,0.0,0.0,0.0,-1.0
151,0,0,0,0,0,0,1,0,0,0,0,0,0,0,0,0,0,0,0,0,0,0,0,0,0,0,0,0,0,1,0,0,0,0,0,0,0,0,0,0,-3.2,3.8,7.0,155.16,131.17,-23.99000000000001,10.4,4.9,-5.5,0.5,0.0,-0.5,-0.5
151,0,0,0,0,0,0,1,0,0,0,0,0,0,0,0,0,0,0,0,0,0,0,0,0,0,0,0,0,0,0,0,0,0,1,0,0,0,0,0,0,-3.2,-3.5,-0.2999999999999998,155.16,146.15,-9.009999999999993,10.4,10.5,0.0999999999999996,0.5,0.0,-0.5,0.0
151,0,0,0,0,0,0,1,0,0,0,0,0,0,0,0,0,0,0,0,0,0,0,0,0,0,0,0,0,0,0,0,0,0,0,1,0,0,0,0,0,-3.2,-4.5,-1.2999999999999998,155.16,174.2,19.039999999999992,10.4,10.5,0.0999999999999996,0.5,1.0,0.5,0.0
151,0,0,0,0,0,0,1,0,0,0,0,0,0,0,0,0,0,0,0,0,0,0,0,0,0,0,0,0,0,0,0,0,0,0,0,0,0,0,0,1,-3.2,-1.3,1.9,155.16,181.19,26.03,10.4,6.2,-4.2,0.5,0.0,-0.5,0.0
152,0,0,0,0,0,0,0,0,0,0,0,1,0,0,0,0,0,0,0,0,0,0,0,0,0,0,1,0,0,0,0,0,0,0,0,0,0,0,0,0,-3.5,-3.2,0.2999999999999998,132.12,155.16,23.039999999999992,11.6,10.4,-1.1999999999999993,0.0,0.5,0.5,0.0
152,0,0,0,0,0,0,0,0,0,0,0,1,0,0,0,0,0,0,0,0,0,0,0,0,0,0,0,1,0,0,0,0,0,0,0,0,0,0,0,0,-3.5,4.5,8.0,132.12,131.17,-0.950000000000017,11.6,5.2,-6.3999999999999995,0.0,0.0,0.0,0.0
152,0,0,0,0,0,0,0,0,0,0,0,1,0,0,0,0,0,0,0,0,0,0,0,0,0,0,0,0,1,0,0,0,0,0,0,0,0,0,0,0,-3.5,-3.9,-0.3999999999999999,132.12,146.19,14.069999999999991,11.6,11.3,-0.2999999999999989,0.0,1.0,1.0,-2.321928
152,0,0,0,0,0,0,0,0,0,0,0,1,0,0,0,0,0,0,0,0,0,0,1,0,0,0,0,0,0,0,0,0,0,0,0,0,0,0,0,0,-3.5,-3.5,0.0,132.12,133.1,0.9799999999999898,11.6,13.0,1.4000000000000004,0.0,-1.0,-1.0,-0.5
152,0,0,0,0,0,0,0,0,0,0,0,1,0,0,0,0,0,0,0,0,0,0,0,0,0,0,0,0,0,0,0,0,0,0,0,1,0,0,0,0,-3.5,-0.8,2.7,132.12,105.09,-27.03,11.6,9.2,-2.4000000000000004,0.0,0.0,0.0,0.333333333
152,0,0,0,0,0,0,0,0,0,0,0,1,0,0,0,0,0,0,0,0,0,0,0,0,0,0,0,0,0,0,0,0,0,0,0,0,0,0,0,1,-3.5,-1.3,2.2,132.12,181.19,49.06999999999999,11.6,6.2,-5.3999999999999995,0.0,0.0,0.0,0.0
153,0,0,0,0,0,0,0,0,0,0,1,0,0,0,0,0,0,0,0,0,0,0,0,0,0,0,0,0,1,0,0,0,0,0,0,0,0,0,0,0,1.9,-3.9,-5.8,149.21,146.19,-3.0200000000000102,5.7,11.3,5.6000000000000005,0.0,1.0,1.0,-0.333333333
153,0,0,0,0,0,0,0,0,0,0,1,0,0,0,0,0,0,0,0,0,0,0,0,0,0,0,0,0,0,1,0,0,0,0,0,0,0,0,0,0,1.9,3.8,1.9,149.21,131.17,-18.04000000000002,5.7,4.9,-0.7999999999999998,0.0,0.0,0.0,0.0
153,0,0,0,0,0,0,0,0,0,0,1,0,0,0,0,0,0,0,0,0,0,0,0,0,0,0,0,0,0,0,0,0,0,0,0,0,1,0,0,0,1.9,-0.7,-2.5999999999999996,149.21,119.12,-30.090000000000003,5.7,8.6,2.8999999999999995,0.0,0.0,0.0,0.0
153,0,0,0,0,0,0,0,0,0,0,1,0,0,0,0,0,0,0,0,0,0,0,0,0,0,0,0,1,0,0,0,0,0,0,0,0,0,0,0,0,1.9,4.5,2.6,149.21,131.17,-18.04000000000002,5.7,5.2,-0.5,0.0,0.0,0.0,0.333333333
154,0,0,0,0,0,1,0,0,0,0,0,0,0,0,0,0,0,0,0,0,0,0,0,0,0,0,0,0,0,0,0,0,0,0,0,0,0,1,0,0,-0.4,4.2,4.6000000000000005,75.07,117.15,42.08000000000001,9.0,5.9,-3.0999999999999996,0.0,0.0,0.0,-4.321928
154,0,0,0,0,0,1,0,0,0,0,0,0,0,0,0,0,0,0,0,0,0,0,0,0,0,0,0,0,0,0,0,0,0,0,0,0,0,0,1,0,-0.4,-0.9,-0.5,75.07,204.23,129.16,9.0,5.4,-3.5999999999999996,0.0,0.0,0.0,-3.321928
154,0,0,0,0,0,1,0,0,0,0,0,0,0,0,0,0,0,0,0,0,0,0,0,0,0,0,0,0,0,0,0,0,0,0,1,0,0,0,0,0,-0.4,-4.5,-4.1,75.07,174.2,99.13,9.0,10.5,1.5,0.0,1.0,1.0,-1.0
155,0,0,1,0,0,0,0,0,0,0,0,0,0,0,0,0,0,0,0,0,0,0,0,1,0,0,0,0,0,0,0,0,0,0,0,0,0,0,0,0,-3.5,-3.5,0.0,133.1,147.13,14.03,13.0,12.3,-0.6999999999999993,-1.0,-1.0,0.0,-2.321928
155,0,0,1,0,0,0,0,0,0,0,0,0,0,0,0,0,0,0,0,0,0,0,0,0,0,0,0,0,0,0,0,1,0,0,0,0,0,0,0,0,-3.5,-3.5,0.0,133.1,132.12,-0.9799999999999898,13.0,11.6,-1.4000000000000004,-1.0,0.0,1.0,-2.321928
155,0,0,1,0,0,0,0,0,0,0,0,0,0,0,0,0,0,0,0,0,0,0,0,0,0,1,0,0,0,0,0,0,0,0,0,0,0,0,0,0,-3.5,-0.4,3.1,133.1,75.07,-58.03,13.0,9.0,-4.0,-1.0,0.0,1.0,-5.321928
155,0,0,1,0,0,0,0,0,0,0,0,0,0,0,0,0,0,0,0,0,0,0,0,0,0,0,0,0,0,0,0,0,0,0,0,0,0,1,0,0,-3.5,4.2,7.7,133.1,117.15,-15.949999999999989,13.0,5.9,-7.1,-1.0,0.0,1.0,-5.321928
156,0,0,0,0,0,0,1,0,0,0,0,0,0,0,0,0,0,0,0,0,0,0,0,0,0,0,0,0,0,1,0,0,0,0,0,0,0,0,0,0,-3.2,3.8,7.0,155.16,131.17,-23.99000000000001,10.4,4.9,-5.5,0.5,0.0,-0.5,-0.5
156,0,0,0,0,0,0,1,0,0,0,0,0,0,0,0,0,0,0,0,0,0,0,0,0,0,0,0,0,0,0,0,0,0,0,1,0,0,0,0,0,-3.2,-4.5,-1.2999999999999998,155.16,174.2,19.039999999999992,10.4,10.5,0.0999999999999996,0.5,1.0,0.5,0.25
156,0,0,0,0,0,0,1,0,0,0,0,0,0,0,0,0,0,0,0,0,0,0,0,0,0,0,0,0,0,0,0,0,1,0,0,0,0,0,0,0,-3.2,-1.6,1.6,155.16,115.13,-40.03,10.4,8.0,-2.4000000000000004,0.5,0.0,-0.5,1.0
157,0,0,0,0,0,0,0,0,0,0,0,0,0,0,0,0,0,1,0,0,0,0,0,0,0,0,0,1,0,0,0,0,0,0,0,0,0,0,0,0,4.2,4.5,0.2999999999999998,117.15,131.17,14.019999999999982,5.9,5.2,-0.7000000000000002,0.0,0.0,0.0,0.0
157,0,0,0,0,0,0,0,0,0,0,0,0,0,0,0,0,0,1,0,0,1,0,0,0,0,0,0,0,0,0,0,0,0,0,0,0,0,0,0,0,4.2,1.8,-2.4000000000000004,117.15,89.09,-28.06,5.9,8.1,2.1999999999999993,0.0,0.0,0.0,0.0
157,0,0,0,0,0,0,0,0,0,0,0,0,0,0,0,0,0,1,0,0,0,0,0,1,0,0,0,0,0,0,0,0,0,0,0,0,0,0,0,0,4.2,-3.5,-7.7,117.15,147.13,29.97999999999999,5.9,12.3,6.4,0.0,-1.0,-1.0,0.0
157,0,0,0,0,0,0,0,0,0,0,0,0,0,0,0,0,0,1,0,0,0,0,0,0,0,1,0,0,0,0,0,0,0,0,0,0,0,0,0,0,4.2,-0.4,-4.6000000000000005,117.15,75.07,-42.08000000000001,5.9,9.0,3.0999999999999996,0.0,0.0,0.0,-1.0
157,0,0,0,0,0,0,0,0,0,0,0,0,0,0,0,0,0,1,0,0,0,0,0,0,0,0,0,0,0,1,0,0,0,0,0,0,0,0,0,0,4.2,3.8,-0.4000000000000003,117.15,131.17,14.019999999999982,5.9,4.9,-1.0,0.0,0.0,0.0,0.0
158,0,0,0,0,0,0,0,0,0,0,0,0,0,0,0,0,1,0,0,0,0,0,0,0,0,0,0,0,0,0,0,0,0,0,0,1,0,0,0,0,-0.7,-0.8,-0.1,119.12,105.09,-14.03,8.6,9.2,0.5999999999999996,0.0,0.0,0.0,0.333333333
158,0,0,0,0,0,0,0,0,0,0,0,0,0,0,0,0,1,0,0,0,0,0,0,0,0,0,0,1,0,0,0,0,0,0,0,0,0,0,0,0,-0.7,4.5,5.2,119.12,131.17,12.049999999999985,8.6,5.2,-3.3999999999999995,0.0,0.0,0.0,-3.321928
158,0,0,0,0,0,0,0,0,0,0,0,0,0,0,0,0,1,0,0,0,1,0,0,0,0,0,0,0,0,0,0,0,0,0,0,0,0,0,0,0,-0.7,1.8,2.5,119.12,89.09,-30.03,8.6,8.1,-0.5,0.0,0.0,0.0,-1.0
159,0,0,0,0,0,0,0,0,0,0,0,0,0,0,1,0,0,0,0,0,0,1,0,0,0,0,0,0,0,0,0,0,0,0,0,0,0,0,0,0,-4.5,2.5,7.0,174.2,121.16,-53.03999999999999,10.5,5.5,-5.0,1.0,0.0,-1.0,-1.7931568
159,0,0,0,0,0,0,0,0,0,0,0,0,0,0,1,0,0,0,0,0,0,0,0,0,0,0,1,0,0,0,0,0,0,0,0,0,0,0,0,0,-4.5,-3.2,1.2999999999999998,174.2,155.16,-19.039999999999992,10.5,10.4,-0.0999999999999996,1.0,0.5,-0.5,0.0
159,0,0,0,0,0,0,0,0,0,0,0,0,0,0,1,0,0,0,0,0,0,0,0,0,0,0,0,0,0,1,0,0,0,0,0,0,0,0,0,0,-4.5,3.8,8.3,174.2,131.17,-43.03,10.5,4.9,-5.6,1.0,0.0,-1.0,-2.321928
160,0,0,0,0,0,0,0,0,0,1,0,0,0,0,0,0,0,0,0,0,0,0,0,0,1,0,0,0,0,0,0,0,0,0,0,0,0,0,0,0,3.8,2.8,-1.0,131.17,165.19,34.02000000000001,4.9,5.2,0.2999999999999998,0.0,0.0,0.0,-1.0
160,0,0,0,0,0,0,0,0,0,1,0,0,0,0,0,0,0,0,0,0,0,0,0,0,0,0,1,0,0,0,0,0,0,0,0,0,0,0,0,0,3.8,-3.2,-7.0,131.17,155.16,23.99000000000001,4.9,10.4,5.5,0.0,0.5,0.5,-0.5
160,0,0,0,0,0,0,0,0,0,1,0,0,0,0,0,0,0,0,0,0,0,0,0,0,0,0,0,1,0,0,0,0,0,0,0,0,0,0,0,0,3.8,4.5,0.7000000000000002,131.17,131.17,0.0,4.9,5.2,0.2999999999999998,0.0,0.0,0.0,-0.5
160,0,0,0,0,0,0,0,0,0,1,0,0,0,0,0,0,0,0,0,0,0,0,0,0,0,0,0,0,0,0,0,0,1,0,0,0,0,0,0,0,3.8,-1.6,-5.4,131.17,115.13,-16.039999999999992,4.9,8.0,3.0999999999999996,0.0,0.0,0.0,-1.0
161,0,0,1,0,0,0,0,0,0,0,0,0,0,0,0,0,0,0,0,0,0,0,0,0,0,0,0,0,0,0,0,0,0,0,0,0,0,1,0,0,-3.5,4.2,7.7,133.1,117.15,-15.949999999999989,13.0,5.9,-7.1,-1.0,0.0,1.0,-1.991446
161,0,0,1,0,0,0,0,0,0,0,0,0,0,0,0,0,0,0,0,0,0,0,0,1,0,0,0,0,0,0,0,0,0,0,0,0,0,0,0,0,-3.5,-3.5,0.0,133.1,147.13,14.03,13.0,12.3,-0.6999999999999993,-1.0,-1.0,0.0,-0.666666667
161,0,0,1,0,0,0,0,0,0,0,0,0,0,0,0,0,0,0,0,0,0,0,0,0,0,1,0,0,0,0,0,0,0,0,0,0,0,0,0,0,-3.5,-0.4,3.1,133.1,75.07,-58.03,13.0,9.0,-4.0,-1.0,0.0,1.0,-4.655261333
161,0,0,1,0,0,0,0,0,0,0,0,0,0,0,0,0,0,0,0,0,0,0,0,0,0,0,0,0,0,0,0,1,0,0,0,0,0,0,0,0,-3.5,-3.5,0.0,133.1,132.12,-0.9799999999999898,13.0,11.6,-1.4000000000000004,-1.0,0.0,1.0,-0.5
162,0,0,0,0,0,0,0,0,0,0,0,0,0,0,1,0,0,0,0,0,0,0,0,0,0,0,1,0,0,0,0,0,0,0,0,0,0,0,0,0,-4.5,-3.2,1.2999999999999998,174.2,155.16,-19.039999999999992,10.5,10.4,-0.0999999999999996,1.0,0.5,-0.5,-1.0
162,0,0,0,0,0,0,0,0,0,0,0,0,0,0,1,0,0,0,0,0,0,1,0,0,0,0,0,0,0,0,0,0,0,0,0,0,0,0,0,0,-4.5,2.5,7.0,174.2,121.16,-53.03999999999999,10.5,5.5,-5.0,1.0,0.0,-1.0,-1.660964
162,0,0,0,0,0,0,0,0,0,0,0,0,0,0,1,0,0,0,0,0,0,0,0,0,0,0,0,0,0,0,0,0,0,0,0,1,0,0,0,0,-4.5,-0.8,3.7,174.2,105.09,-69.10999999999999,10.5,9.2,-1.3000000000000007,1.0,0.0,-1.0,-1.0
163,0,0,0,0,0,0,0,0,0,0,0,0,0,0,0,0,0,0,1,0,0,0,0,0,0,1,0,0,0,0,0,0,0,0,0,0,0,0,0,0,-0.9,-0.4,0.5,204.23,75.07,-129.16,5.4,9.0,3.5999999999999996,0.0,0.0,0.0,-1.0
163,0,0,0,0,0,0,0,0,0,0,0,0,0,0,0,0,0,0,1,0,0,0,0,0,0,0,0,0,0,0,0,0,0,0,1,0,0,0,0,0,-0.9,-4.5,-3.6,204.23,174.2,-30.03,5.4,10.5,5.1,0.0,1.0,1.0,-0.444444444
164,0,0,0,1,0,0,0,0,0,0,0,0,0,0,0,0,0,0,0,0,0,0,0,0,0,0,0,0,1,0,0,0,0,0,0,0,0,0,0,0,-3.5,-3.9,-0.3999999999999999,147.13,146.19,-0.9399999999999976,12.3,11.3,-1.0,-1.0,1.0,2.0,-5.321928
164,0,0,0,1,0,0,0,0,0,0,0,0,0,0,0,0,0,0,0,0,0,0,0,0,0,0,0,0,0,0,0,0,0,0,0,0,0,1,0,0,-3.5,4.2,7.7,147.13,117.15,-29.97999999999999,12.3,5.9,-6.4,-1.0,0.0,1.0,-5.321928
164,0,0,0,1,0,0,0,0,0,0,0,0,0,0,0,0,0,0,0,0,0,0,1,0,0,0,0,0,0,0,0,0,0,0,0,0,0,0,0,0,-3.5,-3.5,0.0,147.13,133.1,-14.03,12.3,13.0,0.6999999999999993,-1.0,-1.0,0.0,-5.321928
164,0,0,0,1,0,0,0,0,0,0,0,0,0,0,0,0,0,0,0,0,0,0,0,0,0,1,0,0,0,0,0,0,0,0,0,0,0,0,0,0,-3.5,-0.4,3.1,147.13,75.07,-72.06,12.3,9.0,-3.3000000000000007,-1.0,0.0,1.0,-5.321928
165,0,0,0,0,0,0,0,0,0,0,0,0,1,0,0,0,0,0,0,0,0,0,0,0,0,0,0,0,0,0,0,0,0,0,0,1,0,0,0,0,-1.6,-0.8,0.8,115.13,105.09,-10.039999999999992,8.0,9.2,1.1999999999999993,0.0,0.0,0.0,-1.0
165,0,0,0,0,0,0,0,0,0,0,0,0,1,0,0,0,0,0,0,0,0,0,0,0,0,0,0,0,0,1,0,0,0,0,0,0,0,0,0,0,-1.6,3.8,5.4,115.13,131.17,16.039999999999992,8.0,4.9,-3.0999999999999996,0.0,0.0,0.0,-0.333333333
165,0,0,0,0,0,0,0,0,0,0,0,0,1,0,0,0,0,0,0,0,1,0,0,0,0,0,0,0,0,0,0,0,0,0,0,0,0,0,0,0,-1.6,1.8,3.4000000000000004,115.13,89.09,-26.039999999999992,8.0,8.1,0.0999999999999996,0.0,0.0,0.0,-1.160964
165,0,0,0,0,0,0,0,0,0,0,0,0,1,0,0,0,0,0,0,0,0,0,0,0,0,0,0,0,0,0,0,0,0,1,0,0,0,0,0,0,-1.6,-3.5,-1.9,115.13,146.15,31.02000000000001,8.0,10.5,2.5,0.0,0.0,0.0,-1.0
166,0,0,0,1,0,0,0,0,0,0,0,0,0,0,0,0,0,0,0,0,1,0,0,0,0,0,0,0,0,0,0,0,0,0,0,0,0,0,0,0,-3.5,1.8,5.3,147.13,89.09,-58.03999999999999,12.3,8.1,-4.200000000000001,-1.0,0.0,1.0,0.0
166,0,0,0,1,0,0,0,0,0,0,0,0,0,0,0,0,0,0,0,0,0,0,1,0,0,0,0,0,0,0,0,0,0,0,0,0,0,0,0,0,-3.5,-3.5,0.0,147.13,133.1,-14.03,12.3,13.0,0.6999999999999993,-1.0,-1.0,0.0,0.0
166,0,0,0,1,0,0,0,0,0,0,0,0,0,0,0,0,0,0,0,0,0,0,0,0,0,1,0,0,0,0,0,0,0,0,0,0,0,0,0,0,-3.5,-0.4,3.1,147.13,75.07,-72.06,12.3,9.0,-3.3000000000000007,-1.0,0.0,1.0,-0.666666667
166,0,0,0,1,0,0,0,0,0,0,0,0,0,0,0,0,0,0,0,0,0,0,0,0,0,0,0,0,1,0,0,0,0,0,0,0,0,0,0,0,-3.5,-3.9,-0.3999999999999999,147.13,146.19,-0.9399999999999976,12.3,11.3,-1.0,-1.0,1.0,2.0,0.0
167,0,0,0,0,0,0,0,0,0,1,0,0,0,0,0,0,0,0,0,0,0,0,0,0,0,0,0,0,0,0,0,0,0,0,0,0,0,1,0,0,3.8,4.2,0.4000000000000003,131.17,117.15,-14.019999999999982,4.9,5.9,1.0,0.0,0.0,0.0,0.0
167,0,0,0,0,0,0,0,0,0,1,0,0,0,0,0,0,0,0,0,0,0,0,0,0,0,0,0,0,0,0,0,0,0,1,0,0,0,0,0,0,3.8,-3.5,-7.3,131.17,146.15,14.980000000000018,4.9,10.5,5.6,0.0,0.0,0.0,-5.321928
167,0,0,0,0,0,0,0,0,0,1,0,0,0,0,0,0,0,0,0,0,0,0,0,0,0,0,0,0,0,0,0,0,1,0,0,0,0,0,0,0,3.8,-1.6,-5.4,131.17,115.13,-16.039999999999992,4.9,8.0,3.0999999999999996,0.0,0.0,0.0,-5.321928
167,0,0,0,0,0,0,0,0,0,1,0,0,0,0,0,0,0,0,0,0,0,0,0,0,0,0,0,0,0,0,1,0,0,0,0,0,0,0,0,0,3.8,1.9,-1.9,131.17,149.21,18.04000000000002,4.9,5.7,0.7999999999999998,0.0,0.0,0.0,0.0
168,0,0,0,0,0,0,0,0,0,0,0,1,0,0,0,0,0,0,0,0,0,0,0,0,0,0,0,0,0,0,0,0,0,0,0,0,0,0,0,1,-3.5,-1.3,2.2,132.12,181.19,49.06999999999999,11.6,6.2,-5.3999999999999995,0.0,0.0,0.0,-5.321928
168,0,0,0,0,0,0,0,0,0,0,0,1,0,0,0,0,0,0,0,0,0,0,0,0,0,0,0,1,0,0,0,0,0,0,0,0,0,0,0,0,-3.5,4.5,8.0,132.12,131.17,-0.950000000000017,11.6,5.2,-6.3999999999999995,0.0,0.0,0.0,-4.821928
168,0,0,0,0,0,0,0,0,0,0,0,1,0,0,0,0,0,0,0,0,0,0,1,0,0,0,0,0,0,0,0,0,0,0,0,0,0,0,0,0,-3.5,-3.5,0.0,132.12,133.1,0.9799999999999898,11.6,13.0,1.4000000000000004,0.0,-1.0,-1.0,-3.321928
168,0,0,0,0,0,0,0,0,0,0,0,1,0,0,0,0,0,0,0,0,0,0,0,0,0,0,0,0,0,0,0,0,0,0,0,1,0,0,0,0,-3.5,-0.8,2.7,132.12,105.09,-27.03,11.6,9.2,-2.4000000000000004,0.0,0.0,0.0,-1.0
168,0,0,0,0,0,0,0,0,0,0,0,1,0,0,0,0,0,0,0,0,0,0,0,0,0,0,0,0,1,0,0,0,0,0,0,0,0,0,0,0,-3.5,-3.9,-0.3999999999999999,132.12,146.19,14.069999999999991,11.6,11.3,-0.2999999999999989,0.0,1.0,1.0,-5.321928
169,0,0,0,1,0,0,0,0,0,0,0,0,0,0,0,0,0,0,0,0,0,0,0,0,0,1,0,0,0,0,0,0,0,0,0,0,0,0,0,0,-3.5,-0.4,3.1,147.13,75.07,-72.06,12.3,9.0,-3.3000000000000007,-1.0,0.0,1.0,0.0
169,0,0,0,1,0,0,0,0,0,0,0,0,0,0,0,0,0,0,0,0,0,0,0,0,0,0,0,0,1,0,0,0,0,0,0,0,0,0,0,0,-3.5,-3.9,-0.3999999999999999,147.13,146.19,-0.9399999999999976,12.3,11.3,-1.0,-1.0,1.0,2.0,0.0
169,0,0,0,1,0,0,0,0,0,0,0,0,0,0,0,0,0,0,0,0,0,0,0,0,0,0,0,0,0,0,0,0,0,0,0,0,0,1,0,0,-3.5,4.2,7.7,147.13,117.15,-29.97999999999999,12.3,5.9,-6.4,-1.0,0.0,1.0,0.0
169,0,0,0,1,0,0,0,0,0,0,0,0,0,0,0,0,0,0,0,0,0,0,1,0,0,0,0,0,0,0,0,0,0,0,0,0,0,0,0,0,-3.5,-3.5,0.0,147.13,133.1,-14.03,12.3,13.0,0.6999999999999993,-1.0,-1.0,0.0,0.0
170,1,0,0,0,0,0,0,0,0,0,0,0,0,0,0,0,0,0,0,0,0,0,0,0,0,0,0,0,0,0,0,0,0,0,0,0,1,0,0,0,1.8,-0.7,-2.5,89.09,119.12,30.03,8.1,8.6,0.5,0.0,0.0,0.0,-0.833333333
170,1,0,0,0,0,0,0,0,0,0,0,0,0,0,0,0,0,0,0,0,0,0,0,0,0,0,0,0,0,0,0,0,0,0,0,0,0,1,0,0,1.8,4.2,2.4000000000000004,89.09,117.15,28.06,8.1,5.9,-2.1999999999999993,0.0,0.0,0.0,-1.045989714
170,1,0,0,0,0,0,0,0,0,0,0,0,0,0,0,0,0,0,0,0,0,0,0,0,0,1,0,0,0,0,0,0,0,0,0,0,0,0,0,0,1.8,-0.4,-2.2,89.09,75.07,-14.02000000000001,8.1,9.0,0.9000000000000004,0.0,0.0,0.0,0.0
170,1,0,0,0,0,0,0,0,0,0,0,0,0,0,0,0,0,0,0,0,0,0,0,0,0,0,0,0,0,0,0,0,0,0,0,1,0,0,0,0,1.8,-0.8,-2.6,89.09,105.09,16.0,8.1,9.2,1.0999999999999996,0.0,0.0,0.0,0.0
171,0,0,0,0,0,0,0,1,0,0,0,0,0,0,0,0,0,0,0,0,0,0,0,0,0,0,0,0,0,1,0,0,0,0,0,0,0,0,0,0,4.5,3.8,-0.7000000000000002,131.17,131.17,0.0,5.2,4.9,-0.2999999999999998,0.0,0.0,0.0,-0.166666667
171,0,0,0,0,0,0,0,1,0,0,0,0,0,0,0,0,0,0,0,0,0,0,0,0,0,0,0,0,0,0,1,0,0,0,0,0,0,0,0,0,4.5,1.9,-2.6,131.17,149.21,18.04000000000002,5.2,5.7,0.5,0.0,0.0,0.0,0.0
171,0,0,0,0,0,0,0,1,0,0,0,0,0,0,0,0,0,0,0,0,0,0,0,0,0,0,0,0,0,0,0,0,0,0,0,0,1,0,0,0,4.5,-0.7,-5.2,131.17,119.12,-12.049999999999985,5.2,8.6,3.3999999999999995,0.0,0.0,0.0,0.0
171,0,0,0,0,0,0,0,1,0,0,0,0,0,0,0,0,0,0,0,0,0,0,0,0,0,0,0,0,0,0,0,0,0,0,0,0,0,1,0,0,4.5,4.2,-0.2999999999999998,131.17,117.15,-14.019999999999982,5.2,5.9,0.7000000000000002,0.0,0.0,0.0,-0.25
172,0,0,0,0,0,0,0,0,0,0,0,0,1,0,0,0,0,0,0,0,0,0,0,0,0,0,0,0,0,1,0,0,0,0,0,0,0,0,0,0,-1.6,3.8,5.4,115.13,131.17,16.039999999999992,8.0,4.9,-3.0999999999999996,0.0,0.0,0.0,0.0
172,0,0,0,0,0,0,0,0,0,0,0,0,1,0,0,0,0,0,0,0,0,0,0,0,0,0,0,0,0,0,0,0,0,1,0,0,0,0,0,0,-1.6,-3.5,-1.9,115.13,146.15,31.02000000000001,8.0,10.5,2.5,0.0,0.0,0.0,0.0
172,0,0,0,0,0,0,0,0,0,0,0,0,1,0,0,0,0,0,0,0,1,0,0,0,0,0,0,0,0,0,0,0,0,0,0,0,0,0,0,0,-1.6,1.8,3.4000000000000004,115.13,89.09,-26.039999999999992,8.0,8.1,0.0999999999999996,0.0,0.0,0.0,0.0
172,0,0,0,0,0,0,0,0,0,0,0,0,1,0,0,0,0,0,0,0,0,0,0,0,0,0,0,0,0,0,0,0,0,0,0,1,0,0,0,0,-1.6,-0.8,0.8,115.13,105.09,-10.039999999999992,8.0,9.2,1.1999999999999993,0.0,0.0,0.0,-0.125
173,0,0,0,0,0,0,0,0,0,0,0,1,0,0,0,0,0,0,0,0,0,0,0,0,0,0,0,0,0,0,0,0,0,0,0,0,0,0,0,1,-3.5,-1.3,2.2,132.12,181.19,49.06999999999999,11.6,6.2,-5.3999999999999995,0.0,0.0,0.0,0.25
173,0,0,0,0,0,0,0,0,0,0,0,1,0,0,0,0,0,0,0,0,0,0,0,0,0,0,0,0,0,0,0,0,0,0,0,1,0,0,0,0,-3.5,-0.8,2.7,132.12,105.09,-27.03,11.6,9.2,-2.4000000000000004,0.0,0.0,0.0,0.25
173,0,0,0,0,0,0,0,0,0,0,0,1,0,0,0,0,0,0,0,0,0,0,0,0,0,0,0,0,1,0,0,0,0,0,0,0,0,0,0,0,-3.5,-3.9,-0.3999999999999999,132.12,146.19,14.069999999999991,11.6,11.3,-0.2999999999999989,0.0,1.0,1.0,0.333333333
173,0,0,0,0,0,0,0,0,0,0,0,1,0,0,0,0,0,0,0,0,0,0,1,0,0,0,0,0,0,0,0,0,0,0,0,0,0,0,0,0,-3.5,-3.5,0.0,132.12,133.1,0.9799999999999898,11.6,13.0,1.4000000000000004,0.0,-1.0,-1.0,0.0
174,0,0,1,0,0,0,0,0,0,0,0,0,0,0,0,0,0,0,0,0,0,0,0,1,0,0,0,0,0,0,0,0,0,0,0,0,0,0,0,0,-3.5,-3.5,0.0,133.1,147.13,14.03,13.0,12.3,-0.6999999999999993,-1.0,-1.0,0.0,0.0
174,0,0,1,0,0,0,0,0,0,0,0,0,0,0,0,0,0,0,0,0,0,0,0,0,0,0,0,0,0,0,0,0,0,0,0,0,0,1,0,0,-3.5,4.2,7.7,133.1,117.15,-15.949999999999989,13.0,5.9,-7.1,-1.0,0.0,1.0,-3.821928
175,0,0,0,1,0,0,0,0,0,0,0,0,0,0,0,0,0,0,0,0,0,0,0,0,0,0,0,0,0,0,0,0,0,0,0,0,0,1,0,0,-3.5,4.2,7.7,147.13,117.15,-29.97999999999999,12.3,5.9,-6.4,-1.0,0.0,1.0,0.5
175,0,0,0,1,0,0,0,0,0,0,0,0,0,0,0,0,0,0,0,0,0,0,0,0,0,0,0,0,1,0,0,0,0,0,0,0,0,0,0,0,-3.5,-3.9,-0.3999999999999999,147.13,146.19,-0.9399999999999976,12.3,11.3,-1.0,-1.0,1.0,2.0,0.0
175,0,0,0,1,0,0,0,0,0,0,0,0,0,0,0,0,0,0,0,0,0,0,1,0,0,0,0,0,0,0,0,0,0,0,0,0,0,0,0,0,-3.5,-3.5,0.0,147.13,133.1,-14.03,12.3,13.0,0.6999999999999993,-1.0,-1.0,0.0,-3.160964
176,0,0,0,0,0,0,0,0,0,0,0,0,0,0,1,0,0,0,0,0,0,0,0,0,0,0,1,0,0,0,0,0,0,0,0,0,0,0,0,0,-4.5,-3.2,1.2999999999999998,174.2,155.16,-19.039999999999992,10.5,10.4,-0.0999999999999996,1.0,0.5,-0.5,-0.5
176,0,0,0,0,0,0,0,0,0,0,0,0,0,0,1,0,0,0,0,0,0,1,0,0,0,0,0,0,0,0,0,0,0,0,0,0,0,0,0,0,-4.5,2.5,7.0,174.2,121.16,-53.03999999999999,10.5,5.5,-5.0,1.0,0.0,-1.0,-1.0
177,0,0,1,0,0,0,0,0,0,0,0,0,0,0,0,0,0,0,0,0,0,0,0,0,0,0,0,0,0,0,0,1,0,0,0,0,0,0,0,0,-3.5,-3.5,0.0,133.1,132.12,-0.9799999999999898,13.0,11.6,-1.4000000000000004,-1.0,0.0,1.0,-4.321928
177,0,0,1,0,0,0,0,0,0,0,0,0,0,0,0,0,0,0,0,0,0,0,0,0,0,1,0,0,0,0,0,0,0,0,0,0,0,0,0,0,-3.5,-0.4,3.1,133.1,75.07,-58.03,13.0,9.0,-4.0,-1.0,0.0,1.0,-5.321928
177,0,0,1,0,0,0,0,0,0,0,0,0,0,0,0,0,0,0,0,0,0,0,0,1,0,0,0,0,0,0,0,0,0,0,0,0,0,0,0,0,-3.5,-3.5,0.0,133.1,147.13,14.03,13.0,12.3,-0.6999999999999993,-1.0,-1.0,0.0,-5.321928
177,0,0,1,0,0,0,0,0,0,0,0,0,0,0,0,0,0,0,0,0,1,0,0,0,0,0,0,0,0,0,0,0,0,0,0,0,0,0,0,0,-3.5,1.8,5.3,133.1,89.09,-44.00999999999999,13.0,8.1,-4.9,-1.0,0.0,1.0,-5.321928
177,0,0,1,0,0,0,0,0,0,0,0,0,0,0,0,0,0,0,0,0,0,0,0,0,0,0,0,0,0,0,0,0,0,0,0,0,0,1,0,0,-3.5,4.2,7.7,133.1,117.15,-15.949999999999989,13.0,5.9,-7.1,-1.0,0.0,1.0,-5.321928
177,0,0,1,0,0,0,0,0,0,0,0,0,0,0,0,0,0,0,0,0,0,0,0,0,0,0,0,0,0,0,0,0,0,0,0,0,0,0,0,1,-3.5,-1.3,2.2,133.1,181.19,48.09,13.0,6.2,-6.8,-1.0,0.0,1.0,-5.321928
178,0,0,0,0,0,0,0,0,0,0,0,0,0,0,0,0,1,0,0,0,1,0,0,0,0,0,0,0,0,0,0,0,0,0,0,0,0,0,0,0,-0.7,1.8,2.5,119.12,89.09,-30.03,8.6,8.1,-0.5,0.0,0.0,0.0,-3.321928
178,0,0,0,0,0,0,0,0,0,0,0,0,0,0,0,0,1,0,0,0,0,0,0,0,0,0,0,1,0,0,0,0,0,0,0,0,0,0,0,0,-0.7,4.5,5.2,119.12,131.17,12.049999999999985,8.6,5.2,-3.3999999999999995,0.0,0.0,0.0,-3.121928
178,0,0,0,0,0,0,0,0,0,0,0,0,0,0,0,0,1,0,0,0,0,0,0,0,0,0,0,0,0,0,0,0,0,0,0,1,0,0,0,0,-0.7,-0.8,-0.1,119.12,105.09,-14.03,8.6,9.2,0.5999999999999996,0.0,0.0,0.0,0.0
178,0,0,0,0,0,0,0,0,0,0,0,0,0,0,0,0,1,0,0,0,0,0,0,0,0,0,0,0,0,0,0,0,1,0,0,0,0,0,0,0,-0.7,-1.6,-0.9000000000000001,119.12,115.13,-3.990000000000009,8.6,8.0,-0.5999999999999996,0.0,0.0,0.0,-5.321928
178,0,0,0,0,0,0,0,0,0,0,0,0,0,0,0,0,1,0,0,0,0,0,0,0,0,0,0,0,0,0,0,1,0,0,0,0,0,0,0,0,-0.7,-3.5,-2.8,119.12,132.12,13.0,8.6,11.6,3.0,0.0,0.0,0.0,-3.321928
179,0,0,0,0,0,0,0,0,0,0,0,0,0,0,0,0,1,0,0,0,0,0,0,0,0,0,0,0,0,0,0,0,0,0,0,1,0,0,0,0,-0.7,-0.8,-0.1,119.12,105.09,-14.03,8.6,9.2,0.5999999999999996,0.0,0.0,0.0,0.0
179,0,0,0,0,0,0,0,0,0,0,0,0,0,0,0,0,1,0,0,0,0,0,0,0,0,0,0,0,1,0,0,0,0,0,0,0,0,0,0,0,-0.7,-3.9,-3.2,119.12,146.19,27.069999999999993,8.6,11.3,2.700000000000001,0.0,1.0,1.0,-5.321928
179,0,0,0,0,0,0,0,0,0,0,0,0,0,0,0,0,1,0,0,0,1,0,0,0,0,0,0,0,0,0,0,0,0,0,0,0,0,0,0,0,-0.7,1.8,2.5,119.12,89.09,-30.03,8.6,8.1,-0.5,0.0,0.0,0.0,-2.988594667
179,0,0,0,0,0,0,0,0,0,0,0,0,0,0,0,0,1,0,0,0,0,0,0,0,0,0,0,0,0,0,1,0,0,0,0,0,0,0,0,0,-0.7,1.9,2.5999999999999996,119.12,149.21,30.090000000000003,8.6,5.7,-2.8999999999999995,0.0,0.0,0.0,-5.321928
179,0,0,0,0,0,0,0,0,0,0,0,0,0,0,0,0,1,0,0,0,0,0,0,0,0,0,0,0,0,0,0,0,1,0,0,0,0,0,0,0,-0.7,-1.6,-0.9000000000000001,119.12,115.13,-3.990000000000009,8.6,8.0,-0.5999999999999996,0.0,0.0,0.0,-5.321928
179,0,0,0,0,0,0,0,0,0,0,0,0,0,0,0,0,1,0,0,0,0,0,0,0,0,0,0,0,0,0,0,0,0,0,1,0,0,0,0,0,-0.7,-4.5,-3.8,119.12,174.2,55.079999999999984,8.6,10.5,1.9000000000000004,0.0,1.0,1.0,-5.321928
180,0,0,0,0,0,0,0,0,0,0,1,0,0,0,0,0,0,0,0,0,0,0,0,0,0,0,0,1,0,0,0,0,0,0,0,0,0,0,0,0,1.9,4.5,2.6,149.21,131.17,-18.04000000000002,5.7,5.2,-0.5,0.0,0.0,0.0,0.0
180,0,0,0,0,0,0,0,0,0,0,1,0,0,0,0,0,0,0,0,0,0,0,0,0,0,0,0,0,0,0,0,0,0,0,0,0,0,1,0,0,1.9,4.2,2.3000000000000003,149.21,117.15,-32.06,5.7,5.9,0.2000000000000001,0.0,0.0,0.0,0.0
180,0,0,0,0,0,0,0,0,0,0,1,0,0,0,0,0,0,0,0,0,0,0,0,0,0,0,0,0,0,0,0,0,0,0,0,0,1,0,0,0,1.9,-0.7,-2.5999999999999996,149.21,119.12,-30.090000000000003,5.7,8.6,2.8999999999999995,0.0,0.0,0.0,0.0
180,0,0,0,0,0,0,0,0,0,0,1,0,0,0,0,0,0,0,0,0,0,0,0,0,0,0,0,0,0,1,0,0,0,0,0,0,0,0,0,0,1.9,3.8,1.9,149.21,131.17,-18.04000000000002,5.7,4.9,-0.7999999999999998,0.0,0.0,0.0,1.0
180,0,0,0,0,0,0,0,0,0,0,1,0,0,0,0,0,0,0,0,0,0,0,0,0,0,0,0,0,1,0,0,0,0,0,0,0,0,0,0,0,1.9,-3.9,-5.8,149.21,146.19,-3.0200000000000102,5.7,11.3,5.6000000000000005,0.0,1.0,1.0,-0.25
181,0,0,0,0,0,0,0,0,0,0,0,0,1,0,0,0,0,0,0,0,0,0,0,0,0,0,0,0,0,0,0,0,0,0,0,1,0,0,0,0,-1.6,-0.8,0.8,115.13,105.09,-10.039999999999992,8.0,9.2,1.1999999999999993,0.0,0.0,0.0,-3.321928
181,0,0,0,0,0,0,0,0,0,0,0,0,1,0,0,0,0,0,0,0,0,0,0,0,0,0,1,0,0,0,0,0,0,0,0,0,0,0,0,0,-1.6,-3.2,-1.6,115.13,155.16,40.03,8.0,10.4,2.4000000000000004,0.0,0.5,0.5,-5.321928
182,1,0,0,0,0,0,0,0,0,0,0,0,0,0,0,0,0,0,0,0,0,0,0,1,0,0,0,0,0,0,0,0,0,0,0,0,0,0,0,0,1.8,-3.5,-5.3,89.09,147.13,58.03999999999999,8.1,12.3,4.200000000000001,0.0,-1.0,-1.0,-1.0
182,1,0,0,0,0,0,0,0,0,0,0,0,0,0,0,0,0,0,0,0,0,0,0,0,0,1,0,0,0,0,0,0,0,0,0,0,0,0,0,0,1.8,-0.4,-2.2,89.09,75.07,-14.02000000000001,8.1,9.0,0.9000000000000004,0.0,0.0,0.0,1.0
182,1,0,0,0,0,0,0,0,0,0,0,0,0,0,0,0,0,0,0,0,0,0,0,0,0,0,0,0,0,0,0,0,0,0,0,1,0,0,0,0,1.8,-0.8,-2.6,89.09,105.09,16.0,8.1,9.2,1.0999999999999996,0.0,0.0,0.0,0.0
182,1,0,0,0,0,0,0,0,0,0,0,0,0,0,0,0,0,0,0,0,0,0,0,0,0,0,0,0,0,0,0,0,0,0,0,0,1,0,0,0,1.8,-0.7,-2.5,89.09,119.12,30.03,8.1,8.6,0.5,0.0,0.0,0.0,0.0
182,1,0,0,0,0,0,0,0,0,0,0,0,0,0,0,0,0,0,0,0,0,0,0,0,0,0,0,0,0,0,0,0,0,0,0,0,0,1,0,0,1.8,4.2,2.4000000000000004,89.09,117.15,28.06,8.1,5.9,-2.1999999999999993,0.0,0.0,0.0,0.0
183,1,0,0,0,0,0,0,0,0,0,0,0,0,0,0,0,0,0,0,0,0,0,0,1,0,0,0,0,0,0,0,0,0,0,0,0,0,0,0,0,1.8,-3.5,-5.3,89.09,147.13,58.03999999999999,8.1,12.3,4.200000000000001,0.0,-1.0,-1.0,0.0
183,1,0,0,0,0,0,0,0,0,0,0,0,0,0,0,0,0,0,0,0,0,0,0,0,0,0,0,0,0,0,0,0,0,0,0,1,0,0,0,0,1.8,-0.8,-2.6,89.09,105.09,16.0,8.1,9.2,1.0999999999999996,0.0,0.0,0.0,0.0
183,1,0,0,0,0,0,0,0,0,0,0,0,0,0,0,0,0,0,0,0,0,0,0,0,0,0,0,0,0,0,0,0,0,0,0,0,1,0,0,0,1.8,-0.7,-2.5,89.09,119.12,30.03,8.1,8.6,0.5,0.0,0.0,0.0,0.0
183,1,0,0,0,0,0,0,0,0,0,0,0,0,0,0,0,0,0,0,0,0,0,0,0,0,0,0,0,0,0,0,0,0,0,0,0,0,1,0,0,1.8,4.2,2.4000000000000004,89.09,117.15,28.06,8.1,5.9,-2.1999999999999993,0.0,0.0,0.0,0.0
184,0,0,0,0,0,0,0,0,0,0,1,0,0,0,0,0,0,0,0,0,0,0,0,0,0,0,0,1,0,0,0,0,0,0,0,0,0,0,0,0,1.9,4.5,2.6,149.21,131.17,-18.04000000000002,5.7,5.2,-0.5,0.0,0.0,0.0,0.333333333
184,0,0,0,0,0,0,0,0,0,0,1,0,0,0,0,0,0,0,0,0,0,0,0,0,0,0,0,0,1,0,0,0,0,0,0,0,0,0,0,0,1.9,-3.9,-5.8,149.21,146.19,-3.0200000000000102,5.7,11.3,5.6000000000000005,0.0,1.0,1.0,-5.321928
184,0,0,0,0,0,0,0,0,0,0,1,0,0,0,0,0,0,0,0,0,0,0,0,0,0,0,0,0,0,1,0,0,0,0,0,0,0,0,0,0,1.9,3.8,1.9,149.21,131.17,-18.04000000000002,5.7,4.9,-0.7999999999999998,0.0,0.0,0.0,-0.8
184,0,0,0,0,0,0,0,0,0,0,1,0,0,0,0,0,0,0,0,0,0,0,0,0,0,0,0,0,0,0,0,0,0,0,0,0,1,0,0,0,1.9,-0.7,-2.5999999999999996,149.21,119.12,-30.090000000000003,5.7,8.6,2.8999999999999995,0.0,0.0,0.0,-3.821928
184,0,0,0,0,0,0,0,0,0,0,1,0,0,0,0,0,0,0,0,0,0,0,0,0,0,0,0,0,0,0,0,0,0,0,0,0,0,1,0,0,1.9,4.2,2.3000000000000003,149.21,117.15,-32.06,5.7,5.9,0.2000000000000001,0.0,0.0,0.0,0.0
185,1,0,0,0,0,0,0,0,0,0,0,0,0,0,0,0,0,0,0,0,0,0,0,0,0,0,0,0,0,0,0,0,0,0,0,0,1,0,0,0,1.8,-0.7,-2.5,89.09,119.12,30.03,8.1,8.6,0.5,0.0,0.0,0.0,-3.321928
186,0,0,0,0,0,0,0,0,0,0,0,0,0,0,0,0,1,0,0,0,1,0,0,0,0,0,0,0,0,0,0,0,0,0,0,0,0,0,0,0,-0.7,1.8,2.5,119.12,89.09,-30.03,8.6,8.1,-0.5,0.0,0.0,0.0,-0.2
186,0,0,0,0,0,0,0,0,0,0,0,0,0,0,0,0,1,0,0,0,0,0,0,0,0,0,0,0,0,0,0,0,0,0,0,1,0,0,0,0,-0.7,-0.8,-0.1,119.12,105.09,-14.03,8.6,9.2,0.5999999999999996,0.0,0.0,0.0,0.0
186,0,0,0,0,0,0,0,0,0,0,0,0,0,0,0,0,1,0,0,0,0,0,0,0,0,0,0,1,0,0,0,0,0,0,0,0,0,0,0,0,-0.7,4.5,5.2,119.12,131.17,12.049999999999985,8.6,5.2,-3.3999999999999995,0.0,0.0,0.0,0.25
186,0,0,0,0,0,0,0,0,0,0,0,0,0,0,0,0,1,0,0,0,0,0,0,0,0,0,0,0,0,0,0,0,1,0,0,0,0,0,0,0,-0.7,-1.6,-0.9000000000000001,119.12,115.13,-3.990000000000009,8.6,8.0,-0.5999999999999996,0.0,0.0,0.0,0.0
186,0,0,0,0,0,0,0,0,0,0,0,0,0,0,0,0,1,0,0,0,0,0,0,0,0,0,0,0,1,0,0,0,0,0,0,0,0,0,0,0,-0.7,-3.9,-3.2,119.12,146.19,27.069999999999993,8.6,11.3,2.700000000000001,0.0,1.0,1.0,0.0
187,0,0,0,0,0,0,0,0,0,0,0,0,0,0,0,0,1,0,0,0,0,0,0,0,0,0,0,0,0,0,1,0,0,0,0,0,0,0,0,0,-0.7,1.9,2.5999999999999996,119.12,149.21,30.090000000000003,8.6,5.7,-2.8999999999999995,0.0,0.0,0.0,-0.6
187,0,0,0,0,0,0,0,0,0,0,0,0,0,0,0,0,1,0,0,0,0,0,0,0,0,0,0,0,1,0,0,0,0,0,0,0,0,0,0,0,-0.7,-3.9,-3.2,119.12,146.19,27.069999999999993,8.6,11.3,2.700000000000001,0.0,1.0,1.0,-5.321928
187,0,0,0,0,0,0,0,0,0,0,0,0,0,0,0,0,1,0,0,0,1,0,0,0,0,0,0,0,0,0,0,0,0,0,0,0,0,0,0,0,-0.7,1.8,2.5,119.12,89.09,-30.03,8.6,8.1,-0.5,0.0,0.0,0.0,-3.321928
187,0,0,0,0,0,0,0,0,0,0,0,0,0,0,0,0,1,0,0,0,0,0,0,0,0,0,0,0,0,0,0,0,0,0,0,1,0,0,0,0,-0.7,-0.8,-0.1,119.12,105.09,-14.03,8.6,9.2,0.5999999999999996,0.0,0.0,0.0,-0.5
188,0,0,0,0,0,0,0,0,0,1,0,0,0,0,0,0,0,0,0,0,0,0,0,0,0,0,0,0,0,0,1,0,0,0,0,0,0,0,0,0,3.8,1.9,-1.9,131.17,149.21,18.04000000000002,4.9,5.7,0.7999999999999998,0.0,0.0,0.0,0.0
188,0,0,0,0,0,0,0,0,0,1,0,0,0,0,0,0,0,0,0,0,0,0,0,0,1,0,0,0,0,0,0,0,0,0,0,0,0,0,0,0,3.8,2.8,-1.0,131.17,165.19,34.02000000000001,4.9,5.2,0.2999999999999998,0.0,0.0,0.0,0.0
189,0,0,0,0,0,0,0,0,0,0,0,0,0,0,1,0,0,0,0,0,0,1,0,0,0,0,0,0,0,0,0,0,0,0,0,0,0,0,0,0,-4.5,2.5,7.0,174.2,121.16,-53.03999999999999,10.5,5.5,-5.0,1.0,0.0,-1.0,-0.5
189,0,0,0,0,0,0,0,0,0,0,0,0,0,0,1,0,0,0,0,0,0,0,0,0,0,0,1,0,0,0,0,0,0,0,0,0,0,0,0,0,-4.5,-3.2,1.2999999999999998,174.2,155.16,-19.039999999999992,10.5,10.4,-0.0999999999999996,1.0,0.5,-0.5,0.0
189,0,0,0,0,0,0,0,0,0,0,0,0,0,0,1,0,0,0,0,0,0,0,0,0,0,1,0,0,0,0,0,0,0,0,0,0,0,0,0,0,-4.5,-0.4,4.1,174.2,75.07,-99.13,10.5,9.0,-1.5,1.0,0.0,-1.0,0.0
189,0,0,0,0,0,0,0,0,0,0,0,0,0,0,1,0,0,0,0,0,0,0,0,0,0,0,0,0,0,0,0,0,1,0,0,0,0,0,0,0,-4.5,-1.6,2.9,174.2,115.13,-59.06999999999999,10.5,8.0,-2.5,1.0,0.0,-1.0,-5.321928
190,0,0,0,0,0,0,0,0,1,0,0,0,0,0,0,0,0,0,0,0,0,0,0,0,0,0,0,0,0,0,0,0,0,1,0,0,0,0,0,0,-3.9,-3.5,0.3999999999999999,146.19,146.15,-0.039999999999992,11.3,10.5,-0.8000000000000007,1.0,0.0,-1.0,0.0
190,0,0,0,0,0,0,0,0,1,0,0,0,0,0,0,0,0,0,0,0,0,0,0,0,0,0,0,0,0,0,0,1,0,0,0,0,0,0,0,0,-3.9,-3.5,0.3999999999999999,146.19,132.12,-14.069999999999991,11.3,11.6,0.2999999999999989,1.0,0.0,-1.0,0.0
190,0,0,0,0,0,0,0,0,1,0,0,0,0,0,0,0,0,0,0,0,0,0,0,0,0,0,0,1,0,0,0,0,0,0,0,0,0,0,0,0,-3.9,4.5,8.4,146.19,131.17,-15.02000000000001,11.3,5.2,-6.1000000000000005,1.0,0.0,-1.0,0.0
190,0,0,0,0,0,0,0,0,1,0,0,0,0,0,0,0,0,0,0,0,0,0,0,1,0,0,0,0,0,0,0,0,0,0,0,0,0,0,0,0,-3.9,-3.5,0.3999999999999999,146.19,147.13,0.9399999999999976,11.3,12.3,1.0,1.0,-1.0,-2.0,-0.2
190,0,0,0,0,0,0,0,0,1,0,0,0,0,0,0,0,0,0,0,0,0,0,0,0,0,0,0,0,0,0,0,0,0,0,0,0,1,0,0,0,-3.9,-0.7,3.2,146.19,119.12,-27.069999999999993,11.3,8.6,-2.700000000000001,1.0,0.0,-1.0,0.0
191,0,0,0,0,0,0,0,0,0,1,0,0,0,0,0,0,0,0,0,0,0,0,0,0,0,0,0,0,0,0,0,0,0,0,0,0,0,1,0,0,3.8,4.2,0.4000000000000003,131.17,117.15,-14.019999999999982,4.9,5.9,1.0,0.0,0.0,0.0,-0.5
191,0,0,0,0,0,0,0,0,0,1,0,0,0,0,0,0,0,0,0,0,0,0,0,0,0,0,0,0,0,0,0,0,1,0,0,0,0,0,0,0,3.8,-1.6,-5.4,131.17,115.13,-16.039999999999992,4.9,8.0,3.0999999999999996,0.0,0.0,0.0,-5.321928
192,0,0,0,0,0,0,0,0,0,1,0,0,0,0,0,0,0,0,0,0,0,0,0,0,1,0,0,0,0,0,0,0,0,0,0,0,0,0,0,0,3.8,2.8,-1.0,131.17,165.19,34.02000000000001,4.9,5.2,0.2999999999999998,0.0,0.0,0.0,0.0
192,0,0,0,0,0,0,0,0,0,1,0,0,0,0,0,0,0,0,0,0,0,0,0,0,0,0,0,0,0,0,0,0,0,0,0,1,0,0,0,0,3.8,-0.8,-4.6,131.17,105.09,-26.079999999999984,4.9,9.2,4.299999999999999,0.0,0.0,0.0,-2.321928
192,0,0,0,0,0,0,0,0,0,1,0,0,0,0,0,0,0,0,0,0,0,0,0,0,0,0,0,1,0,0,0,0,0,0,0,0,0,0,0,0,3.8,4.5,0.7000000000000002,131.17,131.17,0.0,4.9,5.2,0.2999999999999998,0.0,0.0,0.0,0.0
193,0,0,0,0,0,0,0,0,0,0,0,0,0,0,0,0,1,0,0,0,0,0,0,0,0,0,0,1,0,0,0,0,0,0,0,0,0,0,0,0,-0.7,4.5,5.2,119.12,131.17,12.049999999999985,8.6,5.2,-3.3999999999999995,0.0,0.0,0.0,0.333333333
193,0,0,0,0,0,0,0,0,0,0,0,0,0,0,0,0,1,0,0,0,1,0,0,0,0,0,0,0,0,0,0,0,0,0,0,0,0,0,0,0,-0.7,1.8,2.5,119.12,89.09,-30.03,8.6,8.1,-0.5,0.0,0.0,0.0,0.0
193,0,0,0,0,0,0,0,0,0,0,0,0,0,0,0,0,1,0,0,0,0,0,0,0,0,0,0,0,0,0,0,1,0,0,0,0,0,0,0,0,-0.7,-3.5,-2.8,119.12,132.12,13.0,8.6,11.6,3.0,0.0,0.0,0.0,0.0
193,0,0,0,0,0,0,0,0,0,0,0,0,0,0,0,0,1,0,0,0,0,0,0,0,0,0,0,0,0,0,0,0,0,0,0,1,0,0,0,0,-0.7,-0.8,-0.1,119.12,105.09,-14.03,8.6,9.2,0.5999999999999996,0.0,0.0,0.0,-0.333333333
194,0,0,0,0,0,1,0,0,0,0,0,0,0,0,0,0,0,0,0,0,0,0,0,0,0,0,0,0,0,0,0,0,0,0,0,1,0,0,0,0,-0.4,-0.8,-0.4,75.07,105.09,30.02000000000001,9.0,9.2,0.1999999999999993,0.0,0.0,0.0,0.0
194,0,0,0,0,0,1,0,0,0,0,0,0,0,0,0,0,0,0,0,0,0,0,1,0,0,0,0,0,0,0,0,0,0,0,0,0,0,0,0,0,-0.4,-3.5,-3.1,75.07,133.1,58.03,9.0,13.0,4.0,0.0,-1.0,-1.0,0.0
194,0,0,0,0,0,1,0,0,0,0,0,0,0,0,0,0,0,0,0,0,1,0,0,0,0,0,0,0,0,0,0,0,0,0,0,0,0,0,0,0,-0.4,1.8,2.2,75.07,89.09,14.02000000000001,9.0,8.1,-0.9000000000000004,0.0,0.0,0.0,0.0
194,0,0,0,0,0,1,0,0,0,0,0,0,0,0,0,0,0,0,0,0,0,1,0,0,0,0,0,0,0,0,0,0,0,0,0,0,0,0,0,0,-0.4,2.5,2.9,75.07,121.16,46.09,9.0,5.5,-3.5,0.0,0.0,0.0,-0.333333333
195,0,0,0,1,0,0,0,0,0,0,0,0,0,0,0,0,0,0,0,0,0,0,0,0,0,0,0,0,1,0,0,0,0,0,0,0,0,0,0,0,-3.5,-3.9,-0.3999999999999999,147.13,146.19,-0.9399999999999976,12.3,11.3,-1.0,-1.0,1.0,2.0,0.0
195,0,0,0,1,0,0,0,0,0,0,0,0,0,0,0,0,0,0,0,0,0,0,0,0,0,0,0,0,0,0,0,0,0,0,0,0,0,1,0,0,-3.5,4.2,7.7,147.13,117.15,-29.97999999999999,12.3,5.9,-6.4,-1.0,0.0,1.0,-2.321928
195,0,0,0,1,0,0,0,0,0,0,0,0,0,0,0,0,0,0,0,0,0,0,0,0,0,1,0,0,0,0,0,0,0,0,0,0,0,0,0,0,-3.5,-0.4,3.1,147.13,75.07,-72.06,12.3,9.0,-3.3000000000000007,-1.0,0.0,1.0,-1.0
195,0,0,0,1,0,0,0,0,0,0,0,0,0,0,0,0,0,0,0,0,0,0,1,0,0,0,0,0,0,0,0,0,0,0,0,0,0,0,0,0,-3.5,-3.5,0.0,147.13,133.1,-14.03,12.3,13.0,0.6999999999999993,-1.0,-1.0,0.0,0.0
196,0,0,0,0,0,0,0,0,0,1,0,0,0,0,0,0,0,0,0,0,0,0,0,0,0,0,0,0,0,0,0,0,0,0,0,0,0,1,0,0,3.8,4.2,0.4000000000000003,131.17,117.15,-14.019999999999982,4.9,5.9,1.0,0.0,0.0,0.0,0.0
196,0,0,0,0,0,0,0,0,0,1,0,0,0,0,0,0,0,0,0,0,0,0,0,0,0,0,0,0,0,0,0,0,1,0,0,0,0,0,0,0,3.8,-1.6,-5.4,131.17,115.13,-16.039999999999992,4.9,8.0,3.0999999999999996,0.0,0.0,0.0,-1.0
196,0,0,0,0,0,0,0,0,0,1,0,0,0,0,0,0,0,0,0,0,0,0,0,0,0,0,0,0,0,0,0,0,0,1,0,0,0,0,0,0,3.8,-3.5,-7.3,131.17,146.15,14.980000000000018,4.9,10.5,5.6,0.0,0.0,0.0,0.0
197,0,0,0,0,0,0,0,0,0,1,0,0,0,0,0,0,0,0,0,0,0,0,0,0,0,0,0,0,0,0,0,0,1,0,0,0,0,0,0,0,3.8,-1.6,-5.4,131.17,115.13,-16.039999999999992,4.9,8.0,3.0999999999999996,0.0,0.0,0.0,-2.6552613330000003
197,0,0,0,0,0,0,0,0,0,1,0,0,0,0,0,0,0,0,0,0,0,0,0,0,0,0,1,0,0,0,0,0,0,0,0,0,0,0,0,0,3.8,-3.2,-7.0,131.17,155.16,23.99000000000001,4.9,10.4,5.5,0.0,0.5,0.5,-1.944234286
197,0,0,0,0,0,0,0,0,0,1,0,0,0,0,0,0,0,0,0,0,0,0,0,0,1,0,0,0,0,0,0,0,0,0,0,0,0,0,0,0,3.8,2.8,-1.0,131.17,165.19,34.02000000000001,4.9,5.2,0.2999999999999998,0.0,0.0,0.0,-2.321928
198,0,0,0,0,0,0,0,0,0,0,0,0,0,0,0,0,1,0,0,0,0,0,0,0,0,0,0,0,0,0,0,0,0,0,0,1,0,0,0,0,-0.7,-0.8,-0.1,119.12,105.09,-14.03,8.6,9.2,0.5999999999999996,0.0,0.0,0.0,0.0
198,0,0,0,0,0,0,0,0,0,0,0,0,0,0,0,0,1,0,0,0,0,0,0,0,0,0,0,0,0,0,0,0,1,0,0,0,0,0,0,0,-0.7,-1.6,-0.9000000000000001,119.12,115.13,-3.990000000000009,8.6,8.0,-0.5999999999999996,0.0,0.0,0.0,-1.0
198,0,0,0,0,0,0,0,0,0,0,0,0,0,0,0,0,1,0,0,0,1,0,0,0,0,0,0,0,0,0,0,0,0,0,0,0,0,0,0,0,-0.7,1.8,2.5,119.12,89.09,-30.03,8.6,8.1,-0.5,0.0,0.0,0.0,-0.25
198,0,0,0,0,0,0,0,0,0,0,0,0,0,0,0,0,1,0,0,0,0,0,0,0,0,0,0,1,0,0,0,0,0,0,0,0,0,0,0,0,-0.7,4.5,5.2,119.12,131.17,12.049999999999985,8.6,5.2,-3.3999999999999995,0.0,0.0,0.0,-1.881285333
199,0,0,0,0,0,0,0,0,0,1,0,0,0,0,0,0,0,0,0,0,0,0,0,0,0,0,0,1,0,0,0,0,0,0,0,0,0,0,0,0,3.8,4.5,0.7000000000000002,131.17,131.17,0.0,4.9,5.2,0.2999999999999998,0.0,0.0,0.0,0.0
199,0,0,0,0,0,0,0,0,0,1,0,0,0,0,0,0,0,0,0,0,0,0,0,0,0,0,0,0,0,0,0,0,1,0,0,0,0,0,0,0,3.8,-1.6,-5.4,131.17,115.13,-16.039999999999992,4.9,8.0,3.0999999999999996,0.0,0.0,0.0,0.0
199,0,0,0,0,0,0,0,0,0,1,0,0,0,0,0,0,0,0,0,0,0,0,0,0,0,0,0,0,0,0,0,0,0,1,0,0,0,0,0,0,3.8,-3.5,-7.3,131.17,146.15,14.980000000000018,4.9,10.5,5.6,0.0,0.0,0.0,0.166666667
200,1,0,0,0,0,0,0,0,0,0,0,0,0,0,0,0,0,0,0,0,0,0,1,0,0,0,0,0,0,0,0,0,0,0,0,0,0,0,0,0,1.8,-3.5,-5.3,89.09,133.1,44.00999999999999,8.1,13.0,4.9,0.0,-1.0,-1.0,-2.321928
200,1,0,0,0,0,0,0,0,0,0,0,0,0,0,0,0,0,0,0,0,0,0,0,0,0,1,0,0,0,0,0,0,0,0,0,0,0,0,0,0,1.8,-0.4,-2.2,89.09,75.07,-14.02000000000001,8.1,9.0,0.9000000000000004,0.0,0.0,0.0,0.0
200,1,0,0,0,0,0,0,0,0,0,0,0,0,0,0,0,0,0,0,0,0,0,0,0,0,0,0,0,0,0,0,0,0,0,0,0,1,0,0,0,1.8,-0.7,-2.5,89.09,119.12,30.03,8.1,8.6,0.5,0.0,0.0,0.0,0.0
200,1,0,0,0,0,0,0,0,0,0,0,0,0,0,0,0,0,0,0,0,0,0,0,0,0,0,0,0,0,0,0,0,0,0,0,1,0,0,0,0,1.8,-0.8,-2.6,89.09,105.09,16.0,8.1,9.2,1.0999999999999996,0.0,0.0,0.0,0.0
200,1,0,0,0,0,0,0,0,0,0,0,0,0,0,0,0,0,0,0,0,0,0,0,0,0,0,0,0,0,0,0,0,0,0,0,0,0,1,0,0,1.8,4.2,2.4000000000000004,89.09,117.15,28.06,8.1,5.9,-2.1999999999999993,0.0,0.0,0.0,0.0
201,0,0,0,0,0,0,0,0,0,0,0,0,0,0,0,1,0,0,0,0,0,1,0,0,0,0,0,0,0,0,0,0,0,0,0,0,0,0,0,0,-0.8,2.5,3.3,105.09,121.16,16.069999999999993,9.2,5.5,-3.6999999999999993,0.0,0.0,0.0,0.0
201,0,0,0,0,0,0,0,0,0,0,0,0,0,0,0,1,0,0,0,0,0,0,0,0,1,0,0,0,0,0,0,0,0,0,0,0,0,0,0,0,-0.8,2.8,3.5999999999999996,105.09,165.19,60.099999999999994,9.2,5.2,-3.999999999999999,0.0,0.0,0.0,-3.321928
201,0,0,0,0,0,0,0,0,0,0,0,0,0,0,0,1,0,0,0,0,0,0,0,0,0,0,0,0,0,0,0,0,1,0,0,0,0,0,0,0,-0.8,-1.6,-0.8,105.09,115.13,10.039999999999992,9.2,8.0,-1.1999999999999993,0.0,0.0,0.0,-3.571928
201,0,0,0,0,0,0,0,0,0,0,0,0,0,0,0,1,0,0,0,0,0,0,0,0,0,0,0,0,0,0,0,0,0,0,0,0,1,0,0,0,-0.8,-0.7,0.1,105.09,119.12,14.03,9.2,8.6,-0.5999999999999996,0.0,0.0,0.0,-1.0
202,0,0,0,0,0,0,0,0,0,0,0,0,0,0,1,0,0,0,0,0,0,0,0,0,0,0,0,0,0,0,0,0,0,0,0,0,0,0,1,0,-4.5,-0.9,3.6,174.2,204.23,30.03,10.5,5.4,-5.1,1.0,0.0,-1.0,-4.321928
202,0,0,0,0,0,0,0,0,0,0,0,0,0,0,1,0,0,0,0,0,0,0,0,0,0,0,0,0,0,0,0,0,0,1,0,0,0,0,0,0,-4.5,-3.5,1.0,174.2,146.15,-28.049999999999983,10.5,10.5,0.0,1.0,0.0,-1.0,0.2
202,0,0,0,0,0,0,0,0,0,0,0,0,0,0,1,0,0,0,0,0,0,0,0,0,0,0,0,0,0,1,0,0,0,0,0,0,0,0,0,0,-4.5,3.8,8.3,174.2,131.17,-43.03,10.5,4.9,-5.6,1.0,0.0,-1.0,-1.440642667
203,0,0,0,0,0,0,0,0,0,0,0,0,0,1,0,0,0,0,0,0,0,0,0,0,0,0,0,0,0,1,0,0,0,0,0,0,0,0,0,0,-3.5,3.8,7.3,146.15,131.17,-14.980000000000018,10.5,4.9,-5.6,0.0,0.0,0.0,0.0
203,0,0,0,0,0,0,0,0,0,0,0,0,0,1,0,0,0,0,0,0,0,0,0,0,0,0,0,0,0,0,0,0,0,0,1,0,0,0,0,0,-3.5,-4.5,-1.0,146.15,174.2,28.049999999999983,10.5,10.5,0.0,0.0,1.0,1.0,0.166666667
203,0,0,0,0,0,0,0,0,0,0,0,0,0,1,0,0,0,0,0,0,0,0,0,0,0,0,1,0,0,0,0,0,0,0,0,0,0,0,0,0,-3.5,-3.2,0.2999999999999998,146.15,155.16,9.009999999999993,10.5,10.4,-0.0999999999999996,0.0,0.5,0.5,0.0
203,0,0,0,0,0,0,0,0,0,0,0,0,0,1,0,0,0,0,0,0,0,0,0,1,0,0,0,0,0,0,0,0,0,0,0,0,0,0,0,0,-3.5,-3.5,0.0,146.15,147.13,0.9799999999999898,10.5,12.3,1.8000000000000007,0.0,-1.0,-1.0,-1.160964
204,0,0,0,0,0,0,0,0,0,0,0,0,0,1,0,0,0,0,0,0,0,0,0,1,0,0,0,0,0,0,0,0,0,0,0,0,0,0,0,0,-3.5,-3.5,0.0,146.15,147.13,0.9799999999999898,10.5,12.3,1.8000000000000007,0.0,-1.0,-1.0,0.0
204,0,0,0,0,0,0,0,0,0,0,0,0,0,1,0,0,0,0,0,0,0,0,0,0,0,0,1,0,0,0,0,0,0,0,0,0,0,0,0,0,-3.5,-3.2,0.2999999999999998,146.15,155.16,9.009999999999993,10.5,10.4,-0.0999999999999996,0.0,0.5,0.5,-0.666666667
204,0,0,0,0,0,0,0,0,0,0,0,0,0,1,0,0,0,0,0,0,0,0,0,0,0,0,0,0,0,0,0,0,0,0,1,0,0,0,0,0,-3.5,-4.5,-1.0,146.15,174.2,28.049999999999983,10.5,10.5,0.0,0.0,1.0,1.0,-0.4
205,0,0,0,0,0,0,0,0,0,1,0,0,0,0,0,0,0,0,0,0,0,0,0,0,0,0,0,1,0,0,0,0,0,0,0,0,0,0,0,0,3.8,4.5,0.7000000000000002,131.17,131.17,0.0,4.9,5.2,0.2999999999999998,0.0,0.0,0.0,-0.666666667
205,0,0,0,0,0,0,0,0,0,1,0,0,0,0,0,0,0,0,0,0,0,0,0,0,0,0,0,0,0,0,0,0,0,0,0,1,0,0,0,0,3.8,-0.8,-4.6,131.17,105.09,-26.079999999999984,4.9,9.2,4.299999999999999,0.0,0.0,0.0,-5.321928
206,0,0,0,0,0,0,0,1,0,0,0,0,0,0,0,0,0,0,0,0,0,0,0,0,0,0,0,0,0,0,1,0,0,0,0,0,0,0,0,0,4.5,1.9,-2.6,131.17,149.21,18.04000000000002,5.2,5.7,0.5,0.0,0.0,0.0,0.0
206,0,0,0,0,0,0,0,1,0,0,0,0,0,0,0,0,0,0,0,0,0,0,0,0,0,0,0,0,0,0,0,0,0,0,0,0,1,0,0,0,4.5,-0.7,-5.2,131.17,119.12,-12.049999999999985,5.2,8.6,3.3999999999999995,0.0,0.0,0.0,-1.0
206,0,0,0,0,0,0,0,1,0,0,0,0,0,0,0,0,0,0,0,0,0,0,0,0,0,0,0,0,0,0,0,0,0,0,0,0,0,1,0,0,4.5,4.2,-0.2999999999999998,131.17,117.15,-14.019999999999982,5.2,5.9,0.7000000000000002,0.0,0.0,0.0,-0.333333333
206,0,0,0,0,0,0,0,1,0,0,0,0,0,0,0,0,0,0,0,0,0,0,0,0,0,0,0,0,0,1,0,0,0,0,0,0,0,0,0,0,4.5,3.8,-0.7000000000000002,131.17,131.17,0.0,5.2,4.9,-0.2999999999999998,0.0,0.0,0.0,0.0
206,0,0,0,0,0,0,0,1,0,0,0,0,0,0,0,0,0,0,0,0,0,0,0,0,0,0,0,0,1,0,0,0,0,0,0,0,0,0,0,0,4.5,-3.9,-8.4,131.17,146.19,15.02000000000001,5.2,11.3,6.1000000000000005,0.0,1.0,1.0,0.0
207,0,0,1,0,0,0,0,0,0,0,0,0,0,0,0,0,0,0,0,0,0,0,0,1,0,0,0,0,0,0,0,0,0,0,0,0,0,0,0,0,-3.5,-3.5,0.0,133.1,147.13,14.03,13.0,12.3,-0.6999999999999993,-1.0,-1.0,0.0,0.0
207,0,0,1,0,0,0,0,0,0,0,0,0,0,0,0,0,0,0,0,0,0,0,0,0,0,1,0,0,0,0,0,0,0,0,0,0,0,0,0,0,-3.5,-0.4,3.1,133.1,75.07,-58.03,13.0,9.0,-4.0,-1.0,0.0,1.0,-1.0
207,0,0,1,0,0,0,0,0,0,0,0,0,0,0,0,0,0,0,0,0,0,0,0,0,0,0,0,0,0,0,0,0,0,0,0,0,0,1,0,0,-3.5,4.2,7.7,133.1,117.15,-15.949999999999989,13.0,5.9,-7.1,-1.0,0.0,1.0,-0.5
207,0,0,1,0,0,0,0,0,0,0,0,0,0,0,0,0,0,0,0,0,0,0,0,0,0,0,0,0,0,0,0,0,0,0,0,0,0,0,0,1,-3.5,-1.3,2.2,133.1,181.19,48.09,13.0,6.2,-6.8,-1.0,0.0,1.0,0.0
208,0,0,0,0,0,0,0,0,0,0,0,0,0,0,0,0,0,0,1,0,0,1,0,0,0,0,0,0,0,0,0,0,0,0,0,0,0,0,0,0,-0.9,2.5,3.4,204.23,121.16,-83.07,5.4,5.5,0.0999999999999996,0.0,0.0,0.0,-2.988594667
208,0,0,0,0,0,0,0,0,0,0,0,0,0,0,0,0,0,0,1,0,0,0,0,0,0,0,0,0,0,0,0,0,0,0,1,0,0,0,0,0,-0.9,-4.5,-3.6,204.23,174.2,-30.03,5.4,10.5,5.1,0.0,1.0,1.0,-5.321928
209,0,0,0,0,0,0,0,0,0,0,1,0,0,0,0,0,0,0,0,0,0,0,0,0,0,0,0,0,0,0,0,0,0,0,0,0,0,1,0,0,1.9,4.2,2.3000000000000003,149.21,117.15,-32.06,5.7,5.9,0.2000000000000001,0.0,0.0,0.0,-5.321928
209,0,0,0,0,0,0,0,0,0,0,1,0,0,0,0,0,0,0,0,0,0,0,0,0,0,0,0,0,0,1,0,0,0,0,0,0,0,0,0,0,1.9,3.8,1.9,149.21,131.17,-18.04000000000002,5.7,4.9,-0.7999999999999998,0.0,0.0,0.0,0.0
209,0,0,0,0,0,0,0,0,0,0,1,0,0,0,0,0,0,0,0,0,0,0,0,0,0,0,0,1,0,0,0,0,0,0,0,0,0,0,0,0,1.9,4.5,2.6,149.21,131.17,-18.04000000000002,5.7,5.2,-0.5,0.0,0.0,0.0,-5.321928
210,0,0,0,1,0,0,0,0,0,0,0,0,0,0,0,0,0,0,0,0,0,0,1,0,0,0,0,0,0,0,0,0,0,0,0,0,0,0,0,0,-3.5,-3.5,0.0,147.13,133.1,-14.03,12.3,13.0,0.6999999999999993,-1.0,-1.0,0.0,0.0
210,0,0,0,1,0,0,0,0,0,0,0,0,0,0,0,0,0,0,0,0,0,0,0,0,0,1,0,0,0,0,0,0,0,0,0,0,0,0,0,0,-3.5,-0.4,3.1,147.13,75.07,-72.06,12.3,9.0,-3.3000000000000007,-1.0,0.0,1.0,-0.5
211,1,0,0,0,0,0,0,0,0,0,0,0,0,0,0,0,0,0,0,0,0,0,0,0,0,0,0,0,0,0,0,0,0,0,0,1,0,0,0,0,1.8,-0.8,-2.6,89.09,105.09,16.0,8.1,9.2,1.0999999999999996,0.0,0.0,0.0,0.0
211,1,0,0,0,0,0,0,0,0,0,0,0,0,0,0,0,0,0,0,0,0,0,0,0,0,0,0,0,0,0,0,0,0,0,0,0,1,0,0,0,1.8,-0.7,-2.5,89.09,119.12,30.03,8.1,8.6,0.5,0.0,0.0,0.0,-1.0
211,1,0,0,0,0,0,0,0,0,0,0,0,0,0,0,0,0,0,0,0,0,0,0,0,0,0,0,0,0,0,0,0,0,0,0,0,0,1,0,0,1.8,4.2,2.4000000000000004,89.09,117.15,28.06,8.1,5.9,-2.1999999999999993,0.0,0.0,0.0,-1.0
211,1,0,0,0,0,0,0,0,0,0,0,0,0,0,0,0,0,0,0,0,0,0,0,0,0,1,0,0,0,0,0,0,0,0,0,0,0,0,0,0,1.8,-0.4,-2.2,89.09,75.07,-14.02000000000001,8.1,9.0,0.9000000000000004,0.0,0.0,0.0,-1.0
212,0,0,1,0,0,0,0,0,0,0,0,0,0,0,0,0,0,0,0,0,0,0,0,0,0,0,0,0,0,0,0,1,0,0,0,0,0,0,0,0,-3.5,-3.5,0.0,133.1,132.12,-0.9799999999999898,13.0,11.6,-1.4000000000000004,-1.0,0.0,1.0,-1.660964
212,0,0,1,0,0,0,0,0,0,0,0,0,0,0,0,0,0,0,0,0,0,0,0,0,0,0,0,0,0,0,0,0,0,0,0,0,0,1,0,0,-3.5,4.2,7.7,133.1,117.15,-15.949999999999989,13.0,5.9,-7.1,-1.0,0.0,1.0,-2.988594667
213,0,0,0,0,0,0,0,0,1,0,0,0,0,0,0,0,0,0,0,0,0,0,0,0,0,0,0,1,0,0,0,0,0,0,0,0,0,0,0,0,-3.9,4.5,8.4,146.19,131.17,-15.02000000000001,11.3,5.2,-6.1000000000000005,1.0,0.0,-1.0,0.0
213,0,0,0,0,0,0,0,0,1,0,0,0,0,0,0,0,0,0,0,0,0,0,0,0,0,0,0,0,0,0,0,1,0,0,0,0,0,0,0,0,-3.9,-3.5,0.3999999999999999,146.19,132.12,-14.069999999999991,11.3,11.6,0.2999999999999989,1.0,0.0,-1.0,0.0
213,0,0,0,0,0,0,0,0,1,0,0,0,0,0,0,0,0,0,0,0,0,0,0,0,0,0,0,0,0,0,0,0,0,0,0,0,1,0,0,0,-3.9,-0.7,3.2,146.19,119.12,-27.069999999999993,11.3,8.6,-2.700000000000001,1.0,0.0,-1.0,-0.5
214,0,0,0,0,0,0,0,0,0,0,0,0,0,0,0,0,0,1,0,0,0,0,0,0,0,0,0,0,0,1,0,0,0,0,0,0,0,0,0,0,4.2,3.8,-0.4000000000000003,117.15,131.17,14.019999999999982,5.9,4.9,-1.0,0.0,0.0,0.0,-1.0
214,0,0,0,0,0,0,0,0,0,0,0,0,0,0,0,0,0,1,0,0,0,0,0,0,0,0,0,1,0,0,0,0,0,0,0,0,0,0,0,0,4.2,4.5,0.2999999999999998,117.15,131.17,14.019999999999982,5.9,5.2,-0.7000000000000002,0.0,0.0,0.0,-1.0
214,0,0,0,0,0,0,0,0,0,0,0,0,0,0,0,0,0,1,0,0,0,0,0,0,0,1,0,0,0,0,0,0,0,0,0,0,0,0,0,0,4.2,-0.4,-4.6000000000000005,117.15,75.07,-42.08000000000001,5.9,9.0,3.0999999999999996,0.0,0.0,0.0,-2.321928
214,0,0,0,0,0,0,0,0,0,0,0,0,0,0,0,0,0,1,0,0,0,0,0,0,1,0,0,0,0,0,0,0,0,0,0,0,0,0,0,0,4.2,2.8,-1.4000000000000004,117.15,165.19,48.03999999999999,5.9,5.2,-0.7000000000000002,0.0,0.0,0.0,-1.0
214,0,0,0,0,0,0,0,0,0,0,0,0,0,0,0,0,0,1,0,0,0,0,1,0,0,0,0,0,0,0,0,0,0,0,0,0,0,0,0,0,4.2,-3.5,-7.7,117.15,133.1,15.949999999999989,5.9,13.0,7.1,0.0,-1.0,-1.0,-5.071928
214,0,0,0,0,0,0,0,0,0,0,0,0,0,0,0,0,0,1,0,0,1,0,0,0,0,0,0,0,0,0,0,0,0,0,0,0,0,0,0,0,4.2,1.8,-2.4000000000000004,117.15,89.09,-28.06,5.9,8.1,2.1999999999999993,0.0,0.0,0.0,-0.666666667
215,1,0,0,0,0,0,0,0,0,0,0,0,0,0,0,0,0,0,0,0,0,0,0,1,0,0,0,0,0,0,0,0,0,0,0,0,0,0,0,0,1.8,-3.5,-5.3,89.09,147.13,58.03999999999999,8.1,12.3,4.200000000000001,0.0,-1.0,-1.0,-3.321928
215,1,0,0,0,0,0,0,0,0,0,0,0,0,0,0,0,0,0,0,0,0,0,0,0,0,0,0,0,0,0,0,0,0,0,0,0,1,0,0,0,1.8,-0.7,-2.5,89.09,119.12,30.03,8.1,8.6,0.5,0.0,0.0,0.0,-1.660964
215,1,0,0,0,0,0,0,0,0,0,0,0,0,0,0,0,0,0,0,0,0,0,0,0,0,0,0,0,0,0,0,0,0,0,0,0,0,1,0,0,1.8,4.2,2.4000000000000004,89.09,117.15,28.06,8.1,5.9,-2.1999999999999993,0.0,0.0,0.0,-3.321928
216,0,0,0,0,0,1,0,0,0,0,0,0,0,0,0,0,0,0,0,0,0,0,0,1,0,0,0,0,0,0,0,0,0,0,0,0,0,0,0,0,-0.4,-3.5,-3.1,75.07,147.13,72.06,9.0,12.3,3.3000000000000007,0.0,-1.0,-1.0,-2.160964
216,0,0,0,0,0,1,0,0,0,0,0,0,0,0,0,0,0,0,0,0,0,0,0,0,0,0,0,0,0,0,0,0,0,0,1,0,0,0,0,0,-0.4,-4.5,-4.1,75.07,174.2,99.13,9.0,10.5,1.5,0.0,1.0,1.0,-1.0
216,0,0,0,0,0,1,0,0,0,0,0,0,0,0,0,0,0,0,0,0,0,0,0,0,0,0,0,0,0,0,0,0,0,0,0,0,0,1,0,0,-0.4,4.2,4.6000000000000005,75.07,117.15,42.08000000000001,9.0,5.9,-3.0999999999999996,0.0,0.0,0.0,-2.321928
217,0,0,0,0,0,0,0,0,0,0,0,0,1,0,0,0,0,0,0,0,1,0,0,0,0,0,0,0,0,0,0,0,0,0,0,0,0,0,0,0,-1.6,1.8,3.4000000000000004,115.13,89.09,-26.039999999999992,8.0,8.1,0.0999999999999996,0.0,0.0,0.0,-0.2
217,0,0,0,0,0,0,0,0,0,0,0,0,1,0,0,0,0,0,0,0,0,0,0,0,0,0,0,0,0,1,0,0,0,0,0,0,0,0,0,0,-1.6,3.8,5.4,115.13,131.17,16.039999999999992,8.0,4.9,-3.0999999999999996,0.0,0.0,0.0,0.0
217,0,0,0,0,0,0,0,0,0,0,0,0,1,0,0,0,0,0,0,0,0,0,0,0,0,0,0,0,0,0,0,0,0,0,0,1,0,0,0,0,-1.6,-0.8,0.8,115.13,105.09,-10.039999999999992,8.0,9.2,1.1999999999999993,0.0,0.0,0.0,-0.924658667
218,0,0,0,0,0,0,0,0,0,1,0,0,0,0,0,0,0,0,0,0,0,0,0,0,0,0,0,1,0,0,0,0,0,0,0,0,0,0,0,0,3.8,4.5,0.7000000000000002,131.17,131.17,0.0,4.9,5.2,0.2999999999999998,0.0,0.0,0.0,-2.321928
218,0,0,0,0,0,0,0,0,0,1,0,0,0,0,0,0,0,0,0,0,0,0,0,0,0,0,1,0,0,0,0,0,0,0,0,0,0,0,0,0,3.8,-3.2,-7.0,131.17,155.16,23.99000000000001,4.9,10.4,5.5,0.0,0.5,0.5,-3.321928
218,0,0,0,0,0,0,0,0,0,1,0,0,0,0,0,0,0,0,0,0,0,0,0,0,0,0,0,0,0,0,0,0,0,0,0,0,0,1,0,0,3.8,4.2,0.4000000000000003,131.17,117.15,-14.019999999999982,4.9,5.9,1.0,0.0,0.0,0.0,-4.321928
218,0,0,0,0,0,0,0,0,0,1,0,0,0,0,0,0,0,0,0,0,0,0,0,0,1,0,0,0,0,0,0,0,0,0,0,0,0,0,0,0,3.8,2.8,-1.0,131.17,165.19,34.02000000000001,4.9,5.2,0.2999999999999998,0.0,0.0,0.0,-4.321928
219,0,0,0,0,0,0,0,0,0,1,0,0,0,0,0,0,0,0,0,0,0,0,0,0,0,0,0,0,0,0,1,0,0,0,0,0,0,0,0,0,3.8,1.9,-1.9,131.17,149.21,18.04000000000002,4.9,5.7,0.7999999999999998,0.0,0.0,0.0,0.0
219,0,0,0,0,0,0,0,0,0,1,0,0,0,0,0,0,0,0,0,0,0,0,0,0,0,0,0,0,0,0,0,0,0,0,0,0,0,1,0,0,3.8,4.2,0.4000000000000003,131.17,117.15,-14.019999999999982,4.9,5.9,1.0,0.0,0.0,0.0,-1.0
219,0,0,0,0,0,0,0,0,0,1,0,0,0,0,0,0,0,0,0,0,0,0,0,0,0,0,0,0,0,0,0,0,0,0,1,0,0,0,0,0,3.8,-4.5,-8.3,131.17,174.2,43.03,4.9,10.5,5.6,0.0,1.0,1.0,-3.321928
219,0,0,0,0,0,0,0,0,0,1,0,0,0,0,0,0,0,0,0,0,0,0,0,0,0,0,0,0,0,0,0,0,0,1,0,0,0,0,0,0,3.8,-3.5,-7.3,131.17,146.15,14.980000000000018,4.9,10.5,5.6,0.0,0.0,0.0,-3.321928
219,0,0,0,0,0,0,0,0,0,1,0,0,0,0,0,0,0,0,0,0,0,0,0,0,0,0,0,0,0,0,0,0,1,0,0,0,0,0,0,0,3.8,-1.6,-5.4,131.17,115.13,-16.039999999999992,4.9,8.0,3.0999999999999996,0.0,0.0,0.0,-3.321928
220,0,0,0,0,0,0,0,0,0,0,0,0,0,0,1,0,0,0,0,0,0,1,0,0,0,0,0,0,0,0,0,0,0,0,0,0,0,0,0,0,-4.5,2.5,7.0,174.2,121.16,-53.03999999999999,10.5,5.5,-5.0,1.0,0.0,-1.0,-3.821928
220,0,0,0,0,0,0,0,0,0,0,0,0,0,0,1,0,0,0,0,0,0,0,0,0,0,0,1,0,0,0,0,0,0,0,0,0,0,0,0,0,-4.5,-3.2,1.2999999999999998,174.2,155.16,-19.039999999999992,10.5,10.4,-0.0999999999999996,1.0,0.5,-0.5,-3.446928
220,0,0,0,0,0,0,0,0,0,0,0,0,0,0,1,0,0,0,0,0,0,0,0,0,0,0,0,0,0,1,0,0,0,0,0,0,0,0,0,0,-4.5,3.8,8.3,174.2,131.17,-43.03,10.5,4.9,-5.6,1.0,0.0,-1.0,-4.321928
220,0,0,0,0,0,0,0,0,0,0,0,0,0,0,1,0,0,0,0,0,0,0,0,0,0,0,0,0,0,0,0,0,0,0,0,1,0,0,0,0,-4.5,-0.8,3.7,174.2,105.09,-69.10999999999999,10.5,9.2,-1.3000000000000007,1.0,0.0,-1.0,-3.321928
221,0,0,0,0,0,0,0,0,0,0,0,0,0,0,0,1,0,0,0,0,0,0,0,0,0,0,0,0,0,0,0,0,1,0,0,0,0,0,0,0,-0.8,-1.6,-0.8,105.09,115.13,10.039999999999992,9.2,8.0,-1.1999999999999993,0.0,0.0,0.0,-0.666666667
221,0,0,0,0,0,0,0,0,0,0,0,0,0,0,0,1,0,0,0,0,1,0,0,0,0,0,0,0,0,0,0,0,0,0,0,0,0,0,0,0,-0.8,1.8,2.6,105.09,89.09,-16.0,9.2,8.1,-1.0999999999999996,0.0,0.0,0.0,0.0
221,0,0,0,0,0,0,0,0,0,0,0,0,0,0,0,1,0,0,0,0,0,0,0,0,0,0,0,0,0,0,0,0,0,0,0,0,1,0,0,0,-0.8,-0.7,0.1,105.09,119.12,14.03,9.2,8.6,-0.5999999999999996,0.0,0.0,0.0,0.0
221,0,0,0,0,0,0,0,0,0,0,0,0,0,0,0,1,0,0,0,0,0,0,0,0,0,0,0,0,0,0,0,0,0,0,0,0,0,0,1,0,-0.8,-0.9,-0.0999999999999999,105.09,204.23,99.14,9.2,5.4,-3.799999999999999,0.0,0.0,0.0,-1.0
221,0,0,0,0,0,0,0,0,0,0,0,0,0,0,0,1,0,0,0,0,0,0,0,0,0,0,0,0,0,1,0,0,0,0,0,0,0,0,0,0,-0.8,3.8,4.6,105.09,131.17,26.079999999999984,9.2,4.9,-4.299999999999999,0.0,0.0,0.0,0.0
222,1,0,0,0,0,0,0,0,0,0,0,0,0,0,0,0,0,0,0,0,0,0,0,0,0,0,0,0,0,0,0,0,0,0,0,0,1,0,0,0,1.8,-0.7,-2.5,89.09,119.12,30.03,8.1,8.6,0.5,0.0,0.0,0.0,0.0
222,1,0,0,0,0,0,0,0,0,0,0,0,0,0,0,0,0,0,0,0,0,0,0,0,0,0,0,0,0,0,0,0,0,0,0,0,0,1,0,0,1.8,4.2,2.4000000000000004,89.09,117.15,28.06,8.1,5.9,-2.1999999999999993,0.0,0.0,0.0,0.125
223,0,0,0,0,0,0,0,0,0,1,0,0,0,0,0,0,0,0,0,0,0,0,0,0,0,0,0,0,0,0,0,0,0,0,1,0,0,0,0,0,3.8,-4.5,-8.3,131.17,174.2,43.03,4.9,10.5,5.6,0.0,1.0,1.0,-2.321928
223,0,0,0,0,0,0,0,0,0,1,0,0,0,0,0,0,0,0,0,0,0,0,0,0,0,0,1,0,0,0,0,0,0,0,0,0,0,0,0,0,3.8,-3.2,-7.0,131.17,155.16,23.99000000000001,4.9,10.4,5.5,0.0,0.5,0.5,-4.571928
223,0,0,0,0,0,0,0,0,0,1,0,0,0,0,0,0,0,0,0,0,0,0,0,0,0,0,0,1,0,0,0,0,0,0,0,0,0,0,0,0,3.8,4.5,0.7000000000000002,131.17,131.17,0.0,4.9,5.2,0.2999999999999998,0.0,0.0,0.0,0.0
223,0,0,0,0,0,0,0,0,0,1,0,0,0,0,0,0,0,0,0,0,0,0,0,0,0,0,0,0,0,0,0,0,1,0,0,0,0,0,0,0,3.8,-1.6,-5.4,131.17,115.13,-16.039999999999992,4.9,8.0,3.0999999999999996,0.0,0.0,0.0,-4.821928
223,0,0,0,0,0,0,0,0,0,1,0,0,0,0,0,0,0,0,0,0,0,0,0,0,1,0,0,0,0,0,0,0,0,0,0,0,0,0,0,0,3.8,2.8,-1.0,131.17,165.19,34.02000000000001,4.9,5.2,0.2999999999999998,0.0,0.0,0.0,-2.4575424
224,0,0,0,0,0,0,0,0,0,0,0,0,1,0,0,0,0,0,0,0,0,0,0,0,0,0,0,0,0,0,0,0,0,0,0,1,0,0,0,0,-1.6,-0.8,0.8,115.13,105.09,-10.039999999999992,8.0,9.2,1.1999999999999993,0.0,0.0,0.0,-5.321928
224,0,0,0,0,0,0,0,0,0,0,0,0,1,0,0,0,0,0,0,0,0,0,0,0,0,0,0,0,0,1,0,0,0,0,0,0,0,0,0,0,-1.6,3.8,5.4,115.13,131.17,16.039999999999992,8.0,4.9,-3.0999999999999996,0.0,0.0,0.0,-2.160964
224,0,0,0,0,0,0,0,0,0,0,0,0,1,0,0,0,0,0,0,0,0,0,0,0,0,0,0,0,0,0,0,0,0,1,0,0,0,0,0,0,-1.6,-3.5,-1.9,115.13,146.15,31.02000000000001,8.0,10.5,2.5,0.0,0.0,0.0,-1.107309333
225,1,0,0,0,0,0,0,0,0,0,0,0,0,0,0,0,0,0,0,0,0,0,0,0,0,0,0,0,0,0,0,0,0,0,0,0,1,0,0,0,1.8,-0.7,-2.5,89.09,119.12,30.03,8.1,8.6,0.5,0.0,0.0,0.0,0.0
225,1,0,0,0,0,0,0,0,0,0,0,0,0,0,0,0,0,0,0,0,0,0,0,0,0,0,0,0,0,0,0,0,0,0,0,1,0,0,0,0,1.8,-0.8,-2.6,89.09,105.09,16.0,8.1,9.2,1.0999999999999996,0.0,0.0,0.0,-1.0
225,1,0,0,0,0,0,0,0,0,0,0,0,0,0,0,0,0,0,0,0,0,0,0,0,0,0,0,0,0,0,0,0,1,0,0,0,0,0,0,0,1.8,-1.6,-3.4000000000000004,89.09,115.13,26.039999999999992,8.1,8.0,-0.0999999999999996,0.0,0.0,0.0,0.0
225,1,0,0,0,0,0,0,0,0,0,0,0,0,0,0,0,0,0,0,0,0,0,0,0,0,0,0,0,0,0,0,0,0,0,0,0,0,1,0,0,1.8,4.2,2.4000000000000004,89.09,117.15,28.06,8.1,5.9,-2.1999999999999993,0.0,0.0,0.0,0.0
225,1,0,0,0,0,0,0,0,0,0,0,0,0,0,0,0,0,0,0,0,0,0,0,0,0,1,0,0,0,0,0,0,0,0,0,0,0,0,0,0,1.8,-0.4,-2.2,89.09,75.07,-14.02000000000001,8.1,9.0,0.9000000000000004,0.0,0.0,0.0,1.0
226,0,0,0,0,0,1,0,0,0,0,0,0,0,0,0,0,0,0,0,0,0,0,1,0,0,0,0,0,0,0,0,0,0,0,0,0,0,0,0,0,-0.4,-3.5,-3.1,75.07,133.1,58.03,9.0,13.0,4.0,0.0,-1.0,-1.0,0.0
226,0,0,0,0,0,1,0,0,0,0,0,0,0,0,0,0,0,0,0,0,0,0,0,0,0,0,0,0,0,0,0,0,0,0,0,1,0,0,0,0,-0.4,-0.8,-0.4,75.07,105.09,30.02000000000001,9.0,9.2,0.1999999999999993,0.0,0.0,0.0,0.0
227,0,0,0,0,0,0,0,0,0,0,0,0,0,0,0,0,0,0,1,0,0,0,0,0,0,0,0,0,0,1,0,0,0,0,0,0,0,0,0,0,-0.9,3.8,4.7,204.23,131.17,-73.06,5.4,4.9,-0.5,0.0,0.0,0.0,-5.321928
227,0,0,0,0,0,0,0,0,0,0,0,0,0,0,0,0,0,0,1,0,0,0,0,0,0,1,0,0,0,0,0,0,0,0,0,0,0,0,0,0,-0.9,-0.4,0.5,204.23,75.07,-129.16,5.4,9.0,3.5999999999999996,0.0,0.0,0.0,-5.321928
227,0,0,0,0,0,0,0,0,0,0,0,0,0,0,0,0,0,0,1,0,0,0,0,0,0,0,0,0,0,0,0,0,0,0,0,1,0,0,0,0,-0.9,-0.8,0.0999999999999999,204.23,105.09,-99.14,5.4,9.2,3.799999999999999,0.0,0.0,0.0,-5.321928
227,0,0,0,0,0,0,0,0,0,0,0,0,0,0,0,0,0,0,1,0,0,0,0,0,0,0,0,0,0,0,0,0,0,0,1,0,0,0,0,0,-0.9,-4.5,-3.6,204.23,174.2,-30.03,5.4,10.5,5.1,0.0,1.0,1.0,-5.321928
228,0,0,0,0,1,0,0,0,0,0,0,0,0,0,0,0,0,0,0,0,0,0,0,0,0,0,0,1,0,0,0,0,0,0,0,0,0,0,0,0,2.8,4.5,1.7000000000000002,165.19,131.17,-34.02000000000001,5.2,5.2,0.0,0.0,0.0,0.0,-1.0
228,0,0,0,0,1,0,0,0,0,0,0,0,0,0,0,0,0,0,0,0,0,0,0,0,0,0,0,0,0,1,0,0,0,0,0,0,0,0,0,0,2.8,3.8,1.0,165.19,131.17,-34.02000000000001,5.2,4.9,-0.2999999999999998,0.0,0.0,0.0,-1.881285333
228,0,0,0,0,1,0,0,0,0,0,0,0,0,0,0,0,0,0,0,0,0,0,0,0,0,0,0,0,0,0,0,0,0,0,0,1,0,0,0,0,2.8,-0.8,-3.5999999999999996,165.19,105.09,-60.099999999999994,5.2,9.2,3.999999999999999,0.0,0.0,0.0,-2.321928
229,0,0,0,0,0,0,0,1,0,0,0,0,0,0,0,0,0,0,0,0,0,0,0,0,0,0,0,0,0,0,0,0,0,0,0,0,1,0,0,0,4.5,-0.7,-5.2,131.17,119.12,-12.049999999999985,5.2,8.6,3.3999999999999995,0.0,0.0,0.0,-4.821928
229,0,0,0,0,0,0,0,1,0,0,0,0,0,0,0,0,0,0,0,0,0,0,0,0,0,0,0,0,0,0,0,0,0,0,0,0,0,1,0,0,4.5,4.2,-0.2999999999999998,131.17,117.15,-14.019999999999982,5.2,5.9,0.7000000000000002,0.0,0.0,0.0,-1.0
229,0,0,0,0,0,0,0,1,0,0,0,0,0,0,0,0,0,0,0,0,0,0,0,0,0,0,0,0,0,0,1,0,0,0,0,0,0,0,0,0,4.5,1.9,-2.6,131.17,149.21,18.04000000000002,5.2,5.7,0.5,0.0,0.0,0.0,-1.0
230,1,0,0,0,0,0,0,0,0,0,0,0,0,0,0,0,0,0,0,0,0,0,0,0,0,0,0,0,0,0,0,0,0,0,0,0,1,0,0,0,1.8,-0.7,-2.5,89.09,119.12,30.03,8.1,8.6,0.5,0.0,0.0,0.0,-5.321928
230,1,0,0,0,0,0,0,0,0,0,0,0,0,0,0,0,0,0,0,0,0,0,0,0,0,0,0,0,0,0,0,0,0,0,0,1,0,0,0,0,1.8,-0.8,-2.6,89.09,105.09,16.0,8.1,9.2,1.0999999999999996,0.0,0.0,0.0,-1.0
230,1,0,0,0,0,0,0,0,0,0,0,0,0,0,0,0,0,0,0,0,0,0,1,0,0,0,0,0,0,0,0,0,0,0,0,0,0,0,0,0,1.8,-3.5,-5.3,89.09,133.1,44.00999999999999,8.1,13.0,4.9,0.0,-1.0,-1.0,-5.321928
230,1,0,0,0,0,0,0,0,0,0,0,0,0,0,0,0,0,0,0,0,0,0,0,0,0,0,0,0,0,0,0,0,0,0,0,0,0,1,0,0,1.8,4.2,2.4000000000000004,89.09,117.15,28.06,8.1,5.9,-2.1999999999999993,0.0,0.0,0.0,-1.991446
230,1,0,0,0,0,0,0,0,0,0,0,0,0,0,0,0,0,0,0,0,0,0,0,0,0,0,0,0,0,0,0,0,1,0,0,0,0,0,0,0,1.8,-1.6,-3.4000000000000004,89.09,115.13,26.039999999999992,8.1,8.0,-0.0999999999999996,0.0,0.0,0.0,-5.321928
231,0,0,1,0,0,0,0,0,0,0,0,0,0,0,0,0,0,0,0,0,0,0,0,0,0,0,0,0,0,0,0,1,0,0,0,0,0,0,0,0,-3.5,-3.5,0.0,133.1,132.12,-0.9799999999999898,13.0,11.6,-1.4000000000000004,-1.0,0.0,1.0,-2.821928
231,0,0,1,0,0,0,0,0,0,0,0,0,0,0,0,0,0,0,0,0,0,0,0,1,0,0,0,0,0,0,0,0,0,0,0,0,0,0,0,0,-3.5,-3.5,0.0,133.1,147.13,14.03,13.0,12.3,-0.6999999999999993,-1.0,-1.0,0.0,-3.821928
231,0,0,1,0,0,0,0,0,0,0,0,0,0,0,0,0,0,0,0,0,0,0,0,0,0,0,0,0,0,0,0,0,0,0,0,0,0,1,0,0,-3.5,4.2,7.7,133.1,117.15,-15.949999999999989,13.0,5.9,-7.1,-1.0,0.0,1.0,-4.321928
232,0,0,0,0,0,0,0,0,1,0,0,0,0,0,0,0,0,0,0,0,0,0,0,1,0,0,0,0,0,0,0,0,0,0,0,0,0,0,0,0,-3.9,-3.5,0.3999999999999999,146.19,147.13,0.9399999999999976,11.3,12.3,1.0,1.0,-1.0,-2.0,-5.321928
232,0,0,0,0,0,0,0,0,1,0,0,0,0,0,0,0,0,0,0,0,0,0,0,0,0,0,0,0,0,0,0,0,0,1,0,0,0,0,0,0,-3.9,-3.5,0.3999999999999999,146.19,146.15,-0.039999999999992,11.3,10.5,-0.8000000000000007,1.0,0.0,-1.0,-5.321928
233,0,0,0,0,0,0,0,0,0,0,0,0,0,0,0,1,0,0,0,0,0,0,0,0,0,0,0,0,0,0,0,0,0,0,0,0,0,0,0,1,-0.8,-1.3,-0.5,105.09,181.19,76.1,9.2,6.2,-2.999999999999999,0.0,0.0,0.0,-5.321928
233,0,0,0,0,0,0,0,0,0,0,0,0,0,0,0,1,0,0,0,0,0,0,0,0,0,0,0,0,0,0,0,0,0,0,0,0,1,0,0,0,-0.8,-0.7,0.1,105.09,119.12,14.03,9.2,8.6,-0.5999999999999996,0.0,0.0,0.0,0.0
233,0,0,0,0,0,0,0,0,0,0,0,0,0,0,0,1,0,0,0,0,0,1,0,0,0,0,0,0,0,0,0,0,0,0,0,0,0,0,0,0,-0.8,2.5,3.3,105.09,121.16,16.069999999999993,9.2,5.5,-3.6999999999999993,0.0,0.0,0.0,-5.321928
233,0,0,0,0,0,0,0,0,0,0,0,0,0,0,0,1,0,0,0,0,0,0,0,0,0,0,0,0,0,0,0,0,1,0,0,0,0,0,0,0,-0.8,-1.6,-0.8,105.09,115.13,10.039999999999992,9.2,8.0,-1.1999999999999993,0.0,0.0,0.0,-3.321928
234,0,0,0,0,0,1,0,0,0,0,0,0,0,0,0,0,0,0,0,0,0,0,0,1,0,0,0,0,0,0,0,0,0,0,0,0,0,0,0,0,-0.4,-3.5,-3.1,75.07,147.13,72.06,9.0,12.3,3.3000000000000007,0.0,-1.0,-1.0,-5.321928
234,0,0,0,0,0,1,0,0,0,0,0,0,0,0,0,0,0,0,0,0,0,0,0,0,0,0,0,0,0,0,0,0,0,0,1,0,0,0,0,0,-0.4,-4.5,-4.1,75.07,174.2,99.13,9.0,10.5,1.5,0.0,1.0,1.0,-5.321928
234,0,0,0,0,0,1,0,0,0,0,0,0,0,0,0,0,0,0,0,0,0,0,0,0,0,0,0,0,0,0,0,0,0,0,0,0,0,1,0,0,-0.4,4.2,4.6000000000000005,75.07,117.15,42.08000000000001,9.0,5.9,-3.0999999999999996,0.0,0.0,0.0,-5.321928
235,1,0,0,0,0,0,0,0,0,0,0,0,0,0,0,0,0,0,0,0,0,0,0,0,0,0,0,0,0,0,0,0,0,0,0,0,1,0,0,0,1.8,-0.7,-2.5,89.09,119.12,30.03,8.1,8.6,0.5,0.0,0.0,0.0,-2.321928
235,1,0,0,0,0,0,0,0,0,0,0,0,0,0,0,0,0,0,0,0,0,0,0,0,0,0,0,0,0,0,0,0,0,0,0,1,0,0,0,0,1.8,-0.8,-2.6,89.09,105.09,16.0,8.1,9.2,1.0999999999999996,0.0,0.0,0.0,-1.660964
235,1,0,0,0,0,0,0,0,0,0,0,0,0,0,0,0,0,0,0,0,0,0,1,0,0,0,0,0,0,0,0,0,0,0,0,0,0,0,0,0,1.8,-3.5,-5.3,89.09,133.1,44.00999999999999,8.1,13.0,4.9,0.0,-1.0,-1.0,-5.321928
235,1,0,0,0,0,0,0,0,0,0,0,0,0,0,0,0,0,0,0,0,0,0,0,0,0,0,0,0,0,0,0,0,0,0,0,0,0,1,0,0,1.8,4.2,2.4000000000000004,89.09,117.15,28.06,8.1,5.9,-2.1999999999999993,0.0,0.0,0.0,-2.101606667
236,0,0,0,0,0,1,0,0,0,0,0,0,0,0,0,0,0,0,0,0,0,0,0,0,0,0,0,0,0,0,0,0,0,0,0,1,0,0,0,0,-0.4,-0.8,-0.4,75.07,105.09,30.02000000000001,9.0,9.2,0.1999999999999993,0.0,0.0,0.0,-2.321928
236,0,0,0,0,0,1,0,0,0,0,0,0,0,0,0,0,0,0,0,0,1,0,0,0,0,0,0,0,0,0,0,0,0,0,0,0,0,0,0,0,-0.4,1.8,2.2,75.07,89.09,14.02000000000001,9.0,8.1,-0.9000000000000004,0.0,0.0,0.0,0.0
236,0,0,0,0,0,1,0,0,0,0,0,0,0,0,0,0,0,0,0,0,0,1,0,0,0,0,0,0,0,0,0,0,0,0,0,0,0,0,0,0,-0.4,2.5,2.9,75.07,121.16,46.09,9.0,5.5,-3.5,0.0,0.0,0.0,-3.321928
236,0,0,0,0,0,1,0,0,0,0,0,0,0,0,0,0,0,0,0,0,0,0,0,0,0,0,0,0,0,0,0,0,0,0,0,0,0,1,0,0,-0.4,4.2,4.6000000000000005,75.07,117.15,42.08000000000001,9.0,5.9,-3.0999999999999996,0.0,0.0,0.0,-5.321928
236,0,0,0,0,0,1,0,0,0,0,0,0,0,0,0,0,0,0,0,0,0,0,0,0,0,0,0,0,0,0,0,0,0,0,1,0,0,0,0,0,-0.4,-4.5,-4.1,75.07,174.2,99.13,9.0,10.5,1.5,0.0,1.0,1.0,-5.321928
236,0,0,0,0,0,1,0,0,0,0,0,0,0,0,0,0,0,0,0,0,0,0,1,0,0,0,0,0,0,0,0,0,0,0,0,0,0,0,0,0,-0.4,-3.5,-3.1,75.07,133.1,58.03,9.0,13.0,4.0,0.0,-1.0,-1.0,-4.321928
237,0,0,0,1,0,0,0,0,0,0,0,0,0,0,0,0,0,0,0,0,0,0,1,0,0,0,0,0,0,0,0,0,0,0,0,0,0,0,0,0,-3.5,-3.5,0.0,147.13,133.1,-14.03,12.3,13.0,0.6999999999999993,-1.0,-1.0,0.0,0.0
237,0,0,0,1,0,0,0,0,0,0,0,0,0,0,0,0,0,0,0,0,0,0,0,0,0,0,0,0,1,0,0,0,0,0,0,0,0,0,0,0,-3.5,-3.9,-0.3999999999999999,147.13,146.19,-0.9399999999999976,12.3,11.3,-1.0,-1.0,1.0,2.0,0.5
237,0,0,0,1,0,0,0,0,0,0,0,0,0,0,0,0,0,0,0,0,0,0,0,0,0,0,0,0,0,0,0,0,0,0,0,0,0,1,0,0,-3.5,4.2,7.7,147.13,117.15,-29.97999999999999,12.3,5.9,-6.4,-1.0,0.0,1.0,-1.0
238,0,0,0,0,0,0,0,0,0,0,0,0,0,0,1,0,0,0,0,0,0,1,0,0,0,0,0,0,0,0,0,0,0,0,0,0,0,0,0,0,-4.5,2.5,7.0,174.2,121.16,-53.03999999999999,10.5,5.5,-5.0,1.0,0.0,-1.0,-0.285714286
238,0,0,0,0,0,0,0,0,0,0,0,0,0,0,1,0,0,0,0,0,0,0,0,0,0,1,0,0,0,0,0,0,0,0,0,0,0,0,0,0,-4.5,-0.4,4.1,174.2,75.07,-99.13,10.5,9.0,-1.5,1.0,0.0,-1.0,-0.5
239,0,0,0,0,0,1,0,0,0,0,0,0,0,0,0,0,0,0,0,0,0,0,0,0,0,0,0,0,0,0,0,0,0,0,0,0,0,1,0,0,-0.4,4.2,4.6000000000000005,75.07,117.15,42.08000000000001,9.0,5.9,-3.0999999999999996,0.0,0.0,0.0,-5.321928
239,0,0,0,0,0,1,0,0,0,0,0,0,0,0,0,0,0,0,0,0,0,0,0,1,0,0,0,0,0,0,0,0,0,0,0,0,0,0,0,0,-0.4,-3.5,-3.1,75.07,147.13,72.06,9.0,12.3,3.3000000000000007,0.0,-1.0,-1.0,-5.321928
239,0,0,0,0,0,1,0,0,0,0,0,0,0,0,0,0,0,0,0,0,0,0,0,0,0,0,0,0,0,0,0,0,0,0,1,0,0,0,0,0,-0.4,-4.5,-4.1,75.07,174.2,99.13,9.0,10.5,1.5,0.0,1.0,1.0,-5.321928
239,0,0,0,0,0,1,0,0,0,0,0,0,0,0,0,0,0,0,0,0,0,0,0,0,0,0,0,0,0,0,0,0,0,0,0,0,0,0,1,0,-0.4,-0.9,-0.5,75.07,204.23,129.16,9.0,5.4,-3.5999999999999996,0.0,0.0,0.0,-5.321928
240,0,0,0,0,0,0,0,0,0,0,0,0,0,0,0,1,0,0,0,0,1,0,0,0,0,0,0,0,0,0,0,0,0,0,0,0,0,0,0,0,-0.8,1.8,2.6,105.09,89.09,-16.0,9.2,8.1,-1.0999999999999996,0.0,0.0,0.0,0.0
240,0,0,0,0,0,0,0,0,0,0,0,0,0,0,0,1,0,0,0,0,0,0,0,0,1,0,0,0,0,0,0,0,0,0,0,0,0,0,0,0,-0.8,2.8,3.5999999999999996,105.09,165.19,60.099999999999994,9.2,5.2,-3.999999999999999,0.0,0.0,0.0,-4.321928
240,0,0,0,0,0,0,0,0,0,0,0,0,0,0,0,1,0,0,0,0,0,0,0,0,0,0,0,0,0,0,0,0,0,0,0,0,0,0,0,1,-0.8,-1.3,-0.5,105.09,181.19,76.1,9.2,6.2,-2.999999999999999,0.0,0.0,0.0,-5.321928
240,0,0,0,0,0,0,0,0,0,0,0,0,0,0,0,1,0,0,0,0,0,0,0,0,0,0,0,0,0,0,0,0,0,0,0,0,1,0,0,0,-0.8,-0.7,0.1,105.09,119.12,14.03,9.2,8.6,-0.5999999999999996,0.0,0.0,0.0,-1.0
241,0,0,0,0,0,0,0,0,0,0,0,0,0,0,1,0,0,0,0,0,0,0,0,0,0,0,0,0,0,0,0,0,0,0,0,1,0,0,0,0,-4.5,-0.8,3.7,174.2,105.09,-69.10999999999999,10.5,9.2,-1.3000000000000007,1.0,0.0,-1.0,-3.321928
241,0,0,0,0,0,0,0,0,0,0,0,0,0,0,1,0,0,0,0,0,0,0,0,0,0,0,1,0,0,0,0,0,0,0,0,0,0,0,0,0,-4.5,-3.2,1.2999999999999998,174.2,155.16,-19.039999999999992,10.5,10.4,-0.0999999999999996,1.0,0.5,-0.5,-3.988594667
241,0,0,0,0,0,0,0,0,0,0,0,0,0,0,1,0,0,0,0,0,0,1,0,0,0,0,0,0,0,0,0,0,0,0,0,0,0,0,0,0,-4.5,2.5,7.0,174.2,121.16,-53.03999999999999,10.5,5.5,-5.0,1.0,0.0,-1.0,-4.321928
242,0,0,0,0,0,1,0,0,0,0,0,0,0,0,0,0,0,0,0,0,0,1,0,0,0,0,0,0,0,0,0,0,0,0,0,0,0,0,0,0,-0.4,2.5,2.9,75.07,121.16,46.09,9.0,5.5,-3.5,0.0,0.0,0.0,-0.666666667
242,0,0,0,0,0,1,0,0,0,0,0,0,0,0,0,0,0,0,0,0,0,0,1,0,0,0,0,0,0,0,0,0,0,0,0,0,0,0,0,0,-0.4,-3.5,-3.1,75.07,133.1,58.03,9.0,13.0,4.0,0.0,-1.0,-1.0,-5.321928
242,0,0,0,0,0,1,0,0,0,0,0,0,0,0,0,0,0,0,0,0,0,0,0,0,0,0,0,0,0,0,0,0,0,0,0,1,0,0,0,0,-0.4,-0.8,-0.4,75.07,105.09,30.02000000000001,9.0,9.2,0.1999999999999993,0.0,0.0,0.0,-1.0643856000000005
242,0,0,0,0,0,1,0,0,0,0,0,0,0,0,0,0,0,0,0,0,1,0,0,0,0,0,0,0,0,0,0,0,0,0,0,0,0,0,0,0,-0.4,1.8,2.2,75.07,89.09,14.02000000000001,9.0,8.1,-0.9000000000000004,0.0,0.0,0.0,-0.5
243,0,0,0,0,0,0,0,1,0,0,0,0,0,0,0,0,0,0,0,0,0,0,0,0,0,0,0,0,0,0,0,1,0,0,0,0,0,0,0,0,4.5,-3.5,-8.0,131.17,132.12,0.950000000000017,5.2,11.6,6.3999999999999995,0.0,0.0,0.0,-4.988594667
243,0,0,0,0,0,0,0,1,0,0,0,0,0,0,0,0,0,0,0,0,0,0,0,0,0,0,0,0,0,0,0,0,0,0,0,0,1,0,0,0,4.5,-0.7,-5.2,131.17,119.12,-12.049999999999985,5.2,8.6,3.3999999999999995,0.0,0.0,0.0,-3.321928
243,0,0,0,0,0,0,0,1,0,0,0,0,0,0,0,0,0,0,0,0,0,0,0,0,1,0,0,0,0,0,0,0,0,0,0,0,0,0,0,0,4.5,2.8,-1.7000000000000002,131.17,165.19,34.02000000000001,5.2,5.2,0.0,0.0,0.0,0.0,-2.321928
244,0,0,0,0,0,0,0,1,0,0,0,0,0,0,0,0,0,0,0,0,0,0,0,0,1,0,0,0,0,0,0,0,0,0,0,0,0,0,0,0,4.5,2.8,-1.7000000000000002,131.17,165.19,34.02000000000001,5.2,5.2,0.0,0.0,0.0,0.0,-3.821928
244,0,0,0,0,0,0,0,1,0,0,0,0,0,0,0,0,0,0,0,0,0,0,0,0,0,0,0,0,0,0,1,0,0,0,0,0,0,0,0,0,4.5,1.9,-2.6,131.17,149.21,18.04000000000002,5.2,5.7,0.5,0.0,0.0,0.0,0.0
244,0,0,0,0,0,0,0,1,0,0,0,0,0,0,0,0,0,0,0,0,0,0,0,0,0,0,0,0,0,0,0,1,0,0,0,0,0,0,0,0,4.5,-3.5,-8.0,131.17,132.12,0.950000000000017,5.2,11.6,6.3999999999999995,0.0,0.0,0.0,-5.321928
244,0,0,0,0,0,0,0,1,0,0,0,0,0,0,0,0,0,0,0,0,0,0,0,0,0,0,0,0,0,0,0,0,0,0,0,0,1,0,0,0,4.5,-0.7,-5.2,131.17,119.12,-12.049999999999985,5.2,8.6,3.3999999999999995,0.0,0.0,0.0,-1.220321333
244,0,0,0,0,0,0,0,1,0,0,0,0,0,0,0,0,0,0,0,0,0,0,0,0,0,0,0,0,0,0,0,0,0,0,0,0,0,1,0,0,4.5,4.2,-0.2999999999999998,131.17,117.15,-14.019999999999982,5.2,5.9,0.7000000000000002,0.0,0.0,0.0,0.25
245,1,0,0,0,0,0,0,0,0,0,0,0,0,0,0,0,0,0,0,0,0,0,0,0,0,1,0,0,0,0,0,0,0,0,0,0,0,0,0,0,1.8,-0.4,-2.2,89.09,75.07,-14.02000000000001,8.1,9.0,0.9000000000000004,0.0,0.0,0.0,-1.0
245,1,0,0,0,0,0,0,0,0,0,0,0,0,0,0,0,0,0,0,0,0,0,0,0,0,0,0,0,0,0,0,0,0,0,0,0,0,1,0,0,1.8,4.2,2.4000000000000004,89.09,117.15,28.06,8.1,5.9,-2.1999999999999993,0.0,0.0,0.0,-2.321928
245,1,0,0,0,0,0,0,0,0,0,0,0,0,0,0,0,0,0,0,0,0,0,0,1,0,0,0,0,0,0,0,0,0,0,0,0,0,0,0,0,1.8,-3.5,-5.3,89.09,147.13,58.03999999999999,8.1,12.3,4.200000000000001,0.0,-1.0,-1.0,-5.321928
246,1,0,0,0,0,0,0,0,0,0,0,0,0,0,0,0,0,0,0,0,0,0,0,0,0,0,0,0,0,0,0,0,0,0,0,1,0,0,0,0,1.8,-0.8,-2.6,89.09,105.09,16.0,8.1,9.2,1.0999999999999996,0.0,0.0,0.0,0.0
246,1,0,0,0,0,0,0,0,0,0,0,0,0,0,0,0,0,0,0,0,0,0,0,0,0,0,0,0,0,0,0,0,0,0,0,0,1,0,0,0,1.8,-0.7,-2.5,89.09,119.12,30.03,8.1,8.6,0.5,0.0,0.0,0.0,0.0
246,1,0,0,0,0,0,0,0,0,0,0,0,0,0,0,0,0,0,0,0,0,0,0,0,0,0,0,0,0,0,0,0,0,0,0,0,0,1,0,0,1.8,4.2,2.4000000000000004,89.09,117.15,28.06,8.1,5.9,-2.1999999999999993,0.0,0.0,0.0,0.0
247,0,0,0,0,0,0,0,0,0,1,0,0,0,0,0,0,0,0,0,0,0,0,0,0,0,0,0,0,0,0,0,0,0,1,0,0,0,0,0,0,3.8,-3.5,-7.3,131.17,146.15,14.980000000000018,4.9,10.5,5.6,0.0,0.0,0.0,-5.321928
247,0,0,0,0,0,0,0,0,0,1,0,0,0,0,0,0,0,0,0,0,0,0,0,0,0,0,0,0,0,0,0,0,0,0,1,0,0,0,0,0,3.8,-4.5,-8.3,131.17,174.2,43.03,4.9,10.5,5.6,0.0,1.0,1.0,-5.321928
247,0,0,0,0,0,0,0,0,0,1,0,0,0,0,0,0,0,0,0,0,0,0,0,0,0,0,0,0,0,0,1,0,0,0,0,0,0,0,0,0,3.8,1.9,-1.9,131.17,149.21,18.04000000000002,4.9,5.7,0.7999999999999998,0.0,0.0,0.0,-0.25
247,0,0,0,0,0,0,0,0,0,1,0,0,0,0,0,0,0,0,0,0,0,0,0,0,0,0,0,0,0,0,0,0,1,0,0,0,0,0,0,0,3.8,-1.6,-5.4,131.17,115.13,-16.039999999999992,4.9,8.0,3.0999999999999996,0.0,0.0,0.0,-5.321928
248,0,0,0,0,0,1,0,0,0,0,0,0,0,0,0,0,0,0,0,0,0,0,0,1,0,0,0,0,0,0,0,0,0,0,0,0,0,0,0,0,-0.4,-3.5,-3.1,75.07,147.13,72.06,9.0,12.3,3.3000000000000007,0.0,-1.0,-1.0,-5.321928
248,0,0,0,0,0,1,0,0,0,0,0,0,0,0,0,0,0,0,0,0,0,0,0,0,0,0,0,0,0,0,0,0,0,0,1,0,0,0,0,0,-0.4,-4.5,-4.1,75.07,174.2,99.13,9.0,10.5,1.5,0.0,1.0,1.0,-5.321928
248,0,0,0,0,0,1,0,0,0,0,0,0,0,0,0,0,0,0,0,0,0,0,0,0,0,0,0,0,0,0,0,0,0,0,0,0,0,0,1,0,-0.4,-0.9,-0.5,75.07,204.23,129.16,9.0,5.4,-3.5999999999999996,0.0,0.0,0.0,-5.321928
249,0,0,0,0,0,0,0,0,0,0,0,0,1,0,0,0,0,0,0,0,0,0,0,0,0,0,0,0,0,0,0,0,0,0,0,0,1,0,0,0,-1.6,-0.7,0.9000000000000001,115.13,119.12,3.990000000000009,8.0,8.6,0.5999999999999996,0.0,0.0,0.0,-1.0
249,0,0,0,0,0,0,0,0,0,0,0,0,1,0,0,0,0,0,0,0,0,0,0,0,0,0,0,0,0,0,0,0,0,0,0,1,0,0,0,0,-1.6,-0.8,0.8,115.13,105.09,-10.039999999999992,8.0,9.2,1.1999999999999993,0.0,0.0,0.0,-0.5
249,0,0,0,0,0,0,0,0,0,0,0,0,1,0,0,0,0,0,0,0,0,0,0,0,0,0,0,0,0,1,0,0,0,0,0,0,0,0,0,0,-1.6,3.8,5.4,115.13,131.17,16.039999999999992,8.0,4.9,-3.0999999999999996,0.0,0.0,0.0,-1.881285333
249,0,0,0,0,0,0,0,0,0,0,0,0,1,0,0,0,0,0,0,0,1,0,0,0,0,0,0,0,0,0,0,0,0,0,0,0,0,0,0,0,-1.6,1.8,3.4000000000000004,115.13,89.09,-26.039999999999992,8.0,8.1,0.0999999999999996,0.0,0.0,0.0,-1.0
250,0,0,1,0,0,0,0,0,0,0,0,0,0,0,0,0,0,0,0,0,0,0,0,0,0,0,0,0,0,0,0,1,0,0,0,0,0,0,0,0,-3.5,-3.5,0.0,133.1,132.12,-0.9799999999999898,13.0,11.6,-1.4000000000000004,-1.0,0.0,1.0,0.5
250,0,0,1,0,0,0,0,0,0,0,0,0,0,0,0,0,0,0,0,0,0,0,0,0,0,0,1,0,0,0,0,0,0,0,0,0,0,0,0,0,-3.5,-3.2,0.2999999999999998,133.1,155.16,22.06,13.0,10.4,-2.5999999999999996,-1.0,0.5,1.5,1.0
250,0,0,1,0,0,0,0,0,0,0,0,0,0,0,0,0,0,0,0,0,0,0,0,0,0,0,0,0,0,0,0,0,0,0,0,0,0,1,0,0,-3.5,4.2,7.7,133.1,117.15,-15.949999999999989,13.0,5.9,-7.1,-1.0,0.0,1.0,0.0
250,0,0,1,0,0,0,0,0,0,0,0,0,0,0,0,0,0,0,0,0,0,0,0,1,0,0,0,0,0,0,0,0,0,0,0,0,0,0,0,0,-3.5,-3.5,0.0,133.1,147.13,14.03,13.0,12.3,-0.6999999999999993,-1.0,-1.0,0.0,0.0
250,0,0,1,0,0,0,0,0,0,0,0,0,0,0,0,0,0,0,0,0,0,0,0,0,0,1,0,0,0,0,0,0,0,0,0,0,0,0,0,0,-3.5,-0.4,3.1,133.1,75.07,-58.03,13.0,9.0,-4.0,-1.0,0.0,1.0,-0.333333333
250,0,0,1,0,0,0,0,0,0,0,0,0,0,0,0,0,0,0,0,0,0,0,0,0,0,0,0,0,0,0,0,0,0,0,0,0,0,0,0,1,-3.5,-1.3,2.2,133.1,181.19,48.09,13.0,6.2,-6.8,-1.0,0.0,1.0,0.0
251,0,0,0,0,0,1,0,0,0,0,0,0,0,0,0,0,0,0,0,0,0,1,0,0,0,0,0,0,0,0,0,0,0,0,0,0,0,0,0,0,-0.4,2.5,2.9,75.07,121.16,46.09,9.0,5.5,-3.5,0.0,0.0,0.0,0.0
251,0,0,0,0,0,1,0,0,0,0,0,0,0,0,0,0,0,0,0,0,0,0,1,0,0,0,0,0,0,0,0,0,0,0,0,0,0,0,0,0,-0.4,-3.5,-3.1,75.07,133.1,58.03,9.0,13.0,4.0,0.0,-1.0,-1.0,-3.321928
251,0,0,0,0,0,1,0,0,0,0,0,0,0,0,0,0,0,0,0,0,0,0,0,0,0,0,0,0,0,0,0,0,0,0,0,0,0,1,0,0,-0.4,4.2,4.6000000000000005,75.07,117.15,42.08000000000001,9.0,5.9,-3.0999999999999996,0.0,0.0,0.0,-1.0
252,0,0,0,0,0,0,0,0,1,0,0,0,0,0,0,0,0,0,0,0,0,0,0,0,0,0,0,0,0,0,1,0,0,0,0,0,0,0,0,0,-3.9,1.9,5.8,146.19,149.21,3.0200000000000102,11.3,5.7,-5.6000000000000005,1.0,0.0,-1.0,0.333333333
252,0,0,0,0,0,0,0,0,1,0,0,0,0,0,0,0,0,0,0,0,0,0,0,0,0,0,0,0,0,0,0,0,0,0,0,0,1,0,0,0,-3.9,-0.7,3.2,146.19,119.12,-27.069999999999993,11.3,8.6,-2.700000000000001,1.0,0.0,-1.0,-1.0
252,0,0,0,0,0,0,0,0,1,0,0,0,0,0,0,0,0,0,0,0,0,0,0,1,0,0,0,0,0,0,0,0,0,0,0,0,0,0,0,0,-3.9,-3.5,0.3999999999999999,146.19,147.13,0.9399999999999976,11.3,12.3,1.0,1.0,-1.0,-2.0,0.0
252,0,0,0,0,0,0,0,0,1,0,0,0,0,0,0,0,0,0,0,0,0,0,0,0,0,0,0,0,0,0,0,1,0,0,0,0,0,0,0,0,-3.9,-3.5,0.3999999999999999,146.19,132.12,-14.069999999999991,11.3,11.6,0.2999999999999989,1.0,0.0,-1.0,0.0
252,0,0,0,0,0,0,0,0,1,0,0,0,0,0,0,0,0,0,0,0,0,0,0,0,0,0,0,0,0,0,0,0,0,0,1,0,0,0,0,0,-3.9,-4.5,-0.6000000000000001,146.19,174.2,28.00999999999999,11.3,10.5,-0.8000000000000007,1.0,1.0,0.0,-0.428571429
253,0,0,0,0,0,0,0,0,0,0,0,0,1,0,0,0,0,0,0,0,0,0,0,0,0,0,0,0,0,0,0,0,0,0,1,0,0,0,0,0,-1.6,-4.5,-2.9,115.13,174.2,59.06999999999999,8.0,10.5,2.5,0.0,1.0,1.0,0.0
253,0,0,0,0,0,0,0,0,0,0,0,0,1,0,0,0,0,0,0,0,0,0,0,0,0,0,0,0,0,0,0,0,0,0,0,1,0,0,0,0,-1.6,-0.8,0.8,115.13,105.09,-10.039999999999992,8.0,9.2,1.1999999999999993,0.0,0.0,0.0,-0.333333333
253,0,0,0,0,0,0,0,0,0,0,0,0,1,0,0,0,0,0,0,0,0,0,0,0,0,0,0,0,0,1,0,0,0,0,0,0,0,0,0,0,-1.6,3.8,5.4,115.13,131.17,16.039999999999992,8.0,4.9,-3.0999999999999996,0.0,0.0,0.0,0.0
253,0,0,0,0,0,0,0,0,0,0,0,0,1,0,0,0,0,0,0,0,1,0,0,0,0,0,0,0,0,0,0,0,0,0,0,0,0,0,0,0,-1.6,1.8,3.4000000000000004,115.13,89.09,-26.039999999999992,8.0,8.1,0.0999999999999996,0.0,0.0,0.0,0.0
254,0,0,0,0,0,0,0,0,0,0,0,0,0,0,0,1,0,0,0,0,0,0,0,0,0,0,0,0,0,0,0,0,1,0,0,0,0,0,0,0,-0.8,-1.6,-0.8,105.09,115.13,10.039999999999992,9.2,8.0,-1.1999999999999993,0.0,0.0,0.0,-0.5
254,0,0,0,0,0,0,0,0,0,0,0,0,0,0,0,1,0,0,0,0,0,0,0,0,0,0,0,0,0,0,0,0,0,0,0,0,1,0,0,0,-0.8,-0.7,0.1,105.09,119.12,14.03,9.2,8.6,-0.5999999999999996,0.0,0.0,0.0,-1.0
255,0,0,0,0,0,0,0,0,0,0,0,0,0,0,1,0,0,0,0,0,0,1,0,0,0,0,0,0,0,0,0,0,0,0,0,0,0,0,0,0,-4.5,2.5,7.0,174.2,121.16,-53.03999999999999,10.5,5.5,-5.0,1.0,0.0,-1.0,-3.321928
255,0,0,0,0,0,0,0,0,0,0,0,0,0,0,1,0,0,0,0,0,0,0,0,0,0,0,1,0,0,0,0,0,0,0,0,0,0,0,0,0,-4.5,-3.2,1.2999999999999998,174.2,155.16,-19.039999999999992,10.5,10.4,-0.0999999999999996,1.0,0.5,-0.5,-1.7414459999999998
255,0,0,0,0,0,0,0,0,0,0,0,0,0,0,1,0,0,0,0,0,0,0,0,0,0,0,0,0,0,0,0,0,0,0,0,1,0,0,0,0,-4.5,-0.8,3.7,174.2,105.09,-69.10999999999999,10.5,9.2,-1.3000000000000007,1.0,0.0,-1.0,-1.881285333
256,0,0,0,0,0,0,0,1,0,0,0,0,0,0,0,0,0,0,0,0,0,0,0,0,0,0,0,0,0,0,0,0,0,0,0,0,0,1,0,0,4.5,4.2,-0.2999999999999998,131.17,117.15,-14.019999999999982,5.2,5.9,0.7000000000000002,0.0,0.0,0.0,0.0
256,0,0,0,0,0,0,0,1,0,0,0,0,0,0,0,0,0,0,0,0,0,0,0,0,0,0,0,0,0,0,0,0,0,0,0,0,1,0,0,0,4.5,-0.7,-5.2,131.17,119.12,-12.049999999999985,5.2,8.6,3.3999999999999995,0.0,0.0,0.0,-4.321928
256,0,0,0,0,0,0,0,1,0,0,0,0,0,0,0,0,0,0,0,0,0,0,0,0,0,0,0,0,0,0,0,1,0,0,0,0,0,0,0,0,4.5,-3.5,-8.0,131.17,132.12,0.950000000000017,5.2,11.6,6.3999999999999995,0.0,0.0,0.0,-5.321928
256,0,0,0,0,0,0,0,1,0,0,0,0,0,0,0,0,0,0,0,0,0,0,0,0,0,0,0,0,0,1,0,0,0,0,0,0,0,0,0,0,4.5,3.8,-0.7000000000000002,131.17,131.17,0.0,5.2,4.9,-0.2999999999999998,0.0,0.0,0.0,0.0
257,0,0,0,0,0,0,0,0,0,0,0,0,0,0,0,0,0,1,0,0,0,0,0,0,0,0,0,1,0,0,0,0,0,0,0,0,0,0,0,0,4.2,4.5,0.2999999999999998,117.15,131.17,14.019999999999982,5.9,5.2,-0.7000000000000002,0.0,0.0,0.0,-0.25
257,0,0,0,0,0,0,0,0,0,0,0,0,0,0,0,0,0,1,0,0,0,0,0,1,0,0,0,0,0,0,0,0,0,0,0,0,0,0,0,0,4.2,-3.5,-7.7,117.15,147.13,29.97999999999999,5.9,12.3,6.4,0.0,-1.0,-1.0,-5.321928
257,0,0,0,0,0,0,0,0,0,0,0,0,0,0,0,0,0,1,0,0,1,0,0,0,0,0,0,0,0,0,0,0,0,0,0,0,0,0,0,0,4.2,1.8,-2.4000000000000004,117.15,89.09,-28.06,5.9,8.1,2.1999999999999993,0.0,0.0,0.0,-1.0
257,0,0,0,0,0,0,0,0,0,0,0,0,0,0,0,0,0,1,0,0,0,0,0,0,0,0,0,0,0,1,0,0,0,0,0,0,0,0,0,0,4.2,3.8,-0.4000000000000003,117.15,131.17,14.019999999999982,5.9,4.9,-1.0,0.0,0.0,0.0,-1.0
258,0,0,0,0,0,0,0,0,0,0,0,0,0,0,0,0,0,1,0,0,1,0,0,0,0,0,0,0,0,0,0,0,0,0,0,0,0,0,0,0,4.2,1.8,-2.4000000000000004,117.15,89.09,-28.06,5.9,8.1,2.1999999999999993,0.0,0.0,0.0,-5.321928
258,0,0,0,0,0,0,0,0,0,0,0,0,0,0,0,0,0,1,0,0,0,0,1,0,0,0,0,0,0,0,0,0,0,0,0,0,0,0,0,0,4.2,-3.5,-7.7,117.15,133.1,15.949999999999989,5.9,13.0,7.1,0.0,-1.0,-1.0,-5.321928
258,0,0,0,0,0,0,0,0,0,0,0,0,0,0,0,0,0,1,0,0,0,0,0,0,1,0,0,0,0,0,0,0,0,0,0,0,0,0,0,0,4.2,2.8,-1.4000000000000004,117.15,165.19,48.03999999999999,5.9,5.2,-0.7000000000000002,0.0,0.0,0.0,-5.321928
258,0,0,0,0,0,0,0,0,0,0,0,0,0,0,0,0,0,1,0,0,0,0,0,0,0,0,0,1,0,0,0,0,0,0,0,0,0,0,0,0,4.2,4.5,0.2999999999999998,117.15,131.17,14.019999999999982,5.9,5.2,-0.7000000000000002,0.0,0.0,0.0,0.0
259,0,0,0,0,0,0,0,1,0,0,0,0,0,0,0,0,0,0,0,0,0,0,0,0,1,0,0,0,0,0,0,0,0,0,0,0,0,0,0,0,4.5,2.8,-1.7000000000000002,131.17,165.19,34.02000000000001,5.2,5.2,0.0,0.0,0.0,0.0,-1.0
259,0,0,0,0,0,0,0,1,0,0,0,0,0,0,0,0,0,0,0,0,0,0,0,0,0,0,0,0,0,0,1,0,0,0,0,0,0,0,0,0,4.5,1.9,-2.6,131.17,149.21,18.04000000000002,5.2,5.7,0.5,0.0,0.0,0.0,-1.0
259,0,0,0,0,0,0,0,1,0,0,0,0,0,0,0,0,0,0,0,0,0,0,0,0,0,0,0,0,0,0,0,0,0,0,0,0,1,0,0,0,4.5,-0.7,-5.2,131.17,119.12,-12.049999999999985,5.2,8.6,3.3999999999999995,0.0,0.0,0.0,-3.321928
260,0,0,0,0,0,0,0,0,0,0,0,0,0,0,0,0,0,0,0,1,0,0,1,0,0,0,0,0,0,0,0,0,0,0,0,0,0,0,0,0,-1.3,-3.5,-2.2,181.19,133.1,-48.09,6.2,13.0,6.8,0.0,-1.0,-1.0,-5.321928
260,0,0,0,0,0,0,0,0,0,0,0,0,0,0,0,0,0,0,0,1,0,0,0,0,0,0,0,0,0,0,0,0,0,0,0,1,0,0,0,0,-1.3,-0.8,0.5,181.19,105.09,-76.1,6.2,9.2,2.999999999999999,0.0,0.0,0.0,-5.321928
260,0,0,0,0,0,0,0,0,0,0,0,0,0,0,0,0,0,0,0,1,0,0,0,0,0,0,1,0,0,0,0,0,0,0,0,0,0,0,0,0,-1.3,-3.2,-1.9,181.19,155.16,-26.03,6.2,10.4,4.2,0.0,0.5,0.5,-5.321928
260,0,0,0,0,0,0,0,0,0,0,0,0,0,0,0,0,0,0,0,1,0,0,0,0,0,0,0,0,0,0,0,1,0,0,0,0,0,0,0,0,-1.3,-3.5,-2.2,181.19,132.12,-49.06999999999999,6.2,11.6,5.3999999999999995,0.0,0.0,0.0,-5.321928
260,0,0,0,0,0,0,0,0,0,0,0,0,0,0,0,0,0,0,0,1,0,0,0,0,1,0,0,0,0,0,0,0,0,0,0,0,0,0,0,0,-1.3,2.8,4.1,181.19,165.19,-16.0,6.2,5.2,-1.0,0.0,0.0,0.0,0.0
261,0,0,0,0,0,0,0,0,0,0,0,0,0,0,0,0,1,0,0,0,0,0,0,0,0,0,0,0,0,0,0,0,0,0,0,1,0,0,0,0,-0.7,-0.8,-0.1,119.12,105.09,-14.03,8.6,9.2,0.5999999999999996,0.0,0.0,0.0,0.0
261,0,0,0,0,0,0,0,0,0,0,0,0,0,0,0,0,1,0,0,0,1,0,0,0,0,0,0,0,0,0,0,0,0,0,0,0,0,0,0,0,-0.7,1.8,2.5,119.12,89.09,-30.03,8.6,8.1,-0.5,0.0,0.0,0.0,0.0
261,0,0,0,0,0,0,0,0,0,0,0,0,0,0,0,0,1,0,0,0,0,0,0,0,0,0,0,0,0,0,1,0,0,0,0,0,0,0,0,0,-0.7,1.9,2.5999999999999996,119.12,149.21,30.090000000000003,8.6,5.7,-2.8999999999999995,0.0,0.0,0.0,0.181818182
261,0,0,0,0,0,0,0,0,0,0,0,0,0,0,0,0,1,0,0,0,0,0,0,0,0,0,0,0,1,0,0,0,0,0,0,0,0,0,0,0,-0.7,-3.9,-3.2,119.12,146.19,27.069999999999993,8.6,11.3,2.700000000000001,0.0,1.0,1.0,-5.321928
261,0,0,0,0,0,0,0,0,0,0,0,0,0,0,0,0,1,0,0,0,0,0,0,0,0,0,0,0,0,0,0,0,0,0,1,0,0,0,0,0,-0.7,-4.5,-3.8,119.12,174.2,55.079999999999984,8.6,10.5,1.9000000000000004,0.0,1.0,1.0,-4.988594667
262,0,0,0,0,0,0,0,0,0,0,0,0,0,0,0,0,1,0,0,0,1,0,0,0,0,0,0,0,0,0,0,0,0,0,0,0,0,0,0,0,-0.7,1.8,2.5,119.12,89.09,-30.03,8.6,8.1,-0.5,0.0,0.0,0.0,0.0
262,0,0,0,0,0,0,0,0,0,0,0,0,0,0,0,0,1,0,0,0,0,0,0,0,0,0,0,0,0,0,1,0,0,0,0,0,0,0,0,0,-0.7,1.9,2.5999999999999996,119.12,149.21,30.090000000000003,8.6,5.7,-2.8999999999999995,0.0,0.0,0.0,0.0
262,0,0,0,0,0,0,0,0,0,0,0,0,0,0,0,0,1,0,0,0,0,0,0,0,0,0,0,0,0,0,0,0,0,0,0,1,0,0,0,0,-0.7,-0.8,-0.1,119.12,105.09,-14.03,8.6,9.2,0.5999999999999996,0.0,0.0,0.0,0.0
262,0,0,0,0,0,0,0,0,0,0,0,0,0,0,0,0,1,0,0,0,0,0,0,0,0,0,0,0,0,0,0,0,0,0,1,0,0,0,0,0,-0.7,-4.5,-3.8,119.12,174.2,55.079999999999984,8.6,10.5,1.9000000000000004,0.0,1.0,1.0,-1.0
263,0,0,0,0,0,1,0,0,0,0,0,0,0,0,0,0,0,0,0,0,0,0,0,0,0,0,0,0,0,0,0,0,0,0,0,0,0,0,1,0,-0.4,-0.9,-0.5,75.07,204.23,129.16,9.0,5.4,-3.5999999999999996,0.0,0.0,0.0,-3.321928
263,0,0,0,0,0,1,0,0,0,0,0,0,0,0,0,0,0,0,0,0,0,0,0,0,0,0,0,0,0,0,0,0,0,0,0,0,0,1,0,0,-0.4,4.2,4.6000000000000005,75.07,117.15,42.08000000000001,9.0,5.9,-3.0999999999999996,0.0,0.0,0.0,-3.988594667
264,0,0,0,0,0,0,0,0,0,0,0,0,0,0,0,1,0,0,0,0,0,0,0,0,0,0,0,1,0,0,0,0,0,0,0,0,0,0,0,0,-0.8,4.5,5.3,105.09,131.17,26.079999999999984,9.2,5.2,-3.999999999999999,0.0,0.0,0.0,-2.821928
264,0,0,0,0,0,0,0,0,0,0,0,0,0,0,0,1,0,0,0,0,0,0,0,0,0,1,0,0,0,0,0,0,0,0,0,0,0,0,0,0,-0.8,-0.4,0.4,105.09,75.07,-30.02000000000001,9.2,9.0,-0.1999999999999993,0.0,0.0,0.0,-0.75
264,0,0,0,0,0,0,0,0,0,0,0,0,0,0,0,1,0,0,0,0,0,0,0,0,0,0,0,0,0,0,0,1,0,0,0,0,0,0,0,0,-0.8,-3.5,-2.7,105.09,132.12,27.03,9.2,11.6,2.4000000000000004,0.0,0.0,0.0,-1.0
264,0,0,0,0,0,0,0,0,0,0,0,0,0,0,0,1,0,0,0,0,0,0,0,0,0,0,0,0,0,0,0,0,0,0,0,0,1,0,0,0,-0.8,-0.7,0.1,105.09,119.12,14.03,9.2,8.6,-0.5999999999999996,0.0,0.0,0.0,0.0
264,0,0,0,0,0,0,0,0,0,0,0,0,0,0,0,1,0,0,0,0,0,0,0,0,0,0,0,0,0,0,0,0,0,0,1,0,0,0,0,0,-0.8,-4.5,-3.7,105.09,174.2,69.10999999999999,9.2,10.5,1.3000000000000007,0.0,1.0,1.0,-2.521928
265,0,0,0,0,0,0,0,0,0,0,0,0,0,1,0,0,0,0,0,0,0,0,0,0,0,0,0,0,0,0,0,0,1,0,0,0,0,0,0,0,-3.5,-1.6,1.9,146.15,115.13,-31.02000000000001,10.5,8.0,-2.5,0.0,0.0,0.0,0.0
265,0,0,0,0,0,0,0,0,0,0,0,0,0,1,0,0,0,0,0,0,0,0,0,0,0,0,0,0,0,0,0,0,0,0,1,0,0,0,0,0,-3.5,-4.5,-1.0,146.15,174.2,28.049999999999983,10.5,10.5,0.0,0.0,1.0,1.0,0.0
265,0,0,0,0,0,0,0,0,0,0,0,0,0,1,0,0,0,0,0,0,0,0,0,0,0,0,1,0,0,0,0,0,0,0,0,0,0,0,0,0,-3.5,-3.2,0.2999999999999998,146.15,155.16,9.009999999999993,10.5,10.4,-0.0999999999999996,0.0,0.5,0.5,0.0
265,0,0,0,0,0,0,0,0,0,0,0,0,0,1,0,0,0,0,0,0,0,0,0,0,0,0,0,0,0,1,0,0,0,0,0,0,0,0,0,0,-3.5,3.8,7.3,146.15,131.17,-14.980000000000018,10.5,4.9,-5.6,0.0,0.0,0.0,-0.25
266,1,0,0,0,0,0,0,0,0,0,0,0,0,0,0,0,0,0,0,0,0,0,0,0,0,0,0,0,0,0,0,0,0,0,0,0,0,1,0,0,1.8,4.2,2.4000000000000004,89.09,117.15,28.06,8.1,5.9,-2.1999999999999993,0.0,0.0,0.0,0.0
266,1,0,0,0,0,0,0,0,0,0,0,0,0,0,0,0,0,0,0,0,0,0,0,0,0,0,0,0,0,0,0,0,0,0,0,0,1,0,0,0,1.8,-0.7,-2.5,89.09,119.12,30.03,8.1,8.6,0.5,0.0,0.0,0.0,-0.5
266,1,0,0,0,0,0,0,0,0,0,0,0,0,0,0,0,0,0,0,0,0,0,0,0,0,0,0,0,0,0,0,0,0,0,0,1,0,0,0,0,1.8,-0.8,-2.6,89.09,105.09,16.0,8.1,9.2,1.0999999999999996,0.0,0.0,0.0,0.0
266,1,0,0,0,0,0,0,0,0,0,0,0,0,0,0,0,0,0,0,0,0,0,0,0,0,1,0,0,0,0,0,0,0,0,0,0,0,0,0,0,1.8,-0.4,-2.2,89.09,75.07,-14.02000000000001,8.1,9.0,0.9000000000000004,0.0,0.0,0.0,0.0
267,0,0,0,0,0,0,0,0,0,0,0,0,0,0,0,0,1,0,0,0,0,0,0,0,0,0,0,0,0,0,0,0,0,0,0,1,0,0,0,0,-0.7,-0.8,-0.1,119.12,105.09,-14.03,8.6,9.2,0.5999999999999996,0.0,0.0,0.0,-0.333333333
267,0,0,0,0,0,0,0,0,0,0,0,0,0,0,0,0,1,0,0,0,1,0,0,0,0,0,0,0,0,0,0,0,0,0,0,0,0,0,0,0,-0.7,1.8,2.5,119.12,89.09,-30.03,8.6,8.1,-0.5,0.0,0.0,0.0,0.0
267,0,0,0,0,0,0,0,0,0,0,0,0,0,0,0,0,1,0,0,0,0,0,0,0,0,0,0,1,0,0,0,0,0,0,0,0,0,0,0,0,-0.7,4.5,5.2,119.12,131.17,12.049999999999985,8.6,5.2,-3.3999999999999995,0.0,0.0,0.0,-1.0
268,0,0,0,0,0,0,0,0,0,0,1,0,0,0,0,0,0,0,0,0,0,0,0,0,0,0,0,0,0,1,0,0,0,0,0,0,0,0,0,0,1.9,3.8,1.9,149.21,131.17,-18.04000000000002,5.7,4.9,-0.7999999999999998,0.0,0.0,0.0,-0.5
268,0,0,0,0,0,0,0,0,0,0,1,0,0,0,0,0,0,0,0,0,0,0,0,0,0,0,0,0,1,0,0,0,0,0,0,0,0,0,0,0,1.9,-3.9,-5.8,149.21,146.19,-3.0200000000000102,5.7,11.3,5.6000000000000005,0.0,1.0,1.0,-1.660964
268,0,0,0,0,0,0,0,0,0,0,1,0,0,0,0,0,0,0,0,0,0,0,0,0,0,0,0,0,0,0,0,0,0,0,0,0,1,0,0,0,1.9,-0.7,-2.5999999999999996,149.21,119.12,-30.090000000000003,5.7,8.6,2.8999999999999995,0.0,0.0,0.0,-0.666666667
268,0,0,0,0,0,0,0,0,0,0,1,0,0,0,0,0,0,0,0,0,0,0,0,0,0,0,0,0,0,0,0,0,0,0,0,0,0,1,0,0,1.9,4.2,2.3000000000000003,149.21,117.15,-32.06,5.7,5.9,0.2000000000000001,0.0,0.0,0.0,-1.547952
268,0,0,0,0,0,0,0,0,0,0,1,0,0,0,0,0,0,0,0,0,0,0,0,0,0,0,0,1,0,0,0,0,0,0,0,0,0,0,0,0,1.9,4.5,2.6,149.21,131.17,-18.04000000000002,5.7,5.2,-0.5,0.0,0.0,0.0,-0.166666667
269,0,0,1,0,0,0,0,0,0,0,0,0,0,0,0,0,0,0,0,0,0,0,0,1,0,0,0,0,0,0,0,0,0,0,0,0,0,0,0,0,-3.5,-3.5,0.0,133.1,147.13,14.03,13.0,12.3,-0.6999999999999993,-1.0,-1.0,0.0,-0.25
269,0,0,1,0,0,0,0,0,0,0,0,0,0,0,0,0,0,0,0,0,0,0,0,0,0,0,0,0,0,0,0,0,0,0,0,0,0,0,0,1,-3.5,-1.3,2.2,133.1,181.19,48.09,13.0,6.2,-6.8,-1.0,0.0,1.0,0.0
269,0,0,1,0,0,0,0,0,0,0,0,0,0,0,0,0,0,0,0,0,0,0,0,0,0,0,0,0,0,0,0,1,0,0,0,0,0,0,0,0,-3.5,-3.5,0.0,133.1,132.12,-0.9799999999999898,13.0,11.6,-1.4000000000000004,-1.0,0.0,1.0,0.0
269,0,0,1,0,0,0,0,0,0,0,0,0,0,0,0,0,0,0,0,0,0,0,0,0,0,1,0,0,0,0,0,0,0,0,0,0,0,0,0,0,-3.5,-0.4,3.1,133.1,75.07,-58.03,13.0,9.0,-4.0,-1.0,0.0,1.0,0.0
269,0,0,1,0,0,0,0,0,0,0,0,0,0,0,0,0,0,0,0,0,0,0,0,0,0,0,0,0,0,0,0,0,0,0,0,0,0,1,0,0,-3.5,4.2,7.7,133.1,117.15,-15.949999999999989,13.0,5.9,-7.1,-1.0,0.0,1.0,-0.5
270,0,0,0,1,0,0,0,0,0,0,0,0,0,0,0,0,0,0,0,0,0,0,0,0,0,1,0,0,0,0,0,0,0,0,0,0,0,0,0,0,-3.5,-0.4,3.1,147.13,75.07,-72.06,12.3,9.0,-3.3000000000000007,-1.0,0.0,1.0,-0.5
270,0,0,0,1,0,0,0,0,0,0,0,0,0,0,0,0,0,0,0,0,0,0,1,0,0,0,0,0,0,0,0,0,0,0,0,0,0,0,0,0,-3.5,-3.5,0.0,147.13,133.1,-14.03,12.3,13.0,0.6999999999999993,-1.0,-1.0,0.0,0.0
270,0,0,0,1,0,0,0,0,0,0,0,0,0,0,0,0,0,0,0,0,0,0,0,0,0,0,0,0,0,0,0,0,0,0,0,0,0,1,0,0,-3.5,4.2,7.7,147.13,117.15,-29.97999999999999,12.3,5.9,-6.4,-1.0,0.0,1.0,-0.25
270,0,0,0,1,0,0,0,0,0,0,0,0,0,0,0,0,0,0,0,0,0,0,0,0,0,0,0,0,1,0,0,0,0,0,0,0,0,0,0,0,-3.5,-3.9,-0.3999999999999999,147.13,146.19,-0.9399999999999976,12.3,11.3,-1.0,-1.0,1.0,2.0,-0.5
271,0,0,0,0,0,0,0,0,0,0,0,0,0,0,1,0,0,0,0,0,0,0,0,0,0,1,0,0,0,0,0,0,0,0,0,0,0,0,0,0,-4.5,-0.4,4.1,174.2,75.07,-99.13,10.5,9.0,-1.5,1.0,0.0,-1.0,-1.0
271,0,0,0,0,0,0,0,0,0,0,0,0,0,0,1,0,0,0,0,0,0,0,0,0,0,0,0,0,0,0,0,0,0,1,0,0,0,0,0,0,-4.5,-3.5,1.0,174.2,146.15,-28.049999999999983,10.5,10.5,0.0,1.0,0.0,-1.0,0.0
272,0,0,0,0,0,0,0,0,0,0,0,1,0,0,0,0,0,0,0,0,0,0,0,0,0,0,0,1,0,0,0,0,0,0,0,0,0,0,0,0,-3.5,4.5,8.0,132.12,131.17,-0.950000000000017,11.6,5.2,-6.3999999999999995,0.0,0.0,0.0,-3.321928
272,0,0,0,0,0,0,0,0,0,0,0,1,0,0,0,0,0,0,0,0,0,0,0,0,0,0,0,0,0,0,0,0,0,0,0,0,0,0,0,1,-3.5,-1.3,2.2,132.12,181.19,49.06999999999999,11.6,6.2,-5.3999999999999995,0.0,0.0,0.0,-5.321928
272,0,0,0,0,0,0,0,0,0,0,0,1,0,0,0,0,0,0,0,0,0,0,0,0,0,0,0,0,1,0,0,0,0,0,0,0,0,0,0,0,-3.5,-3.9,-0.3999999999999999,132.12,146.19,14.069999999999991,11.6,11.3,-0.2999999999999989,0.0,1.0,1.0,-5.321928
273,0,0,0,0,0,0,0,0,0,0,0,0,0,0,1,0,0,0,0,0,0,0,0,0,0,0,0,0,0,0,0,0,0,0,0,1,0,0,0,0,-4.5,-0.8,3.7,174.2,105.09,-69.10999999999999,10.5,9.2,-1.3000000000000007,1.0,0.0,-1.0,0.0
273,0,0,0,0,0,0,0,0,0,0,0,0,0,0,1,0,0,0,0,0,0,0,0,0,0,0,0,0,1,0,0,0,0,0,0,0,0,0,0,0,-4.5,-3.9,0.6000000000000001,174.2,146.19,-28.00999999999999,10.5,11.3,0.8000000000000007,1.0,1.0,0.0,0.5
273,0,0,0,0,0,0,0,0,0,0,0,0,0,0,1,0,0,0,0,0,0,0,0,0,0,0,0,1,0,0,0,0,0,0,0,0,0,0,0,0,-4.5,4.5,9.0,174.2,131.17,-43.03,10.5,5.2,-5.3,1.0,0.0,-1.0,0.0
273,0,0,0,0,0,0,0,0,0,0,0,0,0,0,1,0,0,0,0,0,0,0,0,0,0,1,0,0,0,0,0,0,0,0,0,0,0,0,0,0,-4.5,-0.4,4.1,174.2,75.07,-99.13,10.5,9.0,-1.5,1.0,0.0,-1.0,0.0
274,0,0,0,0,0,0,0,0,0,0,0,0,0,1,0,0,0,0,0,0,0,0,0,0,0,0,0,0,1,0,0,0,0,0,0,0,0,0,0,0,-3.5,-3.9,-0.3999999999999999,146.15,146.19,0.039999999999992,10.5,11.3,0.8000000000000007,0.0,1.0,1.0,0.0
274,0,0,0,0,0,0,0,0,0,0,0,0,0,1,0,0,0,0,0,0,0,0,0,0,0,0,0,0,0,1,0,0,0,0,0,0,0,0,0,0,-3.5,3.8,7.3,146.15,131.17,-14.980000000000018,10.5,4.9,-5.6,0.0,0.0,0.0,-1.0
274,0,0,0,0,0,0,0,0,0,0,0,0,0,1,0,0,0,0,0,0,0,0,0,0,0,0,0,0,0,0,0,0,1,0,0,0,0,0,0,0,-3.5,-1.6,1.9,146.15,115.13,-31.02000000000001,10.5,8.0,-2.5,0.0,0.0,0.0,-3.321928
274,0,0,0,0,0,0,0,0,0,0,0,0,0,1,0,0,0,0,0,0,0,0,0,0,0,0,0,0,0,0,0,0,0,0,1,0,0,0,0,0,-3.5,-4.5,-1.0,146.15,174.2,28.049999999999983,10.5,10.5,0.0,0.0,1.0,1.0,0.0
274,0,0,0,0,0,0,0,0,0,0,0,0,0,1,0,0,0,0,0,0,0,0,0,1,0,0,0,0,0,0,0,0,0,0,0,0,0,0,0,0,-3.5,-3.5,0.0,146.15,147.13,0.9799999999999898,10.5,12.3,1.8000000000000007,0.0,-1.0,-1.0,0.0
274,0,0,0,0,0,0,0,0,0,0,0,0,0,1,0,0,0,0,0,0,0,0,0,0,0,0,1,0,0,0,0,0,0,0,0,0,0,0,0,0,-3.5,-3.2,0.2999999999999998,146.15,155.16,9.009999999999993,10.5,10.4,-0.0999999999999996,0.0,0.5,0.5,0.0
275,0,0,0,0,0,0,0,1,0,0,0,0,0,0,0,0,0,0,0,0,0,0,0,0,0,0,0,0,0,0,1,0,0,0,0,0,0,0,0,0,4.5,1.9,-2.6,131.17,149.21,18.04000000000002,5.2,5.7,0.5,0.0,0.0,0.0,0.0
275,0,0,0,0,0,0,0,1,0,0,0,0,0,0,0,0,0,0,0,0,0,0,0,0,0,0,0,0,0,0,0,1,0,0,0,0,0,0,0,0,4.5,-3.5,-8.0,131.17,132.12,0.950000000000017,5.2,11.6,6.3999999999999995,0.0,0.0,0.0,-5.321928
275,0,0,0,0,0,0,0,1,0,0,0,0,0,0,0,0,0,0,0,0,0,0,0,0,0,0,0,0,0,0,0,0,0,0,0,0,1,0,0,0,4.5,-0.7,-5.2,131.17,119.12,-12.049999999999985,5.2,8.6,3.3999999999999995,0.0,0.0,0.0,-4.321928
276,1,0,0,0,0,0,0,0,0,0,0,0,0,0,0,0,0,0,0,0,0,0,0,0,0,0,0,0,0,0,0,0,0,0,0,0,1,0,0,0,1.8,-0.7,-2.5,89.09,119.12,30.03,8.1,8.6,0.5,0.0,0.0,0.0,-0.5
277,0,0,0,1,0,0,0,0,0,0,0,0,0,0,0,0,0,0,0,0,0,0,0,0,0,0,0,0,0,0,0,0,0,0,0,0,0,1,0,0,-3.5,4.2,7.7,147.13,117.15,-29.97999999999999,12.3,5.9,-6.4,-1.0,0.0,1.0,-0.7602754290000001
277,0,0,0,1,0,0,0,0,0,0,0,0,0,0,0,0,0,0,0,0,0,0,0,0,0,0,0,0,1,0,0,0,0,0,0,0,0,0,0,0,-3.5,-3.9,-0.3999999999999999,147.13,146.19,-0.9399999999999976,12.3,11.3,-1.0,-1.0,1.0,2.0,-0.5
277,0,0,0,1,0,0,0,0,0,0,0,0,0,0,0,0,0,0,0,0,0,0,0,0,0,1,0,0,0,0,0,0,0,0,0,0,0,0,0,0,-3.5,-0.4,3.1,147.13,75.07,-72.06,12.3,9.0,-3.3000000000000007,-1.0,0.0,1.0,0.0
277,0,0,0,1,0,0,0,0,0,0,0,0,0,0,0,0,0,0,0,0,1,0,0,0,0,0,0,0,0,0,0,0,0,0,0,0,0,0,0,0,-3.5,1.8,5.3,147.13,89.09,-58.03999999999999,12.3,8.1,-4.200000000000001,-1.0,0.0,1.0,0.0
278,0,0,0,0,0,0,0,1,0,0,0,0,0,0,0,0,0,0,0,0,0,0,0,0,0,0,0,0,1,0,0,0,0,0,0,0,0,0,0,0,4.5,-3.9,-8.4,131.17,146.19,15.02000000000001,5.2,11.3,6.1000000000000005,0.0,1.0,1.0,-5.321928
278,0,0,0,0,0,0,0,1,0,0,0,0,0,0,0,0,0,0,0,0,0,0,0,0,0,0,0,0,0,1,0,0,0,0,0,0,0,0,0,0,4.5,3.8,-0.7000000000000002,131.17,131.17,0.0,5.2,4.9,-0.2999999999999998,0.0,0.0,0.0,0.0
278,0,0,0,0,0,0,0,1,0,0,0,0,0,0,0,0,0,0,0,0,0,0,0,0,0,0,0,0,0,0,0,0,0,0,0,0,1,0,0,0,4.5,-0.7,-5.2,131.17,119.12,-12.049999999999985,5.2,8.6,3.3999999999999995,0.0,0.0,0.0,-4.321928
278,0,0,0,0,0,0,0,1,0,0,0,0,0,0,0,0,0,0,0,0,0,0,0,0,0,0,0,0,0,0,1,0,0,0,0,0,0,0,0,0,4.5,1.9,-2.6,131.17,149.21,18.04000000000002,5.2,5.7,0.5,0.0,0.0,0.0,-1.0
278,0,0,0,0,0,0,0,1,0,0,0,0,0,0,0,0,0,0,0,0,0,0,0,0,0,0,0,0,0,0,0,0,0,0,0,0,0,1,0,0,4.5,4.2,-0.2999999999999998,131.17,117.15,-14.019999999999982,5.2,5.9,0.7000000000000002,0.0,0.0,0.0,0.0
279,0,0,0,0,0,1,0,0,0,0,0,0,0,0,0,0,0,0,0,0,0,1,0,0,0,0,0,0,0,0,0,0,0,0,0,0,0,0,0,0,-0.4,2.5,2.9,75.07,121.16,46.09,9.0,5.5,-3.5,0.0,0.0,0.0,-1.0
279,0,0,0,0,0,1,0,0,0,0,0,0,0,0,0,0,0,0,0,0,0,0,0,0,0,0,0,0,0,0,0,0,0,0,1,0,0,0,0,0,-0.4,-4.5,-4.1,75.07,174.2,99.13,9.0,10.5,1.5,0.0,1.0,1.0,-5.321928
279,0,0,0,0,0,1,0,0,0,0,0,0,0,0,0,0,0,0,0,0,0,0,0,0,0,0,0,0,0,0,0,0,0,0,0,1,0,0,0,0,-0.4,-0.8,-0.4,75.07,105.09,30.02000000000001,9.0,9.2,0.1999999999999993,0.0,0.0,0.0,-1.660964
280,1,0,0,0,0,0,0,0,0,0,0,0,0,0,0,0,0,0,0,0,0,0,0,0,0,0,0,0,0,0,0,0,0,0,0,1,0,0,0,0,1.8,-0.8,-2.6,89.09,105.09,16.0,8.1,9.2,1.0999999999999996,0.0,0.0,0.0,0.0
280,1,0,0,0,0,0,0,0,0,0,0,0,0,0,0,0,0,0,0,0,0,0,0,0,0,0,0,0,0,0,0,0,0,0,0,0,1,0,0,0,1.8,-0.7,-2.5,89.09,119.12,30.03,8.1,8.6,0.5,0.0,0.0,0.0,0.0
280,1,0,0,0,0,0,0,0,0,0,0,0,0,0,0,0,0,0,0,0,0,0,0,0,0,0,0,0,0,0,0,0,0,0,0,0,0,1,0,0,1.8,4.2,2.4000000000000004,89.09,117.15,28.06,8.1,5.9,-2.1999999999999993,0.0,0.0,0.0,-0.166666667
281,0,0,0,0,0,0,0,0,0,0,0,0,0,0,0,1,0,0,0,0,0,0,0,0,0,0,0,0,0,0,0,0,0,0,0,0,1,0,0,0,-0.8,-0.7,0.1,105.09,119.12,14.03,9.2,8.6,-0.5999999999999996,0.0,0.0,0.0,0.0
281,0,0,0,0,0,0,0,0,0,0,0,0,0,0,0,1,0,0,0,0,0,0,0,0,0,0,0,0,0,0,0,0,1,0,0,0,0,0,0,0,-0.8,-1.6,-0.8,105.09,115.13,10.039999999999992,9.2,8.0,-1.1999999999999993,0.0,0.0,0.0,-3.321928
281,0,0,0,0,0,0,0,0,0,0,0,0,0,0,0,1,0,0,0,0,1,0,0,0,0,0,0,0,0,0,0,0,0,0,0,0,0,0,0,0,-0.8,1.8,2.6,105.09,89.09,-16.0,9.2,8.1,-1.0999999999999996,0.0,0.0,0.0,0.0
282,0,0,0,0,0,0,0,0,0,1,0,0,0,0,0,0,0,0,0,0,0,0,0,0,0,0,0,0,0,0,0,0,0,0,0,0,0,1,0,0,3.8,4.2,0.4000000000000003,131.17,117.15,-14.019999999999982,4.9,5.9,1.0,0.0,0.0,0.0,0.0
282,0,0,0,0,0,0,0,0,0,1,0,0,0,0,0,0,0,0,0,0,0,0,0,0,0,0,0,0,0,0,0,0,1,0,0,0,0,0,0,0,3.8,-1.6,-5.4,131.17,115.13,-16.039999999999992,4.9,8.0,3.0999999999999996,0.0,0.0,0.0,-5.321928
282,0,0,0,0,0,0,0,0,0,1,0,0,0,0,0,0,0,0,0,0,0,0,0,0,0,0,0,0,0,0,0,0,0,1,0,0,0,0,0,0,3.8,-3.5,-7.3,131.17,146.15,14.980000000000018,4.9,10.5,5.6,0.0,0.0,0.0,-1.160964
283,0,0,0,0,0,0,0,1,0,0,0,0,0,0,0,0,0,0,0,0,0,0,0,0,1,0,0,0,0,0,0,0,0,0,0,0,0,0,0,0,4.5,2.8,-1.7000000000000002,131.17,165.19,34.02000000000001,5.2,5.2,0.0,0.0,0.0,0.0,0.0
283,0,0,0,0,0,0,0,1,0,0,0,0,0,0,0,0,0,0,0,0,0,0,0,0,0,0,0,0,0,0,0,0,0,0,0,0,0,1,0,0,4.5,4.2,-0.2999999999999998,131.17,117.15,-14.019999999999982,5.2,5.9,0.7000000000000002,0.0,0.0,0.0,-0.333333333
283,0,0,0,0,0,0,0,1,0,0,0,0,0,0,0,0,0,0,0,0,0,0,0,0,0,0,0,0,0,0,0,0,0,0,0,0,1,0,0,0,4.5,-0.7,-5.2,131.17,119.12,-12.049999999999985,5.2,8.6,3.3999999999999995,0.0,0.0,0.0,0.0
283,0,0,0,0,0,0,0,1,0,0,0,0,0,0,0,0,0,0,0,0,0,0,0,0,0,0,0,0,0,0,0,1,0,0,0,0,0,0,0,0,4.5,-3.5,-8.0,131.17,132.12,0.950000000000017,5.2,11.6,6.3999999999999995,0.0,0.0,0.0,-4.321928
284,0,0,0,0,0,0,0,0,1,0,0,0,0,0,0,0,0,0,0,0,0,0,0,1,0,0,0,0,0,0,0,0,0,0,0,0,0,0,0,0,-3.9,-3.5,0.3999999999999999,146.19,147.13,0.9399999999999976,11.3,12.3,1.0,1.0,-1.0,-2.0,0.0
284,0,0,0,0,0,0,0,0,1,0,0,0,0,0,0,0,0,0,0,0,0,0,0,0,0,0,0,0,0,0,0,1,0,0,0,0,0,0,0,0,-3.9,-3.5,0.3999999999999999,146.19,132.12,-14.069999999999991,11.3,11.6,0.2999999999999989,1.0,0.0,-1.0,-1.0
284,0,0,0,0,0,0,0,0,1,0,0,0,0,0,0,0,0,0,0,0,0,0,0,0,0,0,0,0,0,0,0,0,0,0,1,0,0,0,0,0,-3.9,-4.5,-0.6000000000000001,146.19,174.2,28.00999999999999,11.3,10.5,-0.8000000000000007,1.0,1.0,0.0,0.5
284,0,0,0,0,0,0,0,0,1,0,0,0,0,0,0,0,0,0,0,0,0,0,0,0,0,0,0,0,0,0,0,0,0,0,0,0,1,0,0,0,-3.9,-0.7,3.2,146.19,119.12,-27.069999999999993,11.3,8.6,-2.700000000000001,1.0,0.0,-1.0,0.0
285,0,0,0,0,0,0,1,0,0,0,0,0,0,0,0,0,0,0,0,0,0,0,0,0,0,0,0,0,0,0,0,0,0,0,0,0,0,0,0,1,-3.2,-1.3,1.9,155.16,181.19,26.03,10.4,6.2,-4.2,0.5,0.0,-0.5,0.0
285,0,0,0,0,0,0,1,0,0,0,0,0,0,0,0,0,0,0,0,0,0,0,0,0,0,0,0,0,0,0,0,0,0,1,0,0,0,0,0,0,-3.2,-3.5,-0.2999999999999998,155.16,146.15,-9.009999999999993,10.4,10.5,0.0999999999999996,0.5,0.0,-0.5,-0.333333333
285,0,0,0,0,0,0,1,0,0,0,0,0,0,0,0,0,0,0,0,0,0,0,0,0,0,0,0,0,0,0,0,0,1,0,0,0,0,0,0,0,-3.2,-1.6,1.6,155.16,115.13,-40.03,10.4,8.0,-2.4000000000000004,0.5,0.0,-0.5,-3.214618667
285,0,0,0,0,0,0,1,0,0,0,0,0,0,0,0,0,0,0,0,0,0,0,0,0,0,0,0,0,0,0,0,1,0,0,0,0,0,0,0,0,-3.2,-3.5,-0.2999999999999998,155.16,132.12,-23.039999999999992,10.4,11.6,1.1999999999999993,0.5,0.0,-0.5,0.0
285,0,0,0,0,0,0,1,0,0,0,0,0,0,0,0,0,0,0,0,0,0,0,0,0,0,0,0,0,0,1,0,0,0,0,0,0,0,0,0,0,-3.2,3.8,7.0,155.16,131.17,-23.99000000000001,10.4,4.9,-5.5,0.5,0.0,-0.5,-1.0
286,0,0,0,0,0,0,0,0,0,0,0,0,0,0,0,0,0,0,1,0,0,0,0,0,0,0,0,0,0,0,0,0,0,0,1,0,0,0,0,0,-0.9,-4.5,-3.6,204.23,174.2,-30.03,5.4,10.5,5.1,0.0,1.0,1.0,-5.250499429
286,0,0,0,0,0,0,0,0,0,0,0,0,0,0,0,0,0,0,1,0,0,1,0,0,0,0,0,0,0,0,0,0,0,0,0,0,0,0,0,0,-0.9,2.5,3.4,204.23,121.16,-83.07,5.4,5.5,0.0999999999999996,0.0,0.0,0.0,-5.321928
286,0,0,0,0,0,0,0,0,0,0,0,0,0,0,0,0,0,0,1,0,0,0,0,0,0,0,0,0,0,1,0,0,0,0,0,0,0,0,0,0,-0.9,3.8,4.7,204.23,131.17,-73.06,5.4,4.9,-0.5,0.0,0.0,0.0,-2.321928
