experiment,model,weighting,target_transform,position,actual,predicted,error,absolute_error
Random Forest Target Transform,Random Forest,baseline,log1p_abs,30.0,-0.386988,-0.5277226470819358,-0.14073464708193584,0.14073464708193584
Random Forest Target Transform,Random Forest,baseline,log1p_abs,30.0,-1.0,-0.3980140568994188,0.6019859431005812,0.6019859431005812
Random Forest Target Transform,Random Forest,baseline,log1p_abs,30.0,-2.321928,-0.4932075948768505,1.8287204051231498,1.8287204051231498
Random Forest Target Transform,Random Forest,baseline,log1p_abs,30.0,1.0,-0.48714072810066095,-1.487140728100661,1.487140728100661
Random Forest Target Transform,Random Forest,baseline,log1p_abs,30.0,0.0,-0.5807487584342411,-0.5807487584342411,0.5807487584342411
Random Forest Target Transform,Random Forest,baseline,log1p_abs,33.0,0.0,-1.4402247569350257,-1.4402247569350257,1.4402247569350257
Random Forest Target Transform,Random Forest,baseline,log1p_abs,33.0,-1.0,-1.280150799545704,-0.280150799545704,0.280150799545704
Random Forest Target Transform,Random Forest,baseline,log1p_abs,33.0,-1.0,-1.1444027641734433,-0.14440276417344333,0.14440276417344333
Random Forest Target Transform,Random Forest,baseline,log1p_abs,33.0,0.0,-1.042681905361476,-1.042681905361476,1.042681905361476
Random Forest Target Transform,Random Forest,baseline,log1p_abs,34.0,-1.0643856000000005,-0.5911385906749448,0.4732470093250557,0.4732470093250557
Random Forest Target Transform,Random Forest,baseline,log1p_abs,34.0,0.0,-0.647726408951961,-0.647726408951961,0.647726408951961
Random Forest Target Transform,Random Forest,baseline,log1p_abs,34.0,-5.321928,-1.7134394050707629,3.608488594929237,3.608488594929237
Random Forest Target Transform,Random Forest,baseline,log1p_abs,34.0,-1.0,-0.49353485920858203,0.506465140791418,0.506465140791418
Random Forest Target Transform,Random Forest,baseline,log1p_abs,34.0,-4.821928,-1.7054969418957744,3.1164310581042254,3.1164310581042254
Random Forest Target Transform,Random Forest,baseline,log1p_abs,39.0,1.0,-0.791639668739459,-1.791639668739459,1.791639668739459
Random Forest Target Transform,Random Forest,baseline,log1p_abs,39.0,-0.5,-1.5491951277154188,-1.0491951277154188,1.0491951277154188
Random Forest Target Transform,Random Forest,baseline,log1p_abs,39.0,0.0,-2.6834415665863585,-2.6834415665863585,2.6834415665863585
Random Forest Target Transform,Random Forest,baseline,log1p_abs,39.0,0.0,-2.5403852808591494,-2.5403852808591494,2.5403852808591494
Random Forest Target Transform,Random Forest,baseline,log1p_abs,39.0,0.0,-0.857588306373023,-0.857588306373023,0.857588306373023
Random Forest Target Transform,Random Forest,baseline,log1p_abs,42.0,-1.0,-0.6450327797153539,0.3549672202846461,0.3549672202846461
Random Forest Target Transform,Random Forest,baseline,log1p_abs,42.0,0.25,-0.39611948091233756,-0.6461194809123376,0.6461194809123376
Random Forest Target Transform,Random Forest,baseline,log1p_abs,42.0,-5.321928,-1.9234359377998982,3.3984920622001016,3.3984920622001016
Random Forest Target Transform,Random Forest,baseline,log1p_abs,42.0,-5.321928,-2.232382758551831,3.0895452414481688,3.0895452414481688
Random Forest Target Transform,Random Forest,baseline,log1p_abs,43.0,-0.666666667,-0.8157347447078767,-0.14906807770787667,0.14906807770787667
Random Forest Target Transform,Random Forest,baseline,log1p_abs,43.0,-3.321928,-1.4496254651581835,1.8723025348418167,1.8723025348418167
Random Forest Target Transform,Random Forest,baseline,log1p_abs,43.0,-5.321928,-2.4430009284539724,2.8789270715460273,2.8789270715460273
Random Forest Target Transform,Random Forest,baseline,log1p_abs,43.0,-1.0,-0.8028091387067374,0.19719086129326258,0.19719086129326258
Random Forest Target Transform,Random Forest,baseline,log1p_abs,48.0,0.0,-1.06885319067258,-1.06885319067258,1.06885319067258
Random Forest Target Transform,Random Forest,baseline,log1p_abs,48.0,-1.0,-1.5549571094711434,-0.5549571094711434,0.5549571094711434
Random Forest Target Transform,Random Forest,baseline,log1p_abs,48.0,-1.0,-1.2545759659775078,-0.25457596597750776,0.25457596597750776
Random Forest Target Transform,Random Forest,baseline,log1p_abs,48.0,-1.991446,-1.4932729026155738,0.4981730973844263,0.4981730973844263
Random Forest Target Transform,Random Forest,baseline,log1p_abs,49.0,0.0,-0.25346359766982635,-0.25346359766982635,0.25346359766982635
Random Forest Target Transform,Random Forest,baseline,log1p_abs,49.0,-2.321928,-1.7321139873115694,0.5898140126884308,0.5898140126884308
Random Forest Target Transform,Random Forest,baseline,log1p_abs,49.0,0.0,-0.40174034761102806,-0.40174034761102806,0.40174034761102806
Random Forest Target Transform,Random Forest,baseline,log1p_abs,49.0,-2.321928,-2.714034380488545,-0.39210638048854474,0.39210638048854474
Random Forest Target Transform,Random Forest,baseline,log1p_abs,49.0,-3.321928,-1.8447529649064343,1.477175035093566,1.477175035093566
Random Forest Target Transform,Random Forest,baseline,log1p_abs,54.0,0.0,-0.5258891079029976,-0.5258891079029976,0.5258891079029976
Random Forest Target Transform,Random Forest,baseline,log1p_abs,54.0,-1.370723,-2.946291750447332,-1.575568750447332,1.575568750447332
Random Forest Target Transform,Random Forest,baseline,log1p_abs,54.0,0.25,-1.990038365686703,-2.240038365686703,2.240038365686703
Random Forest Target Transform,Random Forest,baseline,log1p_abs,54.0,0.333333333,-0.24762903344207626,-0.5809623664420762,0.5809623664420762
Random Forest Target Transform,Random Forest,baseline,log1p_abs,57.0,0.0,-1.1835996186053304,-1.1835996186053304,1.1835996186053304
Random Forest Target Transform,Random Forest,baseline,log1p_abs,57.0,0.0,-1.5218272290732275,-1.5218272290732275,1.5218272290732275
Random Forest Target Transform,Random Forest,baseline,log1p_abs,57.0,0.0,-0.7612149538670596,-0.7612149538670596,0.7612149538670596
Random Forest Target Transform,Random Forest,baseline,log1p_abs,57.0,0.0,-1.4760986747315599,-1.4760986747315599,1.4760986747315599
Random Forest Target Transform,Random Forest,baseline,log1p_abs,69.0,-5.321928,-1.7890337794951283,3.5328942205048715,3.5328942205048715
Random Forest Target Transform,Random Forest,baseline,log1p_abs,69.0,-2.821928,-1.290338485877227,1.531589514122773,1.531589514122773
Random Forest Target Transform,Random Forest,baseline,log1p_abs,69.0,-4.321928,-0.9039898149998641,3.4179381850001356,3.4179381850001356
Random Forest Target Transform,Random Forest,baseline,log1p_abs,69.0,-1.214618667,-0.4667816617924141,0.747837005207586,0.747837005207586
Random Forest Target Transform,Random Forest,baseline,log1p_abs,70.0,-1.0,-0.5070697830451024,0.4929302169548976,0.4929302169548976
Random Forest Target Transform,Random Forest,baseline,log1p_abs,70.0,-1.5287712,-0.5405970711888272,0.9881741288111728,0.9881741288111728
Random Forest Target Transform,Random Forest,baseline,log1p_abs,70.0,0.0,-1.4757349555593615,-1.4757349555593615,1.4757349555593615
Random Forest Target Transform,Random Forest,baseline,log1p_abs,70.0,-4.321928,-0.8543055055664592,3.4676224944335408,3.4676224944335408
Random Forest Target Transform,Random Forest,baseline,log1p_abs,70.0,-0.666666667,-0.5745508529219703,0.09211581407802971,0.09211581407802971
Random Forest Target Transform,Random Forest,baseline,log1p_abs,90.0,0.0,-0.7528043833601786,-0.7528043833601786,0.7528043833601786
Random Forest Target Transform,Random Forest,baseline,log1p_abs,90.0,-1.7739759999999998,-1.6520262073546106,0.12194979264538919,0.12194979264538919
Random Forest Target Transform,Random Forest,baseline,log1p_abs,90.0,0.0,-1.789408260338722,-1.789408260338722,1.789408260338722
Random Forest Target Transform,Random Forest,baseline,log1p_abs,90.0,-0.4,-0.7870976251649352,-0.3870976251649352,0.3870976251649352
Random Forest Target Transform,Random Forest,baseline,log1p_abs,90.0,0.333333333,-2.259308177250447,-2.592641510250447,2.592641510250447
Random Forest Target Transform,Random Forest,baseline,log1p_abs,91.0,-3.321928,-1.4523462603699224,1.8695817396300778,1.8695817396300778
Random Forest Target Transform,Random Forest,baseline,log1p_abs,91.0,0.0,-0.4787887536035009,-0.4787887536035009,0.4787887536035009
Random Forest Target Transform,Random Forest,baseline,log1p_abs,91.0,-2.321928,-1.018599840344248,1.3033281596557522,1.3033281596557522
Random Forest Target Transform,Random Forest,baseline,log1p_abs,91.0,-1.0,-0.6837661724713846,0.3162338275286154,0.3162338275286154
Random Forest Target Transform,Random Forest,baseline,log1p_abs,92.0,-1.0,-1.4224200495734567,-0.4224200495734567,0.4224200495734567
Random Forest Target Transform,Random Forest,baseline,log1p_abs,92.0,-2.321928,-0.7607724582030657,1.5611555417969345,1.5611555417969345
Random Forest Target Transform,Random Forest,baseline,log1p_abs,92.0,-0.428571429,-0.356268918577477,0.072302510422523,0.072302510422523
Random Forest Target Transform,Random Forest,baseline,log1p_abs,92.0,0.2,-0.9851101871901219,-1.185110187190122,1.185110187190122
Random Forest Target Transform,Random Forest,baseline,log1p_abs,92.0,-1.0,-0.7694252194013327,0.23057478059866732,0.23057478059866732
Random Forest Target Transform,Random Forest,baseline,log1p_abs,97.0,-1.107309333,-0.743884575425416,0.3634247575745839,0.3634247575745839
Random Forest Target Transform,Random Forest,baseline,log1p_abs,97.0,0.0,-0.33324502660174216,-0.33324502660174216,0.33324502660174216
Random Forest Target Transform,Random Forest,baseline,log1p_abs,97.0,0.25,-0.29682431818011584,-0.5468243181801158,0.5468243181801158
Random Forest Target Transform,Random Forest,baseline,log1p_abs,97.0,0.0,-1.432299599876759,-1.432299599876759,1.432299599876759
Random Forest Target Transform,Random Forest,baseline,log1p_abs,99.0,-0.5,-1.518399013400346,-1.018399013400346,1.018399013400346
Random Forest Target Transform,Random Forest,baseline,log1p_abs,99.0,0.0,-1.332279162441832,-1.332279162441832,1.332279162441832
Random Forest Target Transform,Random Forest,baseline,log1p_abs,99.0,-2.321928,-1.6027815274255597,0.7191464725744405,0.7191464725744405
Random Forest Target Transform,Random Forest,baseline,log1p_abs,99.0,0.0,-0.9421454983151112,-0.9421454983151112,0.9421454983151112
Random Forest Target Transform,Random Forest,baseline,log1p_abs,102.0,-0.5,-0.6203183235311066,-0.12031832353110661,0.12031832353110661
Random Forest Target Transform,Random Forest,baseline,log1p_abs,102.0,0.333333333,-0.5848791304320998,-0.9182124634320998,0.9182124634320998
Random Forest Target Transform,Random Forest,baseline,log1p_abs,102.0,-0.666666667,-0.45521403130419263,0.21145263569580736,0.21145263569580736
Random Forest Target Transform,Random Forest,baseline,log1p_abs,102.0,0.0,-0.30310865190559616,-0.30310865190559616,0.30310865190559616
Random Forest Target Transform,Random Forest,baseline,log1p_abs,103.0,-0.666666667,-2.1868602283541683,-1.5201935613541684,1.5201935613541684
Random Forest Target Transform,Random Forest,baseline,log1p_abs,110.0,0.0,-0.8966436185078853,-0.8966436185078853,0.8966436185078853
Random Forest Target Transform,Random Forest,baseline,log1p_abs,110.0,-0.5,-0.48240074882992773,0.017599251170072272,0.017599251170072272
Random Forest Target Transform,Random Forest,baseline,log1p_abs,110.0,-1.0,-0.5945782724221501,0.4054217275778499,0.4054217275778499
Random Forest Target Transform,Random Forest,baseline,log1p_abs,110.0,-2.321928,-0.7120559768553084,1.6098720231446917,1.6098720231446917
Random Forest Target Transform,Random Forest,baseline,log1p_abs,120.0,-2.321928,-0.46476688520546,1.8571611147945402,1.8571611147945402
Random Forest Target Transform,Random Forest,baseline,log1p_abs,120.0,-3.821928,-2.1104853959595484,1.7114426040404518,1.7114426040404518
Random Forest Target Transform,Random Forest,baseline,log1p_abs,125.0,0.0,-0.3509775347331291,-0.3509775347331291,0.3509775347331291
Random Forest Target Transform,Random Forest,baseline,log1p_abs,125.0,0.0,-0.38894518359646263,-0.38894518359646263,0.38894518359646263
Random Forest Target Transform,Random Forest,baseline,log1p_abs,125.0,0.0,-0.5000477151512115,-0.5000477151512115,0.5000477151512115
Random Forest Target Transform,Random Forest,baseline,log1p_abs,125.0,-5.321928,-2.6625110744686196,2.65941692553138,2.65941692553138
Random Forest Target Transform,Random Forest,baseline,log1p_abs,125.0,-2.321928,-1.9927406254544828,0.3291873745455174,0.3291873745455174
Random Forest Target Transform,Random Forest,baseline,log1p_abs,133.0,-3.821928,-0.46574333606583884,3.3561846639341613,3.3561846639341613
Random Forest Target Transform,Random Forest,baseline,log1p_abs,133.0,0.0,-0.5503374306400604,-0.5503374306400604,0.5503374306400604
Random Forest Target Transform,Random Forest,baseline,log1p_abs,135.0,-3.321928,-1.8892264663552711,1.432701533644729,1.432701533644729
Random Forest Target Transform,Random Forest,baseline,log1p_abs,135.0,0.0,-0.28800354185598237,-0.28800354185598237,0.28800354185598237
Random Forest Target Transform,Random Forest,baseline,log1p_abs,135.0,-2.321928,-0.7570432847702175,1.5648847152297827,1.5648847152297827
Random Forest Target Transform,Random Forest,baseline,log1p_abs,138.0,0.0,-0.6613126569086305,-0.6613126569086305,0.6613126569086305
Random Forest Target Transform,Random Forest,baseline,log1p_abs,138.0,0.0,-0.9100970315554079,-0.9100970315554079,0.9100970315554079
Random Forest Target Transform,Random Forest,baseline,log1p_abs,138.0,0.0,-1.9691172947133535,-1.9691172947133535,1.9691172947133535
Random Forest Target Transform,Random Forest,baseline,log1p_abs,138.0,0.0,-1.9419680717843055,-1.9419680717843055,1.9419680717843055
Random Forest Target Transform,Random Forest,baseline,log1p_abs,139.0,0.333333333,-0.4418559877403189,-0.7751893207403189,0.7751893207403189
Random Forest Target Transform,Random Forest,baseline,log1p_abs,139.0,-0.5,-0.38570975271898256,0.11429024728101744,0.11429024728101744
Random Forest Target Transform,Random Forest,baseline,log1p_abs,139.0,0.0,-0.3768292794833593,-0.3768292794833593,0.3768292794833593
Random Forest Target Transform,Random Forest,baseline,log1p_abs,141.0,-1.0,-2.357316180514807,-1.357316180514807,1.357316180514807
Random Forest Target Transform,Random Forest,baseline,log1p_abs,141.0,-0.666666667,-2.5011504360628942,-1.8344837690628943,1.8344837690628943
Random Forest Target Transform,Random Forest,baseline,log1p_abs,144.0,0.0,-0.26053434938307,-0.26053434938307,0.26053434938307
Random Forest Target Transform,Random Forest,baseline,log1p_abs,144.0,0.0,-0.30985208854950125,-0.30985208854950125,0.30985208854950125
Random Forest Target Transform,Random Forest,baseline,log1p_abs,144.0,-1.107309333,-0.20817197527324155,0.8991373577267583,0.8991373577267583
Random Forest Target Transform,Random Forest,baseline,log1p_abs,156.0,-0.5,-0.6623997714324171,-0.16239977143241713,0.16239977143241713
Random Forest Target Transform,Random Forest,baseline,log1p_abs,156.0,0.25,-0.5148853988995197,-0.7648853988995197,0.7648853988995197
Random Forest Target Transform,Random Forest,baseline,log1p_abs,156.0,1.0,-2.03373562750396,-3.03373562750396,3.03373562750396
Random Forest Target Transform,Random Forest,baseline,log1p_abs,160.0,-1.0,-0.4120092004026731,0.5879907995973269,0.5879907995973269
Random Forest Target Transform,Random Forest,baseline,log1p_abs,160.0,-0.5,-1.422634461272112,-0.922634461272112,0.922634461272112
Random Forest Target Transform,Random Forest,baseline,log1p_abs,160.0,-0.5,-0.3507340255308166,0.14926597446918338,0.14926597446918338
Random Forest Target Transform,Random Forest,baseline,log1p_abs,160.0,-1.0,-1.7825929093065846,-0.7825929093065846,0.7825929093065846
Random Forest Target Transform,Random Forest,baseline,log1p_abs,165.0,-1.0,-0.4013060634523664,0.5986939365476336,0.5986939365476336
Random Forest Target Transform,Random Forest,baseline,log1p_abs,165.0,-0.333333333,-0.8136617976848066,-0.4803284646848066,0.4803284646848066
Random Forest Target Transform,Random Forest,baseline,log1p_abs,165.0,-1.160964,-0.5645194746290108,0.5964445253709894,0.5964445253709894
Random Forest Target Transform,Random Forest,baseline,log1p_abs,165.0,-1.0,-0.6386198907155852,0.3613801092844148,0.3613801092844148
Random Forest Target Transform,Random Forest,baseline,log1p_abs,166.0,0.0,-0.7586088753205014,-0.7586088753205014,0.7586088753205014
Random Forest Target Transform,Random Forest,baseline,log1p_abs,166.0,0.0,-0.45936565999496665,-0.45936565999496665,0.45936565999496665
Random Forest Target Transform,Random Forest,baseline,log1p_abs,166.0,-0.666666667,-0.7627294816719816,-0.09606281467198163,0.09606281467198163
Random Forest Target Transform,Random Forest,baseline,log1p_abs,166.0,0.0,-0.5290909224778511,-0.5290909224778511,0.5290909224778511
Random Forest Target Transform,Random Forest,baseline,log1p_abs,171.0,-0.166666667,-0.8158980133804632,-0.6492313463804632,0.6492313463804632
Random Forest Target Transform,Random Forest,baseline,log1p_abs,171.0,0.0,-0.4777177668301936,-0.4777177668301936,0.4777177668301936
Random Forest Target Transform,Random Forest,baseline,log1p_abs,171.0,0.0,-1.8595469271854423,-1.8595469271854423,1.8595469271854423
Random Forest Target Transform,Random Forest,baseline,log1p_abs,171.0,-0.25,-0.8180661328093262,-0.5680661328093262,0.5680661328093262
Random Forest Target Transform,Random Forest,baseline,log1p_abs,176.0,-0.5,-0.6014060755121385,-0.10140607551213854,0.10140607551213854
Random Forest Target Transform,Random Forest,baseline,log1p_abs,176.0,-1.0,-1.0914257495590094,-0.0914257495590094,0.0914257495590094
Random Forest Target Transform,Random Forest,baseline,log1p_abs,188.0,0.0,-0.1513922217856538,-0.1513922217856538,0.1513922217856538
Random Forest Target Transform,Random Forest,baseline,log1p_abs,188.0,0.0,-0.4718236306426339,-0.4718236306426339,0.4718236306426339
Random Forest Target Transform,Random Forest,baseline,log1p_abs,194.0,0.0,-0.5928810998429629,-0.5928810998429629,0.5928810998429629
Random Forest Target Transform,Random Forest,baseline,log1p_abs,194.0,0.0,-2.015924904627236,-2.015924904627236,2.015924904627236
Random Forest Target Transform,Random Forest,baseline,log1p_abs,194.0,0.0,-0.5538135006493916,-0.5538135006493916,0.5538135006493916
Random Forest Target Transform,Random Forest,baseline,log1p_abs,194.0,-0.333333333,-1.2090192048854596,-0.8756858718854595,0.8756858718854595
Random Forest Target Transform,Random Forest,baseline,log1p_abs,196.0,0.0,-0.2863374821646312,-0.2863374821646312,0.2863374821646312
Random Forest Target Transform,Random Forest,baseline,log1p_abs,196.0,-1.0,-3.6353060752528106,-2.6353060752528106,2.6353060752528106
Random Forest Target Transform,Random Forest,baseline,log1p_abs,196.0,0.0,-2.2056194655369983,-2.2056194655369983,2.2056194655369983
Random Forest Target Transform,Random Forest,baseline,log1p_abs,200.0,-2.321928,-2.577771536106839,-0.25584353610683896,0.25584353610683896
Random Forest Target Transform,Random Forest,baseline,log1p_abs,200.0,0.0,-0.36761309194481157,-0.36761309194481157,0.36761309194481157
Random Forest Target Transform,Random Forest,baseline,log1p_abs,200.0,0.0,-0.5656892425750497,-0.5656892425750497,0.5656892425750497
Random Forest Target Transform,Random Forest,baseline,log1p_abs,200.0,0.0,-0.3999052609420438,-0.3999052609420438,0.3999052609420438
Random Forest Target Transform,Random Forest,baseline,log1p_abs,200.0,0.0,-0.6077767265298019,-0.6077767265298019,0.6077767265298019
Random Forest Target Transform,Random Forest,baseline,log1p_abs,217.0,-0.2,-0.8220858890303823,-0.6220858890303822,0.6220858890303822
Random Forest Target Transform,Random Forest,baseline,log1p_abs,217.0,0.0,-1.2709708993454714,-1.2709708993454714,1.2709708993454714
Random Forest Target Transform,Random Forest,baseline,log1p_abs,217.0,-0.924658667,-1.0761906014232938,-0.15153193442329382,0.15153193442329382
Random Forest Target Transform,Random Forest,baseline,log1p_abs,218.0,-2.321928,-0.3550209997215851,1.966907000278415,1.966907000278415
Random Forest Target Transform,Random Forest,baseline,log1p_abs,218.0,-3.321928,-2.0677023305359303,1.2542256694640699,1.2542256694640699
Random Forest Target Transform,Random Forest,baseline,log1p_abs,218.0,-4.321928,-0.33964883767156073,3.982279162328439,3.982279162328439
Random Forest Target Transform,Random Forest,baseline,log1p_abs,218.0,-4.321928,-0.5875590791210643,3.7343689208789357,3.7343689208789357
Random Forest Target Transform,Random Forest,baseline,log1p_abs,221.0,-0.666666667,-1.768081930409635,-1.1014152634096348,1.1014152634096348
Random Forest Target Transform,Random Forest,baseline,log1p_abs,221.0,0.0,-0.4832343382999898,-0.4832343382999898,0.4832343382999898
Random Forest Target Transform,Random Forest,baseline,log1p_abs,221.0,0.0,-0.33837717261386746,-0.33837717261386746,0.33837717261386746
Random Forest Target Transform,Random Forest,baseline,log1p_abs,221.0,-1.0,-1.090273829338275,-0.09027382933827499,0.09027382933827499
Random Forest Target Transform,Random Forest,baseline,log1p_abs,221.0,0.0,-0.8802140515491771,-0.8802140515491771,0.8802140515491771
Random Forest Target Transform,Random Forest,baseline,log1p_abs,228.0,-1.0,-0.8823961165754712,0.11760388342452877,0.11760388342452877
Random Forest Target Transform,Random Forest,baseline,log1p_abs,228.0,-1.881285333,-0.9939281492326449,0.887357183767355,0.887357183767355
Random Forest Target Transform,Random Forest,baseline,log1p_abs,228.0,-2.321928,-2.1234350365884542,0.198492963411546,0.198492963411546
Random Forest Target Transform,Random Forest,baseline,log1p_abs,233.0,-5.321928,-1.5248327111974174,3.7970952888025824,3.7970952888025824
Random Forest Target Transform,Random Forest,baseline,log1p_abs,233.0,0.0,-0.6619949551365971,-0.6619949551365971,0.6619949551365971
Random Forest Target Transform,Random Forest,baseline,log1p_abs,233.0,-5.321928,-1.579823018703643,3.7421049812963565,3.7421049812963565
Random Forest Target Transform,Random Forest,baseline,log1p_abs,233.0,-3.321928,-1.7810081316553181,1.540919868344682,1.540919868344682
Random Forest Target Transform,Random Forest,baseline,log1p_abs,239.0,-5.321928,-1.9800991524545173,3.3418288475454823,3.3418288475454823
Random Forest Target Transform,Random Forest,baseline,log1p_abs,239.0,-5.321928,-1.8087447490111268,3.513183250988873,3.513183250988873
Random Forest Target Transform,Random Forest,baseline,log1p_abs,239.0,-5.321928,-1.6302469042564511,3.6916810957435486,3.6916810957435486
Random Forest Target Transform,Random Forest,baseline,log1p_abs,239.0,-5.321928,-1.9187100791489002,3.4032179208510995,3.4032179208510995
Random Forest Target Transform,Random Forest,baseline,log1p_abs,240.0,0.0,-0.7657155308368474,-0.7657155308368474,0.7657155308368474
Random Forest Target Transform,Random Forest,baseline,log1p_abs,240.0,-4.321928,-1.4796541667230794,2.8422738332769204,2.8422738332769204
Random Forest Target Transform,Random Forest,baseline,log1p_abs,240.0,-5.321928,-1.1989262738025064,4.123001726197494,4.123001726197494
Random Forest Target Transform,Random Forest,baseline,log1p_abs,240.0,-1.0,-0.6865165311942367,0.3134834688057633,0.3134834688057633
Random Forest Target Transform,Random Forest,baseline,log1p_abs,247.0,-5.321928,-1.9506737147425453,3.3712542852574545,3.3712542852574545
Random Forest Target Transform,Random Forest,baseline,log1p_abs,247.0,-5.321928,-2.85949686485259,2.4624311351474097,2.4624311351474097
Random Forest Target Transform,Random Forest,baseline,log1p_abs,247.0,-0.25,-0.40625081105172983,-0.15625081105172983,0.15625081105172983
Random Forest Target Transform,Random Forest,baseline,log1p_abs,247.0,-5.321928,-2.7990369536287045,2.5228910463712952,2.5228910463712952
Random Forest Target Transform,Random Forest,baseline,log1p_abs,250.0,0.5,-0.9925916230029799,-1.4925916230029799,1.4925916230029799
Random Forest Target Transform,Random Forest,baseline,log1p_abs,250.0,1.0,-0.923457824457912,-1.9234578244579121,1.9234578244579121
Random Forest Target Transform,Random Forest,baseline,log1p_abs,250.0,0.0,-1.4184510448633032,-1.4184510448633032,1.4184510448633032
Random Forest Target Transform,Random Forest,baseline,log1p_abs,250.0,0.0,-0.8579014986109382,-0.8579014986109382,0.8579014986109382
Random Forest Target Transform,Random Forest,baseline,log1p_abs,250.0,-0.333333333,-1.1505153030261417,-0.8171819700261417,0.8171819700261417
Random Forest Target Transform,Random Forest,baseline,log1p_abs,250.0,0.0,-1.138612487050796,-1.138612487050796,1.138612487050796
Random Forest Target Transform,Random Forest,baseline,log1p_abs,255.0,-3.321928,-1.8167502656016836,1.5051777343983166,1.5051777343983166
Random Forest Target Transform,Random Forest,baseline,log1p_abs,255.0,-1.7414459999999998,-0.7559885159383448,0.985457484061655,0.985457484061655
Random Forest Target Transform,Random Forest,baseline,log1p_abs,255.0,-1.881285333,-1.1555345275756437,0.7257508054243562,0.7257508054243562
Random Forest Target Transform,Random Forest,baseline,log1p_abs,263.0,-3.321928,-2.1222211408394003,1.1997068591606,1.1997068591606
Random Forest Target Transform,Random Forest,baseline,log1p_abs,263.0,-3.988594667,-2.3216587490831637,1.6669359179168364,1.6669359179168364
Random Forest Target Transform,Random Forest,baseline,log1p_abs,273.0,0.0,-0.7529550444532191,-0.7529550444532191,0.7529550444532191
Random Forest Target Transform,Random Forest,baseline,log1p_abs,273.0,0.5,-0.45575187094453196,-0.955751870944532,0.955751870944532
Random Forest Target Transform,Random Forest,baseline,log1p_abs,273.0,0.0,-1.0771972990276883,-1.0771972990276883,1.0771972990276883
Random Forest Target Transform,Random Forest,baseline,log1p_abs,273.0,0.0,-0.8212581110959949,-0.8212581110959949,0.8212581110959949
Random Forest Target Transform,Random Forest,baseline,log1p_abs,278.0,-5.321928,-2.1312020055117804,3.1907259944882194,3.1907259944882194
Random Forest Target Transform,Random Forest,baseline,log1p_abs,278.0,0.0,-0.5063299335764315,-0.5063299335764315,0.5063299335764315
Random Forest Target Transform,Random Forest,baseline,log1p_abs,278.0,-4.321928,-1.850999880222242,2.4709281197777577,2.4709281197777577
Random Forest Target Transform,Random Forest,baseline,log1p_abs,278.0,-1.0,-0.3886652581923918,0.6113347418076083,0.6113347418076083
Random Forest Target Transform,Random Forest,baseline,log1p_abs,278.0,0.0,-0.37030305865228946,-0.37030305865228946,0.37030305865228946
Random Forest Target Transform,Random Forest,baseline,log1p_abs,279.0,-1.0,-2.107146112946634,-1.107146112946634,1.107146112946634
Random Forest Target Transform,Random Forest,baseline,log1p_abs,279.0,-5.321928,-3.0452050426671557,2.276722957332844,2.276722957332844
Random Forest Target Transform,Random Forest,baseline,log1p_abs,279.0,-1.660964,-1.2747298140814176,0.3862341859185825,0.3862341859185825
Random Forest Target Transform,Random Forest,baseline,log1p_abs,283.0,0.0,-0.4171704903391392,-0.4171704903391392,0.4171704903391392
Random Forest Target Transform,Random Forest,baseline,log1p_abs,283.0,-0.333333333,-0.2164599382796129,0.1168733947203871,0.1168733947203871
Random Forest Target Transform,Random Forest,baseline,log1p_abs,283.0,0.0,-1.967177797349279,-1.967177797349279,1.967177797349279
Random Forest Target Transform,Random Forest,baseline,log1p_abs,283.0,-4.321928,-2.9557924607043216,1.3661355392956782,1.3661355392956782
Random Forest Mild Extreme + Transform,Random Forest,mild_extreme,log1p_abs,30.0,-0.386988,-0.6789379204003863,-0.29194992040038625,0.29194992040038625
Random Forest Mild Extreme + Transform,Random Forest,mild_extreme,log1p_abs,30.0,-1.0,-0.4121042472124784,0.5878957527875216,0.5878957527875216
Random Forest Mild Extreme + Transform,Random Forest,mild_extreme,log1p_abs,30.0,-2.321928,-0.6020529715214268,1.7198750284785733,1.7198750284785733
Random Forest Mild Extreme + Transform,Random Forest,mild_extreme,log1p_abs,30.0,1.0,-0.6039021837913288,-1.6039021837913288,1.6039021837913288
Random Forest Mild Extreme + Transform,Random Forest,mild_extreme,log1p_abs,30.0,0.0,-0.6262783021079242,-0.6262783021079242,0.6262783021079242
Random Forest Mild Extreme + Transform,Random Forest,mild_extreme,log1p_abs,33.0,0.0,-1.6931929895801308,-1.6931929895801308,1.6931929895801308
Random Forest Mild Extreme + Transform,Random Forest,mild_extreme,log1p_abs,33.0,-1.0,-1.5041748983942616,-0.5041748983942616,0.5041748983942616
Random Forest Mild Extreme + Transform,Random Forest,mild_extreme,log1p_abs,33.0,-1.0,-1.2499679461975117,-0.24996794619751173,0.24996794619751173
Random Forest Mild Extreme + Transform,Random Forest,mild_extreme,log1p_abs,33.0,0.0,-1.0846958994713904,-1.0846958994713904,1.0846958994713904
Random Forest Mild Extreme + Transform,Random Forest,mild_extreme,log1p_abs,34.0,-1.0643856000000005,-0.7258823042398931,0.3385032957601074,0.3385032957601074
Random Forest Mild Extreme + Transform,Random Forest,mild_extreme,log1p_abs,34.0,0.0,-0.8032161950703606,-0.8032161950703606,0.8032161950703606
Random Forest Mild Extreme + Transform,Random Forest,mild_extreme,log1p_abs,34.0,-5.321928,-2.172478178808585,3.1494498211914146,3.1494498211914146
Random Forest Mild Extreme + Transform,Random Forest,mild_extreme,log1p_abs,34.0,-1.0,-0.5215210292477921,0.4784789707522079,0.4784789707522079
Random Forest Mild Extreme + Transform,Random Forest,mild_extreme,log1p_abs,34.0,-4.821928,-1.9849924736944031,2.836935526305597,2.836935526305597
Random Forest Mild Extreme + Transform,Random Forest,mild_extreme,log1p_abs,39.0,1.0,-0.857298768608852,-1.857298768608852,1.857298768608852
Random Forest Mild Extreme + Transform,Random Forest,mild_extreme,log1p_abs,39.0,-0.5,-1.7161787312943888,-1.2161787312943888,1.2161787312943888
Random Forest Mild Extreme + Transform,Random Forest,mild_extreme,log1p_abs,39.0,0.0,-3.334948043426462,-3.334948043426462,3.334948043426462
Random Forest Mild Extreme + Transform,Random Forest,mild_extreme,log1p_abs,39.0,0.0,-2.890352713621174,-2.890352713621174,2.890352713621174
Random Forest Mild Extreme + Transform,Random Forest,mild_extreme,log1p_abs,39.0,0.0,-0.871681247531233,-0.871681247531233,0.871681247531233
Random Forest Mild Extreme + Transform,Random Forest,mild_extreme,log1p_abs,42.0,-1.0,-0.7317041556551931,0.2682958443448069,0.2682958443448069
Random Forest Mild Extreme + Transform,Random Forest,mild_extreme,log1p_abs,42.0,0.25,-0.4719534156749607,-0.7219534156749607,0.7219534156749607
Random Forest Mild Extreme + Transform,Random Forest,mild_extreme,log1p_abs,42.0,-5.321928,-2.1169359109481687,3.204992089051831,3.204992089051831
Random Forest Mild Extreme + Transform,Random Forest,mild_extreme,log1p_abs,42.0,-5.321928,-2.6410258356384233,2.6809021643615765,2.6809021643615765
Random Forest Mild Extreme + Transform,Random Forest,mild_extreme,log1p_abs,43.0,-0.666666667,-0.9034389181859221,-0.23677225118592216,0.23677225118592216
Random Forest Mild Extreme + Transform,Random Forest,mild_extreme,log1p_abs,43.0,-3.321928,-1.5103698026692627,1.8115581973307375,1.8115581973307375
Random Forest Mild Extreme + Transform,Random Forest,mild_extreme,log1p_abs,43.0,-5.321928,-3.07478616924016,2.2471418307598396,2.2471418307598396
Random Forest Mild Extreme + Transform,Random Forest,mild_extreme,log1p_abs,43.0,-1.0,-0.8611578088026146,0.1388421911973854,0.1388421911973854
Random Forest Mild Extreme + Transform,Random Forest,mild_extreme,log1p_abs,48.0,0.0,-1.2309746383524542,-1.2309746383524542,1.2309746383524542
Random Forest Mild Extreme + Transform,Random Forest,mild_extreme,log1p_abs,48.0,-1.0,-1.8110652012951298,-0.8110652012951298,0.8110652012951298
Random Forest Mild Extreme + Transform,Random Forest,mild_extreme,log1p_abs,48.0,-1.0,-1.3893403335146233,-0.38934033351462327,0.38934033351462327
Random Forest Mild Extreme + Transform,Random Forest,mild_extreme,log1p_abs,48.0,-1.991446,-1.9474842776226233,0.04396172237737672,0.04396172237737672
Random Forest Mild Extreme + Transform,Random Forest,mild_extreme,log1p_abs,49.0,0.0,-0.3307401068189546,-0.3307401068189546,0.3307401068189546
Random Forest Mild Extreme + Transform,Random Forest,mild_extreme,log1p_abs,49.0,-2.321928,-2.037908373896785,0.2840196261032153,0.2840196261032153
Random Forest Mild Extreme + Transform,Random Forest,mild_extreme,log1p_abs,49.0,0.0,-0.4598487360438139,-0.4598487360438139,0.4598487360438139
Random Forest Mild Extreme + Transform,Random Forest,mild_extreme,log1p_abs,49.0,-2.321928,-2.919869396784053,-0.5979413967840528,0.5979413967840528
Random Forest Mild Extreme + Transform,Random Forest,mild_extreme,log1p_abs,49.0,-3.321928,-2.196065243868487,1.125862756131513,1.125862756131513
Random Forest Mild Extreme + Transform,Random Forest,mild_extreme,log1p_abs,54.0,0.0,-0.5719561874269791,-0.5719561874269791,0.5719561874269791
Random Forest Mild Extreme + Transform,Random Forest,mild_extreme,log1p_abs,54.0,-1.370723,-3.2796102781778265,-1.9088872781778266,1.9088872781778266
Random Forest Mild Extreme + Transform,Random Forest,mild_extreme,log1p_abs,54.0,0.25,-2.280335048577126,-2.530335048577126,2.530335048577126
Random Forest Mild Extreme + Transform,Random Forest,mild_extreme,log1p_abs,54.0,0.333333333,-0.3222167429332132,-0.6555500759332131,0.6555500759332131
Random Forest Mild Extreme + Transform,Random Forest,mild_extreme,log1p_abs,57.0,0.0,-1.613864544616124,-1.613864544616124,1.613864544616124
Random Forest Mild Extreme + Transform,Random Forest,mild_extreme,log1p_abs,57.0,0.0,-1.5986667105310548,-1.5986667105310548,1.5986667105310548
Random Forest Mild Extreme + Transform,Random Forest,mild_extreme,log1p_abs,57.0,0.0,-0.9680118802689434,-0.9680118802689434,0.9680118802689434
Random Forest Mild Extreme + Transform,Random Forest,mild_extreme,log1p_abs,57.0,0.0,-1.7974761743096832,-1.7974761743096832,1.7974761743096832
Random Forest Mild Extreme + Transform,Random Forest,mild_extreme,log1p_abs,69.0,-5.321928,-2.139826950627259,3.182101049372741,3.182101049372741
Random Forest Mild Extreme + Transform,Random Forest,mild_extreme,log1p_abs,69.0,-2.821928,-1.4507726831469663,1.371155316853034,1.371155316853034
Random Forest Mild Extreme + Transform,Random Forest,mild_extreme,log1p_abs,69.0,-4.321928,-1.0201513956974178,3.301776604302582,3.301776604302582
Random Forest Mild Extreme + Transform,Random Forest,mild_extreme,log1p_abs,69.0,-1.214618667,-0.5870096469521534,0.6276090200478467,0.6276090200478467
Random Forest Mild Extreme + Transform,Random Forest,mild_extreme,log1p_abs,70.0,-1.0,-0.5106384242849215,0.48936157571507855,0.48936157571507855
Random Forest Mild Extreme + Transform,Random Forest,mild_extreme,log1p_abs,70.0,-1.5287712,-0.5434899543517593,0.9852812456482407,0.9852812456482407
Random Forest Mild Extreme + Transform,Random Forest,mild_extreme,log1p_abs,70.0,0.0,-1.7043258098199574,-1.7043258098199574,1.7043258098199574
Random Forest Mild Extreme + Transform,Random Forest,mild_extreme,log1p_abs,70.0,-4.321928,-1.0701982357403823,3.2517297642596175,3.2517297642596175
Random Forest Mild Extreme + Transform,Random Forest,mild_extreme,log1p_abs,70.0,-0.666666667,-0.5302937960089643,0.13637287099103568,0.13637287099103568
Random Forest Mild Extreme + Transform,Random Forest,mild_extreme,log1p_abs,90.0,0.0,-0.8094329597718133,-0.8094329597718133,0.8094329597718133
Random Forest Mild Extreme + Transform,Random Forest,mild_extreme,log1p_abs,90.0,-1.7739759999999998,-1.837750447044991,-0.06377444704499124,0.06377444704499124
Random Forest Mild Extreme + Transform,Random Forest,mild_extreme,log1p_abs,90.0,0.0,-2.0750253207521743,-2.0750253207521743,2.0750253207521743
Random Forest Mild Extreme + Transform,Random Forest,mild_extreme,log1p_abs,90.0,-0.4,-0.8548310352678568,-0.45483103526785673,0.45483103526785673
Random Forest Mild Extreme + Transform,Random Forest,mild_extreme,log1p_abs,90.0,0.333333333,-2.5498336240478903,-2.8831669570478904,2.8831669570478904
Random Forest Mild Extreme + Transform,Random Forest,mild_extreme,log1p_abs,91.0,-3.321928,-1.4338599229152924,1.8880680770847078,1.8880680770847078
Random Forest Mild Extreme + Transform,Random Forest,mild_extreme,log1p_abs,91.0,0.0,-0.46376838550736194,-0.46376838550736194,0.46376838550736194
Random Forest Mild Extreme + Transform,Random Forest,mild_extreme,log1p_abs,91.0,-2.321928,-1.0242565133412147,1.2976714866587855,1.2976714866587855
Random Forest Mild Extreme + Transform,Random Forest,mild_extreme,log1p_abs,91.0,-1.0,-0.7463533086036028,0.2536466913963972,0.2536466913963972
Random Forest Mild Extreme + Transform,Random Forest,mild_extreme,log1p_abs,92.0,-1.0,-1.4520498451610522,-0.4520498451610522,0.4520498451610522
Random Forest Mild Extreme + Transform,Random Forest,mild_extreme,log1p_abs,92.0,-2.321928,-0.807203926810179,1.514724073189821,1.514724073189821
Random Forest Mild Extreme + Transform,Random Forest,mild_extreme,log1p_abs,92.0,-0.428571429,-0.4055789267548193,0.02299250224518068,0.02299250224518068
Random Forest Mild Extreme + Transform,Random Forest,mild_extreme,log1p_abs,92.0,0.2,-1.068179304641918,-1.2681793046419179,1.2681793046419179
Random Forest Mild Extreme + Transform,Random Forest,mild_extreme,log1p_abs,92.0,-1.0,-0.8131265950894209,0.18687340491057913,0.18687340491057913
Random Forest Mild Extreme + Transform,Random Forest,mild_extreme,log1p_abs,97.0,-1.107309333,-0.8476399675308293,0.25966936546917063,0.25966936546917063
Random Forest Mild Extreme + Transform,Random Forest,mild_extreme,log1p_abs,97.0,0.0,-0.4512394841574017,-0.4512394841574017,0.4512394841574017
Random Forest Mild Extreme + Transform,Random Forest,mild_extreme,log1p_abs,97.0,0.25,-0.38926791592619897,-0.6392679159261989,0.6392679159261989
Random Forest Mild Extreme + Transform,Random Forest,mild_extreme,log1p_abs,97.0,0.0,-1.5850198969323583,-1.5850198969323583,1.5850198969323583
Random Forest Mild Extreme + Transform,Random Forest,mild_extreme,log1p_abs,99.0,-0.5,-1.8685977356098113,-1.3685977356098113,1.3685977356098113
Random Forest Mild Extreme + Transform,Random Forest,mild_extreme,log1p_abs,99.0,0.0,-1.3456303427580545,-1.3456303427580545,1.3456303427580545
Random Forest Mild Extreme + Transform,Random Forest,mild_extreme,log1p_abs,99.0,-2.321928,-1.840811508382074,0.48111649161792625,0.48111649161792625
Random Forest Mild Extreme + Transform,Random Forest,mild_extreme,log1p_abs,99.0,0.0,-0.9664847201467126,-0.9664847201467126,0.9664847201467126
Random Forest Mild Extreme + Transform,Random Forest,mild_extreme,log1p_abs,102.0,-0.5,-0.7627186446680354,-0.2627186446680354,0.2627186446680354
Random Forest Mild Extreme + Transform,Random Forest,mild_extreme,log1p_abs,102.0,0.333333333,-0.6577226306648983,-0.9910559636648983,0.9910559636648983
Random Forest Mild Extreme + Transform,Random Forest,mild_extreme,log1p_abs,102.0,-0.666666667,-0.5673154492510992,0.09935121774890077,0.09935121774890077
Random Forest Mild Extreme + Transform,Random Forest,mild_extreme,log1p_abs,102.0,0.0,-0.371315526147617,-0.371315526147617,0.371315526147617
Random Forest Mild Extreme + Transform,Random Forest,mild_extreme,log1p_abs,103.0,-0.666666667,-2.5224956855769696,-1.8558290185769697,1.8558290185769697
Random Forest Mild Extreme + Transform,Random Forest,mild_extreme,log1p_abs,110.0,0.0,-1.1515982430989897,-1.1515982430989897,1.1515982430989897
Random Forest Mild Extreme + Transform,Random Forest,mild_extreme,log1p_abs,110.0,-0.5,-0.5966599471801464,-0.09665994718014637,0.09665994718014637
Random Forest Mild Extreme + Transform,Random Forest,mild_extreme,log1p_abs,110.0,-1.0,-0.6771927123833248,0.3228072876166752,0.3228072876166752
Random Forest Mild Extreme + Transform,Random Forest,mild_extreme,log1p_abs,110.0,-2.321928,-0.877468991560012,1.4444590084399882,1.4444590084399882
Random Forest Mild Extreme + Transform,Random Forest,mild_extreme,log1p_abs,120.0,-2.321928,-0.5191701665510082,1.802757833448992,1.802757833448992
Random Forest Mild Extreme + Transform,Random Forest,mild_extreme,log1p_abs,120.0,-3.821928,-2.216888718793704,1.6050392812062961,1.6050392812062961
Random Forest Mild Extreme + Transform,Random Forest,mild_extreme,log1p_abs,125.0,0.0,-0.3702252377586952,-0.3702252377586952,0.3702252377586952
Random Forest Mild Extreme + Transform,Random Forest,mild_extreme,log1p_abs,125.0,0.0,-0.42136127831197023,-0.42136127831197023,0.42136127831197023
Random Forest Mild Extreme + Transform,Random Forest,mild_extreme,log1p_abs,125.0,0.0,-0.48778944465430313,-0.48778944465430313,0.48778944465430313
Random Forest Mild Extreme + Transform,Random Forest,mild_extreme,log1p_abs,125.0,-5.321928,-3.2477998612662593,2.0741281387337405,2.0741281387337405
Random Forest Mild Extreme + Transform,Random Forest,mild_extreme,log1p_abs,125.0,-2.321928,-2.2693502714997704,0.05257772850022979,0.05257772850022979
Random Forest Mild Extreme + Transform,Random Forest,mild_extreme,log1p_abs,133.0,-3.821928,-0.5397355769754336,3.2821924230245667,3.2821924230245667
Random Forest Mild Extreme + Transform,Random Forest,mild_extreme,log1p_abs,133.0,0.0,-0.6505167855679813,-0.6505167855679813,0.6505167855679813
Random Forest Mild Extreme + Transform,Random Forest,mild_extreme,log1p_abs,135.0,-3.321928,-2.048105741299718,1.273822258700282,1.273822258700282
Random Forest Mild Extreme + Transform,Random Forest,mild_extreme,log1p_abs,135.0,0.0,-0.3360499349377613,-0.3360499349377613,0.3360499349377613
Random Forest Mild Extreme + Transform,Random Forest,mild_extreme,log1p_abs,135.0,-2.321928,-0.870827697914372,1.4511003020856283,1.4511003020856283
Random Forest Mild Extreme + Transform,Random Forest,mild_extreme,log1p_abs,138.0,0.0,-0.9402745891931716,-0.9402745891931716,0.9402745891931716
Random Forest Mild Extreme + Transform,Random Forest,mild_extreme,log1p_abs,138.0,0.0,-1.2280033419219187,-1.2280033419219187,1.2280033419219187
Random Forest Mild Extreme + Transform,Random Forest,mild_extreme,log1p_abs,138.0,0.0,-2.411087056948368,-2.411087056948368,2.411087056948368
Random Forest Mild Extreme + Transform,Random Forest,mild_extreme,log1p_abs,138.0,0.0,-2.4892442263545793,-2.4892442263545793,2.4892442263545793
Random Forest Mild Extreme + Transform,Random Forest,mild_extreme,log1p_abs,139.0,0.333333333,-0.5182015186365456,-0.8515348516365456,0.8515348516365456
Random Forest Mild Extreme + Transform,Random Forest,mild_extreme,log1p_abs,139.0,-0.5,-0.47559981880404184,0.02440018119595816,0.02440018119595816
Random Forest Mild Extreme + Transform,Random Forest,mild_extreme,log1p_abs,139.0,0.0,-0.4264240364150244,-0.4264240364150244,0.4264240364150244
Random Forest Mild Extreme + Transform,Random Forest,mild_extreme,log1p_abs,141.0,-1.0,-2.729700547942712,-1.7297005479427119,1.7297005479427119
Random Forest Mild Extreme + Transform,Random Forest,mild_extreme,log1p_abs,141.0,-0.666666667,-2.8355994075938584,-2.1689327405938585,2.1689327405938585
Random Forest Mild Extreme + Transform,Random Forest,mild_extreme,log1p_abs,144.0,0.0,-0.3361094369849979,-0.3361094369849979,0.3361094369849979
Random Forest Mild Extreme + Transform,Random Forest,mild_extreme,log1p_abs,144.0,0.0,-0.34563328475835803,-0.34563328475835803,0.34563328475835803
Random Forest Mild Extreme + Transform,Random Forest,mild_extreme,log1p_abs,144.0,-1.107309333,-0.3094216782418064,0.7978876547581935,0.7978876547581935
Random Forest Mild Extreme + Transform,Random Forest,mild_extreme,log1p_abs,156.0,-0.5,-0.7849797229845603,-0.2849797229845603,0.2849797229845603
Random Forest Mild Extreme + Transform,Random Forest,mild_extreme,log1p_abs,156.0,0.25,-0.5819924950870334,-0.8319924950870334,0.8319924950870334
Random Forest Mild Extreme + Transform,Random Forest,mild_extreme,log1p_abs,156.0,1.0,-2.0728458431321064,-3.0728458431321064,3.0728458431321064
Random Forest Mild Extreme + Transform,Random Forest,mild_extreme,log1p_abs,160.0,-1.0,-0.43807656636232395,0.561923433637676,0.561923433637676
Random Forest Mild Extreme + Transform,Random Forest,mild_extreme,log1p_abs,160.0,-0.5,-1.710587632178511,-1.210587632178511,1.210587632178511
Random Forest Mild Extreme + Transform,Random Forest,mild_extreme,log1p_abs,160.0,-0.5,-0.3271998790545886,0.17280012094541142,0.17280012094541142
Random Forest Mild Extreme + Transform,Random Forest,mild_extreme,log1p_abs,160.0,-1.0,-2.0691546505108716,-1.0691546505108716,1.0691546505108716
Random Forest Mild Extreme + Transform,Random Forest,mild_extreme,log1p_abs,165.0,-1.0,-0.49854656732202,0.50145343267798,0.50145343267798
Random Forest Mild Extreme + Transform,Random Forest,mild_extreme,log1p_abs,165.0,-0.333333333,-1.0865653021133896,-0.7532319691133896,0.7532319691133896
Random Forest Mild Extreme + Transform,Random Forest,mild_extreme,log1p_abs,165.0,-1.160964,-0.6634977057326495,0.49746629426735056,0.49746629426735056
Random Forest Mild Extreme + Transform,Random Forest,mild_extreme,log1p_abs,165.0,-1.0,-0.8028152381667334,0.1971847618332666,0.1971847618332666
Random Forest Mild Extreme + Transform,Random Forest,mild_extreme,log1p_abs,166.0,0.0,-0.8671013501094298,-0.8671013501094298,0.8671013501094298
Random Forest Mild Extreme + Transform,Random Forest,mild_extreme,log1p_abs,166.0,0.0,-0.7115162322945652,-0.7115162322945652,0.7115162322945652
Random Forest Mild Extreme + Transform,Random Forest,mild_extreme,log1p_abs,166.0,-0.666666667,-0.8886485750093328,-0.22198190800933282,0.22198190800933282
Random Forest Mild Extreme + Transform,Random Forest,mild_extreme,log1p_abs,166.0,0.0,-0.8819853648149967,-0.8819853648149967,0.8819853648149967
Random Forest Mild Extreme + Transform,Random Forest,mild_extreme,log1p_abs,171.0,-0.166666667,-0.9759067833539865,-0.8092401163539865,0.8092401163539865
Random Forest Mild Extreme + Transform,Random Forest,mild_extreme,log1p_abs,171.0,0.0,-0.6293605158680927,-0.6293605158680927,0.6293605158680927
Random Forest Mild Extreme + Transform,Random Forest,mild_extreme,log1p_abs,171.0,0.0,-2.083990785717548,-2.083990785717548,2.083990785717548
Random Forest Mild Extreme + Transform,Random Forest,mild_extreme,log1p_abs,171.0,-0.25,-1.0586588391154823,-0.8086588391154823,0.8086588391154823
Random Forest Mild Extreme + Transform,Random Forest,mild_extreme,log1p_abs,176.0,-0.5,-0.6436818340225522,-0.1436818340225522,0.1436818340225522
Random Forest Mild Extreme + Transform,Random Forest,mild_extreme,log1p_abs,176.0,-1.0,-1.113856569912499,-0.11385656991249893,0.11385656991249893
Random Forest Mild Extreme + Transform,Random Forest,mild_extreme,log1p_abs,188.0,0.0,-0.23569960398019854,-0.23569960398019854,0.23569960398019854
Random Forest Mild Extreme + Transform,Random Forest,mild_extreme,log1p_abs,188.0,0.0,-0.5400228858474009,-0.5400228858474009,0.5400228858474009
Random Forest Mild Extreme + Transform,Random Forest,mild_extreme,log1p_abs,194.0,0.0,-0.576390525980097,-0.576390525980097,0.576390525980097
Random Forest Mild Extreme + Transform,Random Forest,mild_extreme,log1p_abs,194.0,0.0,-2.834013897906685,-2.834013897906685,2.834013897906685
Random Forest Mild Extreme + Transform,Random Forest,mild_extreme,log1p_abs,194.0,0.0,-0.6074971200816162,-0.6074971200816162,0.6074971200816162
Random Forest Mild Extreme + Transform,Random Forest,mild_extreme,log1p_abs,194.0,-0.333333333,-1.3608072990201199,-1.02747396602012,1.02747396602012
Random Forest Mild Extreme + Transform,Random Forest,mild_extreme,log1p_abs,196.0,0.0,-0.31057637009075223,-0.31057637009075223,0.31057637009075223
Random Forest Mild Extreme + Transform,Random Forest,mild_extreme,log1p_abs,196.0,-1.0,-4.086193178734108,-3.086193178734108,3.086193178734108
Random Forest Mild Extreme + Transform,Random Forest,mild_extreme,log1p_abs,196.0,0.0,-2.2850842271516836,-2.2850842271516836,2.2850842271516836
Random Forest Mild Extreme + Transform,Random Forest,mild_extreme,log1p_abs,200.0,-2.321928,-3.0782587614978123,-0.7563307614978121,0.7563307614978121
Random Forest Mild Extreme + Transform,Random Forest,mild_extreme,log1p_abs,200.0,0.0,-0.36918576214456555,-0.36918576214456555,0.36918576214456555
Random Forest Mild Extreme + Transform,Random Forest,mild_extreme,log1p_abs,200.0,0.0,-0.6198391615411186,-0.6198391615411186,0.6198391615411186
Random Forest Mild Extreme + Transform,Random Forest,mild_extreme,log1p_abs,200.0,0.0,-0.4307356918491312,-0.4307356918491312,0.4307356918491312
Random Forest Mild Extreme + Transform,Random Forest,mild_extreme,log1p_abs,200.0,0.0,-0.5835678173105067,-0.5835678173105067,0.5835678173105067
Random Forest Mild Extreme + Transform,Random Forest,mild_extreme,log1p_abs,217.0,-0.2,-0.9264928191663441,-0.726492819166344,0.726492819166344
Random Forest Mild Extreme + Transform,Random Forest,mild_extreme,log1p_abs,217.0,0.0,-1.49686841752686,-1.49686841752686,1.49686841752686
Random Forest Mild Extreme + Transform,Random Forest,mild_extreme,log1p_abs,217.0,-0.924658667,-1.3322614930609895,-0.4076028260609895,0.4076028260609895
Random Forest Mild Extreme + Transform,Random Forest,mild_extreme,log1p_abs,218.0,-2.321928,-0.4099256905102603,1.9120023094897398,1.9120023094897398
Random Forest Mild Extreme + Transform,Random Forest,mild_extreme,log1p_abs,218.0,-3.321928,-2.250576467454859,1.0713515325451413,1.0713515325451413
Random Forest Mild Extreme + Transform,Random Forest,mild_extreme,log1p_abs,218.0,-4.321928,-0.3885977342316006,3.933330265768399,3.933330265768399
Random Forest Mild Extreme + Transform,Random Forest,mild_extreme,log1p_abs,218.0,-4.321928,-0.593339715024493,3.7285882849755065,3.7285882849755065
Random Forest Mild Extreme + Transform,Random Forest,mild_extreme,log1p_abs,221.0,-0.666666667,-2.087223543129674,-1.420556876129674,1.420556876129674
Random Forest Mild Extreme + Transform,Random Forest,mild_extreme,log1p_abs,221.0,0.0,-0.5386270868478893,-0.5386270868478893,0.5386270868478893
Random Forest Mild Extreme + Transform,Random Forest,mild_extreme,log1p_abs,221.0,0.0,-0.3169832301618151,-0.3169832301618151,0.3169832301618151
Random Forest Mild Extreme + Transform,Random Forest,mild_extreme,log1p_abs,221.0,-1.0,-1.2405019040790748,-0.2405019040790748,0.2405019040790748
Random Forest Mild Extreme + Transform,Random Forest,mild_extreme,log1p_abs,221.0,0.0,-1.0404589773878727,-1.0404589773878727,1.0404589773878727
Random Forest Mild Extreme + Transform,Random Forest,mild_extreme,log1p_abs,228.0,-1.0,-1.1506483932296294,-0.15064839322962942,0.15064839322962942
Random Forest Mild Extreme + Transform,Random Forest,mild_extreme,log1p_abs,228.0,-1.881285333,-1.227469544500192,0.6538157884998079,0.6538157884998079
Random Forest Mild Extreme + Transform,Random Forest,mild_extreme,log1p_abs,228.0,-2.321928,-2.407044443218071,-0.08511644321807088,0.08511644321807088
Random Forest Mild Extreme + Transform,Random Forest,mild_extreme,log1p_abs,233.0,-5.321928,-1.7740652487628985,3.5478627512371013,3.5478627512371013
Random Forest Mild Extreme + Transform,Random Forest,mild_extreme,log1p_abs,233.0,0.0,-0.8055162895952379,-0.8055162895952379,0.8055162895952379
Random Forest Mild Extreme + Transform,Random Forest,mild_extreme,log1p_abs,233.0,-5.321928,-1.8986707996116547,3.423257200388345,3.423257200388345
Random Forest Mild Extreme + Transform,Random Forest,mild_extreme,log1p_abs,233.0,-3.321928,-2.021551319237934,1.3003766807620663,1.3003766807620663
Random Forest Mild Extreme + Transform,Random Forest,mild_extreme,log1p_abs,239.0,-5.321928,-2.1426088416723634,3.1793191583276363,3.1793191583276363
Random Forest Mild Extreme + Transform,Random Forest,mild_extreme,log1p_abs,239.0,-5.321928,-1.8772657185344201,3.44466228146558,3.44466228146558
Random Forest Mild Extreme + Transform,Random Forest,mild_extreme,log1p_abs,239.0,-5.321928,-1.8524244174623214,3.469503582537678,3.469503582537678
Random Forest Mild Extreme + Transform,Random Forest,mild_extreme,log1p_abs,239.0,-5.321928,-2.242165091538387,3.0797629084616127,3.0797629084616127
Random Forest Mild Extreme + Transform,Random Forest,mild_extreme,log1p_abs,240.0,0.0,-0.7057896317411718,-0.7057896317411718,0.7057896317411718
Random Forest Mild Extreme + Transform,Random Forest,mild_extreme,log1p_abs,240.0,-4.321928,-1.7532234408497656,2.568704559150234,2.568704559150234
Random Forest Mild Extreme + Transform,Random Forest,mild_extreme,log1p_abs,240.0,-5.321928,-1.4985077098830748,3.8234202901169247,3.8234202901169247
Random Forest Mild Extreme + Transform,Random Forest,mild_extreme,log1p_abs,240.0,-1.0,-0.7452530849365399,0.25474691506346014,0.25474691506346014
Random Forest Mild Extreme + Transform,Random Forest,mild_extreme,log1p_abs,247.0,-5.321928,-2.1116318377062355,3.2102961622937642,3.2102961622937642
Random Forest Mild Extreme + Transform,Random Forest,mild_extreme,log1p_abs,247.0,-5.321928,-2.9235621535004213,2.3983658464995785,2.3983658464995785
Random Forest Mild Extreme + Transform,Random Forest,mild_extreme,log1p_abs,247.0,-0.25,-0.4502009488458571,-0.2002009488458571,0.2002009488458571
Random Forest Mild Extreme + Transform,Random Forest,mild_extreme,log1p_abs,247.0,-5.321928,-3.406881084442025,1.9150469155579746,1.9150469155579746
Random Forest Mild Extreme + Transform,Random Forest,mild_extreme,log1p_abs,250.0,0.5,-1.1865363573213552,-1.6865363573213552,1.6865363573213552
Random Forest Mild Extreme + Transform,Random Forest,mild_extreme,log1p_abs,250.0,1.0,-1.1480099242019732,-2.1480099242019732,2.1480099242019732
Random Forest Mild Extreme + Transform,Random Forest,mild_extreme,log1p_abs,250.0,0.0,-1.6924116126367992,-1.6924116126367992,1.6924116126367992
Random Forest Mild Extreme + Transform,Random Forest,mild_extreme,log1p_abs,250.0,0.0,-1.0241027780629428,-1.0241027780629428,1.0241027780629428
Random Forest Mild Extreme + Transform,Random Forest,mild_extreme,log1p_abs,250.0,-0.333333333,-1.3389510316926305,-1.0056176986926304,1.0056176986926304
Random Forest Mild Extreme + Transform,Random Forest,mild_extreme,log1p_abs,250.0,0.0,-1.4363468857545523,-1.4363468857545523,1.4363468857545523
Random Forest Mild Extreme + Transform,Random Forest,mild_extreme,log1p_abs,255.0,-3.321928,-1.8934119886036618,1.4285160113963384,1.4285160113963384
Random Forest Mild Extreme + Transform,Random Forest,mild_extreme,log1p_abs,255.0,-1.7414459999999998,-0.7687392470591227,0.9727067529408772,0.9727067529408772
Random Forest Mild Extreme + Transform,Random Forest,mild_extreme,log1p_abs,255.0,-1.881285333,-1.1971207738888292,0.6841645591111707,0.6841645591111707
Random Forest Mild Extreme + Transform,Random Forest,mild_extreme,log1p_abs,263.0,-3.321928,-2.3380239112504406,0.9839040887495596,0.9839040887495596
Random Forest Mild Extreme + Transform,Random Forest,mild_extreme,log1p_abs,263.0,-3.988594667,-2.605114789445568,1.3834798775544321,1.3834798775544321
Random Forest Mild Extreme + Transform,Random Forest,mild_extreme,log1p_abs,273.0,0.0,-0.8856085612566028,-0.8856085612566028,0.8856085612566028
Random Forest Mild Extreme + Transform,Random Forest,mild_extreme,log1p_abs,273.0,0.5,-0.48782617571973863,-0.9878261757197386,0.9878261757197386
Random Forest Mild Extreme + Transform,Random Forest,mild_extreme,log1p_abs,273.0,0.0,-1.2551421348959397,-1.2551421348959397,1.2551421348959397
Random Forest Mild Extreme + Transform,Random Forest,mild_extreme,log1p_abs,273.0,0.0,-0.9228322123729097,-0.9228322123729097,0.9228322123729097
Random Forest Mild Extreme + Transform,Random Forest,mild_extreme,log1p_abs,278.0,-5.321928,-2.482797326904111,2.8391306730958887,2.8391306730958887
Random Forest Mild Extreme + Transform,Random Forest,mild_extreme,log1p_abs,278.0,0.0,-0.4624066708297067,-0.4624066708297067,0.4624066708297067
Random Forest Mild Extreme + Transform,Random Forest,mild_extreme,log1p_abs,278.0,-4.321928,-2.0599153094656115,2.2620126905343882,2.2620126905343882
Random Forest Mild Extreme + Transform,Random Forest,mild_extreme,log1p_abs,278.0,-1.0,-0.475080423683869,0.524919576316131,0.524919576316131
Random Forest Mild Extreme + Transform,Random Forest,mild_extreme,log1p_abs,278.0,0.0,-0.38534978730210034,-0.38534978730210034,0.38534978730210034
Random Forest Mild Extreme + Transform,Random Forest,mild_extreme,log1p_abs,279.0,-1.0,-2.205318260381354,-1.205318260381354,1.205318260381354
Random Forest Mild Extreme + Transform,Random Forest,mild_extreme,log1p_abs,279.0,-5.321928,-3.6039392310160543,1.7179887689839455,1.7179887689839455
Random Forest Mild Extreme + Transform,Random Forest,mild_extreme,log1p_abs,279.0,-1.660964,-1.326557216875391,0.33440678312460914,0.33440678312460914
Random Forest Mild Extreme + Transform,Random Forest,mild_extreme,log1p_abs,283.0,0.0,-0.4502523591079864,-0.4502523591079864,0.4502523591079864
Random Forest Mild Extreme + Transform,Random Forest,mild_extreme,log1p_abs,283.0,-0.333333333,-0.2396027437883725,0.0937305892116275,0.0937305892116275
Random Forest Mild Extreme + Transform,Random Forest,mild_extreme,log1p_abs,283.0,0.0,-2.0942036049634436,-2.0942036049634436,2.0942036049634436
Random Forest Mild Extreme + Transform,Random Forest,mild_extreme,log1p_abs,283.0,-4.321928,-3.270576516063268,1.051351483936732,1.051351483936732
Random Forest Moderate Extreme + Transform,Random Forest,moderate_extreme,log1p_abs,30.0,-0.386988,-0.670601140907261,-0.283613140907261,0.283613140907261
Random Forest Moderate Extreme + Transform,Random Forest,moderate_extreme,log1p_abs,30.0,-1.0,-0.5278352051733987,0.47216479482660134,0.47216479482660134
Random Forest Moderate Extreme + Transform,Random Forest,moderate_extreme,log1p_abs,30.0,-2.321928,-0.6655221760212056,1.6564058239787947,1.6564058239787947
Random Forest Moderate Extreme + Transform,Random Forest,moderate_extreme,log1p_abs,30.0,1.0,-0.6335513808953965,-1.6335513808953965,1.6335513808953965
Random Forest Moderate Extreme + Transform,Random Forest,moderate_extreme,log1p_abs,30.0,0.0,-0.7453174637221694,-0.7453174637221694,0.7453174637221694
Random Forest Moderate Extreme + Transform,Random Forest,moderate_extreme,log1p_abs,33.0,0.0,-1.9003796186016697,-1.9003796186016697,1.9003796186016697
Random Forest Moderate Extreme + Transform,Random Forest,moderate_extreme,log1p_abs,33.0,-1.0,-1.7562770172637836,-0.7562770172637836,0.7562770172637836
Random Forest Moderate Extreme + Transform,Random Forest,moderate_extreme,log1p_abs,33.0,-1.0,-1.482272772408499,-0.482272772408499,0.482272772408499
Random Forest Moderate Extreme + Transform,Random Forest,moderate_extreme,log1p_abs,33.0,0.0,-1.2390210160566795,-1.2390210160566795,1.2390210160566795
Random Forest Moderate Extreme + Transform,Random Forest,moderate_extreme,log1p_abs,34.0,-1.0643856000000005,-0.87320738979746,0.19117821020254044,0.19117821020254044
Random Forest Moderate Extreme + Transform,Random Forest,moderate_extreme,log1p_abs,34.0,0.0,-0.9093158510763131,-0.9093158510763131,0.9093158510763131
Random Forest Moderate Extreme + Transform,Random Forest,moderate_extreme,log1p_abs,34.0,-5.321928,-2.0943780619528,3.2275499380471997,3.2275499380471997
Random Forest Moderate Extreme + Transform,Random Forest,moderate_extreme,log1p_abs,34.0,-1.0,-0.6285655858896811,0.37143441411031886,0.37143441411031886
Random Forest Moderate Extreme + Transform,Random Forest,moderate_extreme,log1p_abs,34.0,-4.821928,-2.3751434501382884,2.4467845498617113,2.4467845498617113
Random Forest Moderate Extreme + Transform,Random Forest,moderate_extreme,log1p_abs,39.0,1.0,-0.9309668699884741,-1.930966869988474,1.930966869988474
Random Forest Moderate Extreme + Transform,Random Forest,moderate_extreme,log1p_abs,39.0,-0.5,-1.887764274861165,-1.387764274861165,1.387764274861165
Random Forest Moderate Extreme + Transform,Random Forest,moderate_extreme,log1p_abs,39.0,0.0,-3.5267578365883403,-3.5267578365883403,3.5267578365883403
Random Forest Moderate Extreme + Transform,Random Forest,moderate_extreme,log1p_abs,39.0,0.0,-3.2917044279086736,-3.2917044279086736,3.2917044279086736
Random Forest Moderate Extreme + Transform,Random Forest,moderate_extreme,log1p_abs,39.0,0.0,-0.8510818682984189,-0.8510818682984189,0.8510818682984189
Random Forest Moderate Extreme + Transform,Random Forest,moderate_extreme,log1p_abs,42.0,-1.0,-0.7512534301830884,0.24874656981691157,0.24874656981691157
Random Forest Moderate Extreme + Transform,Random Forest,moderate_extreme,log1p_abs,42.0,0.25,-0.4421993087472945,-0.6921993087472945,0.6921993087472945
Random Forest Moderate Extreme + Transform,Random Forest,moderate_extreme,log1p_abs,42.0,-5.321928,-2.225617702157322,3.096310297842678,3.096310297842678
Random Forest Moderate Extreme + Transform,Random Forest,moderate_extreme,log1p_abs,42.0,-5.321928,-2.955563480740844,2.3663645192591556,2.3663645192591556
Random Forest Moderate Extreme + Transform,Random Forest,moderate_extreme,log1p_abs,43.0,-0.666666667,-0.9978834420342374,-0.3312167750342374,0.3312167750342374
Random Forest Moderate Extreme + Transform,Random Forest,moderate_extreme,log1p_abs,43.0,-3.321928,-1.7251545033429012,1.596773496657099,1.596773496657099
Random Forest Moderate Extreme + Transform,Random Forest,moderate_extreme,log1p_abs,43.0,-5.321928,-3.274826448199204,2.047101551800796,2.047101551800796
Random Forest Moderate Extreme + Transform,Random Forest,moderate_extreme,log1p_abs,43.0,-1.0,-0.8535622844996629,0.14643771550033713,0.14643771550033713
Random Forest Moderate Extreme + Transform,Random Forest,moderate_extreme,log1p_abs,48.0,0.0,-1.2587029045735703,-1.2587029045735703,1.2587029045735703
Random Forest Moderate Extreme + Transform,Random Forest,moderate_extreme,log1p_abs,48.0,-1.0,-1.8957419068420045,-0.8957419068420045,0.8957419068420045
Random Forest Moderate Extreme + Transform,Random Forest,moderate_extreme,log1p_abs,48.0,-1.0,-1.564810053810811,-0.564810053810811,0.564810053810811
Random Forest Moderate Extreme + Transform,Random Forest,moderate_extreme,log1p_abs,48.0,-1.991446,-1.9473880007258735,0.04405799927412657,0.04405799927412657
Random Forest Moderate Extreme + Transform,Random Forest,moderate_extreme,log1p_abs,49.0,0.0,-0.3255409989899597,-0.3255409989899597,0.3255409989899597
Random Forest Moderate Extreme + Transform,Random Forest,moderate_extreme,log1p_abs,49.0,-2.321928,-2.1198631273282027,0.2020648726717975,0.2020648726717975
Random Forest Moderate Extreme + Transform,Random Forest,moderate_extreme,log1p_abs,49.0,0.0,-0.49999240264226824,-0.49999240264226824,0.49999240264226824
Random Forest Moderate Extreme + Transform,Random Forest,moderate_extreme,log1p_abs,49.0,-2.321928,-3.2937899587741657,-0.9718619587741655,0.9718619587741655
Random Forest Moderate Extreme + Transform,Random Forest,moderate_extreme,log1p_abs,49.0,-3.321928,-2.6017370972472262,0.720190902752774,0.720190902752774
Random Forest Moderate Extreme + Transform,Random Forest,moderate_extreme,log1p_abs,54.0,0.0,-0.5343483064508812,-0.5343483064508812,0.5343483064508812
Random Forest Moderate Extreme + Transform,Random Forest,moderate_extreme,log1p_abs,54.0,-1.370723,-3.4830320403110306,-2.1123090403110307,2.1123090403110307
Random Forest Moderate Extreme + Transform,Random Forest,moderate_extreme,log1p_abs,54.0,0.25,-2.1721159297705595,-2.4221159297705595,2.4221159297705595
Random Forest Moderate Extreme + Transform,Random Forest,moderate_extreme,log1p_abs,54.0,0.333333333,-0.2711795153867657,-0.6045128483867657,0.6045128483867657
Random Forest Moderate Extreme + Transform,Random Forest,moderate_extreme,log1p_abs,57.0,0.0,-1.7988315230505034,-1.7988315230505034,1.7988315230505034
Random Forest Moderate Extreme + Transform,Random Forest,moderate_extreme,log1p_abs,57.0,0.0,-1.5812353290183665,-1.5812353290183665,1.5812353290183665
Random Forest Moderate Extreme + Transform,Random Forest,moderate_extreme,log1p_abs,57.0,0.0,-1.018315207097133,-1.018315207097133,1.018315207097133
Random Forest Moderate Extreme + Transform,Random Forest,moderate_extreme,log1p_abs,57.0,0.0,-2.102133472796098,-2.102133472796098,2.102133472796098
Random Forest Moderate Extreme + Transform,Random Forest,moderate_extreme,log1p_abs,69.0,-5.321928,-2.6047788661023437,2.717149133897656,2.717149133897656
Random Forest Moderate Extreme + Transform,Random Forest,moderate_extreme,log1p_abs,69.0,-2.821928,-1.525209739020051,1.2967182609799492,1.2967182609799492
Random Forest Moderate Extreme + Transform,Random Forest,moderate_extreme,log1p_abs,69.0,-4.321928,-1.0759547584975417,3.2459732415024583,3.2459732415024583
Random Forest Moderate Extreme + Transform,Random Forest,moderate_extreme,log1p_abs,69.0,-1.214618667,-0.661635526763392,0.5529831402366081,0.5529831402366081
Random Forest Moderate Extreme + Transform,Random Forest,moderate_extreme,log1p_abs,70.0,-1.0,-0.5754829452537474,0.42451705474625256,0.42451705474625256
Random Forest Moderate Extreme + Transform,Random Forest,moderate_extreme,log1p_abs,70.0,-1.5287712,-0.5793577275381565,0.9494134724618435,0.9494134724618435
Random Forest Moderate Extreme + Transform,Random Forest,moderate_extreme,log1p_abs,70.0,0.0,-1.7081335844270664,-1.7081335844270664,1.7081335844270664
Random Forest Moderate Extreme + Transform,Random Forest,moderate_extreme,log1p_abs,70.0,-4.321928,-1.4144008913622945,2.907527108637705,2.907527108637705
Random Forest Moderate Extreme + Transform,Random Forest,moderate_extreme,log1p_abs,70.0,-0.666666667,-0.5845182620903586,0.08214840490964137,0.08214840490964137
Random Forest Moderate Extreme + Transform,Random Forest,moderate_extreme,log1p_abs,90.0,0.0,-0.8622102917727628,-0.8622102917727628,0.8622102917727628
Random Forest Moderate Extreme + Transform,Random Forest,moderate_extreme,log1p_abs,90.0,-1.7739759999999998,-1.8733622385615771,-0.09938623856157736,0.09938623856157736
Random Forest Moderate Extreme + Transform,Random Forest,moderate_extreme,log1p_abs,90.0,0.0,-2.1975753646908993,-2.1975753646908993,2.1975753646908993
Random Forest Moderate Extreme + Transform,Random Forest,moderate_extreme,log1p_abs,90.0,-0.4,-0.8245828866868509,-0.42458288668685085,0.42458288668685085
Random Forest Moderate Extreme + Transform,Random Forest,moderate_extreme,log1p_abs,90.0,0.333333333,-2.6040783166854276,-2.9374116496854277,2.9374116496854277
Random Forest Moderate Extreme + Transform,Random Forest,moderate_extreme,log1p_abs,91.0,-3.321928,-1.4976762820722263,1.824251717927774,1.824251717927774
Random Forest Moderate Extreme + Transform,Random Forest,moderate_extreme,log1p_abs,91.0,0.0,-0.5224417227702096,-0.5224417227702096,0.5224417227702096
Random Forest Moderate Extreme + Transform,Random Forest,moderate_extreme,log1p_abs,91.0,-2.321928,-1.1124716795516596,1.2094563204483406,1.2094563204483406
Random Forest Moderate Extreme + Transform,Random Forest,moderate_extreme,log1p_abs,91.0,-1.0,-0.7880054114257821,0.21199458857421793,0.21199458857421793
Random Forest Moderate Extreme + Transform,Random Forest,moderate_extreme,log1p_abs,92.0,-1.0,-1.445026906628329,-0.445026906628329,0.445026906628329
Random Forest Moderate Extreme + Transform,Random Forest,moderate_extreme,log1p_abs,92.0,-2.321928,-0.9503214107213724,1.3716065892786278,1.3716065892786278
Random Forest Moderate Extreme + Transform,Random Forest,moderate_extreme,log1p_abs,92.0,-0.428571429,-0.4584649521531803,-0.02989352315318028,0.02989352315318028
Random Forest Moderate Extreme + Transform,Random Forest,moderate_extreme,log1p_abs,92.0,0.2,-1.0325476467570271,-1.232547646757027,1.232547646757027
Random Forest Moderate Extreme + Transform,Random Forest,moderate_extreme,log1p_abs,92.0,-1.0,-0.9739936613741248,0.026006338625875203,0.026006338625875203
Random Forest Moderate Extreme + Transform,Random Forest,moderate_extreme,log1p_abs,97.0,-1.107309333,-0.896308475700595,0.21100085729940488,0.21100085729940488
Random Forest Moderate Extreme + Transform,Random Forest,moderate_extreme,log1p_abs,97.0,0.0,-0.49731564890979746,-0.49731564890979746,0.49731564890979746
Random Forest Moderate Extreme + Transform,Random Forest,moderate_extreme,log1p_abs,97.0,0.25,-0.48096513004764707,-0.7309651300476471,0.7309651300476471
Random Forest Moderate Extreme + Transform,Random Forest,moderate_extreme,log1p_abs,97.0,0.0,-1.7854645146650765,-1.7854645146650765,1.7854645146650765
Random Forest Moderate Extreme + Transform,Random Forest,moderate_extreme,log1p_abs,99.0,-0.5,-2.0437156524461395,-1.5437156524461395,1.5437156524461395
Random Forest Moderate Extreme + Transform,Random Forest,moderate_extreme,log1p_abs,99.0,0.0,-1.5398881967837674,-1.5398881967837674,1.5398881967837674
Random Forest Moderate Extreme + Transform,Random Forest,moderate_extreme,log1p_abs,99.0,-2.321928,-2.146224030126846,0.17570396987315418,0.17570396987315418
Random Forest Moderate Extreme + Transform,Random Forest,moderate_extreme,log1p_abs,99.0,0.0,-1.0847526680620294,-1.0847526680620294,1.0847526680620294
Random Forest Moderate Extreme + Transform,Random Forest,moderate_extreme,log1p_abs,102.0,-0.5,-0.7372664053012231,-0.23726640530122312,0.23726640530122312
Random Forest Moderate Extreme + Transform,Random Forest,moderate_extreme,log1p_abs,102.0,0.333333333,-0.6761356516313201,-1.00946898463132,1.00946898463132
Random Forest Moderate Extreme + Transform,Random Forest,moderate_extreme,log1p_abs,102.0,-0.666666667,-0.6262652856271329,0.040401381372867085,0.040401381372867085
Random Forest Moderate Extreme + Transform,Random Forest,moderate_extreme,log1p_abs,102.0,0.0,-0.4125254201280802,-0.4125254201280802,0.4125254201280802
Random Forest Moderate Extreme + Transform,Random Forest,moderate_extreme,log1p_abs,103.0,-0.666666667,-2.346435759666755,-1.679769092666755,1.679769092666755
Random Forest Moderate Extreme + Transform,Random Forest,moderate_extreme,log1p_abs,110.0,0.0,-1.2830461670997526,-1.2830461670997526,1.2830461670997526
Random Forest Moderate Extreme + Transform,Random Forest,moderate_extreme,log1p_abs,110.0,-0.5,-0.6645982598096849,-0.1645982598096849,0.1645982598096849
Random Forest Moderate Extreme + Transform,Random Forest,moderate_extreme,log1p_abs,110.0,-1.0,-0.6751703323430738,0.3248296676569262,0.3248296676569262
Random Forest Moderate Extreme + Transform,Random Forest,moderate_extreme,log1p_abs,110.0,-2.321928,-0.9525743957151779,1.3693536042848224,1.3693536042848224
Random Forest Moderate Extreme + Transform,Random Forest,moderate_extreme,log1p_abs,120.0,-2.321928,-0.5049993393593317,1.8169286606406685,1.8169286606406685
Random Forest Moderate Extreme + Transform,Random Forest,moderate_extreme,log1p_abs,120.0,-3.821928,-2.329111451358134,1.492816548641866,1.492816548641866
Random Forest Moderate Extreme + Transform,Random Forest,moderate_extreme,log1p_abs,125.0,0.0,-0.40952797264900864,-0.40952797264900864,0.40952797264900864
Random Forest Moderate Extreme + Transform,Random Forest,moderate_extreme,log1p_abs,125.0,0.0,-0.5093195390581416,-0.5093195390581416,0.5093195390581416
Random Forest Moderate Extreme + Transform,Random Forest,moderate_extreme,log1p_abs,125.0,0.0,-0.5884073015347558,-0.5884073015347558,0.5884073015347558
Random Forest Moderate Extreme + Transform,Random Forest,moderate_extreme,log1p_abs,125.0,-5.321928,-3.4683222771905564,1.8536057228094434,1.8536057228094434
Random Forest Moderate Extreme + Transform,Random Forest,moderate_extreme,log1p_abs,125.0,-2.321928,-2.508747656622302,-0.1868196566223017,0.1868196566223017
Random Forest Moderate Extreme + Transform,Random Forest,moderate_extreme,log1p_abs,133.0,-3.821928,-0.5974959444053921,3.224432055594608,3.224432055594608
Random Forest Moderate Extreme + Transform,Random Forest,moderate_extreme,log1p_abs,133.0,0.0,-0.6282425921506642,-0.6282425921506642,0.6282425921506642
Random Forest Moderate Extreme + Transform,Random Forest,moderate_extreme,log1p_abs,135.0,-3.321928,-2.127376920233266,1.1945510797667342,1.1945510797667342
Random Forest Moderate Extreme + Transform,Random Forest,moderate_extreme,log1p_abs,135.0,0.0,-0.38755174807634085,-0.38755174807634085,0.38755174807634085
Random Forest Moderate Extreme + Transform,Random Forest,moderate_extreme,log1p_abs,135.0,-2.321928,-0.7874680140976628,1.5344599859023376,1.5344599859023376
Random Forest Moderate Extreme + Transform,Random Forest,moderate_extreme,log1p_abs,138.0,0.0,-0.9780556103547124,-0.9780556103547124,0.9780556103547124
Random Forest Moderate Extreme + Transform,Random Forest,moderate_extreme,log1p_abs,138.0,0.0,-1.196487135654522,-1.196487135654522,1.196487135654522
Random Forest Moderate Extreme + Transform,Random Forest,moderate_extreme,log1p_abs,138.0,0.0,-2.689376945721116,-2.689376945721116,2.689376945721116
Random Forest Moderate Extreme + Transform,Random Forest,moderate_extreme,log1p_abs,138.0,0.0,-2.616824199786134,-2.616824199786134,2.616824199786134
Random Forest Moderate Extreme + Transform,Random Forest,moderate_extreme,log1p_abs,139.0,0.333333333,-0.5808006522785801,-0.9141339852785801,0.9141339852785801
Random Forest Moderate Extreme + Transform,Random Forest,moderate_extreme,log1p_abs,139.0,-0.5,-0.5947130960624951,-0.09471309606249512,0.09471309606249512
Random Forest Moderate Extreme + Transform,Random Forest,moderate_extreme,log1p_abs,139.0,0.0,-0.4644829020963247,-0.4644829020963247,0.4644829020963247
Random Forest Moderate Extreme + Transform,Random Forest,moderate_extreme,log1p_abs,141.0,-1.0,-3.0517666177414613,-2.0517666177414613,2.0517666177414613
Random Forest Moderate Extreme + Transform,Random Forest,moderate_extreme,log1p_abs,141.0,-0.666666667,-2.9959124669610957,-2.329245799961096,2.329245799961096
Random Forest Moderate Extreme + Transform,Random Forest,moderate_extreme,log1p_abs,144.0,0.0,-0.4292283224020448,-0.4292283224020448,0.4292283224020448
Random Forest Moderate Extreme + Transform,Random Forest,moderate_extreme,log1p_abs,144.0,0.0,-0.44114572497570437,-0.44114572497570437,0.44114572497570437
Random Forest Moderate Extreme + Transform,Random Forest,moderate_extreme,log1p_abs,144.0,-1.107309333,-0.38053082141819045,0.7267785115818095,0.7267785115818095
Random Forest Moderate Extreme + Transform,Random Forest,moderate_extreme,log1p_abs,156.0,-0.5,-0.9296569885059845,-0.42965698850598455,0.42965698850598455
Random Forest Moderate Extreme + Transform,Random Forest,moderate_extreme,log1p_abs,156.0,0.25,-0.7262456936577806,-0.9762456936577806,0.9762456936577806
Random Forest Moderate Extreme + Transform,Random Forest,moderate_extreme,log1p_abs,156.0,1.0,-2.1397384305275637,-3.1397384305275637,3.1397384305275637
Random Forest Moderate Extreme + Transform,Random Forest,moderate_extreme,log1p_abs,160.0,-1.0,-0.5231301110001736,0.4768698889998264,0.4768698889998264
Random Forest Moderate Extreme + Transform,Random Forest,moderate_extreme,log1p_abs,160.0,-0.5,-1.8373061049719612,-1.3373061049719612,1.3373061049719612
Random Forest Moderate Extreme + Transform,Random Forest,moderate_extreme,log1p_abs,160.0,-0.5,-0.39986519982673496,0.10013480017326504,0.10013480017326504
Random Forest Moderate Extreme + Transform,Random Forest,moderate_extreme,log1p_abs,160.0,-1.0,-2.267816588078097,-1.2678165880780972,1.2678165880780972
Random Forest Moderate Extreme + Transform,Random Forest,moderate_extreme,log1p_abs,165.0,-1.0,-0.6598328450358425,0.3401671549641575,0.3401671549641575
Random Forest Moderate Extreme + Transform,Random Forest,moderate_extreme,log1p_abs,165.0,-0.333333333,-1.0586759202950822,-0.7253425872950822,0.7253425872950822
Random Forest Moderate Extreme + Transform,Random Forest,moderate_extreme,log1p_abs,165.0,-1.160964,-0.789323541089469,0.3716404589105311,0.3716404589105311
Random Forest Moderate Extreme + Transform,Random Forest,moderate_extreme,log1p_abs,165.0,-1.0,-1.1141153460003554,-0.11411534600035544,0.11411534600035544
Random Forest Moderate Extreme + Transform,Random Forest,moderate_extreme,log1p_abs,166.0,0.0,-0.9003771651472214,-0.9003771651472214,0.9003771651472214
Random Forest Moderate Extreme + Transform,Random Forest,moderate_extreme,log1p_abs,166.0,0.0,-0.6498688274044135,-0.6498688274044135,0.6498688274044135
Random Forest Moderate Extreme + Transform,Random Forest,moderate_extreme,log1p_abs,166.0,-0.666666667,-0.9508297248283887,-0.2841630578283887,0.2841630578283887
Random Forest Moderate Extreme + Transform,Random Forest,moderate_extreme,log1p_abs,166.0,0.0,-0.8119841917639422,-0.8119841917639422,0.8119841917639422
Random Forest Moderate Extreme + Transform,Random Forest,moderate_extreme,log1p_abs,171.0,-0.166666667,-0.9972830800595888,-0.8306164130595888,0.8306164130595888
Random Forest Moderate Extreme + Transform,Random Forest,moderate_extreme,log1p_abs,171.0,0.0,-0.7392966733933061,-0.7392966733933061,0.7392966733933061
Random Forest Moderate Extreme + Transform,Random Forest,moderate_extreme,log1p_abs,171.0,0.0,-2.3700899089967087,-2.3700899089967087,2.3700899089967087
Random Forest Moderate Extreme + Transform,Random Forest,moderate_extreme,log1p_abs,171.0,-0.25,-1.0165864307751769,-0.7665864307751769,0.7665864307751769
Random Forest Moderate Extreme + Transform,Random Forest,moderate_extreme,log1p_abs,176.0,-0.5,-0.7598067993325274,-0.25980679933252737,0.25980679933252737
Random Forest Moderate Extreme + Transform,Random Forest,moderate_extreme,log1p_abs,176.0,-1.0,-1.209033439412924,-0.20903343941292407,0.20903343941292407
Random Forest Moderate Extreme + Transform,Random Forest,moderate_extreme,log1p_abs,188.0,0.0,-0.2512287988649116,-0.2512287988649116,0.2512287988649116
Random Forest Moderate Extreme + Transform,Random Forest,moderate_extreme,log1p_abs,188.0,0.0,-0.5500075647432692,-0.5500075647432692,0.5500075647432692
Random Forest Moderate Extreme + Transform,Random Forest,moderate_extreme,log1p_abs,194.0,0.0,-0.6400585761299019,-0.6400585761299019,0.6400585761299019
Random Forest Moderate Extreme + Transform,Random Forest,moderate_extreme,log1p_abs,194.0,0.0,-2.9500031531785336,-2.9500031531785336,2.9500031531785336
Random Forest Moderate Extreme + Transform,Random Forest,moderate_extreme,log1p_abs,194.0,0.0,-0.6464160601120598,-0.6464160601120598,0.6464160601120598
Random Forest Moderate Extreme + Transform,Random Forest,moderate_extreme,log1p_abs,194.0,-0.333333333,-1.3172323388415574,-0.9838990058415574,0.9838990058415574
Random Forest Moderate Extreme + Transform,Random Forest,moderate_extreme,log1p_abs,196.0,0.0,-0.3682532074751194,-0.3682532074751194,0.3682532074751194
Random Forest Moderate Extreme + Transform,Random Forest,moderate_extreme,log1p_abs,196.0,-1.0,-4.1074579582230175,-3.1074579582230175,3.1074579582230175
Random Forest Moderate Extreme + Transform,Random Forest,moderate_extreme,log1p_abs,196.0,0.0,-2.350786620701526,-2.350786620701526,2.350786620701526
Random Forest Moderate Extreme + Transform,Random Forest,moderate_extreme,log1p_abs,200.0,-2.321928,-3.148243529683939,-0.8263155296839386,0.8263155296839386
Random Forest Moderate Extreme + Transform,Random Forest,moderate_extreme,log1p_abs,200.0,0.0,-0.48771177129727467,-0.48771177129727467,0.48771177129727467
Random Forest Moderate Extreme + Transform,Random Forest,moderate_extreme,log1p_abs,200.0,0.0,-0.7186601319583958,-0.7186601319583958,0.7186601319583958
Random Forest Moderate Extreme + Transform,Random Forest,moderate_extreme,log1p_abs,200.0,0.0,-0.430371214675708,-0.430371214675708,0.430371214675708
Random Forest Moderate Extreme + Transform,Random Forest,moderate_extreme,log1p_abs,200.0,0.0,-0.633627076384011,-0.633627076384011,0.633627076384011
Random Forest Moderate Extreme + Transform,Random Forest,moderate_extreme,log1p_abs,217.0,-0.2,-1.1554937817491797,-0.9554937817491798,0.9554937817491798
Random Forest Moderate Extreme + Transform,Random Forest,moderate_extreme,log1p_abs,217.0,0.0,-1.6254335830854394,-1.6254335830854394,1.6254335830854394
Random Forest Moderate Extreme + Transform,Random Forest,moderate_extreme,log1p_abs,217.0,-0.924658667,-1.6475093052936427,-0.7228506382936427,0.7228506382936427
Random Forest Moderate Extreme + Transform,Random Forest,moderate_extreme,log1p_abs,218.0,-2.321928,-0.3596677507918312,1.9622602492081689,1.9622602492081689
Random Forest Moderate Extreme + Transform,Random Forest,moderate_extreme,log1p_abs,218.0,-3.321928,-2.4668655384943414,0.8550624615056588,0.8550624615056588
Random Forest Moderate Extreme + Transform,Random Forest,moderate_extreme,log1p_abs,218.0,-4.321928,-0.33882181460012256,3.983106185399877,3.983106185399877
Random Forest Moderate Extreme + Transform,Random Forest,moderate_extreme,log1p_abs,218.0,-4.321928,-0.6007611775575338,3.721166822442466,3.721166822442466
Random Forest Moderate Extreme + Transform,Random Forest,moderate_extreme,log1p_abs,221.0,-0.666666667,-2.1505390471256014,-1.4838723801256015,1.4838723801256015
Random Forest Moderate Extreme + Transform,Random Forest,moderate_extreme,log1p_abs,221.0,0.0,-0.5705795618388061,-0.5705795618388061,0.5705795618388061
Random Forest Moderate Extreme + Transform,Random Forest,moderate_extreme,log1p_abs,221.0,0.0,-0.4517184980803605,-0.4517184980803605,0.4517184980803605
Random Forest Moderate Extreme + Transform,Random Forest,moderate_extreme,log1p_abs,221.0,-1.0,-1.3141317468682656,-0.3141317468682656,0.3141317468682656
Random Forest Moderate Extreme + Transform,Random Forest,moderate_extreme,log1p_abs,221.0,0.0,-0.9886779205658357,-0.9886779205658357,0.9886779205658357
Random Forest Moderate Extreme + Transform,Random Forest,moderate_extreme,log1p_abs,228.0,-1.0,-1.1665361763635942,-0.1665361763635942,0.1665361763635942
Random Forest Moderate Extreme + Transform,Random Forest,moderate_extreme,log1p_abs,228.0,-1.881285333,-1.242330123498783,0.638955209501217,0.638955209501217
Random Forest Moderate Extreme + Transform,Random Forest,moderate_extreme,log1p_abs,228.0,-2.321928,-2.3884268496128698,-0.06649884961286956,0.06649884961286956
Random Forest Moderate Extreme + Transform,Random Forest,moderate_extreme,log1p_abs,233.0,-5.321928,-1.8771338380705997,3.4447941619294,3.4447941619294
Random Forest Moderate Extreme + Transform,Random Forest,moderate_extreme,log1p_abs,233.0,0.0,-0.8256156866463459,-0.8256156866463459,0.8256156866463459
Random Forest Moderate Extreme + Transform,Random Forest,moderate_extreme,log1p_abs,233.0,-5.321928,-2.0451416115967276,3.276786388403272,3.276786388403272
Random Forest Moderate Extreme + Transform,Random Forest,moderate_extreme,log1p_abs,233.0,-3.321928,-2.2732801333092607,1.0486478666907395,1.0486478666907395
Random Forest Moderate Extreme + Transform,Random Forest,moderate_extreme,log1p_abs,239.0,-5.321928,-2.2577570417682344,3.0641709582317653,3.0641709582317653
Random Forest Moderate Extreme + Transform,Random Forest,moderate_extreme,log1p_abs,239.0,-5.321928,-2.0662706979840295,3.2556573020159703,3.2556573020159703
Random Forest Moderate Extreme + Transform,Random Forest,moderate_extreme,log1p_abs,239.0,-5.321928,-2.1677330943525592,3.1541949056474405,3.1541949056474405
Random Forest Moderate Extreme + Transform,Random Forest,moderate_extreme,log1p_abs,239.0,-5.321928,-2.159581872801556,3.1623461271984437,3.1623461271984437
Random Forest Moderate Extreme + Transform,Random Forest,moderate_extreme,log1p_abs,240.0,0.0,-0.8143747085749408,-0.8143747085749408,0.8143747085749408
Random Forest Moderate Extreme + Transform,Random Forest,moderate_extreme,log1p_abs,240.0,-4.321928,-1.8937788905767878,2.428149109423212,2.428149109423212
Random Forest Moderate Extreme + Transform,Random Forest,moderate_extreme,log1p_abs,240.0,-5.321928,-1.5932527730519483,3.7286752269480514,3.7286752269480514
Random Forest Moderate Extreme + Transform,Random Forest,moderate_extreme,log1p_abs,240.0,-1.0,-0.7556888370912981,0.24431116290870192,0.24431116290870192
Random Forest Moderate Extreme + Transform,Random Forest,moderate_extreme,log1p_abs,247.0,-5.321928,-2.4300608861631785,2.8918671138368213,2.8918671138368213
Random Forest Moderate Extreme + Transform,Random Forest,moderate_extreme,log1p_abs,247.0,-5.321928,-3.388084048677177,1.9338439513228227,1.9338439513228227
Random Forest Moderate Extreme + Transform,Random Forest,moderate_extreme,log1p_abs,247.0,-0.25,-0.4643448065758913,-0.21434480657589128,0.21434480657589128
Random Forest Moderate Extreme + Transform,Random Forest,moderate_extreme,log1p_abs,247.0,-5.321928,-3.463887602895908,1.8580403971040917,1.8580403971040917
Random Forest Moderate Extreme + Transform,Random Forest,moderate_extreme,log1p_abs,250.0,0.5,-1.1210289290988944,-1.6210289290988944,1.6210289290988944
Random Forest Moderate Extreme + Transform,Random Forest,moderate_extreme,log1p_abs,250.0,1.0,-1.167000612099687,-2.167000612099687,2.167000612099687
Random Forest Moderate Extreme + Transform,Random Forest,moderate_extreme,log1p_abs,250.0,0.0,-1.8318937385197693,-1.8318937385197693,1.8318937385197693
Random Forest Moderate Extreme + Transform,Random Forest,moderate_extreme,log1p_abs,250.0,0.0,-0.9616442119230979,-0.9616442119230979,0.9616442119230979
Random Forest Moderate Extreme + Transform,Random Forest,moderate_extreme,log1p_abs,250.0,-0.333333333,-1.6162191349223423,-1.2828858019223421,1.2828858019223421
Random Forest Moderate Extreme + Transform,Random Forest,moderate_extreme,log1p_abs,250.0,0.0,-1.505071665473683,-1.505071665473683,1.505071665473683
Random Forest Moderate Extreme + Transform,Random Forest,moderate_extreme,log1p_abs,255.0,-3.321928,-2.066816661033919,1.2551113389660813,1.2551113389660813
Random Forest Moderate Extreme + Transform,Random Forest,moderate_extreme,log1p_abs,255.0,-1.7414459999999998,-0.7754466066757895,0.9659993933242104,0.9659993933242104
Random Forest Moderate Extreme + Transform,Random Forest,moderate_extreme,log1p_abs,255.0,-1.881285333,-1.2341324503131403,0.6471528826868596,0.6471528826868596
Random Forest Moderate Extreme + Transform,Random Forest,moderate_extreme,log1p_abs,263.0,-3.321928,-2.4788597404770476,0.8430682595229526,0.8430682595229526
Random Forest Moderate Extreme + Transform,Random Forest,moderate_extreme,log1p_abs,263.0,-3.988594667,-3.1556071738182756,0.8329874931817245,0.8329874931817245
Random Forest Moderate Extreme + Transform,Random Forest,moderate_extreme,log1p_abs,273.0,0.0,-1.151715685335534,-1.151715685335534,1.151715685335534
Random Forest Moderate Extreme + Transform,Random Forest,moderate_extreme,log1p_abs,273.0,0.5,-0.5858151730801926,-1.0858151730801926,1.0858151730801926
Random Forest Moderate Extreme + Transform,Random Forest,moderate_extreme,log1p_abs,273.0,0.0,-1.3418396745137133,-1.3418396745137133,1.3418396745137133
Random Forest Moderate Extreme + Transform,Random Forest,moderate_extreme,log1p_abs,273.0,0.0,-1.1530636734277004,-1.1530636734277004,1.1530636734277004
Random Forest Moderate Extreme + Transform,Random Forest,moderate_extreme,log1p_abs,278.0,-5.321928,-2.6334427456015232,2.6884852543984765,2.6884852543984765
Random Forest Moderate Extreme + Transform,Random Forest,moderate_extreme,log1p_abs,278.0,0.0,-0.5345839712332529,-0.5345839712332529,0.5345839712332529
Random Forest Moderate Extreme + Transform,Random Forest,moderate_extreme,log1p_abs,278.0,-4.321928,-2.054648241045411,2.2672797589545888,2.2672797589545888
Random Forest Moderate Extreme + Transform,Random Forest,moderate_extreme,log1p_abs,278.0,-1.0,-0.4590809303240398,0.5409190696759603,0.5409190696759603
Random Forest Moderate Extreme + Transform,Random Forest,moderate_extreme,log1p_abs,278.0,0.0,-0.4214883203600751,-0.4214883203600751,0.4214883203600751
Random Forest Moderate Extreme + Transform,Random Forest,moderate_extreme,log1p_abs,279.0,-1.0,-2.301047888776252,-1.3010478887762522,1.3010478887762522
Random Forest Moderate Extreme + Transform,Random Forest,moderate_extreme,log1p_abs,279.0,-5.321928,-3.717807411746764,1.604120588253236,1.604120588253236
Random Forest Moderate Extreme + Transform,Random Forest,moderate_extreme,log1p_abs,279.0,-1.660964,-1.3440754005571647,0.31688859944283543,0.31688859944283543
Random Forest Moderate Extreme + Transform,Random Forest,moderate_extreme,log1p_abs,283.0,0.0,-0.4645066924776576,-0.4645066924776576,0.4645066924776576
Random Forest Moderate Extreme + Transform,Random Forest,moderate_extreme,log1p_abs,283.0,-0.333333333,-0.20222969297785523,0.13110364002214478,0.13110364002214478
Random Forest Moderate Extreme + Transform,Random Forest,moderate_extreme,log1p_abs,283.0,0.0,-2.1873943602166896,-2.1873943602166896,2.1873943602166896
Random Forest Moderate Extreme + Transform,Random Forest,moderate_extreme,log1p_abs,283.0,-4.321928,-3.2909623413156934,1.0309656586843063,1.0309656586843063
Random Forest Balanced Extreme + Transform,Random Forest,balanced_extreme,log1p_abs,30.0,-0.386988,-0.6827205602337506,-0.2957325602337506,0.2957325602337506
Random Forest Balanced Extreme + Transform,Random Forest,balanced_extreme,log1p_abs,30.0,-1.0,-0.40225818952115694,0.597741810478843,0.597741810478843
Random Forest Balanced Extreme + Transform,Random Forest,balanced_extreme,log1p_abs,30.0,-2.321928,-0.5478239324563445,1.7741040675436557,1.7741040675436557
Random Forest Balanced Extreme + Transform,Random Forest,balanced_extreme,log1p_abs,30.0,1.0,-0.5948425899310814,-1.5948425899310814,1.5948425899310814
Random Forest Balanced Extreme + Transform,Random Forest,balanced_extreme,log1p_abs,30.0,0.0,-0.5641114946742335,-0.5641114946742335,0.5641114946742335
Random Forest Balanced Extreme + Transform,Random Forest,balanced_extreme,log1p_abs,33.0,0.0,-1.7343552869893557,-1.7343552869893557,1.7343552869893557
Random Forest Balanced Extreme + Transform,Random Forest,balanced_extreme,log1p_abs,33.0,-1.0,-1.5023866461629567,-0.5023866461629567,0.5023866461629567
Random Forest Balanced Extreme + Transform,Random Forest,balanced_extreme,log1p_abs,33.0,-1.0,-1.2468302595260115,-0.24683025952601145,0.24683025952601145
Random Forest Balanced Extreme + Transform,Random Forest,balanced_extreme,log1p_abs,33.0,0.0,-1.0595897109600647,-1.0595897109600647,1.0595897109600647
Random Forest Balanced Extreme + Transform,Random Forest,balanced_extreme,log1p_abs,34.0,-1.0643856000000005,-0.7704205791666392,0.2939650208333613,0.2939650208333613
Random Forest Balanced Extreme + Transform,Random Forest,balanced_extreme,log1p_abs,34.0,0.0,-0.7581617370977841,-0.7581617370977841,0.7581617370977841
Random Forest Balanced Extreme + Transform,Random Forest,balanced_extreme,log1p_abs,34.0,-5.321928,-2.059469571560079,3.262458428439921,3.262458428439921
Random Forest Balanced Extreme + Transform,Random Forest,balanced_extreme,log1p_abs,34.0,-1.0,-0.5663200546085237,0.43367994539147625,0.43367994539147625
Random Forest Balanced Extreme + Transform,Random Forest,balanced_extreme,log1p_abs,34.0,-4.821928,-2.341462324523546,2.4804656754764536,2.4804656754764536
Random Forest Balanced Extreme + Transform,Random Forest,balanced_extreme,log1p_abs,39.0,1.0,-0.8441178427021532,-1.8441178427021532,1.8441178427021532
Random Forest Balanced Extreme + Transform,Random Forest,balanced_extreme,log1p_abs,39.0,-0.5,-1.7337361057936953,-1.2337361057936953,1.2337361057936953
Random Forest Balanced Extreme + Transform,Random Forest,balanced_extreme,log1p_abs,39.0,0.0,-3.338350544014726,-3.338350544014726,3.338350544014726
Random Forest Balanced Extreme + Transform,Random Forest,balanced_extreme,log1p_abs,39.0,0.0,-3.3043052496931558,-3.3043052496931558,3.3043052496931558
Random Forest Balanced Extreme + Transform,Random Forest,balanced_extreme,log1p_abs,39.0,0.0,-0.792238343835369,-0.792238343835369,0.792238343835369
Random Forest Balanced Extreme + Transform,Random Forest,balanced_extreme,log1p_abs,42.0,-1.0,-0.6515751202016838,0.34842487979831616,0.34842487979831616
Random Forest Balanced Extreme + Transform,Random Forest,balanced_extreme,log1p_abs,42.0,0.25,-0.48714154741519666,-0.7371415474151967,0.7371415474151967
Random Forest Balanced Extreme + Transform,Random Forest,balanced_extreme,log1p_abs,42.0,-5.321928,-2.0824505047235347,3.239477495276465,3.239477495276465
Random Forest Balanced Extreme + Transform,Random Forest,balanced_extreme,log1p_abs,42.0,-5.321928,-2.6262996042806956,2.695628395719304,2.695628395719304
Random Forest Balanced Extreme + Transform,Random Forest,balanced_extreme,log1p_abs,43.0,-0.666666667,-0.9458665876736202,-0.2791999206736202,0.2791999206736202
Random Forest Balanced Extreme + Transform,Random Forest,balanced_extreme,log1p_abs,43.0,-3.321928,-1.6096821745074665,1.7122458254925337,1.7122458254925337
Random Forest Balanced Extreme + Transform,Random Forest,balanced_extreme,log1p_abs,43.0,-5.321928,-3.074813805023215,2.2471141949767848,2.2471141949767848
Random Forest Balanced Extreme + Transform,Random Forest,balanced_extreme,log1p_abs,43.0,-1.0,-0.8164225345494039,0.18357746545059606,0.18357746545059606
Random Forest Balanced Extreme + Transform,Random Forest,balanced_extreme,log1p_abs,48.0,0.0,-1.2008221268470352,-1.2008221268470352,1.2008221268470352
Random Forest Balanced Extreme + Transform,Random Forest,balanced_extreme,log1p_abs,48.0,-1.0,-1.9102290686180528,-0.9102290686180528,0.9102290686180528
Random Forest Balanced Extreme + Transform,Random Forest,balanced_extreme,log1p_abs,48.0,-1.0,-1.4105362107873527,-0.4105362107873527,0.4105362107873527
Random Forest Balanced Extreme + Transform,Random Forest,balanced_extreme,log1p_abs,48.0,-1.991446,-2.096547609816081,-0.10510160981608085,0.10510160981608085
Random Forest Balanced Extreme + Transform,Random Forest,balanced_extreme,log1p_abs,49.0,0.0,-0.25461429677579106,-0.25461429677579106,0.25461429677579106
Random Forest Balanced Extreme + Transform,Random Forest,balanced_extreme,log1p_abs,49.0,-2.321928,-1.9585191986181456,0.3634088013818546,0.3634088013818546
Random Forest Balanced Extreme + Transform,Random Forest,balanced_extreme,log1p_abs,49.0,0.0,-0.49711798709924593,-0.49711798709924593,0.49711798709924593
Random Forest Balanced Extreme + Transform,Random Forest,balanced_extreme,log1p_abs,49.0,-2.321928,-3.193128602243389,-0.8712006022433889,0.8712006022433889
Random Forest Balanced Extreme + Transform,Random Forest,balanced_extreme,log1p_abs,49.0,-3.321928,-2.1727382306670973,1.149189769332903,1.149189769332903
Random Forest Balanced Extreme + Transform,Random Forest,balanced_extreme,log1p_abs,54.0,0.0,-0.5345074828438969,-0.5345074828438969,0.5345074828438969
Random Forest Balanced Extreme + Transform,Random Forest,balanced_extreme,log1p_abs,54.0,-1.370723,-3.340538259875944,-1.969815259875944,1.969815259875944
Random Forest Balanced Extreme + Transform,Random Forest,balanced_extreme,log1p_abs,54.0,0.25,-2.290559522084488,-2.540559522084488,2.540559522084488
Random Forest Balanced Extreme + Transform,Random Forest,balanced_extreme,log1p_abs,54.0,0.333333333,-0.2517828060594078,-0.5851161390594077,0.5851161390594077
Random Forest Balanced Extreme + Transform,Random Forest,balanced_extreme,log1p_abs,57.0,0.0,-1.4740201507637143,-1.4740201507637143,1.4740201507637143
Random Forest Balanced Extreme + Transform,Random Forest,balanced_extreme,log1p_abs,57.0,0.0,-1.5719116707122422,-1.5719116707122422,1.5719116707122422
Random Forest Balanced Extreme + Transform,Random Forest,balanced_extreme,log1p_abs,57.0,0.0,-1.0327349223931515,-1.0327349223931515,1.0327349223931515
Random Forest Balanced Extreme + Transform,Random Forest,balanced_extreme,log1p_abs,57.0,0.0,-1.9023158847706918,-1.9023158847706918,1.9023158847706918
Random Forest Balanced Extreme + Transform,Random Forest,balanced_extreme,log1p_abs,69.0,-5.321928,-2.3221424803097603,2.9997855196902394,2.9997855196902394
Random Forest Balanced Extreme + Transform,Random Forest,balanced_extreme,log1p_abs,69.0,-2.821928,-1.4883726476229657,1.3335553523770345,1.3335553523770345
Random Forest Balanced Extreme + Transform,Random Forest,balanced_extreme,log1p_abs,69.0,-4.321928,-1.00651034720297,3.31541765279703,3.31541765279703
Random Forest Balanced Extreme + Transform,Random Forest,balanced_extreme,log1p_abs,69.0,-1.214618667,-0.5086885210934826,0.7059301459065175,0.7059301459065175
Random Forest Balanced Extreme + Transform,Random Forest,balanced_extreme,log1p_abs,70.0,-1.0,-0.5585385369312917,0.44146146306870826,0.44146146306870826
Random Forest Balanced Extreme + Transform,Random Forest,balanced_extreme,log1p_abs,70.0,-1.5287712,-0.5774368684388901,0.9513343315611099,0.9513343315611099
Random Forest Balanced Extreme + Transform,Random Forest,balanced_extreme,log1p_abs,70.0,0.0,-1.8302271189475743,-1.8302271189475743,1.8302271189475743
Random Forest Balanced Extreme + Transform,Random Forest,balanced_extreme,log1p_abs,70.0,-4.321928,-1.29572839035627,3.02619960964373,3.02619960964373
Random Forest Balanced Extreme + Transform,Random Forest,balanced_extreme,log1p_abs,70.0,-0.666666667,-0.5950829987800307,0.07158366821996931,0.07158366821996931
Random Forest Balanced Extreme + Transform,Random Forest,balanced_extreme,log1p_abs,90.0,0.0,-0.8016624363051915,-0.8016624363051915,0.8016624363051915
Random Forest Balanced Extreme + Transform,Random Forest,balanced_extreme,log1p_abs,90.0,-1.7739759999999998,-1.7443406268206487,0.029635373179351054,0.029635373179351054
Random Forest Balanced Extreme + Transform,Random Forest,balanced_extreme,log1p_abs,90.0,0.0,-2.289745737845004,-2.289745737845004,2.289745737845004
Random Forest Balanced Extreme + Transform,Random Forest,balanced_extreme,log1p_abs,90.0,-0.4,-0.835261521875717,-0.435261521875717,0.435261521875717
Random Forest Balanced Extreme + Transform,Random Forest,balanced_extreme,log1p_abs,90.0,0.333333333,-2.6252115447200985,-2.9585448777200987,2.9585448777200987
Random Forest Balanced Extreme + Transform,Random Forest,balanced_extreme,log1p_abs,91.0,-3.321928,-1.4172191967627734,1.9047088032372268,1.9047088032372268
Random Forest Balanced Extreme + Transform,Random Forest,balanced_extreme,log1p_abs,91.0,0.0,-0.4427827824072695,-0.4427827824072695,0.4427827824072695
Random Forest Balanced Extreme + Transform,Random Forest,balanced_extreme,log1p_abs,91.0,-2.321928,-1.0252705825345065,1.2966574174654937,1.2966574174654937
Random Forest Balanced Extreme + Transform,Random Forest,balanced_extreme,log1p_abs,91.0,-1.0,-0.7847415000296388,0.21525849997036117,0.21525849997036117
Random Forest Balanced Extreme + Transform,Random Forest,balanced_extreme,log1p_abs,92.0,-1.0,-1.4335514947924044,-0.4335514947924044,0.4335514947924044
Random Forest Balanced Extreme + Transform,Random Forest,balanced_extreme,log1p_abs,92.0,-2.321928,-0.7913824727017617,1.5305455272982385,1.5305455272982385
Random Forest Balanced Extreme + Transform,Random Forest,balanced_extreme,log1p_abs,92.0,-0.428571429,-0.45254352642467555,-0.023972097424675542,0.023972097424675542
Random Forest Balanced Extreme + Transform,Random Forest,balanced_extreme,log1p_abs,92.0,0.2,-1.0031861742653343,-1.2031861742653343,1.2031861742653343
Random Forest Balanced Extreme + Transform,Random Forest,balanced_extreme,log1p_abs,92.0,-1.0,-0.829911540893709,0.170088459106291,0.170088459106291
Random Forest Balanced Extreme + Transform,Random Forest,balanced_extreme,log1p_abs,97.0,-1.107309333,-0.8505282610539242,0.2567810719460757,0.2567810719460757
Random Forest Balanced Extreme + Transform,Random Forest,balanced_extreme,log1p_abs,97.0,0.0,-0.4572376029890959,-0.4572376029890959,0.4572376029890959
Random Forest Balanced Extreme + Transform,Random Forest,balanced_extreme,log1p_abs,97.0,0.25,-0.398708488700926,-0.648708488700926,0.648708488700926
Random Forest Balanced Extreme + Transform,Random Forest,balanced_extreme,log1p_abs,97.0,0.0,-1.6850067337198988,-1.6850067337198988,1.6850067337198988
Random Forest Balanced Extreme + Transform,Random Forest,balanced_extreme,log1p_abs,99.0,-0.5,-1.996361862570234,-1.496361862570234,1.496361862570234
Random Forest Balanced Extreme + Transform,Random Forest,balanced_extreme,log1p_abs,99.0,0.0,-1.4157167535455368,-1.4157167535455368,1.4157167535455368
Random Forest Balanced Extreme + Transform,Random Forest,balanced_extreme,log1p_abs,99.0,-2.321928,-1.94008103754124,0.38184696245876015,0.38184696245876015
Random Forest Balanced Extreme + Transform,Random Forest,balanced_extreme,log1p_abs,99.0,0.0,-0.9798937986687076,-0.9798937986687076,0.9798937986687076
Random Forest Balanced Extreme + Transform,Random Forest,balanced_extreme,log1p_abs,102.0,-0.5,-0.7579721360370556,-0.2579721360370556,0.2579721360370556
Random Forest Balanced Extreme + Transform,Random Forest,balanced_extreme,log1p_abs,102.0,0.333333333,-0.7059696251556584,-1.0393029581556585,1.0393029581556585
Random Forest Balanced Extreme + Transform,Random Forest,balanced_extreme,log1p_abs,102.0,-0.666666667,-0.5841886390424363,0.08247802795756365,0.08247802795756365
Random Forest Balanced Extreme + Transform,Random Forest,balanced_extreme,log1p_abs,102.0,0.0,-0.39500375531900195,-0.39500375531900195,0.39500375531900195
Random Forest Balanced Extreme + Transform,Random Forest,balanced_extreme,log1p_abs,103.0,-0.666666667,-2.448213752340943,-1.781547085340943,1.781547085340943
Random Forest Balanced Extreme + Transform,Random Forest,balanced_extreme,log1p_abs,110.0,0.0,-1.140663888872566,-1.140663888872566,1.140663888872566
Random Forest Balanced Extreme + Transform,Random Forest,balanced_extreme,log1p_abs,110.0,-0.5,-0.6178809918476328,-0.11788099184763279,0.11788099184763279
Random Forest Balanced Extreme + Transform,Random Forest,balanced_extreme,log1p_abs,110.0,-1.0,-0.7084709747116669,0.29152902528833313,0.29152902528833313
Random Forest Balanced Extreme + Transform,Random Forest,balanced_extreme,log1p_abs,110.0,-2.321928,-0.9985372266737877,1.3233907733262125,1.3233907733262125
Random Forest Balanced Extreme + Transform,Random Forest,balanced_extreme,log1p_abs,120.0,-2.321928,-0.44749541888822575,1.8744325811117744,1.8744325811117744
Random Forest Balanced Extreme + Transform,Random Forest,balanced_extreme,log1p_abs,120.0,-3.821928,-2.3259830178868843,1.4959449821131159,1.4959449821131159
Random Forest Balanced Extreme + Transform,Random Forest,balanced_extreme,log1p_abs,125.0,0.0,-0.3144680940637951,-0.3144680940637951,0.3144680940637951
Random Forest Balanced Extreme + Transform,Random Forest,balanced_extreme,log1p_abs,125.0,0.0,-0.38635701411237333,-0.38635701411237333,0.38635701411237333
Random Forest Balanced Extreme + Transform,Random Forest,balanced_extreme,log1p_abs,125.0,0.0,-0.40885840606490603,-0.40885840606490603,0.40885840606490603
Random Forest Balanced Extreme + Transform,Random Forest,balanced_extreme,log1p_abs,125.0,-5.321928,-3.406926507334695,1.9150014926653047,1.9150014926653047
Random Forest Balanced Extreme + Transform,Random Forest,balanced_extreme,log1p_abs,125.0,-2.321928,-2.4807711656190645,-0.1588431656190643,0.1588431656190643
Random Forest Balanced Extreme + Transform,Random Forest,balanced_extreme,log1p_abs,133.0,-3.821928,-0.521656740830065,3.3002712591699352,3.3002712591699352
Random Forest Balanced Extreme + Transform,Random Forest,balanced_extreme,log1p_abs,133.0,0.0,-0.6015510094174857,-0.6015510094174857,0.6015510094174857
Random Forest Balanced Extreme + Transform,Random Forest,balanced_extreme,log1p_abs,135.0,-3.321928,-2.1447885118059977,1.1771394881940025,1.1771394881940025
Random Forest Balanced Extreme + Transform,Random Forest,balanced_extreme,log1p_abs,135.0,0.0,-0.2983131133734339,-0.2983131133734339,0.2983131133734339
Random Forest Balanced Extreme + Transform,Random Forest,balanced_extreme,log1p_abs,135.0,-2.321928,-0.8096981054067196,1.5122298945932806,1.5122298945932806
Random Forest Balanced Extreme + Transform,Random Forest,balanced_extreme,log1p_abs,138.0,0.0,-0.9384552543792879,-0.9384552543792879,0.9384552543792879
Random Forest Balanced Extreme + Transform,Random Forest,balanced_extreme,log1p_abs,138.0,0.0,-1.0822139289003734,-1.0822139289003734,1.0822139289003734
Random Forest Balanced Extreme + Transform,Random Forest,balanced_extreme,log1p_abs,138.0,0.0,-2.504534248138387,-2.504534248138387,2.504534248138387
Random Forest Balanced Extreme + Transform,Random Forest,balanced_extreme,log1p_abs,138.0,0.0,-2.4954307508888522,-2.4954307508888522,2.4954307508888522
Random Forest Balanced Extreme + Transform,Random Forest,balanced_extreme,log1p_abs,139.0,0.333333333,-0.5162452139023473,-0.8495785469023474,0.8495785469023474
Random Forest Balanced Extreme + Transform,Random Forest,balanced_extreme,log1p_abs,139.0,-0.5,-0.4785750320894472,0.021424967910552817,0.021424967910552817
Random Forest Balanced Extreme + Transform,Random Forest,balanced_extreme,log1p_abs,139.0,0.0,-0.4408152078432936,-0.4408152078432936,0.4408152078432936
Random Forest Balanced Extreme + Transform,Random Forest,balanced_extreme,log1p_abs,141.0,-1.0,-3.001962499241969,-2.001962499241969,2.001962499241969
Random Forest Balanced Extreme + Transform,Random Forest,balanced_extreme,log1p_abs,141.0,-0.666666667,-3.0120714061122276,-2.3454047391122277,2.3454047391122277
Random Forest Balanced Extreme + Transform,Random Forest,balanced_extreme,log1p_abs,144.0,0.0,-0.3093084602082748,-0.3093084602082748,0.3093084602082748
Random Forest Balanced Extreme + Transform,Random Forest,balanced_extreme,log1p_abs,144.0,0.0,-0.3908783535996619,-0.3908783535996619,0.3908783535996619
Random Forest Balanced Extreme + Transform,Random Forest,balanced_extreme,log1p_abs,144.0,-1.107309333,-0.3211990247027347,0.7861103082972651,0.7861103082972651
Random Forest Balanced Extreme + Transform,Random Forest,balanced_extreme,log1p_abs,156.0,-0.5,-0.8982056797010305,-0.3982056797010305,0.3982056797010305
Random Forest Balanced Extreme + Transform,Random Forest,balanced_extreme,log1p_abs,156.0,0.25,-0.6404880648418144,-0.8904880648418144,0.8904880648418144
Random Forest Balanced Extreme + Transform,Random Forest,balanced_extreme,log1p_abs,156.0,1.0,-2.2081323179339885,-3.2081323179339885,3.2081323179339885
Random Forest Balanced Extreme + Transform,Random Forest,balanced_extreme,log1p_abs,160.0,-1.0,-0.4394625642263543,0.5605374357736457,0.5605374357736457
Random Forest Balanced Extreme + Transform,Random Forest,balanced_extreme,log1p_abs,160.0,-0.5,-1.8375637249651973,-1.3375637249651973,1.3375637249651973
Random Forest Balanced Extreme + Transform,Random Forest,balanced_extreme,log1p_abs,160.0,-0.5,-0.3195914425157862,0.1804085574842138,0.1804085574842138
Random Forest Balanced Extreme + Transform,Random Forest,balanced_extreme,log1p_abs,160.0,-1.0,-2.3040989189081484,-1.3040989189081484,1.3040989189081484
Random Forest Balanced Extreme + Transform,Random Forest,balanced_extreme,log1p_abs,165.0,-1.0,-0.6190042539475356,0.38099574605246445,0.38099574605246445
Random Forest Balanced Extreme + Transform,Random Forest,balanced_extreme,log1p_abs,165.0,-0.333333333,-1.0333876721675075,-0.7000543391675075,0.7000543391675075
Random Forest Balanced Extreme + Transform,Random Forest,balanced_extreme,log1p_abs,165.0,-1.160964,-0.8002636445878579,0.3607003554121422,0.3607003554121422
Random Forest Balanced Extreme + Transform,Random Forest,balanced_extreme,log1p_abs,165.0,-1.0,-0.9814630004123214,0.018536999587678626,0.018536999587678626
Random Forest Balanced Extreme + Transform,Random Forest,balanced_extreme,log1p_abs,166.0,0.0,-0.895025815343936,-0.895025815343936,0.895025815343936
Random Forest Balanced Extreme + Transform,Random Forest,balanced_extreme,log1p_abs,166.0,0.0,-0.6249381785050083,-0.6249381785050083,0.6249381785050083
Random Forest Balanced Extreme + Transform,Random Forest,balanced_extreme,log1p_abs,166.0,-0.666666667,-0.8736624184602103,-0.20699575146021032,0.20699575146021032
Random Forest Balanced Extreme + Transform,Random Forest,balanced_extreme,log1p_abs,166.0,0.0,-0.7679630784678756,-0.7679630784678756,0.7679630784678756
Random Forest Balanced Extreme + Transform,Random Forest,balanced_extreme,log1p_abs,171.0,-0.166666667,-0.8608674820513393,-0.6942008150513393,0.6942008150513393
Random Forest Balanced Extreme + Transform,Random Forest,balanced_extreme,log1p_abs,171.0,0.0,-0.582762649747954,-0.582762649747954,0.582762649747954
Random Forest Balanced Extreme + Transform,Random Forest,balanced_extreme,log1p_abs,171.0,0.0,-2.2281087722523836,-2.2281087722523836,2.2281087722523836
Random Forest Balanced Extreme + Transform,Random Forest,balanced_extreme,log1p_abs,171.0,-0.25,-0.8967273874805018,-0.6467273874805018,0.6467273874805018
Random Forest Balanced Extreme + Transform,Random Forest,balanced_extreme,log1p_abs,176.0,-0.5,-0.7615184504300414,-0.2615184504300414,0.2615184504300414
Random Forest Balanced Extreme + Transform,Random Forest,balanced_extreme,log1p_abs,176.0,-1.0,-1.1942889078592,-0.19428890785920006,0.19428890785920006
Random Forest Balanced Extreme + Transform,Random Forest,balanced_extreme,log1p_abs,188.0,0.0,-0.21561791490155366,-0.21561791490155366,0.21561791490155366
Random Forest Balanced Extreme + Transform,Random Forest,balanced_extreme,log1p_abs,188.0,0.0,-0.5012324106590157,-0.5012324106590157,0.5012324106590157
Random Forest Balanced Extreme + Transform,Random Forest,balanced_extreme,log1p_abs,194.0,0.0,-0.6511106858068394,-0.6511106858068394,0.6511106858068394
Random Forest Balanced Extreme + Transform,Random Forest,balanced_extreme,log1p_abs,194.0,0.0,-2.7145925301894853,-2.7145925301894853,2.7145925301894853
Random Forest Balanced Extreme + Transform,Random Forest,balanced_extreme,log1p_abs,194.0,0.0,-0.6618207666437543,-0.6618207666437543,0.6618207666437543
Random Forest Balanced Extreme + Transform,Random Forest,balanced_extreme,log1p_abs,194.0,-0.333333333,-1.2449501270599372,-0.9116167940599372,0.9116167940599372
Random Forest Balanced Extreme + Transform,Random Forest,balanced_extreme,log1p_abs,196.0,0.0,-0.25078940998271027,-0.25078940998271027,0.25078940998271027
Random Forest Balanced Extreme + Transform,Random Forest,balanced_extreme,log1p_abs,196.0,-1.0,-4.13019528666715,-3.13019528666715,3.13019528666715
Random Forest Balanced Extreme + Transform,Random Forest,balanced_extreme,log1p_abs,196.0,0.0,-2.352222921192311,-2.352222921192311,2.352222921192311
Random Forest Balanced Extreme + Transform,Random Forest,balanced_extreme,log1p_abs,200.0,-2.321928,-3.0419322617564477,-0.7200042617564475,0.7200042617564475
Random Forest Balanced Extreme + Transform,Random Forest,balanced_extreme,log1p_abs,200.0,0.0,-0.3807136017996203,-0.3807136017996203,0.3807136017996203
Random Forest Balanced Extreme + Transform,Random Forest,balanced_extreme,log1p_abs,200.0,0.0,-0.6096060951541932,-0.6096060951541932,0.6096060951541932
Random Forest Balanced Extreme + Transform,Random Forest,balanced_extreme,log1p_abs,200.0,0.0,-0.43063189682249803,-0.43063189682249803,0.43063189682249803
Random Forest Balanced Extreme + Transform,Random Forest,balanced_extreme,log1p_abs,200.0,0.0,-0.5182226298989836,-0.5182226298989836,0.5182226298989836
Random Forest Balanced Extreme + Transform,Random Forest,balanced_extreme,log1p_abs,217.0,-0.2,-0.9711143317680013,-0.7711143317680014,0.7711143317680014
Random Forest Balanced Extreme + Transform,Random Forest,balanced_extreme,log1p_abs,217.0,0.0,-1.419407998122939,-1.419407998122939,1.419407998122939
Random Forest Balanced Extreme + Transform,Random Forest,balanced_extreme,log1p_abs,217.0,-0.924658667,-1.4238183113782807,-0.49915964437828075,0.49915964437828075
Random Forest Balanced Extreme + Transform,Random Forest,balanced_extreme,log1p_abs,218.0,-2.321928,-0.3316109128480269,1.9903170871519733,1.9903170871519733
Random Forest Balanced Extreme + Transform,Random Forest,balanced_extreme,log1p_abs,218.0,-3.321928,-2.19602545571792,1.1259025442820803,1.1259025442820803
Random Forest Balanced Extreme + Transform,Random Forest,balanced_extreme,log1p_abs,218.0,-4.321928,-0.26488069963983957,4.057047300360161,4.057047300360161
Random Forest Balanced Extreme + Transform,Random Forest,balanced_extreme,log1p_abs,218.0,-4.321928,-0.507145108439094,3.8147828915609057,3.8147828915609057
Random Forest Balanced Extreme + Transform,Random Forest,balanced_extreme,log1p_abs,221.0,-0.666666667,-2.0579092109007027,-1.3912425439007028,1.3912425439007028
Random Forest Balanced Extreme + Transform,Random Forest,balanced_extreme,log1p_abs,221.0,0.0,-0.538297559290666,-0.538297559290666,0.538297559290666
Random Forest Balanced Extreme + Transform,Random Forest,balanced_extreme,log1p_abs,221.0,0.0,-0.30834531097725565,-0.30834531097725565,0.30834531097725565
Random Forest Balanced Extreme + Transform,Random Forest,balanced_extreme,log1p_abs,221.0,-1.0,-1.3293578645382245,-0.32935786453822447,0.32935786453822447
Random Forest Balanced Extreme + Transform,Random Forest,balanced_extreme,log1p_abs,221.0,0.0,-0.8964693573648937,-0.8964693573648937,0.8964693573648937
Random Forest Balanced Extreme + Transform,Random Forest,balanced_extreme,log1p_abs,228.0,-1.0,-1.1813742394901063,-0.18137423949010634,0.18137423949010634
Random Forest Balanced Extreme + Transform,Random Forest,balanced_extreme,log1p_abs,228.0,-1.881285333,-1.297874031129924,0.583411301870076,0.583411301870076
Random Forest Balanced Extreme + Transform,Random Forest,balanced_extreme,log1p_abs,228.0,-2.321928,-2.5460805184139526,-0.22415251841395234,0.22415251841395234
Random Forest Balanced Extreme + Transform,Random Forest,balanced_extreme,log1p_abs,233.0,-5.321928,-1.7256163347724918,3.596311665227508,3.596311665227508
Random Forest Balanced Extreme + Transform,Random Forest,balanced_extreme,log1p_abs,233.0,0.0,-0.7632638596764265,-0.7632638596764265,0.7632638596764265
Random Forest Balanced Extreme + Transform,Random Forest,balanced_extreme,log1p_abs,233.0,-5.321928,-1.9416188947561834,3.3803091052438163,3.3803091052438163
Random Forest Balanced Extreme + Transform,Random Forest,balanced_extreme,log1p_abs,233.0,-3.321928,-2.0619141040887734,1.2600138959112268,1.2600138959112268
Random Forest Balanced Extreme + Transform,Random Forest,balanced_extreme,log1p_abs,239.0,-5.321928,-2.2953764041741165,3.0265515958258833,3.0265515958258833
Random Forest Balanced Extreme + Transform,Random Forest,balanced_extreme,log1p_abs,239.0,-5.321928,-2.2024381340553574,3.1194898659446424,3.1194898659446424
Random Forest Balanced Extreme + Transform,Random Forest,balanced_extreme,log1p_abs,239.0,-5.321928,-2.197192964751072,3.1247350352489276,3.1247350352489276
Random Forest Balanced Extreme + Transform,Random Forest,balanced_extreme,log1p_abs,239.0,-5.321928,-2.188384303463516,3.1335436965364836,3.1335436965364836
Random Forest Balanced Extreme + Transform,Random Forest,balanced_extreme,log1p_abs,240.0,0.0,-0.7422177882412946,-0.7422177882412946,0.7422177882412946
Random Forest Balanced Extreme + Transform,Random Forest,balanced_extreme,log1p_abs,240.0,-4.321928,-1.7488016311060144,2.5731263688939854,2.5731263688939854
Random Forest Balanced Extreme + Transform,Random Forest,balanced_extreme,log1p_abs,240.0,-5.321928,-1.4483860403999786,3.873541959600021,3.873541959600021
Random Forest Balanced Extreme + Transform,Random Forest,balanced_extreme,log1p_abs,240.0,-1.0,-0.6837698315430133,0.3162301684569867,0.3162301684569867
Random Forest Balanced Extreme + Transform,Random Forest,balanced_extreme,log1p_abs,247.0,-5.321928,-2.291488222638264,3.0304397773617358,3.0304397773617358
Random Forest Balanced Extreme + Transform,Random Forest,balanced_extreme,log1p_abs,247.0,-5.321928,-3.177304650611483,2.144623349388517,2.144623349388517
Random Forest Balanced Extreme + Transform,Random Forest,balanced_extreme,log1p_abs,247.0,-0.25,-0.45682165140152053,-0.20682165140152053,0.20682165140152053
Random Forest Balanced Extreme + Transform,Random Forest,balanced_extreme,log1p_abs,247.0,-5.321928,-3.4217250381547357,1.900202961845264,1.900202961845264
Random Forest Balanced Extreme + Transform,Random Forest,balanced_extreme,log1p_abs,250.0,0.5,-0.9487193585594207,-1.4487193585594207,1.4487193585594207
Random Forest Balanced Extreme + Transform,Random Forest,balanced_extreme,log1p_abs,250.0,1.0,-1.0061925078928797,-2.0061925078928797,2.0061925078928797
Random Forest Balanced Extreme + Transform,Random Forest,balanced_extreme,log1p_abs,250.0,0.0,-1.564027260969746,-1.564027260969746,1.564027260969746
Random Forest Balanced Extreme + Transform,Random Forest,balanced_extreme,log1p_abs,250.0,0.0,-0.911910016113956,-0.911910016113956,0.911910016113956
Random Forest Balanced Extreme + Transform,Random Forest,balanced_extreme,log1p_abs,250.0,-0.333333333,-1.3564596199839087,-1.0231262869839086,1.0231262869839086
Random Forest Balanced Extreme + Transform,Random Forest,balanced_extreme,log1p_abs,250.0,0.0,-1.3490160149504191,-1.3490160149504191,1.3490160149504191
Random Forest Balanced Extreme + Transform,Random Forest,balanced_extreme,log1p_abs,255.0,-3.321928,-2.0255470154805613,1.296380984519439,1.296380984519439
Random Forest Balanced Extreme + Transform,Random Forest,balanced_extreme,log1p_abs,255.0,-1.7414459999999998,-0.7209321493935165,1.0205138506064833,1.0205138506064833
Random Forest Balanced Extreme + Transform,Random Forest,balanced_extreme,log1p_abs,255.0,-1.881285333,-1.2095818039004547,0.6717035290995452,0.6717035290995452
Random Forest Balanced Extreme + Transform,Random Forest,balanced_extreme,log1p_abs,263.0,-3.321928,-2.504342435270402,0.8175855647295984,0.8175855647295984
Random Forest Balanced Extreme + Transform,Random Forest,balanced_extreme,log1p_abs,263.0,-3.988594667,-2.9145515572390064,1.0740431097609937,1.0740431097609937
Random Forest Balanced Extreme + Transform,Random Forest,balanced_extreme,log1p_abs,273.0,0.0,-0.880576823087201,-0.880576823087201,0.880576823087201
Random Forest Balanced Extreme + Transform,Random Forest,balanced_extreme,log1p_abs,273.0,0.5,-0.574926290117466,-1.074926290117466,1.074926290117466
Random Forest Balanced Extreme + Transform,Random Forest,balanced_extreme,log1p_abs,273.0,0.0,-1.0953650736499463,-1.0953650736499463,1.0953650736499463
Random Forest Balanced Extreme + Transform,Random Forest,balanced_extreme,log1p_abs,273.0,0.0,-0.9331534286231978,-0.9331534286231978,0.9331534286231978
Random Forest Balanced Extreme + Transform,Random Forest,balanced_extreme,log1p_abs,278.0,-5.321928,-2.520047883968584,2.8018801160314157,2.8018801160314157
Random Forest Balanced Extreme + Transform,Random Forest,balanced_extreme,log1p_abs,278.0,0.0,-0.4222961397594211,-0.4222961397594211,0.4222961397594211
Random Forest Balanced Extreme + Transform,Random Forest,balanced_extreme,log1p_abs,278.0,-4.321928,-2.045905008142929,2.276022991857071,2.276022991857071
Random Forest Balanced Extreme + Transform,Random Forest,balanced_extreme,log1p_abs,278.0,-1.0,-0.396768236124648,0.6032317638753519,0.6032317638753519
Random Forest Balanced Extreme + Transform,Random Forest,balanced_extreme,log1p_abs,278.0,0.0,-0.3617856805758475,-0.3617856805758475,0.3617856805758475
Random Forest Balanced Extreme + Transform,Random Forest,balanced_extreme,log1p_abs,279.0,-1.0,-2.278515022603331,-1.2785150226033308,1.2785150226033308
Random Forest Balanced Extreme + Transform,Random Forest,balanced_extreme,log1p_abs,279.0,-5.321928,-3.594041725505242,1.7278862744947578,1.7278862744947578
Random Forest Balanced Extreme + Transform,Random Forest,balanced_extreme,log1p_abs,279.0,-1.660964,-1.2284846050610732,0.43247939493892695,0.43247939493892695
Random Forest Balanced Extreme + Transform,Random Forest,balanced_extreme,log1p_abs,283.0,0.0,-0.4227687876359358,-0.4227687876359358,0.4227687876359358
Random Forest Balanced Extreme + Transform,Random Forest,balanced_extreme,log1p_abs,283.0,-0.333333333,-0.16718645351182618,0.16614687948817383,0.16614687948817383
Random Forest Balanced Extreme + Transform,Random Forest,balanced_extreme,log1p_abs,283.0,0.0,-2.344697017741235,-2.344697017741235,2.344697017741235
Random Forest Balanced Extreme + Transform,Random Forest,balanced_extreme,log1p_abs,283.0,-4.321928,-3.3015353946420047,1.020392605357995,1.020392605357995
Extra Trees Target Transform,Extra Trees,baseline,log1p_abs,30.0,-0.386988,-0.35894225471522484,0.02804574528477516,0.02804574528477516
Extra Trees Target Transform,Extra Trees,baseline,log1p_abs,30.0,-1.0,-0.31842552756528214,0.6815744724347179,0.6815744724347179
Extra Trees Target Transform,Extra Trees,baseline,log1p_abs,30.0,-2.321928,-0.35435249450185824,1.967575505498142,1.967575505498142
Extra Trees Target Transform,Extra Trees,baseline,log1p_abs,30.0,1.0,-0.3204858508231304,-1.3204858508231303,1.3204858508231303
Extra Trees Target Transform,Extra Trees,baseline,log1p_abs,30.0,0.0,-0.32125072107744385,-0.32125072107744385,0.32125072107744385
Extra Trees Target Transform,Extra Trees,baseline,log1p_abs,33.0,0.0,-1.5573928822768224,-1.5573928822768224,1.5573928822768224
Extra Trees Target Transform,Extra Trees,baseline,log1p_abs,33.0,-1.0,-1.3835107172813472,-0.3835107172813472,0.3835107172813472
Extra Trees Target Transform,Extra Trees,baseline,log1p_abs,33.0,-1.0,-1.1976931406934004,-0.19769314069340038,0.19769314069340038
Extra Trees Target Transform,Extra Trees,baseline,log1p_abs,33.0,0.0,-1.0581801561136646,-1.0581801561136646,1.0581801561136646
Extra Trees Target Transform,Extra Trees,baseline,log1p_abs,34.0,-1.0643856000000005,-0.5583931446537846,0.5059924553462158,0.5059924553462158
Extra Trees Target Transform,Extra Trees,baseline,log1p_abs,34.0,0.0,-0.5535531901392424,-0.5535531901392424,0.5535531901392424
Extra Trees Target Transform,Extra Trees,baseline,log1p_abs,34.0,-5.321928,-1.391696120000418,3.9302318799995817,3.9302318799995817
Extra Trees Target Transform,Extra Trees,baseline,log1p_abs,34.0,-1.0,-0.5295784501356842,0.47042154986431584,0.47042154986431584
Extra Trees Target Transform,Extra Trees,baseline,log1p_abs,34.0,-4.821928,-1.9565783083035881,2.8653496916964114,2.8653496916964114
Extra Trees Target Transform,Extra Trees,baseline,log1p_abs,39.0,1.0,-1.05283489175174,-2.05283489175174,2.05283489175174
Extra Trees Target Transform,Extra Trees,baseline,log1p_abs,39.0,-0.5,-1.558236759243159,-1.058236759243159,1.058236759243159
Extra Trees Target Transform,Extra Trees,baseline,log1p_abs,39.0,0.0,-2.7824131454853713,-2.7824131454853713,2.7824131454853713
Extra Trees Target Transform,Extra Trees,baseline,log1p_abs,39.0,0.0,-2.3297307692688687,-2.3297307692688687,2.3297307692688687
Extra Trees Target Transform,Extra Trees,baseline,log1p_abs,39.0,0.0,-1.1846805259142408,-1.1846805259142408,1.1846805259142408
Extra Trees Target Transform,Extra Trees,baseline,log1p_abs,42.0,-1.0,-0.8539324765915179,0.14606752340848206,0.14606752340848206
Extra Trees Target Transform,Extra Trees,baseline,log1p_abs,42.0,0.25,-0.4911235669312795,-0.7411235669312795,0.7411235669312795
Extra Trees Target Transform,Extra Trees,baseline,log1p_abs,42.0,-5.321928,-1.8683595031396498,3.45356849686035,3.45356849686035
Extra Trees Target Transform,Extra Trees,baseline,log1p_abs,42.0,-5.321928,-2.1197813201706444,3.2021466798293554,3.2021466798293554
Extra Trees Target Transform,Extra Trees,baseline,log1p_abs,43.0,-0.666666667,-0.8672618034422773,-0.20059513644227733,0.20059513644227733
Extra Trees Target Transform,Extra Trees,baseline,log1p_abs,43.0,-3.321928,-1.2944697549664514,2.0274582450335488,2.0274582450335488
Extra Trees Target Transform,Extra Trees,baseline,log1p_abs,43.0,-5.321928,-2.3161766035433784,3.0057513964566214,3.0057513964566214
Extra Trees Target Transform,Extra Trees,baseline,log1p_abs,43.0,-1.0,-0.8540229652432733,0.14597703475672674,0.14597703475672674
Extra Trees Target Transform,Extra Trees,baseline,log1p_abs,48.0,0.0,-1.3028908088834343,-1.3028908088834343,1.3028908088834343
Extra Trees Target Transform,Extra Trees,baseline,log1p_abs,48.0,-1.0,-1.6805493081334795,-0.6805493081334795,0.6805493081334795
Extra Trees Target Transform,Extra Trees,baseline,log1p_abs,48.0,-1.0,-1.3647968519054188,-0.3647968519054188,0.3647968519054188
Extra Trees Target Transform,Extra Trees,baseline,log1p_abs,48.0,-1.991446,-1.8366616290044089,0.15478437099559117,0.15478437099559117
Extra Trees Target Transform,Extra Trees,baseline,log1p_abs,49.0,0.0,-0.36059534004498617,-0.36059534004498617,0.36059534004498617
Extra Trees Target Transform,Extra Trees,baseline,log1p_abs,49.0,-2.321928,-1.5079260074601457,0.8140019925398545,0.8140019925398545
Extra Trees Target Transform,Extra Trees,baseline,log1p_abs,49.0,0.0,-0.49790500493517403,-0.49790500493517403,0.49790500493517403
Extra Trees Target Transform,Extra Trees,baseline,log1p_abs,49.0,-2.321928,-2.331184502958854,-0.00925650295885383,0.00925650295885383
Extra Trees Target Transform,Extra Trees,baseline,log1p_abs,49.0,-3.321928,-1.7252047529658132,1.596723247034187,1.596723247034187
Extra Trees Target Transform,Extra Trees,baseline,log1p_abs,54.0,0.0,-0.5449326839657246,-0.5449326839657246,0.5449326839657246
Extra Trees Target Transform,Extra Trees,baseline,log1p_abs,54.0,-1.370723,-3.383602354660479,-2.012879354660479,2.012879354660479
Extra Trees Target Transform,Extra Trees,baseline,log1p_abs,54.0,0.25,-1.6283114689847147,-1.8783114689847147,1.8783114689847147
Extra Trees Target Transform,Extra Trees,baseline,log1p_abs,54.0,0.333333333,-0.2670902723932958,-0.6004236053932959,0.6004236053932959
Extra Trees Target Transform,Extra Trees,baseline,log1p_abs,57.0,0.0,-0.8642711063028071,-0.8642711063028071,0.8642711063028071
Extra Trees Target Transform,Extra Trees,baseline,log1p_abs,57.0,0.0,-0.9977943457768808,-0.9977943457768808,0.9977943457768808
Extra Trees Target Transform,Extra Trees,baseline,log1p_abs,57.0,0.0,-0.6393904313310936,-0.6393904313310936,0.6393904313310936
Extra Trees Target Transform,Extra Trees,baseline,log1p_abs,57.0,0.0,-1.00315999194765,-1.00315999194765,1.00315999194765
Extra Trees Target Transform,Extra Trees,baseline,log1p_abs,69.0,-5.321928,-1.6664381087983149,3.655489891201685,3.655489891201685
Extra Trees Target Transform,Extra Trees,baseline,log1p_abs,69.0,-2.821928,-1.1708560555488503,1.65107194445115,1.65107194445115
Extra Trees Target Transform,Extra Trees,baseline,log1p_abs,69.0,-4.321928,-0.9586590729837946,3.3632689270162053,3.3632689270162053
Extra Trees Target Transform,Extra Trees,baseline,log1p_abs,69.0,-1.214618667,-0.6842374321773353,0.5303812348226647,0.5303812348226647
Extra Trees Target Transform,Extra Trees,baseline,log1p_abs,70.0,-1.0,-0.44728785429775925,0.5527121457022408,0.5527121457022408
Extra Trees Target Transform,Extra Trees,baseline,log1p_abs,70.0,-1.5287712,-0.4811147655741313,1.0476564344258688,1.0476564344258688
Extra Trees Target Transform,Extra Trees,baseline,log1p_abs,70.0,0.0,-1.189205821631921,-1.189205821631921,1.189205821631921
Extra Trees Target Transform,Extra Trees,baseline,log1p_abs,70.0,-4.321928,-0.7660453127789918,3.555882687221008,3.555882687221008
Extra Trees Target Transform,Extra Trees,baseline,log1p_abs,70.0,-0.666666667,-0.5110182352997618,0.15564843170023823,0.15564843170023823
Extra Trees Target Transform,Extra Trees,baseline,log1p_abs,90.0,0.0,-0.8172113301992778,-0.8172113301992778,0.8172113301992778
Extra Trees Target Transform,Extra Trees,baseline,log1p_abs,90.0,-1.7739759999999998,-1.4893892829121333,0.2845867170878664,0.2845867170878664
Extra Trees Target Transform,Extra Trees,baseline,log1p_abs,90.0,0.0,-1.8198181465451981,-1.8198181465451981,1.8198181465451981
Extra Trees Target Transform,Extra Trees,baseline,log1p_abs,90.0,-0.4,-1.0081362797513636,-0.6081362797513635,0.6081362797513635
Extra Trees Target Transform,Extra Trees,baseline,log1p_abs,90.0,0.333333333,-2.280238699768257,-2.613572032768257,2.613572032768257
Extra Trees Target Transform,Extra Trees,baseline,log1p_abs,91.0,-3.321928,-1.5029724172735233,1.818955582726477,1.818955582726477
Extra Trees Target Transform,Extra Trees,baseline,log1p_abs,91.0,0.0,-0.7362820364923105,-0.7362820364923105,0.7362820364923105
Extra Trees Target Transform,Extra Trees,baseline,log1p_abs,91.0,-2.321928,-1.275326236624539,1.0466017633754612,1.0466017633754612
Extra Trees Target Transform,Extra Trees,baseline,log1p_abs,91.0,-1.0,-0.9245552201750689,0.07544477982493114,0.07544477982493114
Extra Trees Target Transform,Extra Trees,baseline,log1p_abs,92.0,-1.0,-1.4530451149595347,-0.4530451149595347,0.4530451149595347
Extra Trees Target Transform,Extra Trees,baseline,log1p_abs,92.0,-2.321928,-0.6799995043593302,1.64192849564067,1.64192849564067
Extra Trees Target Transform,Extra Trees,baseline,log1p_abs,92.0,-0.428571429,-0.5291113599020489,-0.10053993090204894,0.10053993090204894
Extra Trees Target Transform,Extra Trees,baseline,log1p_abs,92.0,0.2,-0.9643536816689836,-1.1643536816689837,1.1643536816689837
Extra Trees Target Transform,Extra Trees,baseline,log1p_abs,92.0,-1.0,-0.7349908609453986,0.26500913905460144,0.26500913905460144
Extra Trees Target Transform,Extra Trees,baseline,log1p_abs,97.0,-1.107309333,-0.44046748041750855,0.6668418525824913,0.6668418525824913
Extra Trees Target Transform,Extra Trees,baseline,log1p_abs,97.0,0.0,-0.28541230458586203,-0.28541230458586203,0.28541230458586203
Extra Trees Target Transform,Extra Trees,baseline,log1p_abs,97.0,0.25,-0.2047554034961724,-0.4547554034961724,0.4547554034961724
Extra Trees Target Transform,Extra Trees,baseline,log1p_abs,97.0,0.0,-1.333048774051703,-1.333048774051703,1.333048774051703
Extra Trees Target Transform,Extra Trees,baseline,log1p_abs,99.0,-0.5,-1.7841685142548567,-1.2841685142548567,1.2841685142548567
Extra Trees Target Transform,Extra Trees,baseline,log1p_abs,99.0,0.0,-1.2578617591471346,-1.2578617591471346,1.2578617591471346
Extra Trees Target Transform,Extra Trees,baseline,log1p_abs,99.0,-2.321928,-1.6797277107436248,0.6422002892563754,0.6422002892563754
Extra Trees Target Transform,Extra Trees,baseline,log1p_abs,99.0,0.0,-1.0107423564987548,-1.0107423564987548,1.0107423564987548
Extra Trees Target Transform,Extra Trees,baseline,log1p_abs,102.0,-0.5,-0.44149270765408505,0.05850729234591495,0.05850729234591495
Extra Trees Target Transform,Extra Trees,baseline,log1p_abs,102.0,0.333333333,-0.44660685944822315,-0.7799401924482232,0.7799401924482232
Extra Trees Target Transform,Extra Trees,baseline,log1p_abs,102.0,-0.666666667,-0.39875402732622767,0.2679126396737723,0.2679126396737723
Extra Trees Target Transform,Extra Trees,baseline,log1p_abs,102.0,0.0,-0.3053939752094761,-0.3053939752094761,0.3053939752094761
Extra Trees Target Transform,Extra Trees,baseline,log1p_abs,103.0,-0.666666667,-2.297976332391151,-1.631309665391151,1.631309665391151
Extra Trees Target Transform,Extra Trees,baseline,log1p_abs,110.0,0.0,-1.0046435762897787,-1.0046435762897787,1.0046435762897787
Extra Trees Target Transform,Extra Trees,baseline,log1p_abs,110.0,-0.5,-0.86533828433827,-0.36533828433827,0.36533828433827
Extra Trees Target Transform,Extra Trees,baseline,log1p_abs,110.0,-1.0,-0.8927147519414613,0.10728524805853867,0.10728524805853867
Extra Trees Target Transform,Extra Trees,baseline,log1p_abs,110.0,-2.321928,-1.088111996979419,1.2338160030205811,1.2338160030205811
Extra Trees Target Transform,Extra Trees,baseline,log1p_abs,120.0,-2.321928,-0.5296187974882558,1.7923092025117444,1.7923092025117444
Extra Trees Target Transform,Extra Trees,baseline,log1p_abs,120.0,-3.821928,-1.9062439330716208,1.9156840669283794,1.9156840669283794
Extra Trees Target Transform,Extra Trees,baseline,log1p_abs,125.0,0.0,-0.40562953463388907,-0.40562953463388907,0.40562953463388907
Extra Trees Target Transform,Extra Trees,baseline,log1p_abs,125.0,0.0,-0.2936567599000608,-0.2936567599000608,0.2936567599000608
Extra Trees Target Transform,Extra Trees,baseline,log1p_abs,125.0,0.0,-0.5214322193401965,-0.5214322193401965,0.5214322193401965
Extra Trees Target Transform,Extra Trees,baseline,log1p_abs,125.0,-5.321928,-2.456551235477635,2.865376764522365,2.865376764522365
Extra Trees Target Transform,Extra Trees,baseline,log1p_abs,125.0,-2.321928,-1.7946636292564513,0.5272643707435489,0.5272643707435489
Extra Trees Target Transform,Extra Trees,baseline,log1p_abs,133.0,-3.821928,-0.3879246819373533,3.434003318062647,3.434003318062647
Extra Trees Target Transform,Extra Trees,baseline,log1p_abs,133.0,0.0,-0.38796521069538253,-0.38796521069538253,0.38796521069538253
Extra Trees Target Transform,Extra Trees,baseline,log1p_abs,135.0,-3.321928,-1.4018840327742093,1.920043967225791,1.920043967225791
Extra Trees Target Transform,Extra Trees,baseline,log1p_abs,135.0,0.0,-0.4927430165872522,-0.4927430165872522,0.4927430165872522
Extra Trees Target Transform,Extra Trees,baseline,log1p_abs,135.0,-2.321928,-0.8469079542698671,1.4750200457301332,1.4750200457301332
Extra Trees Target Transform,Extra Trees,baseline,log1p_abs,138.0,0.0,-0.5206257433761968,-0.5206257433761968,0.5206257433761968
Extra Trees Target Transform,Extra Trees,baseline,log1p_abs,138.0,0.0,-0.6992227607687369,-0.6992227607687369,0.6992227607687369
Extra Trees Target Transform,Extra Trees,baseline,log1p_abs,138.0,0.0,-1.435094374094395,-1.435094374094395,1.435094374094395
Extra Trees Target Transform,Extra Trees,baseline,log1p_abs,138.0,0.0,-1.5352905569321733,-1.5352905569321733,1.5352905569321733
Extra Trees Target Transform,Extra Trees,baseline,log1p_abs,139.0,0.333333333,-0.4977349886068457,-0.8310683216068457,0.8310683216068457
Extra Trees Target Transform,Extra Trees,baseline,log1p_abs,139.0,-0.5,-0.4408795291147295,0.059120470885270504,0.059120470885270504
Extra Trees Target Transform,Extra Trees,baseline,log1p_abs,139.0,0.0,-0.3386596671656777,-0.3386596671656777,0.3386596671656777
Extra Trees Target Transform,Extra Trees,baseline,log1p_abs,141.0,-1.0,-2.6189612580547283,-1.6189612580547283,1.6189612580547283
Extra Trees Target Transform,Extra Trees,baseline,log1p_abs,141.0,-0.666666667,-2.3828958676990415,-1.7162292006990416,1.7162292006990416
Extra Trees Target Transform,Extra Trees,baseline,log1p_abs,144.0,0.0,-0.19347450219989817,-0.19347450219989817,0.19347450219989817
Extra Trees Target Transform,Extra Trees,baseline,log1p_abs,144.0,0.0,-0.24639474676767492,-0.24639474676767492,0.24639474676767492
Extra Trees Target Transform,Extra Trees,baseline,log1p_abs,144.0,-1.107309333,-0.10156465264817231,1.0057446803518275,1.0057446803518275
Extra Trees Target Transform,Extra Trees,baseline,log1p_abs,156.0,-0.5,-0.626136808836367,-0.12613680883636702,0.12613680883636702
Extra Trees Target Transform,Extra Trees,baseline,log1p_abs,156.0,0.25,-0.6331029877019622,-0.8831029877019622,0.8831029877019622
Extra Trees Target Transform,Extra Trees,baseline,log1p_abs,156.0,1.0,-2.1658804297329985,-3.1658804297329985,3.1658804297329985
Extra Trees Target Transform,Extra Trees,baseline,log1p_abs,160.0,-1.0,-0.5652121918988601,0.4347878081011399,0.4347878081011399
Extra Trees Target Transform,Extra Trees,baseline,log1p_abs,160.0,-0.5,-1.5547387756141606,-1.0547387756141606,1.0547387756141606
Extra Trees Target Transform,Extra Trees,baseline,log1p_abs,160.0,-0.5,-0.4041060053989004,0.0958939946010996,0.0958939946010996
Extra Trees Target Transform,Extra Trees,baseline,log1p_abs,160.0,-1.0,-2.1219334985453058,-1.1219334985453058,1.1219334985453058
Extra Trees Target Transform,Extra Trees,baseline,log1p_abs,165.0,-1.0,-0.355093061383175,0.644906938616825,0.644906938616825
Extra Trees Target Transform,Extra Trees,baseline,log1p_abs,165.0,-0.333333333,-0.4944409540231818,-0.16110762102318177,0.16110762102318177
Extra Trees Target Transform,Extra Trees,baseline,log1p_abs,165.0,-1.160964,-0.3739265666524538,0.7870374333475463,0.7870374333475463
Extra Trees Target Transform,Extra Trees,baseline,log1p_abs,165.0,-1.0,-0.610945004790542,0.38905499520945797,0.38905499520945797
Extra Trees Target Transform,Extra Trees,baseline,log1p_abs,166.0,0.0,-0.6642321427698407,-0.6642321427698407,0.6642321427698407
Extra Trees Target Transform,Extra Trees,baseline,log1p_abs,166.0,0.0,-0.588815739709061,-0.588815739709061,0.588815739709061
Extra Trees Target Transform,Extra Trees,baseline,log1p_abs,166.0,-0.666666667,-0.7107966555217841,-0.04412998852178407,0.04412998852178407
Extra Trees Target Transform,Extra Trees,baseline,log1p_abs,166.0,0.0,-0.6085354241139765,-0.6085354241139765,0.6085354241139765
Extra Trees Target Transform,Extra Trees,baseline,log1p_abs,171.0,-0.166666667,-1.540117760169246,-1.3734510931692459,1.3734510931692459
Extra Trees Target Transform,Extra Trees,baseline,log1p_abs,171.0,0.0,-0.8710696059990357,-0.8710696059990357,0.8710696059990357
Extra Trees Target Transform,Extra Trees,baseline,log1p_abs,171.0,0.0,-1.9751553527548813,-1.9751553527548813,1.9751553527548813
Extra Trees Target Transform,Extra Trees,baseline,log1p_abs,171.0,-0.25,-1.5850920287743415,-1.3350920287743415,1.3350920287743415
Extra Trees Target Transform,Extra Trees,baseline,log1p_abs,176.0,-0.5,-0.7448119851670069,-0.24481198516700686,0.24481198516700686
Extra Trees Target Transform,Extra Trees,baseline,log1p_abs,176.0,-1.0,-1.1057455529789388,-0.10574555297893884,0.10574555297893884
Extra Trees Target Transform,Extra Trees,baseline,log1p_abs,188.0,0.0,-0.08651959281899337,-0.08651959281899337,0.08651959281899337
Extra Trees Target Transform,Extra Trees,baseline,log1p_abs,188.0,0.0,-0.49286388161198136,-0.49286388161198136,0.49286388161198136
Extra Trees Target Transform,Extra Trees,baseline,log1p_abs,194.0,0.0,-0.6453438545475235,-0.6453438545475235,0.6453438545475235
Extra Trees Target Transform,Extra Trees,baseline,log1p_abs,194.0,0.0,-1.6475737649583733,-1.6475737649583733,1.6475737649583733
Extra Trees Target Transform,Extra Trees,baseline,log1p_abs,194.0,0.0,-0.6315334606471652,-0.6315334606471652,0.6315334606471652
Extra Trees Target Transform,Extra Trees,baseline,log1p_abs,194.0,-0.333333333,-1.021910308863641,-0.688576975863641,0.688576975863641
Extra Trees Target Transform,Extra Trees,baseline,log1p_abs,196.0,0.0,-0.3868807131980281,-0.3868807131980281,0.3868807131980281
Extra Trees Target Transform,Extra Trees,baseline,log1p_abs,196.0,-1.0,-3.4663547857887513,-2.4663547857887513,2.4663547857887513
Extra Trees Target Transform,Extra Trees,baseline,log1p_abs,196.0,0.0,-2.130682940486504,-2.130682940486504,2.130682940486504
Extra Trees Target Transform,Extra Trees,baseline,log1p_abs,200.0,-2.321928,-2.1507112874438965,0.1712167125561037,0.1712167125561037
Extra Trees Target Transform,Extra Trees,baseline,log1p_abs,200.0,0.0,-0.5155639789398272,-0.5155639789398272,0.5155639789398272
Extra Trees Target Transform,Extra Trees,baseline,log1p_abs,200.0,0.0,-0.5632113647146252,-0.5632113647146252,0.5632113647146252
Extra Trees Target Transform,Extra Trees,baseline,log1p_abs,200.0,0.0,-0.4033165392168028,-0.4033165392168028,0.4033165392168028
Extra Trees Target Transform,Extra Trees,baseline,log1p_abs,200.0,0.0,-0.5817793133540174,-0.5817793133540174,0.5817793133540174
Extra Trees Target Transform,Extra Trees,baseline,log1p_abs,217.0,-0.2,-0.9479426567202613,-0.7479426567202614,0.7479426567202614
Extra Trees Target Transform,Extra Trees,baseline,log1p_abs,217.0,0.0,-1.199225820682061,-1.199225820682061,1.199225820682061
Extra Trees Target Transform,Extra Trees,baseline,log1p_abs,217.0,-0.924658667,-1.0842892949814409,-0.1596306279814409,0.1596306279814409
Extra Trees Target Transform,Extra Trees,baseline,log1p_abs,218.0,-2.321928,-0.2710441606192408,2.0508838393807594,2.0508838393807594
Extra Trees Target Transform,Extra Trees,baseline,log1p_abs,218.0,-3.321928,-1.5756727690069794,1.7462552309930208,1.7462552309930208
Extra Trees Target Transform,Extra Trees,baseline,log1p_abs,218.0,-4.321928,-0.2789878045767773,4.042940195423222,4.042940195423222
Extra Trees Target Transform,Extra Trees,baseline,log1p_abs,218.0,-4.321928,-0.5092811072953445,3.812646892704655,3.812646892704655
Extra Trees Target Transform,Extra Trees,baseline,log1p_abs,221.0,-0.666666667,-1.5545138514372678,-0.8878471844372678,0.8878471844372678
Extra Trees Target Transform,Extra Trees,baseline,log1p_abs,221.0,0.0,-0.5368303102937299,-0.5368303102937299,0.5368303102937299
Extra Trees Target Transform,Extra Trees,baseline,log1p_abs,221.0,0.0,-0.4230330111759559,-0.4230330111759559,0.4230330111759559
Extra Trees Target Transform,Extra Trees,baseline,log1p_abs,221.0,-1.0,-0.7282913035609743,0.27170869643902573,0.27170869643902573
Extra Trees Target Transform,Extra Trees,baseline,log1p_abs,221.0,0.0,-0.7459572996522928,-0.7459572996522928,0.7459572996522928
Extra Trees Target Transform,Extra Trees,baseline,log1p_abs,228.0,-1.0,-1.3703861367469359,-0.3703861367469359,0.3703861367469359
Extra Trees Target Transform,Extra Trees,baseline,log1p_abs,228.0,-1.881285333,-1.4350382570485203,0.4462470759514796,0.4462470759514796
Extra Trees Target Transform,Extra Trees,baseline,log1p_abs,228.0,-2.321928,-1.9214994752649757,0.40042852473502455,0.40042852473502455
Extra Trees Target Transform,Extra Trees,baseline,log1p_abs,233.0,-5.321928,-0.9924010015132473,4.329526998486752,4.329526998486752
Extra Trees Target Transform,Extra Trees,baseline,log1p_abs,233.0,0.0,-0.5880378459241031,-0.5880378459241031,0.5880378459241031
Extra Trees Target Transform,Extra Trees,baseline,log1p_abs,233.0,-5.321928,-1.5480861963128287,3.773841803687171,3.773841803687171
Extra Trees Target Transform,Extra Trees,baseline,log1p_abs,233.0,-3.321928,-2.0240915557460477,1.2978364442539525,1.2978364442539525
Extra Trees Target Transform,Extra Trees,baseline,log1p_abs,239.0,-5.321928,-2.232781612133339,3.089146387866661,3.089146387866661
Extra Trees Target Transform,Extra Trees,baseline,log1p_abs,239.0,-5.321928,-2.1033976003637767,3.218530399636223,3.218530399636223
Extra Trees Target Transform,Extra Trees,baseline,log1p_abs,239.0,-5.321928,-2.069374995099676,3.252553004900324,3.252553004900324
Extra Trees Target Transform,Extra Trees,baseline,log1p_abs,239.0,-5.321928,-2.2104203563822087,3.111507643617791,3.111507643617791
Extra Trees Target Transform,Extra Trees,baseline,log1p_abs,240.0,0.0,-0.9455983929212026,-0.9455983929212026,0.9455983929212026
Extra Trees Target Transform,Extra Trees,baseline,log1p_abs,240.0,-4.321928,-1.4914881504568538,2.830439849543146,2.830439849543146
Extra Trees Target Transform,Extra Trees,baseline,log1p_abs,240.0,-5.321928,-1.0470336247294485,4.274894375270551,4.274894375270551
Extra Trees Target Transform,Extra Trees,baseline,log1p_abs,240.0,-1.0,-0.8240310008023493,0.17596899919765074,0.17596899919765074
Extra Trees Target Transform,Extra Trees,baseline,log1p_abs,247.0,-5.321928,-1.7878731110796913,3.5340548889203083,3.5340548889203083
Extra Trees Target Transform,Extra Trees,baseline,log1p_abs,247.0,-5.321928,-2.5372017872696335,2.7847262127303662,2.7847262127303662
Extra Trees Target Transform,Extra Trees,baseline,log1p_abs,247.0,-0.25,-0.15670928835230327,0.09329071164769673,0.09329071164769673
Extra Trees Target Transform,Extra Trees,baseline,log1p_abs,247.0,-5.321928,-2.724371052074642,2.5975569479253577,2.5975569479253577
Extra Trees Target Transform,Extra Trees,baseline,log1p_abs,250.0,0.5,-0.6563545927369097,-1.1563545927369097,1.1563545927369097
Extra Trees Target Transform,Extra Trees,baseline,log1p_abs,250.0,1.0,-0.6669284391342433,-1.6669284391342432,1.6669284391342432
Extra Trees Target Transform,Extra Trees,baseline,log1p_abs,250.0,0.0,-0.9418663990769244,-0.9418663990769244,0.9418663990769244
Extra Trees Target Transform,Extra Trees,baseline,log1p_abs,250.0,0.0,-0.6010515838445737,-0.6010515838445737,0.6010515838445737
Extra Trees Target Transform,Extra Trees,baseline,log1p_abs,250.0,-0.333333333,-0.799758420832002,-0.466425087832002,0.466425087832002
Extra Trees Target Transform,Extra Trees,baseline,log1p_abs,250.0,0.0,-0.7514585330039126,-0.7514585330039126,0.7514585330039126
Extra Trees Target Transform,Extra Trees,baseline,log1p_abs,255.0,-3.321928,-1.8538739097267196,1.4680540902732806,1.4680540902732806
Extra Trees Target Transform,Extra Trees,baseline,log1p_abs,255.0,-1.7414459999999998,-1.0039313200866091,0.7375146799133907,0.7375146799133907
Extra Trees Target Transform,Extra Trees,baseline,log1p_abs,255.0,-1.881285333,-1.1442829149274132,0.7370024180725867,0.7370024180725867
Extra Trees Target Transform,Extra Trees,baseline,log1p_abs,263.0,-3.321928,-2.02730497378414,1.2946230262158602,1.2946230262158602
Extra Trees Target Transform,Extra Trees,baseline,log1p_abs,263.0,-3.988594667,-2.1033144461972437,1.8852802208027564,1.8852802208027564
Extra Trees Target Transform,Extra Trees,baseline,log1p_abs,273.0,0.0,-0.9569876789271351,-0.9569876789271351,0.9569876789271351
Extra Trees Target Transform,Extra Trees,baseline,log1p_abs,273.0,0.5,-0.6705807750967593,-1.1705807750967594,1.1705807750967594
Extra Trees Target Transform,Extra Trees,baseline,log1p_abs,273.0,0.0,-1.1449673803353502,-1.1449673803353502,1.1449673803353502
Extra Trees Target Transform,Extra Trees,baseline,log1p_abs,273.0,0.0,-0.9375337999031853,-0.9375337999031853,0.9375337999031853
Extra Trees Target Transform,Extra Trees,baseline,log1p_abs,278.0,-5.321928,-2.2605254581780763,3.0614025418219235,3.0614025418219235
Extra Trees Target Transform,Extra Trees,baseline,log1p_abs,278.0,0.0,-0.5532080155717705,-0.5532080155717705,0.5532080155717705
Extra Trees Target Transform,Extra Trees,baseline,log1p_abs,278.0,-4.321928,-1.5997925593248452,2.722135440675155,2.722135440675155
Extra Trees Target Transform,Extra Trees,baseline,log1p_abs,278.0,-1.0,-0.2190559659596796,0.7809440340403204,0.7809440340403204
Extra Trees Target Transform,Extra Trees,baseline,log1p_abs,278.0,0.0,-0.4350663903483738,-0.4350663903483738,0.4350663903483738
Extra Trees Target Transform,Extra Trees,baseline,log1p_abs,279.0,-1.0,-1.8728821006231937,-0.8728821006231937,0.8728821006231937
Extra Trees Target Transform,Extra Trees,baseline,log1p_abs,279.0,-5.321928,-2.665744892526633,2.6561831074733666,2.6561831074733666
Extra Trees Target Transform,Extra Trees,baseline,log1p_abs,279.0,-1.660964,-1.5456448450384856,0.11531915496151446,0.11531915496151446
Extra Trees Target Transform,Extra Trees,baseline,log1p_abs,283.0,0.0,-0.5171367654053703,-0.5171367654053703,0.5171367654053703
Extra Trees Target Transform,Extra Trees,baseline,log1p_abs,283.0,-0.333333333,-0.27941157868973965,0.05392175431026036,0.05392175431026036
Extra Trees Target Transform,Extra Trees,baseline,log1p_abs,283.0,0.0,-1.8333493238137457,-1.8333493238137457,1.8333493238137457
Extra Trees Target Transform,Extra Trees,baseline,log1p_abs,283.0,-4.321928,-3.132247633049223,1.189680366950777,1.189680366950777
Extra Trees Mild Extreme + Transform,Extra Trees,mild_extreme,log1p_abs,30.0,-0.386988,-0.43118034759474033,-0.04419234759474033,0.04419234759474033
Extra Trees Mild Extreme + Transform,Extra Trees,mild_extreme,log1p_abs,30.0,-1.0,-0.37938756423516573,0.6206124357648343,0.6206124357648343
Extra Trees Mild Extreme + Transform,Extra Trees,mild_extreme,log1p_abs,30.0,-2.321928,-0.42660262549386063,1.8953253745061396,1.8953253745061396
Extra Trees Mild Extreme + Transform,Extra Trees,mild_extreme,log1p_abs,30.0,1.0,-0.3602285556835155,-1.3602285556835154,1.3602285556835154
Extra Trees Mild Extreme + Transform,Extra Trees,mild_extreme,log1p_abs,30.0,0.0,-0.4035895057007674,-0.4035895057007674,0.4035895057007674
Extra Trees Mild Extreme + Transform,Extra Trees,mild_extreme,log1p_abs,33.0,0.0,-1.6604697897407596,-1.6604697897407596,1.6604697897407596
Extra Trees Mild Extreme + Transform,Extra Trees,mild_extreme,log1p_abs,33.0,-1.0,-1.3465336681144766,-0.3465336681144766,0.3465336681144766
Extra Trees Mild Extreme + Transform,Extra Trees,mild_extreme,log1p_abs,33.0,-1.0,-1.2568245811895904,-0.2568245811895904,0.2568245811895904
Extra Trees Mild Extreme + Transform,Extra Trees,mild_extreme,log1p_abs,33.0,0.0,-1.0533885150041495,-1.0533885150041495,1.0533885150041495
Extra Trees Mild Extreme + Transform,Extra Trees,mild_extreme,log1p_abs,34.0,-1.0643856000000005,-0.5836711845973024,0.4807144154026981,0.4807144154026981
Extra Trees Mild Extreme + Transform,Extra Trees,mild_extreme,log1p_abs,34.0,0.0,-0.5352202369313364,-0.5352202369313364,0.5352202369313364
Extra Trees Mild Extreme + Transform,Extra Trees,mild_extreme,log1p_abs,34.0,-5.321928,-1.5368237401042655,3.7851042598957343,3.7851042598957343
Extra Trees Mild Extreme + Transform,Extra Trees,mild_extreme,log1p_abs,34.0,-1.0,-0.5673517290474921,0.4326482709525079,0.4326482709525079
Extra Trees Mild Extreme + Transform,Extra Trees,mild_extreme,log1p_abs,34.0,-4.821928,-2.0764469709317406,2.745481029068259,2.745481029068259
Extra Trees Mild Extreme + Transform,Extra Trees,mild_extreme,log1p_abs,39.0,1.0,-1.2066524232605131,-2.206652423260513,2.206652423260513
Extra Trees Mild Extreme + Transform,Extra Trees,mild_extreme,log1p_abs,39.0,-0.5,-1.7518699590475384,-1.2518699590475384,1.2518699590475384
Extra Trees Mild Extreme + Transform,Extra Trees,mild_extreme,log1p_abs,39.0,0.0,-3.208234683453164,-3.208234683453164,3.208234683453164
Extra Trees Mild Extreme + Transform,Extra Trees,mild_extreme,log1p_abs,39.0,0.0,-2.939464912024547,-2.939464912024547,2.939464912024547
Extra Trees Mild Extreme + Transform,Extra Trees,mild_extreme,log1p_abs,39.0,0.0,-1.2258332889393795,-1.2258332889393795,1.2258332889393795
Extra Trees Mild Extreme + Transform,Extra Trees,mild_extreme,log1p_abs,42.0,-1.0,-0.9098529049093386,0.09014709509066143,0.09014709509066143
Extra Trees Mild Extreme + Transform,Extra Trees,mild_extreme,log1p_abs,42.0,0.25,-0.5396622670866942,-0.7896622670866942,0.7896622670866942
Extra Trees Mild Extreme + Transform,Extra Trees,mild_extreme,log1p_abs,42.0,-5.321928,-1.9588292198266328,3.3630987801733667,3.3630987801733667
Extra Trees Mild Extreme + Transform,Extra Trees,mild_extreme,log1p_abs,42.0,-5.321928,-2.5202948524804465,2.8016331475195533,2.8016331475195533
Extra Trees Mild Extreme + Transform,Extra Trees,mild_extreme,log1p_abs,43.0,-0.666666667,-0.9991188380754867,-0.33245217107548675,0.33245217107548675
Extra Trees Mild Extreme + Transform,Extra Trees,mild_extreme,log1p_abs,43.0,-3.321928,-1.3289552808275205,1.9929727191724798,1.9929727191724798
Extra Trees Mild Extreme + Transform,Extra Trees,mild_extreme,log1p_abs,43.0,-5.321928,-2.98987217512205,2.33205582487795,2.33205582487795
Extra Trees Mild Extreme + Transform,Extra Trees,mild_extreme,log1p_abs,43.0,-1.0,-0.907260087087694,0.09273991291230599,0.09273991291230599
Extra Trees Mild Extreme + Transform,Extra Trees,mild_extreme,log1p_abs,48.0,0.0,-1.531290773911043,-1.531290773911043,1.531290773911043
Extra Trees Mild Extreme + Transform,Extra Trees,mild_extreme,log1p_abs,48.0,-1.0,-1.8988618308891425,-0.8988618308891425,0.8988618308891425
Extra Trees Mild Extreme + Transform,Extra Trees,mild_extreme,log1p_abs,48.0,-1.0,-1.544885151898427,-0.544885151898427,0.544885151898427
Extra Trees Mild Extreme + Transform,Extra Trees,mild_extreme,log1p_abs,48.0,-1.991446,-2.0908761727894905,-0.0994301727894904,0.0994301727894904
Extra Trees Mild Extreme + Transform,Extra Trees,mild_extreme,log1p_abs,49.0,0.0,-0.32160891881422626,-0.32160891881422626,0.32160891881422626
Extra Trees Mild Extreme + Transform,Extra Trees,mild_extreme,log1p_abs,49.0,-2.321928,-1.5689374955864739,0.7529905044135263,0.7529905044135263
Extra Trees Mild Extreme + Transform,Extra Trees,mild_extreme,log1p_abs,49.0,0.0,-0.4686578915438425,-0.4686578915438425,0.4686578915438425
Extra Trees Mild Extreme + Transform,Extra Trees,mild_extreme,log1p_abs,49.0,-2.321928,-2.6437814611469186,-0.3218534611469184,0.3218534611469184
Extra Trees Mild Extreme + Transform,Extra Trees,mild_extreme,log1p_abs,49.0,-3.321928,-1.8396759054537706,1.4822520945462296,1.4822520945462296
Extra Trees Mild Extreme + Transform,Extra Trees,mild_extreme,log1p_abs,54.0,0.0,-0.5172625360994348,-0.5172625360994348,0.5172625360994348
Extra Trees Mild Extreme + Transform,Extra Trees,mild_extreme,log1p_abs,54.0,-1.370723,-3.589936884650542,-2.219213884650542,2.219213884650542
Extra Trees Mild Extreme + Transform,Extra Trees,mild_extreme,log1p_abs,54.0,0.25,-1.7298131190216723,-1.9798131190216723,1.9798131190216723
Extra Trees Mild Extreme + Transform,Extra Trees,mild_extreme,log1p_abs,54.0,0.333333333,-0.28795056141912406,-0.6212838944191241,0.6212838944191241
Extra Trees Mild Extreme + Transform,Extra Trees,mild_extreme,log1p_abs,57.0,0.0,-0.892819783166781,-0.892819783166781,0.892819783166781
Extra Trees Mild Extreme + Transform,Extra Trees,mild_extreme,log1p_abs,57.0,0.0,-0.9272028737774641,-0.9272028737774641,0.9272028737774641
Extra Trees Mild Extreme + Transform,Extra Trees,mild_extreme,log1p_abs,57.0,0.0,-0.670598610263809,-0.670598610263809,0.670598610263809
Extra Trees Mild Extreme + Transform,Extra Trees,mild_extreme,log1p_abs,57.0,0.0,-1.0441956612691508,-1.0441956612691508,1.0441956612691508
Extra Trees Mild Extreme + Transform,Extra Trees,mild_extreme,log1p_abs,69.0,-5.321928,-1.9861630985202638,3.335764901479736,3.335764901479736
Extra Trees Mild Extreme + Transform,Extra Trees,mild_extreme,log1p_abs,69.0,-2.821928,-1.2920876205802365,1.5298403794197637,1.5298403794197637
Extra Trees Mild Extreme + Transform,Extra Trees,mild_extreme,log1p_abs,69.0,-4.321928,-1.0145372602754492,3.3073907397245508,3.3073907397245508
Extra Trees Mild Extreme + Transform,Extra Trees,mild_extreme,log1p_abs,69.0,-1.214618667,-0.7170663005908651,0.497552366409135,0.497552366409135
Extra Trees Mild Extreme + Transform,Extra Trees,mild_extreme,log1p_abs,70.0,-1.0,-0.48981852020192324,0.5101814797980768,0.5101814797980768
Extra Trees Mild Extreme + Transform,Extra Trees,mild_extreme,log1p_abs,70.0,-1.5287712,-0.4956311989143008,1.0331400010856993,1.0331400010856993
Extra Trees Mild Extreme + Transform,Extra Trees,mild_extreme,log1p_abs,70.0,0.0,-1.2399263754104843,-1.2399263754104843,1.2399263754104843
Extra Trees Mild Extreme + Transform,Extra Trees,mild_extreme,log1p_abs,70.0,-4.321928,-0.8825836230837288,3.439344376916271,3.439344376916271
Extra Trees Mild Extreme + Transform,Extra Trees,mild_extreme,log1p_abs,70.0,-0.666666667,-0.5015775208372721,0.16508914616272785,0.16508914616272785
Extra Trees Mild Extreme + Transform,Extra Trees,mild_extreme,log1p_abs,90.0,0.0,-0.9453507993946306,-0.9453507993946306,0.9453507993946306
Extra Trees Mild Extreme + Transform,Extra Trees,mild_extreme,log1p_abs,90.0,-1.7739759999999998,-1.664308910946477,0.10966708905352274,0.10966708905352274
Extra Trees Mild Extreme + Transform,Extra Trees,mild_extreme,log1p_abs,90.0,0.0,-2.2707373727726416,-2.2707373727726416,2.2707373727726416
Extra Trees Mild Extreme + Transform,Extra Trees,mild_extreme,log1p_abs,90.0,-0.4,-1.0304342376447149,-0.6304342376447148,0.6304342376447148
Extra Trees Mild Extreme + Transform,Extra Trees,mild_extreme,log1p_abs,90.0,0.333333333,-2.692896054784118,-3.026229387784118,3.026229387784118
Extra Trees Mild Extreme + Transform,Extra Trees,mild_extreme,log1p_abs,91.0,-3.321928,-1.5224861868657462,1.799441813134254,1.799441813134254
Extra Trees Mild Extreme + Transform,Extra Trees,mild_extreme,log1p_abs,91.0,0.0,-0.7536812721641712,-0.7536812721641712,0.7536812721641712
Extra Trees Mild Extreme + Transform,Extra Trees,mild_extreme,log1p_abs,91.0,-2.321928,-1.1728038041575883,1.1491241958424119,1.1491241958424119
Extra Trees Mild Extreme + Transform,Extra Trees,mild_extreme,log1p_abs,91.0,-1.0,-0.8901311287181499,0.10986887128185008,0.10986887128185008
Extra Trees Mild Extreme + Transform,Extra Trees,mild_extreme,log1p_abs,92.0,-1.0,-1.414637696374921,-0.414637696374921,0.414637696374921
Extra Trees Mild Extreme + Transform,Extra Trees,mild_extreme,log1p_abs,92.0,-2.321928,-0.7308962583895727,1.5910317416104274,1.5910317416104274
Extra Trees Mild Extreme + Transform,Extra Trees,mild_extreme,log1p_abs,92.0,-0.428571429,-0.49741215318966636,-0.06884072418966636,0.06884072418966636
Extra Trees Mild Extreme + Transform,Extra Trees,mild_extreme,log1p_abs,92.0,0.2,-0.9626098220836753,-1.1626098220836754,1.1626098220836754
Extra Trees Mild Extreme + Transform,Extra Trees,mild_extreme,log1p_abs,92.0,-1.0,-0.7795969316878512,0.22040306831214884,0.22040306831214884
Extra Trees Mild Extreme + Transform,Extra Trees,mild_extreme,log1p_abs,97.0,-1.107309333,-0.4336861873278068,0.6736231456721931,0.6736231456721931
Extra Trees Mild Extreme + Transform,Extra Trees,mild_extreme,log1p_abs,97.0,0.0,-0.2630803610063276,-0.2630803610063276,0.2630803610063276
Extra Trees Mild Extreme + Transform,Extra Trees,mild_extreme,log1p_abs,97.0,0.25,-0.20481687596950515,-0.45481687596950515,0.45481687596950515
Extra Trees Mild Extreme + Transform,Extra Trees,mild_extreme,log1p_abs,97.0,0.0,-1.334734087356354,-1.334734087356354,1.334734087356354
Extra Trees Mild Extreme + Transform,Extra Trees,mild_extreme,log1p_abs,99.0,-0.5,-1.927014775274468,-1.427014775274468,1.427014775274468
Extra Trees Mild Extreme + Transform,Extra Trees,mild_extreme,log1p_abs,99.0,0.0,-1.3460714853266957,-1.3460714853266957,1.3460714853266957
Extra Trees Mild Extreme + Transform,Extra Trees,mild_extreme,log1p_abs,99.0,-2.321928,-1.7715137391554294,0.5504142608445708,0.5504142608445708
Extra Trees Mild Extreme + Transform,Extra Trees,mild_extreme,log1p_abs,99.0,0.0,-1.0823417635553811,-1.0823417635553811,1.0823417635553811
Extra Trees Mild Extreme + Transform,Extra Trees,mild_extreme,log1p_abs,102.0,-0.5,-0.416788158830671,0.083211841169329,0.083211841169329
Extra Trees Mild Extreme + Transform,Extra Trees,mild_extreme,log1p_abs,102.0,0.333333333,-0.424560374054234,-0.757893707054234,0.757893707054234
Extra Trees Mild Extreme + Transform,Extra Trees,mild_extreme,log1p_abs,102.0,-0.666666667,-0.43336792300308385,0.23329874399691614,0.23329874399691614
Extra Trees Mild Extreme + Transform,Extra Trees,mild_extreme,log1p_abs,102.0,0.0,-0.3101261924161427,-0.3101261924161427,0.3101261924161427
Extra Trees Mild Extreme + Transform,Extra Trees,mild_extreme,log1p_abs,103.0,-0.666666667,-2.2288671765727965,-1.5622005095727967,1.5622005095727967
Extra Trees Mild Extreme + Transform,Extra Trees,mild_extreme,log1p_abs,110.0,0.0,-1.1211899831140122,-1.1211899831140122,1.1211899831140122
Extra Trees Mild Extreme + Transform,Extra Trees,mild_extreme,log1p_abs,110.0,-0.5,-0.9484719644557229,-0.4484719644557229,0.4484719644557229
Extra Trees Mild Extreme + Transform,Extra Trees,mild_extreme,log1p_abs,110.0,-1.0,-0.9443473160281528,0.055652683971847194,0.055652683971847194
Extra Trees Mild Extreme + Transform,Extra Trees,mild_extreme,log1p_abs,110.0,-2.321928,-1.2179036245562915,1.1040243754437087,1.1040243754437087
Extra Trees Mild Extreme + Transform,Extra Trees,mild_extreme,log1p_abs,120.0,-2.321928,-0.5876040630228327,1.7343239369771675,1.7343239369771675
Extra Trees Mild Extreme + Transform,Extra Trees,mild_extreme,log1p_abs,120.0,-3.821928,-1.9078673961507842,1.914060603849216,1.914060603849216
Extra Trees Mild Extreme + Transform,Extra Trees,mild_extreme,log1p_abs,125.0,0.0,-0.41501434739893084,-0.41501434739893084,0.41501434739893084
Extra Trees Mild Extreme + Transform,Extra Trees,mild_extreme,log1p_abs,125.0,0.0,-0.3026172682726219,-0.3026172682726219,0.3026172682726219
Extra Trees Mild Extreme + Transform,Extra Trees,mild_extreme,log1p_abs,125.0,0.0,-0.5420960059546999,-0.5420960059546999,0.5420960059546999
Extra Trees Mild Extreme + Transform,Extra Trees,mild_extreme,log1p_abs,125.0,-5.321928,-2.519281928975869,2.8026460710241308,2.8026460710241308
Extra Trees Mild Extreme + Transform,Extra Trees,mild_extreme,log1p_abs,125.0,-2.321928,-1.8268154882768672,0.495112511723133,0.495112511723133
Extra Trees Mild Extreme + Transform,Extra Trees,mild_extreme,log1p_abs,133.0,-3.821928,-0.4376308419803203,3.38429715801968,3.38429715801968
Extra Trees Mild Extreme + Transform,Extra Trees,mild_extreme,log1p_abs,133.0,0.0,-0.41432278177722354,-0.41432278177722354,0.41432278177722354
Extra Trees Mild Extreme + Transform,Extra Trees,mild_extreme,log1p_abs,135.0,-3.321928,-1.626143552646513,1.6957844473534873,1.6957844473534873
Extra Trees Mild Extreme + Transform,Extra Trees,mild_extreme,log1p_abs,135.0,0.0,-0.47817884593685367,-0.47817884593685367,0.47817884593685367
Extra Trees Mild Extreme + Transform,Extra Trees,mild_extreme,log1p_abs,135.0,-2.321928,-0.854132410018597,1.4677955899814032,1.4677955899814032
Extra Trees Mild Extreme + Transform,Extra Trees,mild_extreme,log1p_abs,138.0,0.0,-0.6229148410620564,-0.6229148410620564,0.6229148410620564
Extra Trees Mild Extreme + Transform,Extra Trees,mild_extreme,log1p_abs,138.0,0.0,-0.7384240426499386,-0.7384240426499386,0.7384240426499386
Extra Trees Mild Extreme + Transform,Extra Trees,mild_extreme,log1p_abs,138.0,0.0,-1.583919934006672,-1.583919934006672,1.583919934006672
Extra Trees Mild Extreme + Transform,Extra Trees,mild_extreme,log1p_abs,138.0,0.0,-1.5030878448534037,-1.5030878448534037,1.5030878448534037
Extra Trees Mild Extreme + Transform,Extra Trees,mild_extreme,log1p_abs,139.0,0.333333333,-0.5166216418543416,-0.8499549748543416,0.8499549748543416
Extra Trees Mild Extreme + Transform,Extra Trees,mild_extreme,log1p_abs,139.0,-0.5,-0.4849377989965639,0.015062201003436082,0.015062201003436082
Extra Trees Mild Extreme + Transform,Extra Trees,mild_extreme,log1p_abs,139.0,0.0,-0.3377104039709906,-0.3377104039709906,0.3377104039709906
Extra Trees Mild Extreme + Transform,Extra Trees,mild_extreme,log1p_abs,141.0,-1.0,-2.67405962667604,-1.6740596266760401,1.6740596266760401
Extra Trees Mild Extreme + Transform,Extra Trees,mild_extreme,log1p_abs,141.0,-0.666666667,-2.6291645732195423,-1.9624979062195425,1.9624979062195425
Extra Trees Mild Extreme + Transform,Extra Trees,mild_extreme,log1p_abs,144.0,0.0,-0.27766800016616294,-0.27766800016616294,0.27766800016616294
Extra Trees Mild Extreme + Transform,Extra Trees,mild_extreme,log1p_abs,144.0,0.0,-0.32657215258747996,-0.32657215258747996,0.32657215258747996
Extra Trees Mild Extreme + Transform,Extra Trees,mild_extreme,log1p_abs,144.0,-1.107309333,-0.15214631538716678,0.9551630176128332,0.9551630176128332
Extra Trees Mild Extreme + Transform,Extra Trees,mild_extreme,log1p_abs,156.0,-0.5,-0.6951760890366628,-0.19517608903666284,0.19517608903666284
Extra Trees Mild Extreme + Transform,Extra Trees,mild_extreme,log1p_abs,156.0,0.25,-0.8313168376269232,-1.081316837626923,1.081316837626923
Extra Trees Mild Extreme + Transform,Extra Trees,mild_extreme,log1p_abs,156.0,1.0,-2.319178705105846,-3.319178705105846,3.319178705105846
Extra Trees Mild Extreme + Transform,Extra Trees,mild_extreme,log1p_abs,160.0,-1.0,-0.5275586544930234,0.4724413455069766,0.4724413455069766
Extra Trees Mild Extreme + Transform,Extra Trees,mild_extreme,log1p_abs,160.0,-0.5,-1.556998205300787,-1.056998205300787,1.056998205300787
Extra Trees Mild Extreme + Transform,Extra Trees,mild_extreme,log1p_abs,160.0,-0.5,-0.4169431402435041,0.0830568597564959,0.0830568597564959
Extra Trees Mild Extreme + Transform,Extra Trees,mild_extreme,log1p_abs,160.0,-1.0,-2.517857730668234,-1.5178577306682342,1.5178577306682342
Extra Trees Mild Extreme + Transform,Extra Trees,mild_extreme,log1p_abs,165.0,-1.0,-0.5141990824670251,0.48580091753297494,0.48580091753297494
Extra Trees Mild Extreme + Transform,Extra Trees,mild_extreme,log1p_abs,165.0,-0.333333333,-0.6594637569465625,-0.32613042394656244,0.32613042394656244
Extra Trees Mild Extreme + Transform,Extra Trees,mild_extreme,log1p_abs,165.0,-1.160964,-0.46740349835792017,0.6935605016420799,0.6935605016420799
Extra Trees Mild Extreme + Transform,Extra Trees,mild_extreme,log1p_abs,165.0,-1.0,-0.7390856190690414,0.26091438093095864,0.26091438093095864
Extra Trees Mild Extreme + Transform,Extra Trees,mild_extreme,log1p_abs,166.0,0.0,-0.7760521232114108,-0.7760521232114108,0.7760521232114108
Extra Trees Mild Extreme + Transform,Extra Trees,mild_extreme,log1p_abs,166.0,0.0,-0.726187731636837,-0.726187731636837,0.726187731636837
Extra Trees Mild Extreme + Transform,Extra Trees,mild_extreme,log1p_abs,166.0,-0.666666667,-0.8631986744175535,-0.1965320074175535,0.1965320074175535
Extra Trees Mild Extreme + Transform,Extra Trees,mild_extreme,log1p_abs,166.0,0.0,-0.721931265846434,-0.721931265846434,0.721931265846434
Extra Trees Mild Extreme + Transform,Extra Trees,mild_extreme,log1p_abs,171.0,-0.166666667,-1.663547106081958,-1.496880439081958,1.496880439081958
Extra Trees Mild Extreme + Transform,Extra Trees,mild_extreme,log1p_abs,171.0,0.0,-1.0020796237740552,-1.0020796237740552,1.0020796237740552
Extra Trees Mild Extreme + Transform,Extra Trees,mild_extreme,log1p_abs,171.0,0.0,-2.17362913500735,-2.17362913500735,2.17362913500735
Extra Trees Mild Extreme + Transform,Extra Trees,mild_extreme,log1p_abs,171.0,-0.25,-1.634727729762649,-1.384727729762649,1.384727729762649
Extra Trees Mild Extreme + Transform,Extra Trees,mild_extreme,log1p_abs,176.0,-0.5,-0.8279765791839472,-0.3279765791839472,0.3279765791839472
Extra Trees Mild Extreme + Transform,Extra Trees,mild_extreme,log1p_abs,176.0,-1.0,-1.0783881667630657,-0.0783881667630657,0.0783881667630657
Extra Trees Mild Extreme + Transform,Extra Trees,mild_extreme,log1p_abs,188.0,0.0,-0.09991872272335733,-0.09991872272335733,0.09991872272335733
Extra Trees Mild Extreme + Transform,Extra Trees,mild_extreme,log1p_abs,188.0,0.0,-0.5190790412267121,-0.5190790412267121,0.5190790412267121
Extra Trees Mild Extreme + Transform,Extra Trees,mild_extreme,log1p_abs,194.0,0.0,-0.6436998291063999,-0.6436998291063999,0.6436998291063999
Extra Trees Mild Extreme + Transform,Extra Trees,mild_extreme,log1p_abs,194.0,0.0,-1.9755442883244363,-1.9755442883244363,1.9755442883244363
Extra Trees Mild Extreme + Transform,Extra Trees,mild_extreme,log1p_abs,194.0,0.0,-0.6869159159998315,-0.6869159159998315,0.6869159159998315
Extra Trees Mild Extreme + Transform,Extra Trees,mild_extreme,log1p_abs,194.0,-0.333333333,-1.0913026054127362,-0.7579692724127362,0.7579692724127362
Extra Trees Mild Extreme + Transform,Extra Trees,mild_extreme,log1p_abs,196.0,0.0,-0.4024287808622286,-0.4024287808622286,0.4024287808622286
Extra Trees Mild Extreme + Transform,Extra Trees,mild_extreme,log1p_abs,196.0,-1.0,-3.6948182360193607,-2.6948182360193607,2.6948182360193607
Extra Trees Mild Extreme + Transform,Extra Trees,mild_extreme,log1p_abs,196.0,0.0,-2.39084753952403,-2.39084753952403,2.39084753952403
Extra Trees Mild Extreme + Transform,Extra Trees,mild_extreme,log1p_abs,200.0,-2.321928,-2.245726327678365,0.076201672321635,0.076201672321635
Extra Trees Mild Extreme + Transform,Extra Trees,mild_extreme,log1p_abs,200.0,0.0,-0.5358508229097994,-0.5358508229097994,0.5358508229097994
Extra Trees Mild Extreme + Transform,Extra Trees,mild_extreme,log1p_abs,200.0,0.0,-0.5959810880850698,-0.5959810880850698,0.5959810880850698
Extra Trees Mild Extreme + Transform,Extra Trees,mild_extreme,log1p_abs,200.0,0.0,-0.45795065471968893,-0.45795065471968893,0.45795065471968893
Extra Trees Mild Extreme + Transform,Extra Trees,mild_extreme,log1p_abs,200.0,0.0,-0.6447355795623961,-0.6447355795623961,0.6447355795623961
Extra Trees Mild Extreme + Transform,Extra Trees,mild_extreme,log1p_abs,217.0,-0.2,-0.9837004010980038,-0.7837004010980038,0.7837004010980038
Extra Trees Mild Extreme + Transform,Extra Trees,mild_extreme,log1p_abs,217.0,0.0,-1.3165102599640572,-1.3165102599640572,1.3165102599640572
Extra Trees Mild Extreme + Transform,Extra Trees,mild_extreme,log1p_abs,217.0,-0.924658667,-1.4680672542034483,-0.5434085872034483,0.5434085872034483
Extra Trees Mild Extreme + Transform,Extra Trees,mild_extreme,log1p_abs,218.0,-2.321928,-0.31523672705404804,2.006691272945952,2.006691272945952
Extra Trees Mild Extreme + Transform,Extra Trees,mild_extreme,log1p_abs,218.0,-3.321928,-1.7462405550189033,1.575687444981097,1.575687444981097
Extra Trees Mild Extreme + Transform,Extra Trees,mild_extreme,log1p_abs,218.0,-4.321928,-0.3261025066044576,3.995825493395542,3.995825493395542
Extra Trees Mild Extreme + Transform,Extra Trees,mild_extreme,log1p_abs,218.0,-4.321928,-0.45710041621158054,3.8648275837884194,3.8648275837884194
Extra Trees Mild Extreme + Transform,Extra Trees,mild_extreme,log1p_abs,221.0,-0.666666667,-1.5186009863880503,-0.8519343193880503,0.8519343193880503
Extra Trees Mild Extreme + Transform,Extra Trees,mild_extreme,log1p_abs,221.0,0.0,-0.5459740041184682,-0.5459740041184682,0.5459740041184682
Extra Trees Mild Extreme + Transform,Extra Trees,mild_extreme,log1p_abs,221.0,0.0,-0.4491994464771017,-0.4491994464771017,0.4491994464771017
Extra Trees Mild Extreme + Transform,Extra Trees,mild_extreme,log1p_abs,221.0,-1.0,-0.7919104856921005,0.20808951430789946,0.20808951430789946
Extra Trees Mild Extreme + Transform,Extra Trees,mild_extreme,log1p_abs,221.0,0.0,-0.7533081938960531,-0.7533081938960531,0.7533081938960531
Extra Trees Mild Extreme + Transform,Extra Trees,mild_extreme,log1p_abs,228.0,-1.0,-1.5309350117420113,-0.5309350117420113,0.5309350117420113
Extra Trees Mild Extreme + Transform,Extra Trees,mild_extreme,log1p_abs,228.0,-1.881285333,-1.6494443483405337,0.23184098465946623,0.23184098465946623
Extra Trees Mild Extreme + Transform,Extra Trees,mild_extreme,log1p_abs,228.0,-2.321928,-2.0556754690144854,0.2662525309855148,0.2662525309855148
Extra Trees Mild Extreme + Transform,Extra Trees,mild_extreme,log1p_abs,233.0,-5.321928,-1.1488050033094428,4.173122996690557,4.173122996690557
Extra Trees Mild Extreme + Transform,Extra Trees,mild_extreme,log1p_abs,233.0,0.0,-0.6371732132765863,-0.6371732132765863,0.6371732132765863
Extra Trees Mild Extreme + Transform,Extra Trees,mild_extreme,log1p_abs,233.0,-5.321928,-1.6385149573240099,3.6834130426759897,3.6834130426759897
Extra Trees Mild Extreme + Transform,Extra Trees,mild_extreme,log1p_abs,233.0,-3.321928,-2.0569431121160866,1.2649848878839136,1.2649848878839136
Extra Trees Mild Extreme + Transform,Extra Trees,mild_extreme,log1p_abs,239.0,-5.321928,-2.3502176063191893,2.9717103936808105,2.9717103936808105
Extra Trees Mild Extreme + Transform,Extra Trees,mild_extreme,log1p_abs,239.0,-5.321928,-2.3216590519738127,3.000268948026187,3.000268948026187
Extra Trees Mild Extreme + Transform,Extra Trees,mild_extreme,log1p_abs,239.0,-5.321928,-2.2964565717692205,3.0254714282307793,3.0254714282307793
Extra Trees Mild Extreme + Transform,Extra Trees,mild_extreme,log1p_abs,239.0,-5.321928,-2.381565157911401,2.9403628420885988,2.9403628420885988
Extra Trees Mild Extreme + Transform,Extra Trees,mild_extreme,log1p_abs,240.0,0.0,-0.9395111631232379,-0.9395111631232379,0.9395111631232379
Extra Trees Mild Extreme + Transform,Extra Trees,mild_extreme,log1p_abs,240.0,-4.321928,-1.4823642530828438,2.8395637469171557,2.8395637469171557
Extra Trees Mild Extreme + Transform,Extra Trees,mild_extreme,log1p_abs,240.0,-5.321928,-1.123949830446197,4.197978169553803,4.197978169553803
Extra Trees Mild Extreme + Transform,Extra Trees,mild_extreme,log1p_abs,240.0,-1.0,-0.7240446216768645,0.27595537832313555,0.27595537832313555
Extra Trees Mild Extreme + Transform,Extra Trees,mild_extreme,log1p_abs,247.0,-5.321928,-2.0242623487911917,3.297665651208808,3.297665651208808
Extra Trees Mild Extreme + Transform,Extra Trees,mild_extreme,log1p_abs,247.0,-5.321928,-2.8804945638245387,2.441433436175461,2.441433436175461
Extra Trees Mild Extreme + Transform,Extra Trees,mild_extreme,log1p_abs,247.0,-0.25,-0.16388493182840974,0.08611506817159026,0.08611506817159026
Extra Trees Mild Extreme + Transform,Extra Trees,mild_extreme,log1p_abs,247.0,-5.321928,-2.912980068353163,2.408947931646837,2.408947931646837
Extra Trees Mild Extreme + Transform,Extra Trees,mild_extreme,log1p_abs,250.0,0.5,-0.7554083471308382,-1.2554083471308382,1.2554083471308382
Extra Trees Mild Extreme + Transform,Extra Trees,mild_extreme,log1p_abs,250.0,1.0,-0.7492049927179051,-1.749204992717905,1.749204992717905
Extra Trees Mild Extreme + Transform,Extra Trees,mild_extreme,log1p_abs,250.0,0.0,-0.9632719803749645,-0.9632719803749645,0.9632719803749645
Extra Trees Mild Extreme + Transform,Extra Trees,mild_extreme,log1p_abs,250.0,0.0,-0.6814665470439334,-0.6814665470439334,0.6814665470439334
Extra Trees Mild Extreme + Transform,Extra Trees,mild_extreme,log1p_abs,250.0,-0.333333333,-0.8520025240201551,-0.5186691910201551,0.5186691910201551
Extra Trees Mild Extreme + Transform,Extra Trees,mild_extreme,log1p_abs,250.0,0.0,-0.7816243829819043,-0.7816243829819043,0.7816243829819043
Extra Trees Mild Extreme + Transform,Extra Trees,mild_extreme,log1p_abs,255.0,-3.321928,-1.9275248696464335,1.3944031303535667,1.3944031303535667
Extra Trees Mild Extreme + Transform,Extra Trees,mild_extreme,log1p_abs,255.0,-1.7414459999999998,-0.9928162392210208,0.748629760778979,0.748629760778979
Extra Trees Mild Extreme + Transform,Extra Trees,mild_extreme,log1p_abs,255.0,-1.881285333,-1.1680484878086892,0.7132368451913107,0.7132368451913107
Extra Trees Mild Extreme + Transform,Extra Trees,mild_extreme,log1p_abs,263.0,-3.321928,-2.0404402748672728,1.2814877251327275,1.2814877251327275
Extra Trees Mild Extreme + Transform,Extra Trees,mild_extreme,log1p_abs,263.0,-3.988594667,-2.161581320052078,1.827013346947922,1.827013346947922
Extra Trees Mild Extreme + Transform,Extra Trees,mild_extreme,log1p_abs,273.0,0.0,-0.8610334410698035,-0.8610334410698035,0.8610334410698035
Extra Trees Mild Extreme + Transform,Extra Trees,mild_extreme,log1p_abs,273.0,0.5,-0.7067425769435116,-1.2067425769435116,1.2067425769435116
Extra Trees Mild Extreme + Transform,Extra Trees,mild_extreme,log1p_abs,273.0,0.0,-1.1509147498341974,-1.1509147498341974,1.1509147498341974
Extra Trees Mild Extreme + Transform,Extra Trees,mild_extreme,log1p_abs,273.0,0.0,-0.8856287599981152,-0.8856287599981152,0.8856287599981152
Extra Trees Mild Extreme + Transform,Extra Trees,mild_extreme,log1p_abs,278.0,-5.321928,-2.2451408387024454,3.0767871612975544,3.0767871612975544
Extra Trees Mild Extreme + Transform,Extra Trees,mild_extreme,log1p_abs,278.0,0.0,-0.5631214439977028,-0.5631214439977028,0.5631214439977028
Extra Trees Mild Extreme + Transform,Extra Trees,mild_extreme,log1p_abs,278.0,-4.321928,-1.679917243221192,2.6420107567788076,2.6420107567788076
Extra Trees Mild Extreme + Transform,Extra Trees,mild_extreme,log1p_abs,278.0,-1.0,-0.21986115512094434,0.7801388448790556,0.7801388448790556
Extra Trees Mild Extreme + Transform,Extra Trees,mild_extreme,log1p_abs,278.0,0.0,-0.44169190871038844,-0.44169190871038844,0.44169190871038844
Extra Trees Mild Extreme + Transform,Extra Trees,mild_extreme,log1p_abs,279.0,-1.0,-2.0043331253975545,-1.0043331253975545,1.0043331253975545
Extra Trees Mild Extreme + Transform,Extra Trees,mild_extreme,log1p_abs,279.0,-5.321928,-2.980044971504795,2.3418830284952046,2.3418830284952046
Extra Trees Mild Extreme + Transform,Extra Trees,mild_extreme,log1p_abs,279.0,-1.660964,-1.638951407860905,0.02201259213909501,0.02201259213909501
Extra Trees Mild Extreme + Transform,Extra Trees,mild_extreme,log1p_abs,283.0,0.0,-0.5798018624826633,-0.5798018624826633,0.5798018624826633
Extra Trees Mild Extreme + Transform,Extra Trees,mild_extreme,log1p_abs,283.0,-0.333333333,-0.2978082939945133,0.0355250390054867,0.0355250390054867
Extra Trees Mild Extreme + Transform,Extra Trees,mild_extreme,log1p_abs,283.0,0.0,-2.076990171057537,-2.076990171057537,2.076990171057537
Extra Trees Mild Extreme + Transform,Extra Trees,mild_extreme,log1p_abs,283.0,-4.321928,-3.2208657032298174,1.1010622967701824,1.1010622967701824
Extra Trees Moderate Extreme + Transform,Extra Trees,moderate_extreme,log1p_abs,30.0,-0.386988,-0.442779327705445,-0.05579132770544498,0.05579132770544498
Extra Trees Moderate Extreme + Transform,Extra Trees,moderate_extreme,log1p_abs,30.0,-1.0,-0.38652080592756566,0.6134791940724343,0.6134791940724343
Extra Trees Moderate Extreme + Transform,Extra Trees,moderate_extreme,log1p_abs,30.0,-2.321928,-0.39595110987955284,1.9259768901204475,1.9259768901204475
Extra Trees Moderate Extreme + Transform,Extra Trees,moderate_extreme,log1p_abs,30.0,1.0,-0.39832911885236305,-1.398329118852363,1.398329118852363
Extra Trees Moderate Extreme + Transform,Extra Trees,moderate_extreme,log1p_abs,30.0,0.0,-0.43850495752309243,-0.43850495752309243,0.43850495752309243
Extra Trees Moderate Extreme + Transform,Extra Trees,moderate_extreme,log1p_abs,33.0,0.0,-1.9547208268958367,-1.9547208268958367,1.9547208268958367
Extra Trees Moderate Extreme + Transform,Extra Trees,moderate_extreme,log1p_abs,33.0,-1.0,-1.7059625133092684,-0.7059625133092684,0.7059625133092684
Extra Trees Moderate Extreme + Transform,Extra Trees,moderate_extreme,log1p_abs,33.0,-1.0,-1.5202699856041033,-0.5202699856041033,0.5202699856041033
Extra Trees Moderate Extreme + Transform,Extra Trees,moderate_extreme,log1p_abs,33.0,0.0,-1.2069158842351784,-1.2069158842351784,1.2069158842351784
Extra Trees Moderate Extreme + Transform,Extra Trees,moderate_extreme,log1p_abs,34.0,-1.0643856000000005,-0.6953887850521401,0.3689968149478604,0.3689968149478604
Extra Trees Moderate Extreme + Transform,Extra Trees,moderate_extreme,log1p_abs,34.0,0.0,-0.6049069079709181,-0.6049069079709181,0.6049069079709181
Extra Trees Moderate Extreme + Transform,Extra Trees,moderate_extreme,log1p_abs,34.0,-5.321928,-1.8738269275014698,3.44810107249853,3.44810107249853
Extra Trees Moderate Extreme + Transform,Extra Trees,moderate_extreme,log1p_abs,34.0,-1.0,-0.5908671943891172,0.40913280561088283,0.40913280561088283
Extra Trees Moderate Extreme + Transform,Extra Trees,moderate_extreme,log1p_abs,34.0,-4.821928,-2.474304146718045,2.347623853281955,2.347623853281955
Extra Trees Moderate Extreme + Transform,Extra Trees,moderate_extreme,log1p_abs,39.0,1.0,-1.2015377010155741,-2.201537701015574,2.201537701015574
Extra Trees Moderate Extreme + Transform,Extra Trees,moderate_extreme,log1p_abs,39.0,-0.5,-1.8215124696889347,-1.3215124696889347,1.3215124696889347
Extra Trees Moderate Extreme + Transform,Extra Trees,moderate_extreme,log1p_abs,39.0,0.0,-3.4661564177568214,-3.4661564177568214,3.4661564177568214
Extra Trees Moderate Extreme + Transform,Extra Trees,moderate_extreme,log1p_abs,39.0,0.0,-3.204877118106559,-3.204877118106559,3.204877118106559
Extra Trees Moderate Extreme + Transform,Extra Trees,moderate_extreme,log1p_abs,39.0,0.0,-1.2167300861411567,-1.2167300861411567,1.2167300861411567
Extra Trees Moderate Extreme + Transform,Extra Trees,moderate_extreme,log1p_abs,42.0,-1.0,-0.9520769406458167,0.047923059354183284,0.047923059354183284
Extra Trees Moderate Extreme + Transform,Extra Trees,moderate_extreme,log1p_abs,42.0,0.25,-0.5589418186538687,-0.8089418186538687,0.8089418186538687
Extra Trees Moderate Extreme + Transform,Extra Trees,moderate_extreme,log1p_abs,42.0,-5.321928,-1.9012643265214604,3.4206636734785394,3.4206636734785394
Extra Trees Moderate Extreme + Transform,Extra Trees,moderate_extreme,log1p_abs,42.0,-5.321928,-2.6408357255408705,2.6810922744591292,2.6810922744591292
Extra Trees Moderate Extreme + Transform,Extra Trees,moderate_extreme,log1p_abs,43.0,-0.666666667,-1.051621047087546,-0.384954380087546,0.384954380087546
Extra Trees Moderate Extreme + Transform,Extra Trees,moderate_extreme,log1p_abs,43.0,-3.321928,-1.5181856437718064,1.8037423562281938,1.8037423562281938
Extra Trees Moderate Extreme + Transform,Extra Trees,moderate_extreme,log1p_abs,43.0,-5.321928,-3.0859978735634184,2.2359301264365814,2.2359301264365814
Extra Trees Moderate Extreme + Transform,Extra Trees,moderate_extreme,log1p_abs,43.0,-1.0,-0.9914904599335691,0.008509540066430898,0.008509540066430898
Extra Trees Moderate Extreme + Transform,Extra Trees,moderate_extreme,log1p_abs,48.0,0.0,-1.5094062236738657,-1.5094062236738657,1.5094062236738657
Extra Trees Moderate Extreme + Transform,Extra Trees,moderate_extreme,log1p_abs,48.0,-1.0,-2.10932871854331,-1.1093287185433098,1.1093287185433098
Extra Trees Moderate Extreme + Transform,Extra Trees,moderate_extreme,log1p_abs,48.0,-1.0,-1.5711430939588757,-0.5711430939588757,0.5711430939588757
Extra Trees Moderate Extreme + Transform,Extra Trees,moderate_extreme,log1p_abs,48.0,-1.991446,-2.3366239438478313,-0.3451779438478313,0.3451779438478313
Extra Trees Moderate Extreme + Transform,Extra Trees,moderate_extreme,log1p_abs,49.0,0.0,-0.3620674323405473,-0.3620674323405473,0.3620674323405473
Extra Trees Moderate Extreme + Transform,Extra Trees,moderate_extreme,log1p_abs,49.0,-2.321928,-1.593927002567131,0.7280009974328692,0.7280009974328692
Extra Trees Moderate Extreme + Transform,Extra Trees,moderate_extreme,log1p_abs,49.0,0.0,-0.5301431353689029,-0.5301431353689029,0.5301431353689029
Extra Trees Moderate Extreme + Transform,Extra Trees,moderate_extreme,log1p_abs,49.0,-2.321928,-2.690278953076192,-0.3683509530761917,0.3683509530761917
Extra Trees Moderate Extreme + Transform,Extra Trees,moderate_extreme,log1p_abs,49.0,-3.321928,-1.936501533763991,1.3854264662360092,1.3854264662360092
Extra Trees Moderate Extreme + Transform,Extra Trees,moderate_extreme,log1p_abs,54.0,0.0,-0.6138377755053425,-0.6138377755053425,0.6138377755053425
Extra Trees Moderate Extreme + Transform,Extra Trees,moderate_extreme,log1p_abs,54.0,-1.370723,-3.7394172720965217,-2.368694272096522,2.368694272096522
Extra Trees Moderate Extreme + Transform,Extra Trees,moderate_extreme,log1p_abs,54.0,0.25,-1.9635799005841374,-2.2135799005841372,2.2135799005841372
Extra Trees Moderate Extreme + Transform,Extra Trees,moderate_extreme,log1p_abs,54.0,0.333333333,-0.28677277002686147,-0.6201061030268615,0.6201061030268615
Extra Trees Moderate Extreme + Transform,Extra Trees,moderate_extreme,log1p_abs,57.0,0.0,-0.9147740822982715,-0.9147740822982715,0.9147740822982715
Extra Trees Moderate Extreme + Transform,Extra Trees,moderate_extreme,log1p_abs,57.0,0.0,-1.0188364091616409,-1.0188364091616409,1.0188364091616409
Extra Trees Moderate Extreme + Transform,Extra Trees,moderate_extreme,log1p_abs,57.0,0.0,-0.7504749928610728,-0.7504749928610728,0.7504749928610728
Extra Trees Moderate Extreme + Transform,Extra Trees,moderate_extreme,log1p_abs,57.0,0.0,-1.1285743574149938,-1.1285743574149938,1.1285743574149938
Extra Trees Moderate Extreme + Transform,Extra Trees,moderate_extreme,log1p_abs,69.0,-5.321928,-2.209589112259347,3.112338887740653,3.112338887740653
Extra Trees Moderate Extreme + Transform,Extra Trees,moderate_extreme,log1p_abs,69.0,-2.821928,-1.3715517691009698,1.4503762308990304,1.4503762308990304
Extra Trees Moderate Extreme + Transform,Extra Trees,moderate_extreme,log1p_abs,69.0,-4.321928,-0.8920580809280287,3.429869919071971,3.429869919071971
Extra Trees Moderate Extreme + Transform,Extra Trees,moderate_extreme,log1p_abs,69.0,-1.214618667,-0.534512609075585,0.6801060579244151,0.6801060579244151
Extra Trees Moderate Extreme + Transform,Extra Trees,moderate_extreme,log1p_abs,70.0,-1.0,-0.4183001828870672,0.5816998171129328,0.5816998171129328
Extra Trees Moderate Extreme + Transform,Extra Trees,moderate_extreme,log1p_abs,70.0,-1.5287712,-0.4413310376586255,1.0874401623413745,1.0874401623413745
Extra Trees Moderate Extreme + Transform,Extra Trees,moderate_extreme,log1p_abs,70.0,0.0,-1.3908791678490346,-1.3908791678490346,1.3908791678490346
Extra Trees Moderate Extreme + Transform,Extra Trees,moderate_extreme,log1p_abs,70.0,-4.321928,-0.8831581524043255,3.4387698475956743,3.4387698475956743
Extra Trees Moderate Extreme + Transform,Extra Trees,moderate_extreme,log1p_abs,70.0,-0.666666667,-0.4752010072746986,0.19146565972530138,0.19146565972530138
Extra Trees Moderate Extreme + Transform,Extra Trees,moderate_extreme,log1p_abs,90.0,0.0,-0.9072603907604181,-0.9072603907604181,0.9072603907604181
Extra Trees Moderate Extreme + Transform,Extra Trees,moderate_extreme,log1p_abs,90.0,-1.7739759999999998,-1.6965597188728758,0.07741628112712395,0.07741628112712395
Extra Trees Moderate Extreme + Transform,Extra Trees,moderate_extreme,log1p_abs,90.0,0.0,-2.5894626842095905,-2.5894626842095905,2.5894626842095905
Extra Trees Moderate Extreme + Transform,Extra Trees,moderate_extreme,log1p_abs,90.0,-0.4,-1.053627052508785,-0.653627052508785,0.653627052508785
Extra Trees Moderate Extreme + Transform,Extra Trees,moderate_extreme,log1p_abs,90.0,0.333333333,-2.8077380295176346,-3.1410713625176347,3.1410713625176347
Extra Trees Moderate Extreme + Transform,Extra Trees,moderate_extreme,log1p_abs,91.0,-3.321928,-1.5022485209197467,1.8196794790802535,1.8196794790802535
Extra Trees Moderate Extreme + Transform,Extra Trees,moderate_extreme,log1p_abs,91.0,0.0,-0.7004660884522435,-0.7004660884522435,0.7004660884522435
Extra Trees Moderate Extreme + Transform,Extra Trees,moderate_extreme,log1p_abs,91.0,-2.321928,-1.2171615960022246,1.1047664039977756,1.1047664039977756
Extra Trees Moderate Extreme + Transform,Extra Trees,moderate_extreme,log1p_abs,91.0,-1.0,-0.7995550708098468,0.20044492919015322,0.20044492919015322
Extra Trees Moderate Extreme + Transform,Extra Trees,moderate_extreme,log1p_abs,92.0,-1.0,-1.5312624813781486,-0.5312624813781486,0.5312624813781486
Extra Trees Moderate Extreme + Transform,Extra Trees,moderate_extreme,log1p_abs,92.0,-2.321928,-0.8211977465203362,1.500730253479664,1.500730253479664
Extra Trees Moderate Extreme + Transform,Extra Trees,moderate_extreme,log1p_abs,92.0,-0.428571429,-0.6102501500970386,-0.18167872109703864,0.18167872109703864
Extra Trees Moderate Extreme + Transform,Extra Trees,moderate_extreme,log1p_abs,92.0,0.2,-0.9659882663939109,-1.165988266393911,1.165988266393911
Extra Trees Moderate Extreme + Transform,Extra Trees,moderate_extreme,log1p_abs,92.0,-1.0,-0.8373007749973795,0.16269922500262046,0.16269922500262046
Extra Trees Moderate Extreme + Transform,Extra Trees,moderate_extreme,log1p_abs,97.0,-1.107309333,-0.4535374592915893,0.6537718737084106,0.6537718737084106
Extra Trees Moderate Extreme + Transform,Extra Trees,moderate_extreme,log1p_abs,97.0,0.0,-0.26905092712411716,-0.26905092712411716,0.26905092712411716
Extra Trees Moderate Extreme + Transform,Extra Trees,moderate_extreme,log1p_abs,97.0,0.25,-0.18509140968055987,-0.43509140968055987,0.43509140968055987
Extra Trees Moderate Extreme + Transform,Extra Trees,moderate_extreme,log1p_abs,97.0,0.0,-1.4408665561570178,-1.4408665561570178,1.4408665561570178
Extra Trees Moderate Extreme + Transform,Extra Trees,moderate_extreme,log1p_abs,99.0,-0.5,-2.1628807883031915,-1.6628807883031915,1.6628807883031915
Extra Trees Moderate Extreme + Transform,Extra Trees,moderate_extreme,log1p_abs,99.0,0.0,-1.5227068553131717,-1.5227068553131717,1.5227068553131717
Extra Trees Moderate Extreme + Transform,Extra Trees,moderate_extreme,log1p_abs,99.0,-2.321928,-1.9329628832581827,0.38896511674181755,0.38896511674181755
Extra Trees Moderate Extreme + Transform,Extra Trees,moderate_extreme,log1p_abs,99.0,0.0,-1.1337533935231325,-1.1337533935231325,1.1337533935231325
Extra Trees Moderate Extreme + Transform,Extra Trees,moderate_extreme,log1p_abs,102.0,-0.5,-0.43794526057077743,0.06205473942922257,0.06205473942922257
Extra Trees Moderate Extreme + Transform,Extra Trees,moderate_extreme,log1p_abs,102.0,0.333333333,-0.4135809983665421,-0.7469143313665421,0.7469143313665421
Extra Trees Moderate Extreme + Transform,Extra Trees,moderate_extreme,log1p_abs,102.0,-0.666666667,-0.43103127923945417,0.23563538776054582,0.23563538776054582
Extra Trees Moderate Extreme + Transform,Extra Trees,moderate_extreme,log1p_abs,102.0,0.0,-0.3041085231241758,-0.3041085231241758,0.3041085231241758
Extra Trees Moderate Extreme + Transform,Extra Trees,moderate_extreme,log1p_abs,103.0,-0.666666667,-2.3239402171212427,-1.6572735501212428,1.6572735501212428
Extra Trees Moderate Extreme + Transform,Extra Trees,moderate_extreme,log1p_abs,110.0,0.0,-1.0939907572628935,-1.0939907572628935,1.0939907572628935
Extra Trees Moderate Extreme + Transform,Extra Trees,moderate_extreme,log1p_abs,110.0,-0.5,-0.9199416261726628,-0.41994162617266284,0.41994162617266284
Extra Trees Moderate Extreme + Transform,Extra Trees,moderate_extreme,log1p_abs,110.0,-1.0,-0.9370668939586573,0.06293310604134272,0.06293310604134272
Extra Trees Moderate Extreme + Transform,Extra Trees,moderate_extreme,log1p_abs,110.0,-2.321928,-1.1402116825225945,1.1817163174774057,1.1817163174774057
Extra Trees Moderate Extreme + Transform,Extra Trees,moderate_extreme,log1p_abs,120.0,-2.321928,-0.5730692629358128,1.7488587370641873,1.7488587370641873
Extra Trees Moderate Extreme + Transform,Extra Trees,moderate_extreme,log1p_abs,120.0,-3.821928,-2.1350680365448933,1.686859963455107,1.686859963455107
Extra Trees Moderate Extreme + Transform,Extra Trees,moderate_extreme,log1p_abs,125.0,0.0,-0.398851078204443,-0.398851078204443,0.398851078204443
Extra Trees Moderate Extreme + Transform,Extra Trees,moderate_extreme,log1p_abs,125.0,0.0,-0.36504601950623955,-0.36504601950623955,0.36504601950623955
Extra Trees Moderate Extreme + Transform,Extra Trees,moderate_extreme,log1p_abs,125.0,0.0,-0.5856334719875618,-0.5856334719875618,0.5856334719875618
Extra Trees Moderate Extreme + Transform,Extra Trees,moderate_extreme,log1p_abs,125.0,-5.321928,-2.6437092882140734,2.6782187117859264,2.6782187117859264
Extra Trees Moderate Extreme + Transform,Extra Trees,moderate_extreme,log1p_abs,125.0,-2.321928,-2.0152166354684353,0.3067113645315649,0.3067113645315649
Extra Trees Moderate Extreme + Transform,Extra Trees,moderate_extreme,log1p_abs,133.0,-3.821928,-0.4843798987589491,3.337548101241051,3.337548101241051
Extra Trees Moderate Extreme + Transform,Extra Trees,moderate_extreme,log1p_abs,133.0,0.0,-0.46011779045648915,-0.46011779045648915,0.46011779045648915
Extra Trees Moderate Extreme + Transform,Extra Trees,moderate_extreme,log1p_abs,135.0,-3.321928,-1.8010694866218884,1.5208585133781118,1.5208585133781118
Extra Trees Moderate Extreme + Transform,Extra Trees,moderate_extreme,log1p_abs,135.0,0.0,-0.5170083266300248,-0.5170083266300248,0.5170083266300248
Extra Trees Moderate Extreme + Transform,Extra Trees,moderate_extreme,log1p_abs,135.0,-2.321928,-0.9647367490647252,1.357191250935275,1.357191250935275
Extra Trees Moderate Extreme + Transform,Extra Trees,moderate_extreme,log1p_abs,138.0,0.0,-0.6477207389009584,-0.6477207389009584,0.6477207389009584
Extra Trees Moderate Extreme + Transform,Extra Trees,moderate_extreme,log1p_abs,138.0,0.0,-0.812168162211871,-0.812168162211871,0.812168162211871
Extra Trees Moderate Extreme + Transform,Extra Trees,moderate_extreme,log1p_abs,138.0,0.0,-1.8277229819718745,-1.8277229819718745,1.8277229819718745
Extra Trees Moderate Extreme + Transform,Extra Trees,moderate_extreme,log1p_abs,138.0,0.0,-1.8152398609963496,-1.8152398609963496,1.8152398609963496
Extra Trees Moderate Extreme + Transform,Extra Trees,moderate_extreme,log1p_abs,139.0,0.333333333,-0.5752529889139608,-0.9085863219139608,0.9085863219139608
Extra Trees Moderate Extreme + Transform,Extra Trees,moderate_extreme,log1p_abs,139.0,-0.5,-0.5557829406803345,-0.055782940680334514,0.055782940680334514
Extra Trees Moderate Extreme + Transform,Extra Trees,moderate_extreme,log1p_abs,139.0,0.0,-0.3519491616654989,-0.3519491616654989,0.3519491616654989
Extra Trees Moderate Extreme + Transform,Extra Trees,moderate_extreme,log1p_abs,141.0,-1.0,-2.7601463828153165,-1.7601463828153165,1.7601463828153165
Extra Trees Moderate Extreme + Transform,Extra Trees,moderate_extreme,log1p_abs,141.0,-0.666666667,-2.777960302628533,-2.1112936356285332,2.1112936356285332
Extra Trees Moderate Extreme + Transform,Extra Trees,moderate_extreme,log1p_abs,144.0,0.0,-0.28409027042781376,-0.28409027042781376,0.28409027042781376
Extra Trees Moderate Extreme + Transform,Extra Trees,moderate_extreme,log1p_abs,144.0,0.0,-0.3584063842138587,-0.3584063842138587,0.3584063842138587
Extra Trees Moderate Extreme + Transform,Extra Trees,moderate_extreme,log1p_abs,144.0,-1.107309333,-0.14756036386240864,0.9597489691375912,0.9597489691375912
Extra Trees Moderate Extreme + Transform,Extra Trees,moderate_extreme,log1p_abs,156.0,-0.5,-0.604441678776536,-0.10444167877653598,0.10444167877653598
Extra Trees Moderate Extreme + Transform,Extra Trees,moderate_extreme,log1p_abs,156.0,0.25,-0.6767937445930607,-0.9267937445930607,0.9267937445930607
Extra Trees Moderate Extreme + Transform,Extra Trees,moderate_extreme,log1p_abs,156.0,1.0,-2.2032486379512926,-3.2032486379512926,3.2032486379512926
Extra Trees Moderate Extreme + Transform,Extra Trees,moderate_extreme,log1p_abs,160.0,-1.0,-0.5277837066538502,0.4722162933461498,0.4722162933461498
Extra Trees Moderate Extreme + Transform,Extra Trees,moderate_extreme,log1p_abs,160.0,-0.5,-1.6421799453111752,-1.1421799453111752,1.1421799453111752
Extra Trees Moderate Extreme + Transform,Extra Trees,moderate_extreme,log1p_abs,160.0,-0.5,-0.4394160395522362,0.06058396044776382,0.06058396044776382
Extra Trees Moderate Extreme + Transform,Extra Trees,moderate_extreme,log1p_abs,160.0,-1.0,-2.66139675573299,-1.6613967557329898,1.6613967557329898
Extra Trees Moderate Extreme + Transform,Extra Trees,moderate_extreme,log1p_abs,165.0,-1.0,-0.48927338264628994,0.51072661735371,0.51072661735371
Extra Trees Moderate Extreme + Transform,Extra Trees,moderate_extreme,log1p_abs,165.0,-0.333333333,-0.6635186177768518,-0.33018528477685183,0.33018528477685183
Extra Trees Moderate Extreme + Transform,Extra Trees,moderate_extreme,log1p_abs,165.0,-1.160964,-0.4965856103926946,0.6643783896073054,0.6643783896073054
Extra Trees Moderate Extreme + Transform,Extra Trees,moderate_extreme,log1p_abs,165.0,-1.0,-0.7299322775515321,0.2700677224484679,0.2700677224484679
Extra Trees Moderate Extreme + Transform,Extra Trees,moderate_extreme,log1p_abs,166.0,0.0,-0.8306124626095117,-0.8306124626095117,0.8306124626095117
Extra Trees Moderate Extreme + Transform,Extra Trees,moderate_extreme,log1p_abs,166.0,0.0,-0.661952394161825,-0.661952394161825,0.661952394161825
Extra Trees Moderate Extreme + Transform,Extra Trees,moderate_extreme,log1p_abs,166.0,-0.666666667,-0.8450646640845879,-0.17839799708458792,0.17839799708458792
Extra Trees Moderate Extreme + Transform,Extra Trees,moderate_extreme,log1p_abs,166.0,0.0,-0.7412934547521757,-0.7412934547521757,0.7412934547521757
Extra Trees Moderate Extreme + Transform,Extra Trees,moderate_extreme,log1p_abs,171.0,-0.166666667,-1.5977532782926738,-1.431086611292674,1.431086611292674
Extra Trees Moderate Extreme + Transform,Extra Trees,moderate_extreme,log1p_abs,171.0,0.0,-1.01329562407236,-1.01329562407236,1.01329562407236
Extra Trees Moderate Extreme + Transform,Extra Trees,moderate_extreme,log1p_abs,171.0,0.0,-2.3407072392695696,-2.3407072392695696,2.3407072392695696
Extra Trees Moderate Extreme + Transform,Extra Trees,moderate_extreme,log1p_abs,171.0,-0.25,-1.5938548246470259,-1.3438548246470259,1.3438548246470259
Extra Trees Moderate Extreme + Transform,Extra Trees,moderate_extreme,log1p_abs,176.0,-0.5,-0.7959446101832132,-0.29594461018321316,0.29594461018321316
Extra Trees Moderate Extreme + Transform,Extra Trees,moderate_extreme,log1p_abs,176.0,-1.0,-1.0683673264194,-0.06836732641940002,0.06836732641940002
Extra Trees Moderate Extreme + Transform,Extra Trees,moderate_extreme,log1p_abs,188.0,0.0,-0.1574056997975144,-0.1574056997975144,0.1574056997975144
Extra Trees Moderate Extreme + Transform,Extra Trees,moderate_extreme,log1p_abs,188.0,0.0,-0.4751419802248634,-0.4751419802248634,0.4751419802248634
Extra Trees Moderate Extreme + Transform,Extra Trees,moderate_extreme,log1p_abs,194.0,0.0,-0.7225628179176066,-0.7225628179176066,0.7225628179176066
Extra Trees Moderate Extreme + Transform,Extra Trees,moderate_extreme,log1p_abs,194.0,0.0,-2.2074643930200613,-2.2074643930200613,2.2074643930200613
Extra Trees Moderate Extreme + Transform,Extra Trees,moderate_extreme,log1p_abs,194.0,0.0,-0.7765496852898887,-0.7765496852898887,0.7765496852898887
Extra Trees Moderate Extreme + Transform,Extra Trees,moderate_extreme,log1p_abs,194.0,-0.333333333,-1.1138042230595453,-0.7804708900595453,0.7804708900595453
Extra Trees Moderate Extreme + Transform,Extra Trees,moderate_extreme,log1p_abs,196.0,0.0,-0.41028870865552614,-0.41028870865552614,0.41028870865552614
Extra Trees Moderate Extreme + Transform,Extra Trees,moderate_extreme,log1p_abs,196.0,-1.0,-3.6177553431107627,-2.6177553431107627,2.6177553431107627
Extra Trees Moderate Extreme + Transform,Extra Trees,moderate_extreme,log1p_abs,196.0,0.0,-2.492946044706812,-2.492946044706812,2.492946044706812
Extra Trees Moderate Extreme + Transform,Extra Trees,moderate_extreme,log1p_abs,200.0,-2.321928,-2.4030477261032592,-0.08111972610325902,0.08111972610325902
Extra Trees Moderate Extreme + Transform,Extra Trees,moderate_extreme,log1p_abs,200.0,0.0,-0.5897964395692942,-0.5897964395692942,0.5897964395692942
Extra Trees Moderate Extreme + Transform,Extra Trees,moderate_extreme,log1p_abs,200.0,0.0,-0.6532706718461072,-0.6532706718461072,0.6532706718461072
Extra Trees Moderate Extreme + Transform,Extra Trees,moderate_extreme,log1p_abs,200.0,0.0,-0.5201650675359675,-0.5201650675359675,0.5201650675359675
Extra Trees Moderate Extreme + Transform,Extra Trees,moderate_extreme,log1p_abs,200.0,0.0,-0.6496173171070373,-0.6496173171070373,0.6496173171070373
Extra Trees Moderate Extreme + Transform,Extra Trees,moderate_extreme,log1p_abs,217.0,-0.2,-1.0277418318506255,-0.8277418318506256,0.8277418318506256
Extra Trees Moderate Extreme + Transform,Extra Trees,moderate_extreme,log1p_abs,217.0,0.0,-1.4684862755781771,-1.4684862755781771,1.4684862755781771
Extra Trees Moderate Extreme + Transform,Extra Trees,moderate_extreme,log1p_abs,217.0,-0.924658667,-1.5793274734112839,-0.6546688064112839,0.6546688064112839
Extra Trees Moderate Extreme + Transform,Extra Trees,moderate_extreme,log1p_abs,218.0,-2.321928,-0.32712244976716676,1.9948055502328335,1.9948055502328335
Extra Trees Moderate Extreme + Transform,Extra Trees,moderate_extreme,log1p_abs,218.0,-3.321928,-1.7774144345577805,1.5445135654422197,1.5445135654422197
Extra Trees Moderate Extreme + Transform,Extra Trees,moderate_extreme,log1p_abs,218.0,-4.321928,-0.31424450591831926,4.007683494081681,4.007683494081681
Extra Trees Moderate Extreme + Transform,Extra Trees,moderate_extreme,log1p_abs,218.0,-4.321928,-0.520820639141139,3.801107360858861,3.801107360858861
Extra Trees Moderate Extreme + Transform,Extra Trees,moderate_extreme,log1p_abs,221.0,-0.666666667,-1.6338658640548296,-0.9671991970548296,0.9671991970548296
Extra Trees Moderate Extreme + Transform,Extra Trees,moderate_extreme,log1p_abs,221.0,0.0,-0.5337391980614196,-0.5337391980614196,0.5337391980614196
Extra Trees Moderate Extreme + Transform,Extra Trees,moderate_extreme,log1p_abs,221.0,0.0,-0.43224111627016737,-0.43224111627016737,0.43224111627016737
Extra Trees Moderate Extreme + Transform,Extra Trees,moderate_extreme,log1p_abs,221.0,-1.0,-0.7998035270433991,0.20019647295660092,0.20019647295660092
Extra Trees Moderate Extreme + Transform,Extra Trees,moderate_extreme,log1p_abs,221.0,0.0,-0.7863447466061453,-0.7863447466061453,0.7863447466061453
Extra Trees Moderate Extreme + Transform,Extra Trees,moderate_extreme,log1p_abs,228.0,-1.0,-1.7653161776278228,-0.7653161776278228,0.7653161776278228
Extra Trees Moderate Extreme + Transform,Extra Trees,moderate_extreme,log1p_abs,228.0,-1.881285333,-1.8867523292660588,-0.005466996266058954,0.005466996266058954
Extra Trees Moderate Extreme + Transform,Extra Trees,moderate_extreme,log1p_abs,228.0,-2.321928,-2.3235873713332147,-0.0016593713332144766,0.0016593713332144766
Extra Trees Moderate Extreme + Transform,Extra Trees,moderate_extreme,log1p_abs,233.0,-5.321928,-1.217526272236299,4.104401727763701,4.104401727763701
Extra Trees Moderate Extreme + Transform,Extra Trees,moderate_extreme,log1p_abs,233.0,0.0,-0.6443538714666213,-0.6443538714666213,0.6443538714666213
Extra Trees Moderate Extreme + Transform,Extra Trees,moderate_extreme,log1p_abs,233.0,-5.321928,-1.7312610855330923,3.5906669144669072,3.5906669144669072
Extra Trees Moderate Extreme + Transform,Extra Trees,moderate_extreme,log1p_abs,233.0,-3.321928,-2.1713235917519254,1.1506044082480749,1.1506044082480749
Extra Trees Moderate Extreme + Transform,Extra Trees,moderate_extreme,log1p_abs,239.0,-5.321928,-2.48006315337336,2.8418648466266396,2.8418648466266396
Extra Trees Moderate Extreme + Transform,Extra Trees,moderate_extreme,log1p_abs,239.0,-5.321928,-2.2843280307347564,3.0375999692652433,3.0375999692652433
Extra Trees Moderate Extreme + Transform,Extra Trees,moderate_extreme,log1p_abs,239.0,-5.321928,-2.3281751689783494,2.9937528310216504,2.9937528310216504
Extra Trees Moderate Extreme + Transform,Extra Trees,moderate_extreme,log1p_abs,239.0,-5.321928,-2.3727458532515118,2.949182146748488,2.949182146748488
Extra Trees Moderate Extreme + Transform,Extra Trees,moderate_extreme,log1p_abs,240.0,0.0,-0.9485475867768637,-0.9485475867768637,0.9485475867768637
Extra Trees Moderate Extreme + Transform,Extra Trees,moderate_extreme,log1p_abs,240.0,-4.321928,-1.376246378159081,2.9456816218409188,2.9456816218409188
Extra Trees Moderate Extreme + Transform,Extra Trees,moderate_extreme,log1p_abs,240.0,-5.321928,-1.047121305234909,4.274806694765091,4.274806694765091
Extra Trees Moderate Extreme + Transform,Extra Trees,moderate_extreme,log1p_abs,240.0,-1.0,-0.7256470052623152,0.2743529947376848,0.2743529947376848
Extra Trees Moderate Extreme + Transform,Extra Trees,moderate_extreme,log1p_abs,247.0,-5.321928,-2.1569367695850357,3.164991230414964,3.164991230414964
Extra Trees Moderate Extreme + Transform,Extra Trees,moderate_extreme,log1p_abs,247.0,-5.321928,-2.8634385398479294,2.4584894601520704,2.4584894601520704
Extra Trees Moderate Extreme + Transform,Extra Trees,moderate_extreme,log1p_abs,247.0,-0.25,-0.2512470533905181,-0.0012470533905181158,0.0012470533905181158
Extra Trees Moderate Extreme + Transform,Extra Trees,moderate_extreme,log1p_abs,247.0,-5.321928,-3.004545389098263,2.3173826109017366,2.3173826109017366
Extra Trees Moderate Extreme + Transform,Extra Trees,moderate_extreme,log1p_abs,250.0,0.5,-0.8355898958848565,-1.3355898958848567,1.3355898958848567
Extra Trees Moderate Extreme + Transform,Extra Trees,moderate_extreme,log1p_abs,250.0,1.0,-0.8058074960756662,-1.805807496075666,1.805807496075666
Extra Trees Moderate Extreme + Transform,Extra Trees,moderate_extreme,log1p_abs,250.0,0.0,-1.0899576472600452,-1.0899576472600452,1.0899576472600452
Extra Trees Moderate Extreme + Transform,Extra Trees,moderate_extreme,log1p_abs,250.0,0.0,-0.7305769478159082,-0.7305769478159082,0.7305769478159082
Extra Trees Moderate Extreme + Transform,Extra Trees,moderate_extreme,log1p_abs,250.0,-0.333333333,-0.9821578869433989,-0.6488245539433989,0.6488245539433989
Extra Trees Moderate Extreme + Transform,Extra Trees,moderate_extreme,log1p_abs,250.0,0.0,-0.8289948276111715,-0.8289948276111715,0.8289948276111715
Extra Trees Moderate Extreme + Transform,Extra Trees,moderate_extreme,log1p_abs,255.0,-3.321928,-1.9928753567929969,1.3290526432070033,1.3290526432070033
Extra Trees Moderate Extreme + Transform,Extra Trees,moderate_extreme,log1p_abs,255.0,-1.7414459999999998,-1.0089992216245893,0.7324467783754105,0.7324467783754105
Extra Trees Moderate Extreme + Transform,Extra Trees,moderate_extreme,log1p_abs,255.0,-1.881285333,-1.1131707988596722,0.7681145341403277,0.7681145341403277
Extra Trees Moderate Extreme + Transform,Extra Trees,moderate_extreme,log1p_abs,263.0,-3.321928,-2.227083107154922,1.094844892845078,1.094844892845078
Extra Trees Moderate Extreme + Transform,Extra Trees,moderate_extreme,log1p_abs,263.0,-3.988594667,-2.4510059488722145,1.5375887181277856,1.5375887181277856
Extra Trees Moderate Extreme + Transform,Extra Trees,moderate_extreme,log1p_abs,273.0,0.0,-0.9158866406028844,-0.9158866406028844,0.9158866406028844
Extra Trees Moderate Extreme + Transform,Extra Trees,moderate_extreme,log1p_abs,273.0,0.5,-0.7661102645514856,-1.2661102645514855,1.2661102645514855
Extra Trees Moderate Extreme + Transform,Extra Trees,moderate_extreme,log1p_abs,273.0,0.0,-1.2179714052921478,-1.2179714052921478,1.2179714052921478
Extra Trees Moderate Extreme + Transform,Extra Trees,moderate_extreme,log1p_abs,273.0,0.0,-0.9567851210975388,-0.9567851210975388,0.9567851210975388
Extra Trees Moderate Extreme + Transform,Extra Trees,moderate_extreme,log1p_abs,278.0,-5.321928,-2.321774158139167,3.0001538418608327,3.0001538418608327
Extra Trees Moderate Extreme + Transform,Extra Trees,moderate_extreme,log1p_abs,278.0,0.0,-0.5696438913321619,-0.5696438913321619,0.5696438913321619
Extra Trees Moderate Extreme + Transform,Extra Trees,moderate_extreme,log1p_abs,278.0,-4.321928,-1.714556308464461,2.6073716915355387,2.6073716915355387
Extra Trees Moderate Extreme + Transform,Extra Trees,moderate_extreme,log1p_abs,278.0,-1.0,-0.268733803311868,0.731266196688132,0.731266196688132
Extra Trees Moderate Extreme + Transform,Extra Trees,moderate_extreme,log1p_abs,278.0,0.0,-0.42932782715147483,-0.42932782715147483,0.42932782715147483
Extra Trees Moderate Extreme + Transform,Extra Trees,moderate_extreme,log1p_abs,279.0,-1.0,-2.1029199070627853,-1.1029199070627853,1.1029199070627853
Extra Trees Moderate Extreme + Transform,Extra Trees,moderate_extreme,log1p_abs,279.0,-5.321928,-3.2604458742685987,2.061482125731401,2.061482125731401
Extra Trees Moderate Extreme + Transform,Extra Trees,moderate_extreme,log1p_abs,279.0,-1.660964,-1.628078396332568,0.032885603667432095,0.032885603667432095
Extra Trees Moderate Extreme + Transform,Extra Trees,moderate_extreme,log1p_abs,283.0,0.0,-0.5822679157688525,-0.5822679157688525,0.5822679157688525
Extra Trees Moderate Extreme + Transform,Extra Trees,moderate_extreme,log1p_abs,283.0,-0.333333333,-0.2661787610815545,0.06715457191844548,0.06715457191844548
Extra Trees Moderate Extreme + Transform,Extra Trees,moderate_extreme,log1p_abs,283.0,0.0,-2.188329883905255,-2.188329883905255,2.188329883905255
Extra Trees Moderate Extreme + Transform,Extra Trees,moderate_extreme,log1p_abs,283.0,-4.321928,-3.2695337680617484,1.0523942319382513,1.0523942319382513
Extra Trees Balanced Extreme + Transform,Extra Trees,balanced_extreme,log1p_abs,30.0,-0.386988,-0.402571390162251,-0.01558339016225102,0.01558339016225102
Extra Trees Balanced Extreme + Transform,Extra Trees,balanced_extreme,log1p_abs,30.0,-1.0,-0.3537618857021895,0.6462381142978104,0.6462381142978104
Extra Trees Balanced Extreme + Transform,Extra Trees,balanced_extreme,log1p_abs,30.0,-2.321928,-0.3881910907786833,1.933736909221317,1.933736909221317
Extra Trees Balanced Extreme + Transform,Extra Trees,balanced_extreme,log1p_abs,30.0,1.0,-0.3355642326356509,-1.335564232635651,1.335564232635651
Extra Trees Balanced Extreme + Transform,Extra Trees,balanced_extreme,log1p_abs,30.0,0.0,-0.359869584268611,-0.359869584268611,0.359869584268611
Extra Trees Balanced Extreme + Transform,Extra Trees,balanced_extreme,log1p_abs,33.0,0.0,-1.8212776367095609,-1.8212776367095609,1.8212776367095609
Extra Trees Balanced Extreme + Transform,Extra Trees,balanced_extreme,log1p_abs,33.0,-1.0,-1.5756112704952279,-0.5756112704952279,0.5756112704952279
Extra Trees Balanced Extreme + Transform,Extra Trees,balanced_extreme,log1p_abs,33.0,-1.0,-1.3641033345622884,-0.3641033345622884,0.3641033345622884
Extra Trees Balanced Extreme + Transform,Extra Trees,balanced_extreme,log1p_abs,33.0,0.0,-1.13213875172741,-1.13213875172741,1.13213875172741
Extra Trees Balanced Extreme + Transform,Extra Trees,balanced_extreme,log1p_abs,34.0,-1.0643856000000005,-0.6300032541782763,0.4343823458217242,0.4343823458217242
Extra Trees Balanced Extreme + Transform,Extra Trees,balanced_extreme,log1p_abs,34.0,0.0,-0.5253584433250869,-0.5253584433250869,0.5253584433250869
Extra Trees Balanced Extreme + Transform,Extra Trees,balanced_extreme,log1p_abs,34.0,-5.321928,-1.7267222717868136,3.595205728213186,3.595205728213186
Extra Trees Balanced Extreme + Transform,Extra Trees,balanced_extreme,log1p_abs,34.0,-1.0,-0.5359000270165333,0.4640999729834667,0.4640999729834667
Extra Trees Balanced Extreme + Transform,Extra Trees,balanced_extreme,log1p_abs,34.0,-4.821928,-2.3478529326581494,2.4740750673418503,2.4740750673418503
Extra Trees Balanced Extreme + Transform,Extra Trees,balanced_extreme,log1p_abs,39.0,1.0,-1.3046395785194376,-2.3046395785194376,2.3046395785194376
Extra Trees Balanced Extreme + Transform,Extra Trees,balanced_extreme,log1p_abs,39.0,-0.5,-1.7797310395370929,-1.2797310395370929,1.2797310395370929
Extra Trees Balanced Extreme + Transform,Extra Trees,balanced_extreme,log1p_abs,39.0,0.0,-3.250616830111549,-3.250616830111549,3.250616830111549
Extra Trees Balanced Extreme + Transform,Extra Trees,balanced_extreme,log1p_abs,39.0,0.0,-2.953840013992359,-2.953840013992359,2.953840013992359
Extra Trees Balanced Extreme + Transform,Extra Trees,balanced_extreme,log1p_abs,39.0,0.0,-1.2845187798129738,-1.2845187798129738,1.2845187798129738
Extra Trees Balanced Extreme + Transform,Extra Trees,balanced_extreme,log1p_abs,42.0,-1.0,-0.9613568906315538,0.03864310936844617,0.03864310936844617
Extra Trees Balanced Extreme + Transform,Extra Trees,balanced_extreme,log1p_abs,42.0,0.25,-0.5403661121251886,-0.7903661121251886,0.7903661121251886
Extra Trees Balanced Extreme + Transform,Extra Trees,balanced_extreme,log1p_abs,42.0,-5.321928,-1.986040461700202,3.3358875382997977,3.3358875382997977
Extra Trees Balanced Extreme + Transform,Extra Trees,balanced_extreme,log1p_abs,42.0,-5.321928,-2.5454296182256813,2.7764983817743185,2.7764983817743185
Extra Trees Balanced Extreme + Transform,Extra Trees,balanced_extreme,log1p_abs,43.0,-0.666666667,-1.043638450950705,-0.3769717839507051,0.3769717839507051
Extra Trees Balanced Extreme + Transform,Extra Trees,balanced_extreme,log1p_abs,43.0,-3.321928,-1.4474165667561991,1.874511433243801,1.874511433243801
Extra Trees Balanced Extreme + Transform,Extra Trees,balanced_extreme,log1p_abs,43.0,-5.321928,-3.0497419449090755,2.2721860550909243,2.2721860550909243
Extra Trees Balanced Extreme + Transform,Extra Trees,balanced_extreme,log1p_abs,43.0,-1.0,-0.9070994919742518,0.09290050802574823,0.09290050802574823
Extra Trees Balanced Extreme + Transform,Extra Trees,balanced_extreme,log1p_abs,48.0,0.0,-1.6607769376377364,-1.6607769376377364,1.6607769376377364
Extra Trees Balanced Extreme + Transform,Extra Trees,balanced_extreme,log1p_abs,48.0,-1.0,-2.0093375666786955,-1.0093375666786955,1.0093375666786955
Extra Trees Balanced Extreme + Transform,Extra Trees,balanced_extreme,log1p_abs,48.0,-1.0,-1.5794826538552953,-0.5794826538552953,0.5794826538552953
Extra Trees Balanced Extreme + Transform,Extra Trees,balanced_extreme,log1p_abs,48.0,-1.991446,-2.2141196151010254,-0.22267361510102535,0.22267361510102535
Extra Trees Balanced Extreme + Transform,Extra Trees,balanced_extreme,log1p_abs,49.0,0.0,-0.3203407840218411,-0.3203407840218411,0.3203407840218411
Extra Trees Balanced Extreme + Transform,Extra Trees,balanced_extreme,log1p_abs,49.0,-2.321928,-1.5300624051904357,0.7918655948095645,0.7918655948095645
Extra Trees Balanced Extreme + Transform,Extra Trees,balanced_extreme,log1p_abs,49.0,0.0,-0.5060138357033637,-0.5060138357033637,0.5060138357033637
Extra Trees Balanced Extreme + Transform,Extra Trees,balanced_extreme,log1p_abs,49.0,-2.321928,-2.5657205058808215,-0.24379250588082124,0.24379250588082124
Extra Trees Balanced Extreme + Transform,Extra Trees,balanced_extreme,log1p_abs,49.0,-3.321928,-1.80996668009794,1.5119613199020603,1.5119613199020603
Extra Trees Balanced Extreme + Transform,Extra Trees,balanced_extreme,log1p_abs,54.0,0.0,-0.5471907536623921,-0.5471907536623921,0.5471907536623921
Extra Trees Balanced Extreme + Transform,Extra Trees,balanced_extreme,log1p_abs,54.0,-1.370723,-3.710250299340218,-2.3395272993402183,2.3395272993402183
Extra Trees Balanced Extreme + Transform,Extra Trees,balanced_extreme,log1p_abs,54.0,0.25,-1.8532643724311046,-2.103264372431105,2.103264372431105
Extra Trees Balanced Extreme + Transform,Extra Trees,balanced_extreme,log1p_abs,54.0,0.333333333,-0.23597977063495584,-0.5693131036349559,0.5693131036349559
Extra Trees Balanced Extreme + Transform,Extra Trees,balanced_extreme,log1p_abs,57.0,0.0,-0.90356560172611,-0.90356560172611,0.90356560172611
Extra Trees Balanced Extreme + Transform,Extra Trees,balanced_extreme,log1p_abs,57.0,0.0,-0.9959530925914959,-0.9959530925914959,0.9959530925914959
Extra Trees Balanced Extreme + Transform,Extra Trees,balanced_extreme,log1p_abs,57.0,0.0,-0.6549226715813483,-0.6549226715813483,0.6549226715813483
Extra Trees Balanced Extreme + Transform,Extra Trees,balanced_extreme,log1p_abs,57.0,0.0,-1.1121433022883787,-1.1121433022883787,1.1121433022883787
Extra Trees Balanced Extreme + Transform,Extra Trees,balanced_extreme,log1p_abs,69.0,-5.321928,-2.074871244847066,3.2470567551529337,3.2470567551529337
Extra Trees Balanced Extreme + Transform,Extra Trees,balanced_extreme,log1p_abs,69.0,-2.821928,-1.2237244756794625,1.5982035243205377,1.5982035243205377
Extra Trees Balanced Extreme + Transform,Extra Trees,balanced_extreme,log1p_abs,69.0,-4.321928,-0.9733598181428648,3.348568181857135,3.348568181857135
Extra Trees Balanced Extreme + Transform,Extra Trees,balanced_extreme,log1p_abs,69.0,-1.214618667,-0.6640186448895757,0.5506000221104244,0.5506000221104244
Extra Trees Balanced Extreme + Transform,Extra Trees,balanced_extreme,log1p_abs,70.0,-1.0,-0.4192880987385576,0.5807119012614423,0.5807119012614423
Extra Trees Balanced Extreme + Transform,Extra Trees,balanced_extreme,log1p_abs,70.0,-1.5287712,-0.47145604100066396,1.057315158999336,1.057315158999336
Extra Trees Balanced Extreme + Transform,Extra Trees,balanced_extreme,log1p_abs,70.0,0.0,-1.3247403482540674,-1.3247403482540674,1.3247403482540674
Extra Trees Balanced Extreme + Transform,Extra Trees,balanced_extreme,log1p_abs,70.0,-4.321928,-0.9680341178244841,3.3538938821755155,3.3538938821755155
Extra Trees Balanced Extreme + Transform,Extra Trees,balanced_extreme,log1p_abs,70.0,-0.666666667,-0.4447595082577235,0.2219071587422765,0.2219071587422765
Extra Trees Balanced Extreme + Transform,Extra Trees,balanced_extreme,log1p_abs,90.0,0.0,-1.0321666697344956,-1.0321666697344956,1.0321666697344956
Extra Trees Balanced Extreme + Transform,Extra Trees,balanced_extreme,log1p_abs,90.0,-1.7739759999999998,-1.7656469890794304,0.008329010920569369,0.008329010920569369
Extra Trees Balanced Extreme + Transform,Extra Trees,balanced_extreme,log1p_abs,90.0,0.0,-2.3616196022234757,-2.3616196022234757,2.3616196022234757
Extra Trees Balanced Extreme + Transform,Extra Trees,balanced_extreme,log1p_abs,90.0,-0.4,-1.0571343207678476,-0.6571343207678476,0.6571343207678476
Extra Trees Balanced Extreme + Transform,Extra Trees,balanced_extreme,log1p_abs,90.0,0.333333333,-2.7027131957660804,-3.0360465287660805,3.0360465287660805
Extra Trees Balanced Extreme + Transform,Extra Trees,balanced_extreme,log1p_abs,91.0,-3.321928,-1.4069173113848252,1.915010688615175,1.915010688615175
Extra Trees Balanced Extreme + Transform,Extra Trees,balanced_extreme,log1p_abs,91.0,0.0,-0.7498838389506224,-0.7498838389506224,0.7498838389506224
Extra Trees Balanced Extreme + Transform,Extra Trees,balanced_extreme,log1p_abs,91.0,-2.321928,-1.1211447044241662,1.200783295575834,1.200783295575834
Extra Trees Balanced Extreme + Transform,Extra Trees,balanced_extreme,log1p_abs,91.0,-1.0,-0.8159338856981284,0.1840661143018716,0.1840661143018716
Extra Trees Balanced Extreme + Transform,Extra Trees,balanced_extreme,log1p_abs,92.0,-1.0,-1.5062714450900625,-0.5062714450900625,0.5062714450900625
Extra Trees Balanced Extreme + Transform,Extra Trees,balanced_extreme,log1p_abs,92.0,-2.321928,-0.7661738290561535,1.5557541709438467,1.5557541709438467
Extra Trees Balanced Extreme + Transform,Extra Trees,balanced_extreme,log1p_abs,92.0,-0.428571429,-0.5441313616173881,-0.11555993261738806,0.11555993261738806
Extra Trees Balanced Extreme + Transform,Extra Trees,balanced_extreme,log1p_abs,92.0,0.2,-0.9786218066886904,-1.1786218066886904,1.1786218066886904
Extra Trees Balanced Extreme + Transform,Extra Trees,balanced_extreme,log1p_abs,92.0,-1.0,-0.778500906589762,0.221499093410238,0.221499093410238
Extra Trees Balanced Extreme + Transform,Extra Trees,balanced_extreme,log1p_abs,97.0,-1.107309333,-0.4164983698458793,0.6908109631541206,0.6908109631541206
Extra Trees Balanced Extreme + Transform,Extra Trees,balanced_extreme,log1p_abs,97.0,0.0,-0.2866139945087561,-0.2866139945087561,0.2866139945087561
Extra Trees Balanced Extreme + Transform,Extra Trees,balanced_extreme,log1p_abs,97.0,0.25,-0.19429467567413206,-0.44429467567413206,0.44429467567413206
Extra Trees Balanced Extreme + Transform,Extra Trees,balanced_extreme,log1p_abs,97.0,0.0,-1.3071614744213707,-1.3071614744213707,1.3071614744213707
Extra Trees Balanced Extreme + Transform,Extra Trees,balanced_extreme,log1p_abs,99.0,-0.5,-2.080956442202796,-1.5809564422027962,1.5809564422027962
Extra Trees Balanced Extreme + Transform,Extra Trees,balanced_extreme,log1p_abs,99.0,0.0,-1.4473805641062116,-1.4473805641062116,1.4473805641062116
Extra Trees Balanced Extreme + Transform,Extra Trees,balanced_extreme,log1p_abs,99.0,-2.321928,-1.864463964301425,0.4574640356985753,0.4574640356985753
Extra Trees Balanced Extreme + Transform,Extra Trees,balanced_extreme,log1p_abs,99.0,0.0,-1.179314433069586,-1.179314433069586,1.179314433069586
Extra Trees Balanced Extreme + Transform,Extra Trees,balanced_extreme,log1p_abs,102.0,-0.5,-0.41567119784968276,0.08432880215031724,0.08432880215031724
Extra Trees Balanced Extreme + Transform,Extra Trees,balanced_extreme,log1p_abs,102.0,0.333333333,-0.41400202368540345,-0.7473353566854035,0.7473353566854035
Extra Trees Balanced Extreme + Transform,Extra Trees,balanced_extreme,log1p_abs,102.0,-0.666666667,-0.36146923534626263,0.30519743165373736,0.30519743165373736
Extra Trees Balanced Extreme + Transform,Extra Trees,balanced_extreme,log1p_abs,102.0,0.0,-0.29742738181412387,-0.29742738181412387,0.29742738181412387
Extra Trees Balanced Extreme + Transform,Extra Trees,balanced_extreme,log1p_abs,103.0,-0.666666667,-2.4174517981018,-1.7507851311018001,1.7507851311018001
Extra Trees Balanced Extreme + Transform,Extra Trees,balanced_extreme,log1p_abs,110.0,0.0,-1.060770656651039,-1.060770656651039,1.060770656651039
Extra Trees Balanced Extreme + Transform,Extra Trees,balanced_extreme,log1p_abs,110.0,-0.5,-0.9380059052436804,-0.43800590524368044,0.43800590524368044
Extra Trees Balanced Extreme + Transform,Extra Trees,balanced_extreme,log1p_abs,110.0,-1.0,-0.9662551258312079,0.03374487416879213,0.03374487416879213
Extra Trees Balanced Extreme + Transform,Extra Trees,balanced_extreme,log1p_abs,110.0,-2.321928,-1.2616881286268156,1.0602398713731847,1.0602398713731847
Extra Trees Balanced Extreme + Transform,Extra Trees,balanced_extreme,log1p_abs,120.0,-2.321928,-0.5430364013462943,1.778891598653706,1.778891598653706
Extra Trees Balanced Extreme + Transform,Extra Trees,balanced_extreme,log1p_abs,120.0,-3.821928,-2.0610725189233787,1.7608554810766215,1.7608554810766215
Extra Trees Balanced Extreme + Transform,Extra Trees,balanced_extreme,log1p_abs,125.0,0.0,-0.3506721398679277,-0.3506721398679277,0.3506721398679277
Extra Trees Balanced Extreme + Transform,Extra Trees,balanced_extreme,log1p_abs,125.0,0.0,-0.2911084210127466,-0.2911084210127466,0.2911084210127466
Extra Trees Balanced Extreme + Transform,Extra Trees,balanced_extreme,log1p_abs,125.0,0.0,-0.5325149044527168,-0.5325149044527168,0.5325149044527168
Extra Trees Balanced Extreme + Transform,Extra Trees,balanced_extreme,log1p_abs,125.0,-5.321928,-2.6533661717352626,2.668561828264737,2.668561828264737
Extra Trees Balanced Extreme + Transform,Extra Trees,balanced_extreme,log1p_abs,125.0,-2.321928,-2.0104427393393114,0.3114852606606888,0.3114852606606888
Extra Trees Balanced Extreme + Transform,Extra Trees,balanced_extreme,log1p_abs,133.0,-3.821928,-0.4640105688483586,3.3579174311516415,3.3579174311516415
Extra Trees Balanced Extreme + Transform,Extra Trees,balanced_extreme,log1p_abs,133.0,0.0,-0.45295699535164036,-0.45295699535164036,0.45295699535164036
Extra Trees Balanced Extreme + Transform,Extra Trees,balanced_extreme,log1p_abs,135.0,-3.321928,-1.75027500619368,1.5716529938063202,1.5716529938063202
Extra Trees Balanced Extreme + Transform,Extra Trees,balanced_extreme,log1p_abs,135.0,0.0,-0.44764087821137083,-0.44764087821137083,0.44764087821137083
Extra Trees Balanced Extreme + Transform,Extra Trees,balanced_extreme,log1p_abs,135.0,-2.321928,-0.7828468668345987,1.5390811331654015,1.5390811331654015
Extra Trees Balanced Extreme + Transform,Extra Trees,balanced_extreme,log1p_abs,138.0,0.0,-0.6964913271314684,-0.6964913271314684,0.6964913271314684
Extra Trees Balanced Extreme + Transform,Extra Trees,balanced_extreme,log1p_abs,138.0,0.0,-0.7554856472714991,-0.7554856472714991,0.7554856472714991
Extra Trees Balanced Extreme + Transform,Extra Trees,balanced_extreme,log1p_abs,138.0,0.0,-1.7323255258825059,-1.7323255258825059,1.7323255258825059
Extra Trees Balanced Extreme + Transform,Extra Trees,balanced_extreme,log1p_abs,138.0,0.0,-1.686264049332185,-1.686264049332185,1.686264049332185
Extra Trees Balanced Extreme + Transform,Extra Trees,balanced_extreme,log1p_abs,139.0,0.333333333,-0.5260068196953698,-0.8593401526953698,0.8593401526953698
Extra Trees Balanced Extreme + Transform,Extra Trees,balanced_extreme,log1p_abs,139.0,-0.5,-0.49499972578400864,0.005000274215991363,0.005000274215991363
Extra Trees Balanced Extreme + Transform,Extra Trees,balanced_extreme,log1p_abs,139.0,0.0,-0.32508626877891894,-0.32508626877891894,0.32508626877891894
Extra Trees Balanced Extreme + Transform,Extra Trees,balanced_extreme,log1p_abs,141.0,-1.0,-2.8523198611779454,-1.8523198611779454,1.8523198611779454
Extra Trees Balanced Extreme + Transform,Extra Trees,balanced_extreme,log1p_abs,141.0,-0.666666667,-2.6659218731749386,-1.9992552061749387,1.9992552061749387
Extra Trees Balanced Extreme + Transform,Extra Trees,balanced_extreme,log1p_abs,144.0,0.0,-0.24206070305143954,-0.24206070305143954,0.24206070305143954
Extra Trees Balanced Extreme + Transform,Extra Trees,balanced_extreme,log1p_abs,144.0,0.0,-0.3055633180503069,-0.3055633180503069,0.3055633180503069
Extra Trees Balanced Extreme + Transform,Extra Trees,balanced_extreme,log1p_abs,144.0,-1.107309333,-0.12115653258021598,0.9861528004197839,0.9861528004197839
Extra Trees Balanced Extreme + Transform,Extra Trees,balanced_extreme,log1p_abs,156.0,-0.5,-0.6997086210658189,-0.19970862106581888,0.19970862106581888
Extra Trees Balanced Extreme + Transform,Extra Trees,balanced_extreme,log1p_abs,156.0,0.25,-0.7217501626743539,-0.9717501626743539,0.9717501626743539
Extra Trees Balanced Extreme + Transform,Extra Trees,balanced_extreme,log1p_abs,156.0,1.0,-2.099185945947369,-3.099185945947369,3.099185945947369
Extra Trees Balanced Extreme + Transform,Extra Trees,balanced_extreme,log1p_abs,160.0,-1.0,-0.554685646260594,0.445314353739406,0.445314353739406
Extra Trees Balanced Extreme + Transform,Extra Trees,balanced_extreme,log1p_abs,160.0,-0.5,-1.499865126467654,-0.9998651264676539,0.9998651264676539
Extra Trees Balanced Extreme + Transform,Extra Trees,balanced_extreme,log1p_abs,160.0,-0.5,-0.43972184018698507,0.06027815981301493,0.06027815981301493
Extra Trees Balanced Extreme + Transform,Extra Trees,balanced_extreme,log1p_abs,160.0,-1.0,-2.510855928125376,-1.510855928125376,1.510855928125376
Extra Trees Balanced Extreme + Transform,Extra Trees,balanced_extreme,log1p_abs,165.0,-1.0,-0.40433745628685186,0.5956625437131482,0.5956625437131482
Extra Trees Balanced Extreme + Transform,Extra Trees,balanced_extreme,log1p_abs,165.0,-0.333333333,-0.6615244419270001,-0.3281911089270001,0.3281911089270001
Extra Trees Balanced Extreme + Transform,Extra Trees,balanced_extreme,log1p_abs,165.0,-1.160964,-0.47609345965106326,0.6848705403489368,0.6848705403489368
Extra Trees Balanced Extreme + Transform,Extra Trees,balanced_extreme,log1p_abs,165.0,-1.0,-0.6995259162388825,0.3004740837611175,0.3004740837611175
Extra Trees Balanced Extreme + Transform,Extra Trees,balanced_extreme,log1p_abs,166.0,0.0,-0.7466484834915054,-0.7466484834915054,0.7466484834915054
Extra Trees Balanced Extreme + Transform,Extra Trees,balanced_extreme,log1p_abs,166.0,0.0,-0.6869084470060735,-0.6869084470060735,0.6869084470060735
Extra Trees Balanced Extreme + Transform,Extra Trees,balanced_extreme,log1p_abs,166.0,-0.666666667,-0.8132476961653698,-0.14658102916536986,0.14658102916536986
Extra Trees Balanced Extreme + Transform,Extra Trees,balanced_extreme,log1p_abs,166.0,0.0,-0.6551250940068221,-0.6551250940068221,0.6551250940068221
Extra Trees Balanced Extreme + Transform,Extra Trees,balanced_extreme,log1p_abs,171.0,-0.166666667,-1.465389276143057,-1.298722609143057,1.298722609143057
Extra Trees Balanced Extreme + Transform,Extra Trees,balanced_extreme,log1p_abs,171.0,0.0,-0.8633429278649856,-0.8633429278649856,0.8633429278649856
Extra Trees Balanced Extreme + Transform,Extra Trees,balanced_extreme,log1p_abs,171.0,0.0,-2.273694674168261,-2.273694674168261,2.273694674168261
Extra Trees Balanced Extreme + Transform,Extra Trees,balanced_extreme,log1p_abs,171.0,-0.25,-1.46036455023423,-1.21036455023423,1.21036455023423
Extra Trees Balanced Extreme + Transform,Extra Trees,balanced_extreme,log1p_abs,176.0,-0.5,-0.7343161878372215,-0.23431618783722152,0.23431618783722152
Extra Trees Balanced Extreme + Transform,Extra Trees,balanced_extreme,log1p_abs,176.0,-1.0,-1.0877019053941983,-0.08770190539419831,0.08770190539419831
Extra Trees Balanced Extreme + Transform,Extra Trees,balanced_extreme,log1p_abs,188.0,0.0,-0.08960057449296374,-0.08960057449296374,0.08960057449296374
Extra Trees Balanced Extreme + Transform,Extra Trees,balanced_extreme,log1p_abs,188.0,0.0,-0.5119212227061891,-0.5119212227061891,0.5119212227061891
Extra Trees Balanced Extreme + Transform,Extra Trees,balanced_extreme,log1p_abs,194.0,0.0,-0.7134661064703457,-0.7134661064703457,0.7134661064703457
Extra Trees Balanced Extreme + Transform,Extra Trees,balanced_extreme,log1p_abs,194.0,0.0,-2.1078973788377353,-2.1078973788377353,2.1078973788377353
Extra Trees Balanced Extreme + Transform,Extra Trees,balanced_extreme,log1p_abs,194.0,0.0,-0.8468294007842716,-0.8468294007842716,0.8468294007842716
Extra Trees Balanced Extreme + Transform,Extra Trees,balanced_extreme,log1p_abs,194.0,-0.333333333,-1.1480410250275384,-0.8147076920275383,0.8147076920275383
Extra Trees Balanced Extreme + Transform,Extra Trees,balanced_extreme,log1p_abs,196.0,0.0,-0.3858741528245909,-0.3858741528245909,0.3858741528245909
Extra Trees Balanced Extreme + Transform,Extra Trees,balanced_extreme,log1p_abs,196.0,-1.0,-3.5367273008650932,-2.5367273008650932,2.5367273008650932
Extra Trees Balanced Extreme + Transform,Extra Trees,balanced_extreme,log1p_abs,196.0,0.0,-2.3758475056324544,-2.3758475056324544,2.3758475056324544
Extra Trees Balanced Extreme + Transform,Extra Trees,balanced_extreme,log1p_abs,200.0,-2.321928,-2.3357321589525952,-0.013804158952595014,0.013804158952595014
Extra Trees Balanced Extreme + Transform,Extra Trees,balanced_extreme,log1p_abs,200.0,0.0,-0.5706068882747302,-0.5706068882747302,0.5706068882747302
Extra Trees Balanced Extreme + Transform,Extra Trees,balanced_extreme,log1p_abs,200.0,0.0,-0.6348140671059433,-0.6348140671059433,0.6348140671059433
Extra Trees Balanced Extreme + Transform,Extra Trees,balanced_extreme,log1p_abs,200.0,0.0,-0.4639415729899222,-0.4639415729899222,0.4639415729899222
Extra Trees Balanced Extreme + Transform,Extra Trees,balanced_extreme,log1p_abs,200.0,0.0,-0.6348891265100359,-0.6348891265100359,0.6348891265100359
Extra Trees Balanced Extreme + Transform,Extra Trees,balanced_extreme,log1p_abs,217.0,-0.2,-0.8873041451513867,-0.6873041451513866,0.6873041451513866
Extra Trees Balanced Extreme + Transform,Extra Trees,balanced_extreme,log1p_abs,217.0,0.0,-1.1685993049025027,-1.1685993049025027,1.1685993049025027
Extra Trees Balanced Extreme + Transform,Extra Trees,balanced_extreme,log1p_abs,217.0,-0.924658667,-1.4390184109824808,-0.5143597439824809,0.5143597439824809
Extra Trees Balanced Extreme + Transform,Extra Trees,balanced_extreme,log1p_abs,218.0,-2.321928,-0.32986556562897956,1.9920624343710207,1.9920624343710207
Extra Trees Balanced Extreme + Transform,Extra Trees,balanced_extreme,log1p_abs,218.0,-3.321928,-1.5250836984352127,1.7968443015647875,1.7968443015647875
Extra Trees Balanced Extreme + Transform,Extra Trees,balanced_extreme,log1p_abs,218.0,-4.321928,-0.3254825807010649,3.9964454192989347,3.9964454192989347
Extra Trees Balanced Extreme + Transform,Extra Trees,balanced_extreme,log1p_abs,218.0,-4.321928,-0.509064353125268,3.8128636468747317,3.8128636468747317
Extra Trees Balanced Extreme + Transform,Extra Trees,balanced_extreme,log1p_abs,221.0,-0.666666667,-1.5709489897607416,-0.9042823227607416,0.9042823227607416
Extra Trees Balanced Extreme + Transform,Extra Trees,balanced_extreme,log1p_abs,221.0,0.0,-0.5093643560394888,-0.5093643560394888,0.5093643560394888
Extra Trees Balanced Extreme + Transform,Extra Trees,balanced_extreme,log1p_abs,221.0,0.0,-0.36903282977784535,-0.36903282977784535,0.36903282977784535
Extra Trees Balanced Extreme + Transform,Extra Trees,balanced_extreme,log1p_abs,221.0,-1.0,-0.7784793749287563,0.2215206250712437,0.2215206250712437
Extra Trees Balanced Extreme + Transform,Extra Trees,balanced_extreme,log1p_abs,221.0,0.0,-0.7342606788616258,-0.7342606788616258,0.7342606788616258
Extra Trees Balanced Extreme + Transform,Extra Trees,balanced_extreme,log1p_abs,228.0,-1.0,-1.7386402663268903,-0.7386402663268903,0.7386402663268903
Extra Trees Balanced Extreme + Transform,Extra Trees,balanced_extreme,log1p_abs,228.0,-1.881285333,-1.8489684322264857,0.032316900773514234,0.032316900773514234
Extra Trees Balanced Extreme + Transform,Extra Trees,balanced_extreme,log1p_abs,228.0,-2.321928,-2.25622266173494,0.06570533826506031,0.06570533826506031
Extra Trees Balanced Extreme + Transform,Extra Trees,balanced_extreme,log1p_abs,233.0,-5.321928,-1.1004509919955154,4.221477008004484,4.221477008004484
Extra Trees Balanced Extreme + Transform,Extra Trees,balanced_extreme,log1p_abs,233.0,0.0,-0.5905609886069456,-0.5905609886069456,0.5905609886069456
Extra Trees Balanced Extreme + Transform,Extra Trees,balanced_extreme,log1p_abs,233.0,-5.321928,-1.6230804116108168,3.698847588389183,3.698847588389183
Extra Trees Balanced Extreme + Transform,Extra Trees,balanced_extreme,log1p_abs,233.0,-3.321928,-2.2832724203386006,1.0386555796613997,1.0386555796613997
Extra Trees Balanced Extreme + Transform,Extra Trees,balanced_extreme,log1p_abs,239.0,-5.321928,-2.5011525882281984,2.8207754117718014,2.8207754117718014
Extra Trees Balanced Extreme + Transform,Extra Trees,balanced_extreme,log1p_abs,239.0,-5.321928,-2.399871547934543,2.9220564520654566,2.9220564520654566
Extra Trees Balanced Extreme + Transform,Extra Trees,balanced_extreme,log1p_abs,239.0,-5.321928,-2.3707118613065106,2.951216138693489,2.951216138693489
Extra Trees Balanced Extreme + Transform,Extra Trees,balanced_extreme,log1p_abs,239.0,-5.321928,-2.4170103919539754,2.9049176080460244,2.9049176080460244
Extra Trees Balanced Extreme + Transform,Extra Trees,balanced_extreme,log1p_abs,240.0,0.0,-0.9184922569981995,-0.9184922569981995,0.9184922569981995
Extra Trees Balanced Extreme + Transform,Extra Trees,balanced_extreme,log1p_abs,240.0,-4.321928,-1.467918424766658,2.854009575233342,2.854009575233342
Extra Trees Balanced Extreme + Transform,Extra Trees,balanced_extreme,log1p_abs,240.0,-5.321928,-1.123720601587169,4.198207398412831,4.198207398412831
Extra Trees Balanced Extreme + Transform,Extra Trees,balanced_extreme,log1p_abs,240.0,-1.0,-0.7364543777579203,0.26354562224207967,0.26354562224207967
Extra Trees Balanced Extreme + Transform,Extra Trees,balanced_extreme,log1p_abs,247.0,-5.321928,-2.102261403206525,3.2196665967934748,3.2196665967934748
Extra Trees Balanced Extreme + Transform,Extra Trees,balanced_extreme,log1p_abs,247.0,-5.321928,-2.7759085952324494,2.5460194047675504,2.5460194047675504
Extra Trees Balanced Extreme + Transform,Extra Trees,balanced_extreme,log1p_abs,247.0,-0.25,-0.12314153417237435,0.12685846582762567,0.12685846582762567
Extra Trees Balanced Extreme + Transform,Extra Trees,balanced_extreme,log1p_abs,247.0,-5.321928,-2.9692942030108265,2.3526337969891733,2.3526337969891733
Extra Trees Balanced Extreme + Transform,Extra Trees,balanced_extreme,log1p_abs,250.0,0.5,-0.7599964213698299,-1.2599964213698298,1.2599964213698298
Extra Trees Balanced Extreme + Transform,Extra Trees,balanced_extreme,log1p_abs,250.0,1.0,-0.7387230248234495,-1.7387230248234495,1.7387230248234495
Extra Trees Balanced Extreme + Transform,Extra Trees,balanced_extreme,log1p_abs,250.0,0.0,-0.9959948232969624,-0.9959948232969624,0.9959948232969624
Extra Trees Balanced Extreme + Transform,Extra Trees,balanced_extreme,log1p_abs,250.0,0.0,-0.6659743476018661,-0.6659743476018661,0.6659743476018661
Extra Trees Balanced Extreme + Transform,Extra Trees,balanced_extreme,log1p_abs,250.0,-0.333333333,-0.9009569365740042,-0.5676236035740042,0.5676236035740042
Extra Trees Balanced Extreme + Transform,Extra Trees,balanced_extreme,log1p_abs,250.0,0.0,-0.7778722984892225,-0.7778722984892225,0.7778722984892225
Extra Trees Balanced Extreme + Transform,Extra Trees,balanced_extreme,log1p_abs,255.0,-3.321928,-2.0575477680602163,1.2643802319397839,1.2643802319397839
Extra Trees Balanced Extreme + Transform,Extra Trees,balanced_extreme,log1p_abs,255.0,-1.7414459999999998,-0.9890793974737533,0.7523666025262465,0.7523666025262465
Extra Trees Balanced Extreme + Transform,Extra Trees,balanced_extreme,log1p_abs,255.0,-1.881285333,-1.101551548168257,0.7797337848317429,0.7797337848317429
Extra Trees Balanced Extreme + Transform,Extra Trees,balanced_extreme,log1p_abs,263.0,-3.321928,-2.1933421975313907,1.1285858024686095,1.1285858024686095
Extra Trees Balanced Extreme + Transform,Extra Trees,balanced_extreme,log1p_abs,263.0,-3.988594667,-2.4466865076316813,1.5419081593683188,1.5419081593683188
Extra Trees Balanced Extreme + Transform,Extra Trees,balanced_extreme,log1p_abs,273.0,0.0,-0.8813127734427085,-0.8813127734427085,0.8813127734427085
Extra Trees Balanced Extreme + Transform,Extra Trees,balanced_extreme,log1p_abs,273.0,0.5,-0.7248810726799436,-1.2248810726799437,1.2248810726799437
Extra Trees Balanced Extreme + Transform,Extra Trees,balanced_extreme,log1p_abs,273.0,0.0,-1.1417380783817823,-1.1417380783817823,1.1417380783817823
Extra Trees Balanced Extreme + Transform,Extra Trees,balanced_extreme,log1p_abs,273.0,0.0,-0.9417026693464595,-0.9417026693464595,0.9417026693464595
Extra Trees Balanced Extreme + Transform,Extra Trees,balanced_extreme,log1p_abs,278.0,-5.321928,-2.3131262211410313,3.0088017788589685,3.0088017788589685
Extra Trees Balanced Extreme + Transform,Extra Trees,balanced_extreme,log1p_abs,278.0,0.0,-0.5402519059303977,-0.5402519059303977,0.5402519059303977
Extra Trees Balanced Extreme + Transform,Extra Trees,balanced_extreme,log1p_abs,278.0,-4.321928,-1.737384439580999,2.584543560419001,2.584543560419001
Extra Trees Balanced Extreme + Transform,Extra Trees,balanced_extreme,log1p_abs,278.0,-1.0,-0.18158883731458172,0.8184111626854182,0.8184111626854182
Extra Trees Balanced Extreme + Transform,Extra Trees,balanced_extreme,log1p_abs,278.0,0.0,-0.39272421304927974,-0.39272421304927974,0.39272421304927974
Extra Trees Balanced Extreme + Transform,Extra Trees,balanced_extreme,log1p_abs,279.0,-1.0,-2.098770042939061,-1.0987700429390612,1.0987700429390612
Extra Trees Balanced Extreme + Transform,Extra Trees,balanced_extreme,log1p_abs,279.0,-5.321928,-3.023929236609612,2.2979987633903876,2.2979987633903876
Extra Trees Balanced Extreme + Transform,Extra Trees,balanced_extreme,log1p_abs,279.0,-1.660964,-1.648952241509465,0.01201175849053504,0.01201175849053504
Extra Trees Balanced Extreme + Transform,Extra Trees,balanced_extreme,log1p_abs,283.0,0.0,-0.573724341620796,-0.573724341620796,0.573724341620796
Extra Trees Balanced Extreme + Transform,Extra Trees,balanced_extreme,log1p_abs,283.0,-0.333333333,-0.26697445606513354,0.06635887693486647,0.06635887693486647
Extra Trees Balanced Extreme + Transform,Extra Trees,balanced_extreme,log1p_abs,283.0,0.0,-2.1644844980378077,-2.1644844980378077,2.1644844980378077
Extra Trees Balanced Extreme + Transform,Extra Trees,balanced_extreme,log1p_abs,283.0,-4.321928,-3.3630349992269983,0.9588930007730014,0.9588930007730014
HistGradientBoosting Target Transform,HistGradientBoosting,baseline,log1p_abs,30.0,-0.386988,-0.3364370748516093,0.05055092514839071,0.05055092514839071
HistGradientBoosting Target Transform,HistGradientBoosting,baseline,log1p_abs,30.0,-1.0,-0.24262461545048963,0.7573753845495104,0.7573753845495104
HistGradientBoosting Target Transform,HistGradientBoosting,baseline,log1p_abs,30.0,-2.321928,-0.32298485846203656,1.9989431415379637,1.9989431415379637
HistGradientBoosting Target Transform,HistGradientBoosting,baseline,log1p_abs,30.0,1.0,-0.3751152226297976,-1.3751152226297976,1.3751152226297976
HistGradientBoosting Target Transform,HistGradientBoosting,baseline,log1p_abs,30.0,0.0,-0.2499334997221115,-0.2499334997221115,0.2499334997221115
HistGradientBoosting Target Transform,HistGradientBoosting,baseline,log1p_abs,33.0,0.0,-1.281892014459642,-1.281892014459642,1.281892014459642
HistGradientBoosting Target Transform,HistGradientBoosting,baseline,log1p_abs,33.0,-1.0,-0.9682210250429791,0.03177897495702087,0.03177897495702087
HistGradientBoosting Target Transform,HistGradientBoosting,baseline,log1p_abs,33.0,-1.0,-0.8996480501219589,0.10035194987804108,0.10035194987804108
HistGradientBoosting Target Transform,HistGradientBoosting,baseline,log1p_abs,33.0,0.0,-0.6874070796192762,-0.6874070796192762,0.6874070796192762
HistGradientBoosting Target Transform,HistGradientBoosting,baseline,log1p_abs,34.0,-1.0643856000000005,-0.9538388712854412,0.11054672871455928,0.11054672871455928
HistGradientBoosting Target Transform,HistGradientBoosting,baseline,log1p_abs,34.0,0.0,-0.700635360514193,-0.700635360514193,0.700635360514193
HistGradientBoosting Target Transform,HistGradientBoosting,baseline,log1p_abs,34.0,-5.321928,-2.151476761758832,3.1704512382411676,3.1704512382411676
HistGradientBoosting Target Transform,HistGradientBoosting,baseline,log1p_abs,34.0,-1.0,-0.4043353409267893,0.5956646590732106,0.5956646590732106
HistGradientBoosting Target Transform,HistGradientBoosting,baseline,log1p_abs,34.0,-4.821928,-3.4141338830363264,1.4077941169636734,1.4077941169636734
HistGradientBoosting Target Transform,HistGradientBoosting,baseline,log1p_abs,39.0,1.0,-0.6015443837987362,-1.6015443837987362,1.6015443837987362
HistGradientBoosting Target Transform,HistGradientBoosting,baseline,log1p_abs,39.0,-0.5,-1.5884441496986206,-1.0884441496986206,1.0884441496986206
HistGradientBoosting Target Transform,HistGradientBoosting,baseline,log1p_abs,39.0,0.0,-2.6973464415530275,-2.6973464415530275,2.6973464415530275
HistGradientBoosting Target Transform,HistGradientBoosting,baseline,log1p_abs,39.0,0.0,-2.7472030254359874,-2.7472030254359874,2.7472030254359874
HistGradientBoosting Target Transform,HistGradientBoosting,baseline,log1p_abs,39.0,0.0,-0.7153861548220193,-0.7153861548220193,0.7153861548220193
HistGradientBoosting Target Transform,HistGradientBoosting,baseline,log1p_abs,42.0,-1.0,-0.37404944547257096,0.6259505545274291,0.6259505545274291
HistGradientBoosting Target Transform,HistGradientBoosting,baseline,log1p_abs,42.0,0.25,-0.11454641251987978,-0.3645464125198798,0.3645464125198798
HistGradientBoosting Target Transform,HistGradientBoosting,baseline,log1p_abs,42.0,-5.321928,-1.5838607720344537,3.738067227965546,3.738067227965546
HistGradientBoosting Target Transform,HistGradientBoosting,baseline,log1p_abs,42.0,-5.321928,-2.3039224834303735,3.0180055165696262,3.0180055165696262
HistGradientBoosting Target Transform,HistGradientBoosting,baseline,log1p_abs,43.0,-0.666666667,-0.35990750783135056,0.30675915916864943,0.30675915916864943
HistGradientBoosting Target Transform,HistGradientBoosting,baseline,log1p_abs,43.0,-3.321928,-1.3341021370365886,1.9878258629634116,1.9878258629634116
HistGradientBoosting Target Transform,HistGradientBoosting,baseline,log1p_abs,43.0,-5.321928,-2.5704635070454236,2.751464492954576,2.751464492954576
HistGradientBoosting Target Transform,HistGradientBoosting,baseline,log1p_abs,43.0,-1.0,-0.2855873100171767,0.7144126899828234,0.7144126899828234
HistGradientBoosting Target Transform,HistGradientBoosting,baseline,log1p_abs,48.0,0.0,-2.552416123270338,-2.552416123270338,2.552416123270338
HistGradientBoosting Target Transform,HistGradientBoosting,baseline,log1p_abs,48.0,-1.0,-3.2497051851644305,-2.2497051851644305,2.2497051851644305
HistGradientBoosting Target Transform,HistGradientBoosting,baseline,log1p_abs,48.0,-1.0,-2.887425904487058,-1.887425904487058,1.887425904487058
HistGradientBoosting Target Transform,HistGradientBoosting,baseline,log1p_abs,48.0,-1.991446,-3.157462885032738,-1.166016885032738,1.166016885032738
HistGradientBoosting Target Transform,HistGradientBoosting,baseline,log1p_abs,49.0,0.0,-0.14999406077259825,-0.14999406077259825,0.14999406077259825
HistGradientBoosting Target Transform,HistGradientBoosting,baseline,log1p_abs,49.0,-2.321928,-1.6049905525260557,0.7169374474739445,0.7169374474739445
HistGradientBoosting Target Transform,HistGradientBoosting,baseline,log1p_abs,49.0,0.0,-0.28698542676497973,-0.28698542676497973,0.28698542676497973
HistGradientBoosting Target Transform,HistGradientBoosting,baseline,log1p_abs,49.0,-2.321928,-2.3214107427752366,0.0005172572247635898,0.0005172572247635898
HistGradientBoosting Target Transform,HistGradientBoosting,baseline,log1p_abs,49.0,-3.321928,-1.5228547463022954,1.7990732536977048,1.7990732536977048
HistGradientBoosting Target Transform,HistGradientBoosting,baseline,log1p_abs,54.0,0.0,-0.4921738250899436,-0.4921738250899436,0.4921738250899436
HistGradientBoosting Target Transform,HistGradientBoosting,baseline,log1p_abs,54.0,-1.370723,-2.8979997729968217,-1.5272767729968217,1.5272767729968217
HistGradientBoosting Target Transform,HistGradientBoosting,baseline,log1p_abs,54.0,0.25,-1.864153368457463,-2.1141533684574627,2.1141533684574627
HistGradientBoosting Target Transform,HistGradientBoosting,baseline,log1p_abs,54.0,0.333333333,-0.14670902586801887,-0.4800423588680189,0.4800423588680189
HistGradientBoosting Target Transform,HistGradientBoosting,baseline,log1p_abs,57.0,0.0,-0.44932530177122587,-0.44932530177122587,0.44932530177122587
HistGradientBoosting Target Transform,HistGradientBoosting,baseline,log1p_abs,57.0,0.0,-0.40632546896398536,-0.40632546896398536,0.40632546896398536
HistGradientBoosting Target Transform,HistGradientBoosting,baseline,log1p_abs,57.0,0.0,-0.852299075175762,-0.852299075175762,0.852299075175762
HistGradientBoosting Target Transform,HistGradientBoosting,baseline,log1p_abs,57.0,0.0,-0.9417416868294827,-0.9417416868294827,0.9417416868294827
HistGradientBoosting Target Transform,HistGradientBoosting,baseline,log1p_abs,69.0,-5.321928,-1.8186932780107574,3.5032347219892426,3.5032347219892426
HistGradientBoosting Target Transform,HistGradientBoosting,baseline,log1p_abs,69.0,-2.821928,-1.813294988708557,1.0086330112914432,1.0086330112914432
HistGradientBoosting Target Transform,HistGradientBoosting,baseline,log1p_abs,69.0,-4.321928,-1.347869299239507,2.9740587007604926,2.9740587007604926
HistGradientBoosting Target Transform,HistGradientBoosting,baseline,log1p_abs,69.0,-1.214618667,-0.3841259469029288,0.8304927200970713,0.8304927200970713
HistGradientBoosting Target Transform,HistGradientBoosting,baseline,log1p_abs,70.0,-1.0,-0.28526696957483366,0.7147330304251663,0.7147330304251663
HistGradientBoosting Target Transform,HistGradientBoosting,baseline,log1p_abs,70.0,-1.5287712,-0.43182722007765806,1.096943979922342,1.096943979922342
HistGradientBoosting Target Transform,HistGradientBoosting,baseline,log1p_abs,70.0,0.0,-0.9776197947412868,-0.9776197947412868,0.9776197947412868
HistGradientBoosting Target Transform,HistGradientBoosting,baseline,log1p_abs,70.0,-4.321928,-0.5063121776660578,3.815615822333942,3.815615822333942
HistGradientBoosting Target Transform,HistGradientBoosting,baseline,log1p_abs,70.0,-0.666666667,-0.34313088886258025,0.32353577813741974,0.32353577813741974
HistGradientBoosting Target Transform,HistGradientBoosting,baseline,log1p_abs,90.0,0.0,-0.04122530119937993,-0.04122530119937993,0.04122530119937993
HistGradientBoosting Target Transform,HistGradientBoosting,baseline,log1p_abs,90.0,-1.7739759999999998,-0.8574870292815057,0.9164889707184941,0.9164889707184941
HistGradientBoosting Target Transform,HistGradientBoosting,baseline,log1p_abs,90.0,0.0,-0.8747945675372558,-0.8747945675372558,0.8747945675372558
HistGradientBoosting Target Transform,HistGradientBoosting,baseline,log1p_abs,90.0,-0.4,-0.1949360245515206,0.20506397544847943,0.20506397544847943
HistGradientBoosting Target Transform,HistGradientBoosting,baseline,log1p_abs,90.0,0.333333333,-1.36196587111238,-1.6952992041123802,1.6952992041123802
HistGradientBoosting Target Transform,HistGradientBoosting,baseline,log1p_abs,91.0,-3.321928,-1.9251213798775693,1.396806620122431,1.396806620122431
HistGradientBoosting Target Transform,HistGradientBoosting,baseline,log1p_abs,91.0,0.0,-0.7630286730783834,-0.7630286730783834,0.7630286730783834
HistGradientBoosting Target Transform,HistGradientBoosting,baseline,log1p_abs,91.0,-2.321928,-1.3390350062195846,0.9828929937804156,0.9828929937804156
HistGradientBoosting Target Transform,HistGradientBoosting,baseline,log1p_abs,91.0,-1.0,-0.8856660974799675,0.1143339025200325,0.1143339025200325
HistGradientBoosting Target Transform,HistGradientBoosting,baseline,log1p_abs,92.0,-1.0,-1.558630204152134,-0.558630204152134,0.558630204152134
HistGradientBoosting Target Transform,HistGradientBoosting,baseline,log1p_abs,92.0,-2.321928,-0.8433026349771326,1.4786253650228676,1.4786253650228676
HistGradientBoosting Target Transform,HistGradientBoosting,baseline,log1p_abs,92.0,-0.428571429,-0.48660864570367807,-0.05803721670367806,0.05803721670367806
HistGradientBoosting Target Transform,HistGradientBoosting,baseline,log1p_abs,92.0,0.2,-1.058297362980269,-1.258297362980269,1.258297362980269
HistGradientBoosting Target Transform,HistGradientBoosting,baseline,log1p_abs,92.0,-1.0,-0.5304061029303864,0.46959389706961363,0.46959389706961363
HistGradientBoosting Target Transform,HistGradientBoosting,baseline,log1p_abs,97.0,-1.107309333,-0.742022555849851,0.3652867771501489,0.3652867771501489
HistGradientBoosting Target Transform,HistGradientBoosting,baseline,log1p_abs,97.0,0.0,-0.4107195793982397,-0.4107195793982397,0.4107195793982397
HistGradientBoosting Target Transform,HistGradientBoosting,baseline,log1p_abs,97.0,0.25,-0.35573633315894365,-0.6057363331589436,0.6057363331589436
HistGradientBoosting Target Transform,HistGradientBoosting,baseline,log1p_abs,97.0,0.0,-2.31753254716859,-2.31753254716859,2.31753254716859
HistGradientBoosting Target Transform,HistGradientBoosting,baseline,log1p_abs,99.0,-0.5,-1.9160099794250103,-1.4160099794250103,1.4160099794250103
HistGradientBoosting Target Transform,HistGradientBoosting,baseline,log1p_abs,99.0,0.0,-1.4048949535757758,-1.4048949535757758,1.4048949535757758
HistGradientBoosting Target Transform,HistGradientBoosting,baseline,log1p_abs,99.0,-2.321928,-1.8775148760843807,0.4444131239156195,0.4444131239156195
HistGradientBoosting Target Transform,HistGradientBoosting,baseline,log1p_abs,99.0,0.0,-1.2611941527233206,-1.2611941527233206,1.2611941527233206
HistGradientBoosting Target Transform,HistGradientBoosting,baseline,log1p_abs,102.0,-0.5,-0.7311269410731491,-0.23112694107314913,0.23112694107314913
HistGradientBoosting Target Transform,HistGradientBoosting,baseline,log1p_abs,102.0,0.333333333,-0.5070937456198358,-0.8404270786198358,0.8404270786198358
HistGradientBoosting Target Transform,HistGradientBoosting,baseline,log1p_abs,102.0,-0.666666667,-0.7918483847112521,-0.12518171771125208,0.12518171771125208
HistGradientBoosting Target Transform,HistGradientBoosting,baseline,log1p_abs,102.0,0.0,-0.4080170977957665,-0.4080170977957665,0.4080170977957665
HistGradientBoosting Target Transform,HistGradientBoosting,baseline,log1p_abs,103.0,-0.666666667,-2.2301192806408268,-1.5634526136408269,1.5634526136408269
HistGradientBoosting Target Transform,HistGradientBoosting,baseline,log1p_abs,110.0,0.0,-0.573471505714206,-0.573471505714206,0.573471505714206
HistGradientBoosting Target Transform,HistGradientBoosting,baseline,log1p_abs,110.0,-0.5,-0.5240108959972563,-0.024010895997256254,0.024010895997256254
HistGradientBoosting Target Transform,HistGradientBoosting,baseline,log1p_abs,110.0,-1.0,-0.6017460130465033,0.3982539869534967,0.3982539869534967
HistGradientBoosting Target Transform,HistGradientBoosting,baseline,log1p_abs,110.0,-2.321928,-1.2967318629980493,1.025196137001951,1.025196137001951
HistGradientBoosting Target Transform,HistGradientBoosting,baseline,log1p_abs,120.0,-2.321928,-1.1238379951822963,1.198090004817704,1.198090004817704
HistGradientBoosting Target Transform,HistGradientBoosting,baseline,log1p_abs,120.0,-3.821928,-2.6096508463062897,1.2122771536937105,1.2122771536937105
HistGradientBoosting Target Transform,HistGradientBoosting,baseline,log1p_abs,125.0,0.0,-0.43303978892899153,-0.43303978892899153,0.43303978892899153
HistGradientBoosting Target Transform,HistGradientBoosting,baseline,log1p_abs,125.0,0.0,-0.1377868621245901,-0.1377868621245901,0.1377868621245901
HistGradientBoosting Target Transform,HistGradientBoosting,baseline,log1p_abs,125.0,0.0,-0.6689646623774992,-0.6689646623774992,0.6689646623774992
HistGradientBoosting Target Transform,HistGradientBoosting,baseline,log1p_abs,125.0,-5.321928,-3.867437638534528,1.4544903614654716,1.4544903614654716
HistGradientBoosting Target Transform,HistGradientBoosting,baseline,log1p_abs,125.0,-2.321928,-2.926847368965982,-0.604919368965982,0.604919368965982
HistGradientBoosting Target Transform,HistGradientBoosting,baseline,log1p_abs,133.0,-3.821928,-0.7434137456991536,3.0785142543008464,3.0785142543008464
HistGradientBoosting Target Transform,HistGradientBoosting,baseline,log1p_abs,133.0,0.0,-0.610571448041039,-0.610571448041039,0.610571448041039
HistGradientBoosting Target Transform,HistGradientBoosting,baseline,log1p_abs,135.0,-3.321928,-1.9637815768530862,1.358146423146914,1.358146423146914
HistGradientBoosting Target Transform,HistGradientBoosting,baseline,log1p_abs,135.0,0.0,0.016839963874707098,0.016839963874707098,0.016839963874707098
HistGradientBoosting Target Transform,HistGradientBoosting,baseline,log1p_abs,135.0,-2.321928,-0.5115288449755974,1.810399155024403,1.810399155024403
HistGradientBoosting Target Transform,HistGradientBoosting,baseline,log1p_abs,138.0,0.0,-0.7915871325044875,-0.7915871325044875,0.7915871325044875
HistGradientBoosting Target Transform,HistGradientBoosting,baseline,log1p_abs,138.0,0.0,-0.8655086566780875,-0.8655086566780875,0.8655086566780875
HistGradientBoosting Target Transform,HistGradientBoosting,baseline,log1p_abs,138.0,0.0,-1.659449135684999,-1.659449135684999,1.659449135684999
HistGradientBoosting Target Transform,HistGradientBoosting,baseline,log1p_abs,138.0,0.0,-2.2070750611670436,-2.2070750611670436,2.2070750611670436
HistGradientBoosting Target Transform,HistGradientBoosting,baseline,log1p_abs,139.0,0.333333333,-0.4873887095765309,-0.8207220425765309,0.8207220425765309
HistGradientBoosting Target Transform,HistGradientBoosting,baseline,log1p_abs,139.0,-0.5,-0.3593402567162656,0.14065974328373437,0.14065974328373437
HistGradientBoosting Target Transform,HistGradientBoosting,baseline,log1p_abs,139.0,0.0,-0.1650905818039512,-0.1650905818039512,0.1650905818039512
HistGradientBoosting Target Transform,HistGradientBoosting,baseline,log1p_abs,141.0,-1.0,-2.2968047795606,-1.2968047795606,1.2968047795606
HistGradientBoosting Target Transform,HistGradientBoosting,baseline,log1p_abs,141.0,-0.666666667,-2.624827714096968,-1.9581610470969681,1.9581610470969681
HistGradientBoosting Target Transform,HistGradientBoosting,baseline,log1p_abs,144.0,0.0,-0.10125526086085751,-0.10125526086085751,0.10125526086085751
HistGradientBoosting Target Transform,HistGradientBoosting,baseline,log1p_abs,144.0,0.0,-0.20470308448397304,-0.20470308448397304,0.20470308448397304
HistGradientBoosting Target Transform,HistGradientBoosting,baseline,log1p_abs,144.0,-1.107309333,-0.08677112465325454,1.0205382083467454,1.0205382083467454
HistGradientBoosting Target Transform,HistGradientBoosting,baseline,log1p_abs,156.0,-0.5,-0.5956955241527091,-0.0956955241527091,0.0956955241527091
HistGradientBoosting Target Transform,HistGradientBoosting,baseline,log1p_abs,156.0,0.25,-0.3210773866882168,-0.5710773866882168,0.5710773866882168
HistGradientBoosting Target Transform,HistGradientBoosting,baseline,log1p_abs,156.0,1.0,-2.569422920006279,-3.569422920006279,3.569422920006279
HistGradientBoosting Target Transform,HistGradientBoosting,baseline,log1p_abs,160.0,-1.0,-0.20800026770339544,0.7919997322966046,0.7919997322966046
HistGradientBoosting Target Transform,HistGradientBoosting,baseline,log1p_abs,160.0,-0.5,-1.06936932871757,-0.5693693287175701,0.5693693287175701
HistGradientBoosting Target Transform,HistGradientBoosting,baseline,log1p_abs,160.0,-0.5,-0.012127304216118932,0.4878726957838811,0.4878726957838811
HistGradientBoosting Target Transform,HistGradientBoosting,baseline,log1p_abs,160.0,-1.0,-1.7488312635623455,-0.7488312635623455,0.7488312635623455
HistGradientBoosting Target Transform,HistGradientBoosting,baseline,log1p_abs,165.0,-1.0,-0.10502108653765711,0.8949789134623429,0.8949789134623429
HistGradientBoosting Target Transform,HistGradientBoosting,baseline,log1p_abs,165.0,-0.333333333,-0.6344498884030914,-0.30111655540309135,0.30111655540309135
HistGradientBoosting Target Transform,HistGradientBoosting,baseline,log1p_abs,165.0,-1.160964,-0.5128169136299997,0.6481470863700004,0.6481470863700004
HistGradientBoosting Target Transform,HistGradientBoosting,baseline,log1p_abs,165.0,-1.0,-0.23014100063328155,0.7698589993667184,0.7698589993667184
HistGradientBoosting Target Transform,HistGradientBoosting,baseline,log1p_abs,166.0,0.0,-0.5915583961138886,-0.5915583961138886,0.5915583961138886
HistGradientBoosting Target Transform,HistGradientBoosting,baseline,log1p_abs,166.0,0.0,-0.35898867479124685,-0.35898867479124685,0.35898867479124685
HistGradientBoosting Target Transform,HistGradientBoosting,baseline,log1p_abs,166.0,-0.666666667,-0.5567511636051645,0.10991550339483547,0.10991550339483547
HistGradientBoosting Target Transform,HistGradientBoosting,baseline,log1p_abs,166.0,0.0,-0.3376317318022822,-0.3376317318022822,0.3376317318022822
HistGradientBoosting Target Transform,HistGradientBoosting,baseline,log1p_abs,171.0,-0.166666667,-0.9727193774409445,-0.8060527104409445,0.8060527104409445
HistGradientBoosting Target Transform,HistGradientBoosting,baseline,log1p_abs,171.0,0.0,-0.264728327643048,-0.264728327643048,0.264728327643048
HistGradientBoosting Target Transform,HistGradientBoosting,baseline,log1p_abs,171.0,0.0,-2.846387189770571,-2.846387189770571,2.846387189770571
HistGradientBoosting Target Transform,HistGradientBoosting,baseline,log1p_abs,171.0,-0.25,-1.2282973311451788,-0.9782973311451788,0.9782973311451788
HistGradientBoosting Target Transform,HistGradientBoosting,baseline,log1p_abs,176.0,-0.5,-0.46946811341488276,0.03053188658511724,0.03053188658511724
HistGradientBoosting Target Transform,HistGradientBoosting,baseline,log1p_abs,176.0,-1.0,-0.6991424494894892,0.3008575505105108,0.3008575505105108
HistGradientBoosting Target Transform,HistGradientBoosting,baseline,log1p_abs,188.0,0.0,0.016133403888966013,0.016133403888966013,0.016133403888966013
HistGradientBoosting Target Transform,HistGradientBoosting,baseline,log1p_abs,188.0,0.0,-0.7424683854750065,-0.7424683854750065,0.7424683854750065
HistGradientBoosting Target Transform,HistGradientBoosting,baseline,log1p_abs,194.0,0.0,-0.44534589874387376,-0.44534589874387376,0.44534589874387376
HistGradientBoosting Target Transform,HistGradientBoosting,baseline,log1p_abs,194.0,0.0,-1.7233609289090408,-1.7233609289090408,1.7233609289090408
HistGradientBoosting Target Transform,HistGradientBoosting,baseline,log1p_abs,194.0,0.0,-0.22430600107116136,-0.22430600107116136,0.22430600107116136
HistGradientBoosting Target Transform,HistGradientBoosting,baseline,log1p_abs,194.0,-0.333333333,-0.8960925210265561,-0.5627591880265561,0.5627591880265561
HistGradientBoosting Target Transform,HistGradientBoosting,baseline,log1p_abs,196.0,0.0,-0.3452205495084873,-0.3452205495084873,0.3452205495084873
HistGradientBoosting Target Transform,HistGradientBoosting,baseline,log1p_abs,196.0,-1.0,-4.0281542494785905,-3.0281542494785905,3.0281542494785905
HistGradientBoosting Target Transform,HistGradientBoosting,baseline,log1p_abs,196.0,0.0,-1.8336184489724905,-1.8336184489724905,1.8336184489724905
HistGradientBoosting Target Transform,HistGradientBoosting,baseline,log1p_abs,200.0,-2.321928,-2.451808809490245,-0.1298808094902446,0.1298808094902446
HistGradientBoosting Target Transform,HistGradientBoosting,baseline,log1p_abs,200.0,0.0,-0.17750493417997212,-0.17750493417997212,0.17750493417997212
HistGradientBoosting Target Transform,HistGradientBoosting,baseline,log1p_abs,200.0,0.0,-0.5969987775842338,-0.5969987775842338,0.5969987775842338
HistGradientBoosting Target Transform,HistGradientBoosting,baseline,log1p_abs,200.0,0.0,-0.30264672568494133,-0.30264672568494133,0.30264672568494133
HistGradientBoosting Target Transform,HistGradientBoosting,baseline,log1p_abs,200.0,0.0,-0.6144231179597067,-0.6144231179597067,0.6144231179597067
HistGradientBoosting Target Transform,HistGradientBoosting,baseline,log1p_abs,217.0,-0.2,-0.4903468030326012,-0.2903468030326012,0.2903468030326012
HistGradientBoosting Target Transform,HistGradientBoosting,baseline,log1p_abs,217.0,0.0,-1.2087632489065452,-1.2087632489065452,1.2087632489065452
HistGradientBoosting Target Transform,HistGradientBoosting,baseline,log1p_abs,217.0,-0.924658667,-0.8075316747432164,0.11712699225678358,0.11712699225678358
HistGradientBoosting Target Transform,HistGradientBoosting,baseline,log1p_abs,218.0,-2.321928,-0.11052011041446036,2.21140788958554,2.21140788958554
HistGradientBoosting Target Transform,HistGradientBoosting,baseline,log1p_abs,218.0,-3.321928,-2.3483881296816227,0.9735398703183775,0.9735398703183775
HistGradientBoosting Target Transform,HistGradientBoosting,baseline,log1p_abs,218.0,-4.321928,-0.10924089289871951,4.212687107101281,4.212687107101281
HistGradientBoosting Target Transform,HistGradientBoosting,baseline,log1p_abs,218.0,-4.321928,-0.3292173650641853,3.9927106349358144,3.9927106349358144
HistGradientBoosting Target Transform,HistGradientBoosting,baseline,log1p_abs,221.0,-0.666666667,-2.1319115417900134,-1.4652448747900135,1.4652448747900135
HistGradientBoosting Target Transform,HistGradientBoosting,baseline,log1p_abs,221.0,0.0,0.01332038036248206,0.01332038036248206,0.01332038036248206
HistGradientBoosting Target Transform,HistGradientBoosting,baseline,log1p_abs,221.0,0.0,-0.029109152160853177,-0.029109152160853177,0.029109152160853177
HistGradientBoosting Target Transform,HistGradientBoosting,baseline,log1p_abs,221.0,-1.0,-0.6010832241591464,0.3989167758408536,0.3989167758408536
HistGradientBoosting Target Transform,HistGradientBoosting,baseline,log1p_abs,221.0,0.0,-0.38871705365914805,-0.38871705365914805,0.38871705365914805
HistGradientBoosting Target Transform,HistGradientBoosting,baseline,log1p_abs,228.0,-1.0,-0.4131690169536703,0.5868309830463296,0.5868309830463296
HistGradientBoosting Target Transform,HistGradientBoosting,baseline,log1p_abs,228.0,-1.881285333,-0.5398850690804894,1.3414002639195104,1.3414002639195104
HistGradientBoosting Target Transform,HistGradientBoosting,baseline,log1p_abs,228.0,-2.321928,-2.0729594259137305,0.2489685740862697,0.2489685740862697
HistGradientBoosting Target Transform,HistGradientBoosting,baseline,log1p_abs,233.0,-5.321928,-2.3280964578503593,2.9938315421496404,2.9938315421496404
HistGradientBoosting Target Transform,HistGradientBoosting,baseline,log1p_abs,233.0,0.0,-0.6037868556859983,-0.6037868556859983,0.6037868556859983
HistGradientBoosting Target Transform,HistGradientBoosting,baseline,log1p_abs,233.0,-5.321928,-2.2228802202081086,3.099047779791891,3.099047779791891
HistGradientBoosting Target Transform,HistGradientBoosting,baseline,log1p_abs,233.0,-3.321928,-3.222955257923121,0.09897274207687934,0.09897274207687934
HistGradientBoosting Target Transform,HistGradientBoosting,baseline,log1p_abs,239.0,-5.321928,-1.789176390825193,3.532751609174807,3.532751609174807
HistGradientBoosting Target Transform,HistGradientBoosting,baseline,log1p_abs,239.0,-5.321928,-1.0169485146638844,4.304979485336116,4.304979485336116
HistGradientBoosting Target Transform,HistGradientBoosting,baseline,log1p_abs,239.0,-5.321928,-1.0708210886830467,4.251106911316953,4.251106911316953
HistGradientBoosting Target Transform,HistGradientBoosting,baseline,log1p_abs,239.0,-5.321928,-1.5363108812368786,3.7856171187631213,3.7856171187631213
HistGradientBoosting Target Transform,HistGradientBoosting,baseline,log1p_abs,240.0,0.0,-0.6228942914966289,-0.6228942914966289,0.6228942914966289
HistGradientBoosting Target Transform,HistGradientBoosting,baseline,log1p_abs,240.0,-4.321928,-1.5774334150288682,2.7444945849711315,2.7444945849711315
HistGradientBoosting Target Transform,HistGradientBoosting,baseline,log1p_abs,240.0,-5.321928,-1.069298278893411,4.252629721106588,4.252629721106588
HistGradientBoosting Target Transform,HistGradientBoosting,baseline,log1p_abs,240.0,-1.0,-0.7467623655964455,0.2532376344035545,0.2532376344035545
HistGradientBoosting Target Transform,HistGradientBoosting,baseline,log1p_abs,247.0,-5.321928,-2.572963681650735,2.7489643183492647,2.7489643183492647
HistGradientBoosting Target Transform,HistGradientBoosting,baseline,log1p_abs,247.0,-5.321928,-4.419909665790155,0.9020183342098447,0.9020183342098447
HistGradientBoosting Target Transform,HistGradientBoosting,baseline,log1p_abs,247.0,-0.25,-0.7632853711566014,-0.5132853711566014,0.5132853711566014
HistGradientBoosting Target Transform,HistGradientBoosting,baseline,log1p_abs,247.0,-5.321928,-3.98437441319361,1.33755358680639,1.33755358680639
HistGradientBoosting Target Transform,HistGradientBoosting,baseline,log1p_abs,250.0,0.5,-0.47469973514691105,-0.9746997351469111,0.9746997351469111
HistGradientBoosting Target Transform,HistGradientBoosting,baseline,log1p_abs,250.0,1.0,-0.6940881218540242,-1.6940881218540242,1.6940881218540242
HistGradientBoosting Target Transform,HistGradientBoosting,baseline,log1p_abs,250.0,0.0,-1.222260260371095,-1.222260260371095,1.222260260371095
HistGradientBoosting Target Transform,HistGradientBoosting,baseline,log1p_abs,250.0,0.0,-0.5985292912296851,-0.5985292912296851,0.5985292912296851
HistGradientBoosting Target Transform,HistGradientBoosting,baseline,log1p_abs,250.0,-0.333333333,-0.655840234287493,-0.32250690128749304,0.32250690128749304
HistGradientBoosting Target Transform,HistGradientBoosting,baseline,log1p_abs,250.0,0.0,-2.046398657471763,-2.046398657471763,2.046398657471763
HistGradientBoosting Target Transform,HistGradientBoosting,baseline,log1p_abs,255.0,-3.321928,-2.259679038627623,1.0622489613723771,1.0622489613723771
HistGradientBoosting Target Transform,HistGradientBoosting,baseline,log1p_abs,255.0,-1.7414459999999998,-0.7892884317030557,0.9521575682969441,0.9521575682969441
HistGradientBoosting Target Transform,HistGradientBoosting,baseline,log1p_abs,255.0,-1.881285333,-1.588350709732237,0.292934623267763,0.292934623267763
HistGradientBoosting Target Transform,HistGradientBoosting,baseline,log1p_abs,263.0,-3.321928,-3.0500382388745786,0.2718897611254216,0.2718897611254216
HistGradientBoosting Target Transform,HistGradientBoosting,baseline,log1p_abs,263.0,-3.988594667,-3.3815368582454033,0.6070578087545968,0.6070578087545968
HistGradientBoosting Target Transform,HistGradientBoosting,baseline,log1p_abs,273.0,0.0,-0.8609218171553179,-0.8609218171553179,0.8609218171553179
HistGradientBoosting Target Transform,HistGradientBoosting,baseline,log1p_abs,273.0,0.5,-0.24741228541453367,-0.7474122854145336,0.7474122854145336
HistGradientBoosting Target Transform,HistGradientBoosting,baseline,log1p_abs,273.0,0.0,-1.079112300741096,-1.079112300741096,1.079112300741096
HistGradientBoosting Target Transform,HistGradientBoosting,baseline,log1p_abs,273.0,0.0,-1.117555073709358,-1.117555073709358,1.117555073709358
HistGradientBoosting Target Transform,HistGradientBoosting,baseline,log1p_abs,278.0,-5.321928,-3.254019872011826,2.067908127988174,2.067908127988174
HistGradientBoosting Target Transform,HistGradientBoosting,baseline,log1p_abs,278.0,0.0,-0.27981592668823746,-0.27981592668823746,0.27981592668823746
HistGradientBoosting Target Transform,HistGradientBoosting,baseline,log1p_abs,278.0,-4.321928,-2.7044490692502863,1.6174789307497135,1.6174789307497135
HistGradientBoosting Target Transform,HistGradientBoosting,baseline,log1p_abs,278.0,-1.0,-0.3942037523618779,0.6057962476381221,0.6057962476381221
HistGradientBoosting Target Transform,HistGradientBoosting,baseline,log1p_abs,278.0,0.0,-0.2005814396987003,-0.2005814396987003,0.2005814396987003
HistGradientBoosting Target Transform,HistGradientBoosting,baseline,log1p_abs,279.0,-1.0,-4.249012946724079,-3.249012946724079,3.249012946724079
HistGradientBoosting Target Transform,HistGradientBoosting,baseline,log1p_abs,279.0,-5.321928,-3.757986148328085,1.5639418516719146,1.5639418516719146
HistGradientBoosting Target Transform,HistGradientBoosting,baseline,log1p_abs,279.0,-1.660964,-2.3064053673137,-0.6454413673137,0.6454413673137
HistGradientBoosting Target Transform,HistGradientBoosting,baseline,log1p_abs,283.0,0.0,-0.4749315331462517,-0.4749315331462517,0.4749315331462517
HistGradientBoosting Target Transform,HistGradientBoosting,baseline,log1p_abs,283.0,-0.333333333,-0.08319228600292937,0.2501410469970706,0.2501410469970706
HistGradientBoosting Target Transform,HistGradientBoosting,baseline,log1p_abs,283.0,0.0,-1.6966549177547283,-1.6966549177547283,1.6966549177547283
HistGradientBoosting Target Transform,HistGradientBoosting,baseline,log1p_abs,283.0,-4.321928,-2.611740267989527,1.7101877320104726,1.7101877320104726
HistGradientBoosting Mild Extreme + Transform,HistGradientBoosting,mild_extreme,log1p_abs,30.0,-0.386988,-0.3772514177501322,0.009736582249867787,0.009736582249867787
HistGradientBoosting Mild Extreme + Transform,HistGradientBoosting,mild_extreme,log1p_abs,30.0,-1.0,-0.06260832850614662,0.9373916714938534,0.9373916714938534
HistGradientBoosting Mild Extreme + Transform,HistGradientBoosting,mild_extreme,log1p_abs,30.0,-2.321928,-0.11073214135662823,2.211195858643372,2.211195858643372
HistGradientBoosting Mild Extreme + Transform,HistGradientBoosting,mild_extreme,log1p_abs,30.0,1.0,-0.3382518325987774,-1.3382518325987773,1.3382518325987773
HistGradientBoosting Mild Extreme + Transform,HistGradientBoosting,mild_extreme,log1p_abs,30.0,0.0,-0.1838757775419512,-0.1838757775419512,0.1838757775419512
HistGradientBoosting Mild Extreme + Transform,HistGradientBoosting,mild_extreme,log1p_abs,33.0,0.0,-1.3790717912551416,-1.3790717912551416,1.3790717912551416
HistGradientBoosting Mild Extreme + Transform,HistGradientBoosting,mild_extreme,log1p_abs,33.0,-1.0,-1.2368532112286164,-0.23685321122861636,0.23685321122861636
HistGradientBoosting Mild Extreme + Transform,HistGradientBoosting,mild_extreme,log1p_abs,33.0,-1.0,-1.0371789810766898,-0.03717898107668982,0.03717898107668982
HistGradientBoosting Mild Extreme + Transform,HistGradientBoosting,mild_extreme,log1p_abs,33.0,0.0,-0.6497504363683244,-0.6497504363683244,0.6497504363683244
HistGradientBoosting Mild Extreme + Transform,HistGradientBoosting,mild_extreme,log1p_abs,34.0,-1.0643856000000005,-1.2744012257933353,-0.21001562579333477,0.21001562579333477
HistGradientBoosting Mild Extreme + Transform,HistGradientBoosting,mild_extreme,log1p_abs,34.0,0.0,-0.8309862543708069,-0.8309862543708069,0.8309862543708069
HistGradientBoosting Mild Extreme + Transform,HistGradientBoosting,mild_extreme,log1p_abs,34.0,-5.321928,-2.261694605196819,3.0602333948031806,3.0602333948031806
HistGradientBoosting Mild Extreme + Transform,HistGradientBoosting,mild_extreme,log1p_abs,34.0,-1.0,-0.6706683031082596,0.32933169689174036,0.32933169689174036
HistGradientBoosting Mild Extreme + Transform,HistGradientBoosting,mild_extreme,log1p_abs,34.0,-4.821928,-4.607089656188213,0.21483834381178646,0.21483834381178646
HistGradientBoosting Mild Extreme + Transform,HistGradientBoosting,mild_extreme,log1p_abs,39.0,1.0,-0.6133709994030179,-1.6133709994030179,1.6133709994030179
HistGradientBoosting Mild Extreme + Transform,HistGradientBoosting,mild_extreme,log1p_abs,39.0,-0.5,-1.3979566649149588,-0.8979566649149588,0.8979566649149588
HistGradientBoosting Mild Extreme + Transform,HistGradientBoosting,mild_extreme,log1p_abs,39.0,0.0,-2.893235415174993,-2.893235415174993,2.893235415174993
HistGradientBoosting Mild Extreme + Transform,HistGradientBoosting,mild_extreme,log1p_abs,39.0,0.0,-2.9970345667848863,-2.9970345667848863,2.9970345667848863
HistGradientBoosting Mild Extreme + Transform,HistGradientBoosting,mild_extreme,log1p_abs,39.0,0.0,-0.6830155441071017,-0.6830155441071017,0.6830155441071017
HistGradientBoosting Mild Extreme + Transform,HistGradientBoosting,mild_extreme,log1p_abs,42.0,-1.0,-0.2825906513527803,0.7174093486472197,0.7174093486472197
HistGradientBoosting Mild Extreme + Transform,HistGradientBoosting,mild_extreme,log1p_abs,42.0,0.25,-0.1846130661421207,-0.4346130661421207,0.4346130661421207
HistGradientBoosting Mild Extreme + Transform,HistGradientBoosting,mild_extreme,log1p_abs,42.0,-5.321928,-1.8572431348951617,3.464684865104838,3.464684865104838
HistGradientBoosting Mild Extreme + Transform,HistGradientBoosting,mild_extreme,log1p_abs,42.0,-5.321928,-2.3155960339918384,3.0063319660081613,3.0063319660081613
HistGradientBoosting Mild Extreme + Transform,HistGradientBoosting,mild_extreme,log1p_abs,43.0,-0.666666667,-0.44843251788482746,0.21823414911517253,0.21823414911517253
HistGradientBoosting Mild Extreme + Transform,HistGradientBoosting,mild_extreme,log1p_abs,43.0,-3.321928,-1.285981045746779,2.0359469542532214,2.0359469542532214
HistGradientBoosting Mild Extreme + Transform,HistGradientBoosting,mild_extreme,log1p_abs,43.0,-5.321928,-3.746944152453558,1.574983847546442,1.574983847546442
HistGradientBoosting Mild Extreme + Transform,HistGradientBoosting,mild_extreme,log1p_abs,43.0,-1.0,-0.6668057877421804,0.33319421225781964,0.33319421225781964
HistGradientBoosting Mild Extreme + Transform,HistGradientBoosting,mild_extreme,log1p_abs,48.0,0.0,-1.9792737255549753,-1.9792737255549753,1.9792737255549753
HistGradientBoosting Mild Extreme + Transform,HistGradientBoosting,mild_extreme,log1p_abs,48.0,-1.0,-3.4098234506262806,-2.4098234506262806,2.4098234506262806
HistGradientBoosting Mild Extreme + Transform,HistGradientBoosting,mild_extreme,log1p_abs,48.0,-1.0,-2.9855644474158507,-1.9855644474158507,1.9855644474158507
HistGradientBoosting Mild Extreme + Transform,HistGradientBoosting,mild_extreme,log1p_abs,48.0,-1.991446,-3.457893768250329,-1.466447768250329,1.466447768250329
HistGradientBoosting Mild Extreme + Transform,HistGradientBoosting,mild_extreme,log1p_abs,49.0,0.0,-0.22680688719252082,-0.22680688719252082,0.22680688719252082
HistGradientBoosting Mild Extreme + Transform,HistGradientBoosting,mild_extreme,log1p_abs,49.0,-2.321928,-1.9276939721249706,0.3942340278750296,0.3942340278750296
HistGradientBoosting Mild Extreme + Transform,HistGradientBoosting,mild_extreme,log1p_abs,49.0,0.0,-0.5301719662484157,-0.5301719662484157,0.5301719662484157
HistGradientBoosting Mild Extreme + Transform,HistGradientBoosting,mild_extreme,log1p_abs,49.0,-2.321928,-3.2092103041711693,-0.887282304171169,0.887282304171169
HistGradientBoosting Mild Extreme + Transform,HistGradientBoosting,mild_extreme,log1p_abs,49.0,-3.321928,-2.0461719732618016,1.2757560267381987,1.2757560267381987
HistGradientBoosting Mild Extreme + Transform,HistGradientBoosting,mild_extreme,log1p_abs,54.0,0.0,-0.5296275862454425,-0.5296275862454425,0.5296275862454425
HistGradientBoosting Mild Extreme + Transform,HistGradientBoosting,mild_extreme,log1p_abs,54.0,-1.370723,-3.023569275216431,-1.6528462752164312,1.6528462752164312
HistGradientBoosting Mild Extreme + Transform,HistGradientBoosting,mild_extreme,log1p_abs,54.0,0.25,-2.0886346487058063,-2.3386346487058063,2.3386346487058063
HistGradientBoosting Mild Extreme + Transform,HistGradientBoosting,mild_extreme,log1p_abs,54.0,0.333333333,0.08554871463515244,-0.24778461836484755,0.24778461836484755
HistGradientBoosting Mild Extreme + Transform,HistGradientBoosting,mild_extreme,log1p_abs,57.0,0.0,-0.7868849519445018,-0.7868849519445018,0.7868849519445018
HistGradientBoosting Mild Extreme + Transform,HistGradientBoosting,mild_extreme,log1p_abs,57.0,0.0,-0.748795810411972,-0.748795810411972,0.748795810411972
HistGradientBoosting Mild Extreme + Transform,HistGradientBoosting,mild_extreme,log1p_abs,57.0,0.0,-0.6985546044672981,-0.6985546044672981,0.6985546044672981
HistGradientBoosting Mild Extreme + Transform,HistGradientBoosting,mild_extreme,log1p_abs,57.0,0.0,-1.2558028970970416,-1.2558028970970416,1.2558028970970416
HistGradientBoosting Mild Extreme + Transform,HistGradientBoosting,mild_extreme,log1p_abs,69.0,-5.321928,-1.9486865913027664,3.3732414086972335,3.3732414086972335
HistGradientBoosting Mild Extreme + Transform,HistGradientBoosting,mild_extreme,log1p_abs,69.0,-2.821928,-2.49440856081993,0.3275194391800702,0.3275194391800702
HistGradientBoosting Mild Extreme + Transform,HistGradientBoosting,mild_extreme,log1p_abs,69.0,-4.321928,-1.7615647716060023,2.5603632283939977,2.5603632283939977
HistGradientBoosting Mild Extreme + Transform,HistGradientBoosting,mild_extreme,log1p_abs,69.0,-1.214618667,-0.7088827414480598,0.5057359255519402,0.5057359255519402
HistGradientBoosting Mild Extreme + Transform,HistGradientBoosting,mild_extreme,log1p_abs,70.0,-1.0,-0.308139260591877,0.691860739408123,0.691860739408123
HistGradientBoosting Mild Extreme + Transform,HistGradientBoosting,mild_extreme,log1p_abs,70.0,-1.5287712,-0.3702188740626416,1.1585523259373585,1.1585523259373585
HistGradientBoosting Mild Extreme + Transform,HistGradientBoosting,mild_extreme,log1p_abs,70.0,0.0,-0.9325827809571143,-0.9325827809571143,0.9325827809571143
HistGradientBoosting Mild Extreme + Transform,HistGradientBoosting,mild_extreme,log1p_abs,70.0,-4.321928,-0.5967950247846855,3.725132975215314,3.725132975215314
HistGradientBoosting Mild Extreme + Transform,HistGradientBoosting,mild_extreme,log1p_abs,70.0,-0.666666667,-0.3423139891762977,0.3243526778237023,0.3243526778237023
HistGradientBoosting Mild Extreme + Transform,HistGradientBoosting,mild_extreme,log1p_abs,90.0,0.0,-0.13502254453433643,-0.13502254453433643,0.13502254453433643
HistGradientBoosting Mild Extreme + Transform,HistGradientBoosting,mild_extreme,log1p_abs,90.0,-1.7739759999999998,-1.011392272754948,0.7625837272450517,0.7625837272450517
HistGradientBoosting Mild Extreme + Transform,HistGradientBoosting,mild_extreme,log1p_abs,90.0,0.0,-1.1578697159369102,-1.1578697159369102,1.1578697159369102
HistGradientBoosting Mild Extreme + Transform,HistGradientBoosting,mild_extreme,log1p_abs,90.0,-0.4,-0.4340781983297811,-0.034078198329781095,0.034078198329781095
HistGradientBoosting Mild Extreme + Transform,HistGradientBoosting,mild_extreme,log1p_abs,90.0,0.333333333,-1.78844057774642,-2.12177391074642,2.12177391074642
HistGradientBoosting Mild Extreme + Transform,HistGradientBoosting,mild_extreme,log1p_abs,91.0,-3.321928,-1.7257967117641893,1.596131288235811,1.596131288235811
HistGradientBoosting Mild Extreme + Transform,HistGradientBoosting,mild_extreme,log1p_abs,91.0,0.0,-0.5802322122566533,-0.5802322122566533,0.5802322122566533
HistGradientBoosting Mild Extreme + Transform,HistGradientBoosting,mild_extreme,log1p_abs,91.0,-2.321928,-1.4376686475328697,0.8842593524671305,0.8842593524671305
HistGradientBoosting Mild Extreme + Transform,HistGradientBoosting,mild_extreme,log1p_abs,91.0,-1.0,-0.7270747143987168,0.27292528560128315,0.27292528560128315
HistGradientBoosting Mild Extreme + Transform,HistGradientBoosting,mild_extreme,log1p_abs,92.0,-1.0,-1.5695631807999444,-0.5695631807999444,0.5695631807999444
HistGradientBoosting Mild Extreme + Transform,HistGradientBoosting,mild_extreme,log1p_abs,92.0,-2.321928,-0.9062941418298932,1.4156338581701071,1.4156338581701071
HistGradientBoosting Mild Extreme + Transform,HistGradientBoosting,mild_extreme,log1p_abs,92.0,-0.428571429,-0.5634388301856753,-0.1348674011856753,0.1348674011856753
HistGradientBoosting Mild Extreme + Transform,HistGradientBoosting,mild_extreme,log1p_abs,92.0,0.2,-1.4683742546186853,-1.6683742546186853,1.6683742546186853
HistGradientBoosting Mild Extreme + Transform,HistGradientBoosting,mild_extreme,log1p_abs,92.0,-1.0,-0.7658833520205249,0.23411664797947507,0.23411664797947507
HistGradientBoosting Mild Extreme + Transform,HistGradientBoosting,mild_extreme,log1p_abs,97.0,-1.107309333,-0.8467058876116496,0.26060344538835034,0.26060344538835034
HistGradientBoosting Mild Extreme + Transform,HistGradientBoosting,mild_extreme,log1p_abs,97.0,0.0,-0.5129909319755601,-0.5129909319755601,0.5129909319755601
HistGradientBoosting Mild Extreme + Transform,HistGradientBoosting,mild_extreme,log1p_abs,97.0,0.25,-0.2920829545827248,-0.5420829545827248,0.5420829545827248
HistGradientBoosting Mild Extreme + Transform,HistGradientBoosting,mild_extreme,log1p_abs,97.0,0.0,-2.132773324497529,-2.132773324497529,2.132773324497529
HistGradientBoosting Mild Extreme + Transform,HistGradientBoosting,mild_extreme,log1p_abs,99.0,-0.5,-1.8495981723626298,-1.3495981723626298,1.3495981723626298
HistGradientBoosting Mild Extreme + Transform,HistGradientBoosting,mild_extreme,log1p_abs,99.0,0.0,-1.5319748988277073,-1.5319748988277073,1.5319748988277073
HistGradientBoosting Mild Extreme + Transform,HistGradientBoosting,mild_extreme,log1p_abs,99.0,-2.321928,-1.8027795333813565,0.5191484666186437,0.5191484666186437
HistGradientBoosting Mild Extreme + Transform,HistGradientBoosting,mild_extreme,log1p_abs,99.0,0.0,-0.8081643447999697,-0.8081643447999697,0.8081643447999697
HistGradientBoosting Mild Extreme + Transform,HistGradientBoosting,mild_extreme,log1p_abs,102.0,-0.5,-0.7444059629526785,-0.24440596295267847,0.24440596295267847
HistGradientBoosting Mild Extreme + Transform,HistGradientBoosting,mild_extreme,log1p_abs,102.0,0.333333333,-0.551597897094507,-0.884931230094507,0.884931230094507
HistGradientBoosting Mild Extreme + Transform,HistGradientBoosting,mild_extreme,log1p_abs,102.0,-0.666666667,-0.6633942715936796,0.0032723954063204053,0.0032723954063204053
HistGradientBoosting Mild Extreme + Transform,HistGradientBoosting,mild_extreme,log1p_abs,102.0,0.0,-0.47218861601565365,-0.47218861601565365,0.47218861601565365
HistGradientBoosting Mild Extreme + Transform,HistGradientBoosting,mild_extreme,log1p_abs,103.0,-0.666666667,-2.0359580609125305,-1.3692913939125306,1.3692913939125306
HistGradientBoosting Mild Extreme + Transform,HistGradientBoosting,mild_extreme,log1p_abs,110.0,0.0,-0.6503440088100791,-0.6503440088100791,0.6503440088100791
HistGradientBoosting Mild Extreme + Transform,HistGradientBoosting,mild_extreme,log1p_abs,110.0,-0.5,-0.6023330759201247,-0.10233307592012475,0.10233307592012475
HistGradientBoosting Mild Extreme + Transform,HistGradientBoosting,mild_extreme,log1p_abs,110.0,-1.0,-0.5914231404343036,0.40857685956569645,0.40857685956569645
HistGradientBoosting Mild Extreme + Transform,HistGradientBoosting,mild_extreme,log1p_abs,110.0,-2.321928,-1.1268688012462809,1.1950591987537194,1.1950591987537194
HistGradientBoosting Mild Extreme + Transform,HistGradientBoosting,mild_extreme,log1p_abs,120.0,-2.321928,-1.037201739310058,1.2847262606899421,1.2847262606899421
HistGradientBoosting Mild Extreme + Transform,HistGradientBoosting,mild_extreme,log1p_abs,120.0,-3.821928,-2.7749761540066737,1.0469518459933265,1.0469518459933265
HistGradientBoosting Mild Extreme + Transform,HistGradientBoosting,mild_extreme,log1p_abs,125.0,0.0,-0.21549764668513227,-0.21549764668513227,0.21549764668513227
HistGradientBoosting Mild Extreme + Transform,HistGradientBoosting,mild_extreme,log1p_abs,125.0,0.0,-0.07676008541540072,-0.07676008541540072,0.07676008541540072
HistGradientBoosting Mild Extreme + Transform,HistGradientBoosting,mild_extreme,log1p_abs,125.0,0.0,-0.739794570493033,-0.739794570493033,0.739794570493033
HistGradientBoosting Mild Extreme + Transform,HistGradientBoosting,mild_extreme,log1p_abs,125.0,-5.321928,-3.6459216306051525,1.6760063693948473,1.6760063693948473
HistGradientBoosting Mild Extreme + Transform,HistGradientBoosting,mild_extreme,log1p_abs,125.0,-2.321928,-2.769324579853061,-0.4473965798530606,0.4473965798530606
HistGradientBoosting Mild Extreme + Transform,HistGradientBoosting,mild_extreme,log1p_abs,133.0,-3.821928,-0.6268113516625367,3.1951166483374633,3.1951166483374633
HistGradientBoosting Mild Extreme + Transform,HistGradientBoosting,mild_extreme,log1p_abs,133.0,0.0,-0.564674967503302,-0.564674967503302,0.564674967503302
HistGradientBoosting Mild Extreme + Transform,HistGradientBoosting,mild_extreme,log1p_abs,135.0,-3.321928,-1.9113329786993751,1.410595021300625,1.410595021300625
HistGradientBoosting Mild Extreme + Transform,HistGradientBoosting,mild_extreme,log1p_abs,135.0,0.0,0.07652688499213531,0.07652688499213531,0.07652688499213531
HistGradientBoosting Mild Extreme + Transform,HistGradientBoosting,mild_extreme,log1p_abs,135.0,-2.321928,-0.35699298810376245,1.9649350118962379,1.9649350118962379
HistGradientBoosting Mild Extreme + Transform,HistGradientBoosting,mild_extreme,log1p_abs,138.0,0.0,-1.082103115613017,-1.082103115613017,1.082103115613017
HistGradientBoosting Mild Extreme + Transform,HistGradientBoosting,mild_extreme,log1p_abs,138.0,0.0,-1.1407240937686134,-1.1407240937686134,1.1407240937686134
HistGradientBoosting Mild Extreme + Transform,HistGradientBoosting,mild_extreme,log1p_abs,138.0,0.0,-2.1525689095017286,-2.1525689095017286,2.1525689095017286
HistGradientBoosting Mild Extreme + Transform,HistGradientBoosting,mild_extreme,log1p_abs,138.0,0.0,-3.0202819640648286,-3.0202819640648286,3.0202819640648286
HistGradientBoosting Mild Extreme + Transform,HistGradientBoosting,mild_extreme,log1p_abs,139.0,0.333333333,-0.5844080079210864,-0.9177413409210864,0.9177413409210864
HistGradientBoosting Mild Extreme + Transform,HistGradientBoosting,mild_extreme,log1p_abs,139.0,-0.5,-0.2859835549260209,0.2140164450739791,0.2140164450739791
HistGradientBoosting Mild Extreme + Transform,HistGradientBoosting,mild_extreme,log1p_abs,139.0,0.0,-0.17040137901125327,-0.17040137901125327,0.17040137901125327
HistGradientBoosting Mild Extreme + Transform,HistGradientBoosting,mild_extreme,log1p_abs,141.0,-1.0,-2.2225220906810828,-1.2225220906810828,1.2225220906810828
HistGradientBoosting Mild Extreme + Transform,HistGradientBoosting,mild_extreme,log1p_abs,141.0,-0.666666667,-2.6618540718405312,-1.9951874048405314,1.9951874048405314
HistGradientBoosting Mild Extreme + Transform,HistGradientBoosting,mild_extreme,log1p_abs,144.0,0.0,-0.1511212605534814,-0.1511212605534814,0.1511212605534814
HistGradientBoosting Mild Extreme + Transform,HistGradientBoosting,mild_extreme,log1p_abs,144.0,0.0,-0.22734900455757664,-0.22734900455757664,0.22734900455757664
HistGradientBoosting Mild Extreme + Transform,HistGradientBoosting,mild_extreme,log1p_abs,144.0,-1.107309333,0.1323061037377295,1.2396154367377294,1.2396154367377294
HistGradientBoosting Mild Extreme + Transform,HistGradientBoosting,mild_extreme,log1p_abs,156.0,-0.5,-0.7698949143714373,-0.2698949143714373,0.2698949143714373
HistGradientBoosting Mild Extreme + Transform,HistGradientBoosting,mild_extreme,log1p_abs,156.0,0.25,-0.2663574087090323,-0.5163574087090324,0.5163574087090324
HistGradientBoosting Mild Extreme + Transform,HistGradientBoosting,mild_extreme,log1p_abs,156.0,1.0,-2.2812417495892596,-3.2812417495892596,3.2812417495892596
HistGradientBoosting Mild Extreme + Transform,HistGradientBoosting,mild_extreme,log1p_abs,160.0,-1.0,-0.1850340742461627,0.8149659257538373,0.8149659257538373
HistGradientBoosting Mild Extreme + Transform,HistGradientBoosting,mild_extreme,log1p_abs,160.0,-0.5,-1.210182207698222,-0.710182207698222,0.710182207698222
HistGradientBoosting Mild Extreme + Transform,HistGradientBoosting,mild_extreme,log1p_abs,160.0,-0.5,0.022877463398924613,0.5228774633989246,0.5228774633989246
HistGradientBoosting Mild Extreme + Transform,HistGradientBoosting,mild_extreme,log1p_abs,160.0,-1.0,-1.7649654306673774,-0.7649654306673774,0.7649654306673774
HistGradientBoosting Mild Extreme + Transform,HistGradientBoosting,mild_extreme,log1p_abs,165.0,-1.0,-0.23534805256579608,0.764651947434204,0.764651947434204
HistGradientBoosting Mild Extreme + Transform,HistGradientBoosting,mild_extreme,log1p_abs,165.0,-0.333333333,-0.6173758122219309,-0.28404247922193093,0.28404247922193093
HistGradientBoosting Mild Extreme + Transform,HistGradientBoosting,mild_extreme,log1p_abs,165.0,-1.160964,-0.48132583738583945,0.6796381626141607,0.6796381626141607
HistGradientBoosting Mild Extreme + Transform,HistGradientBoosting,mild_extreme,log1p_abs,165.0,-1.0,-0.3755050150468753,0.6244949849531247,0.6244949849531247
HistGradientBoosting Mild Extreme + Transform,HistGradientBoosting,mild_extreme,log1p_abs,166.0,0.0,-0.538046828556836,-0.538046828556836,0.538046828556836
HistGradientBoosting Mild Extreme + Transform,HistGradientBoosting,mild_extreme,log1p_abs,166.0,0.0,-0.14869877334756662,-0.14869877334756662,0.14869877334756662
HistGradientBoosting Mild Extreme + Transform,HistGradientBoosting,mild_extreme,log1p_abs,166.0,-0.666666667,-0.300249946446225,0.366416720553775,0.366416720553775
HistGradientBoosting Mild Extreme + Transform,HistGradientBoosting,mild_extreme,log1p_abs,166.0,0.0,-0.13798453664783142,-0.13798453664783142,0.13798453664783142
HistGradientBoosting Mild Extreme + Transform,HistGradientBoosting,mild_extreme,log1p_abs,171.0,-0.166666667,-1.1206246464907856,-0.9539579794907856,0.9539579794907856
HistGradientBoosting Mild Extreme + Transform,HistGradientBoosting,mild_extreme,log1p_abs,171.0,0.0,-0.32532275871052574,-0.32532275871052574,0.32532275871052574
HistGradientBoosting Mild Extreme + Transform,HistGradientBoosting,mild_extreme,log1p_abs,171.0,0.0,-2.979238955674724,-2.979238955674724,2.979238955674724
HistGradientBoosting Mild Extreme + Transform,HistGradientBoosting,mild_extreme,log1p_abs,171.0,-0.25,-1.0859255764643019,-0.8359255764643019,0.8359255764643019
HistGradientBoosting Mild Extreme + Transform,HistGradientBoosting,mild_extreme,log1p_abs,176.0,-0.5,-0.24461940746257152,0.2553805925374285,0.2553805925374285
HistGradientBoosting Mild Extreme + Transform,HistGradientBoosting,mild_extreme,log1p_abs,176.0,-1.0,-0.6784368167035839,0.3215631832964161,0.3215631832964161
HistGradientBoosting Mild Extreme + Transform,HistGradientBoosting,mild_extreme,log1p_abs,188.0,0.0,0.01881870297506325,0.01881870297506325,0.01881870297506325
HistGradientBoosting Mild Extreme + Transform,HistGradientBoosting,mild_extreme,log1p_abs,188.0,0.0,-0.458765681827172,-0.458765681827172,0.458765681827172
HistGradientBoosting Mild Extreme + Transform,HistGradientBoosting,mild_extreme,log1p_abs,194.0,0.0,-0.2818087407659779,-0.2818087407659779,0.2818087407659779
HistGradientBoosting Mild Extreme + Transform,HistGradientBoosting,mild_extreme,log1p_abs,194.0,0.0,-2.1835783074856447,-2.1835783074856447,2.1835783074856447
HistGradientBoosting Mild Extreme + Transform,HistGradientBoosting,mild_extreme,log1p_abs,194.0,0.0,-0.10379965019631714,-0.10379965019631714,0.10379965019631714
HistGradientBoosting Mild Extreme + Transform,HistGradientBoosting,mild_extreme,log1p_abs,194.0,-0.333333333,-0.4508511362694169,-0.11751780326941691,0.11751780326941691
HistGradientBoosting Mild Extreme + Transform,HistGradientBoosting,mild_extreme,log1p_abs,196.0,0.0,-0.12056724628295618,-0.12056724628295618,0.12056724628295618
HistGradientBoosting Mild Extreme + Transform,HistGradientBoosting,mild_extreme,log1p_abs,196.0,-1.0,-3.4832640169662406,-2.4832640169662406,2.4832640169662406
HistGradientBoosting Mild Extreme + Transform,HistGradientBoosting,mild_extreme,log1p_abs,196.0,0.0,-2.013997551920346,-2.013997551920346,2.013997551920346
HistGradientBoosting Mild Extreme + Transform,HistGradientBoosting,mild_extreme,log1p_abs,200.0,-2.321928,-2.4385128229390363,-0.11658482293903605,0.11658482293903605
HistGradientBoosting Mild Extreme + Transform,HistGradientBoosting,mild_extreme,log1p_abs,200.0,0.0,-0.05015377552202864,-0.05015377552202864,0.05015377552202864
HistGradientBoosting Mild Extreme + Transform,HistGradientBoosting,mild_extreme,log1p_abs,200.0,0.0,-0.496151578777315,-0.496151578777315,0.496151578777315
HistGradientBoosting Mild Extreme + Transform,HistGradientBoosting,mild_extreme,log1p_abs,200.0,0.0,-0.13227974574984286,-0.13227974574984286,0.13227974574984286
HistGradientBoosting Mild Extreme + Transform,HistGradientBoosting,mild_extreme,log1p_abs,200.0,0.0,-0.539485311119753,-0.539485311119753,0.539485311119753
HistGradientBoosting Mild Extreme + Transform,HistGradientBoosting,mild_extreme,log1p_abs,217.0,-0.2,-0.7015109451825227,-0.5015109451825226,0.5015109451825226
HistGradientBoosting Mild Extreme + Transform,HistGradientBoosting,mild_extreme,log1p_abs,217.0,0.0,-1.3972837840161911,-1.3972837840161911,1.3972837840161911
HistGradientBoosting Mild Extreme + Transform,HistGradientBoosting,mild_extreme,log1p_abs,217.0,-0.924658667,-1.0908976148747533,-0.16623894787475335,0.16623894787475335
HistGradientBoosting Mild Extreme + Transform,HistGradientBoosting,mild_extreme,log1p_abs,218.0,-2.321928,-0.12966342253488408,2.192264577465116,2.192264577465116
HistGradientBoosting Mild Extreme + Transform,HistGradientBoosting,mild_extreme,log1p_abs,218.0,-3.321928,-2.4283023268366155,0.8936256731633847,0.8936256731633847
HistGradientBoosting Mild Extreme + Transform,HistGradientBoosting,mild_extreme,log1p_abs,218.0,-4.321928,-0.09944960364758233,4.222478396352417,4.222478396352417
HistGradientBoosting Mild Extreme + Transform,HistGradientBoosting,mild_extreme,log1p_abs,218.0,-4.321928,-0.40866671433319607,3.913261285666804,3.913261285666804
HistGradientBoosting Mild Extreme + Transform,HistGradientBoosting,mild_extreme,log1p_abs,221.0,-0.666666667,-1.874637635407903,-1.2079709684079032,1.2079709684079032
HistGradientBoosting Mild Extreme + Transform,HistGradientBoosting,mild_extreme,log1p_abs,221.0,0.0,0.12663319669168968,0.12663319669168968,0.12663319669168968
HistGradientBoosting Mild Extreme + Transform,HistGradientBoosting,mild_extreme,log1p_abs,221.0,0.0,0.14095239031463105,0.14095239031463105,0.14095239031463105
HistGradientBoosting Mild Extreme + Transform,HistGradientBoosting,mild_extreme,log1p_abs,221.0,-1.0,-0.2677122333750843,0.7322877666249157,0.7322877666249157
HistGradientBoosting Mild Extreme + Transform,HistGradientBoosting,mild_extreme,log1p_abs,221.0,0.0,-0.24172347609630923,-0.24172347609630923,0.24172347609630923
HistGradientBoosting Mild Extreme + Transform,HistGradientBoosting,mild_extreme,log1p_abs,228.0,-1.0,-0.3618210811478551,0.638178918852145,0.638178918852145
HistGradientBoosting Mild Extreme + Transform,HistGradientBoosting,mild_extreme,log1p_abs,228.0,-1.881285333,-0.3562106556303829,1.5250746773696169,1.5250746773696169
HistGradientBoosting Mild Extreme + Transform,HistGradientBoosting,mild_extreme,log1p_abs,228.0,-2.321928,-1.897053726707644,0.4248742732923563,0.4248742732923563
HistGradientBoosting Mild Extreme + Transform,HistGradientBoosting,mild_extreme,log1p_abs,233.0,-5.321928,-1.8373358996435163,3.4845921003564833,3.4845921003564833
HistGradientBoosting Mild Extreme + Transform,HistGradientBoosting,mild_extreme,log1p_abs,233.0,0.0,-0.7124135807654729,-0.7124135807654729,0.7124135807654729
HistGradientBoosting Mild Extreme + Transform,HistGradientBoosting,mild_extreme,log1p_abs,233.0,-5.321928,-2.2508170577510582,3.0711109422489415,3.0711109422489415
HistGradientBoosting Mild Extreme + Transform,HistGradientBoosting,mild_extreme,log1p_abs,233.0,-3.321928,-2.8202436390329764,0.5016843609670238,0.5016843609670238
HistGradientBoosting Mild Extreme + Transform,HistGradientBoosting,mild_extreme,log1p_abs,239.0,-5.321928,-2.726366404383015,2.5955615956169846,2.5955615956169846
HistGradientBoosting Mild Extreme + Transform,HistGradientBoosting,mild_extreme,log1p_abs,239.0,-5.321928,-1.4992839374148919,3.822644062585108,3.822644062585108
HistGradientBoosting Mild Extreme + Transform,HistGradientBoosting,mild_extreme,log1p_abs,239.0,-5.321928,-1.6019440020247881,3.719983997975212,3.719983997975212
HistGradientBoosting Mild Extreme + Transform,HistGradientBoosting,mild_extreme,log1p_abs,239.0,-5.321928,-2.1286542616110777,3.193273738388922,3.193273738388922
HistGradientBoosting Mild Extreme + Transform,HistGradientBoosting,mild_extreme,log1p_abs,240.0,0.0,-0.6984903011420308,-0.6984903011420308,0.6984903011420308
HistGradientBoosting Mild Extreme + Transform,HistGradientBoosting,mild_extreme,log1p_abs,240.0,-4.321928,-1.7943221357491907,2.527605864250809,2.527605864250809
HistGradientBoosting Mild Extreme + Transform,HistGradientBoosting,mild_extreme,log1p_abs,240.0,-5.321928,-1.2857870441715586,4.036140955828441,4.036140955828441
HistGradientBoosting Mild Extreme + Transform,HistGradientBoosting,mild_extreme,log1p_abs,240.0,-1.0,-0.794707113520079,0.20529288647992106,0.20529288647992106
HistGradientBoosting Mild Extreme + Transform,HistGradientBoosting,mild_extreme,log1p_abs,247.0,-5.321928,-2.873796187185288,2.4481318128147116,2.4481318128147116
HistGradientBoosting Mild Extreme + Transform,HistGradientBoosting,mild_extreme,log1p_abs,247.0,-5.321928,-5.20425490036622,0.11767309963377937,0.11767309963377937
HistGradientBoosting Mild Extreme + Transform,HistGradientBoosting,mild_extreme,log1p_abs,247.0,-0.25,-0.5514263846941568,-0.30142638469415683,0.30142638469415683
HistGradientBoosting Mild Extreme + Transform,HistGradientBoosting,mild_extreme,log1p_abs,247.0,-5.321928,-5.036438743421018,0.28548925657898216,0.28548925657898216
HistGradientBoosting Mild Extreme + Transform,HistGradientBoosting,mild_extreme,log1p_abs,250.0,0.5,-0.4827738316263869,-0.9827738316263869,0.9827738316263869
HistGradientBoosting Mild Extreme + Transform,HistGradientBoosting,mild_extreme,log1p_abs,250.0,1.0,-0.44716139119335546,-1.4471613911933554,1.4471613911933554
HistGradientBoosting Mild Extreme + Transform,HistGradientBoosting,mild_extreme,log1p_abs,250.0,0.0,-1.2571461726697695,-1.2571461726697695,1.2571461726697695
HistGradientBoosting Mild Extreme + Transform,HistGradientBoosting,mild_extreme,log1p_abs,250.0,0.0,-0.5491342217863671,-0.5491342217863671,0.5491342217863671
HistGradientBoosting Mild Extreme + Transform,HistGradientBoosting,mild_extreme,log1p_abs,250.0,-0.333333333,-0.85459685888914,-0.52126352588914,0.52126352588914
HistGradientBoosting Mild Extreme + Transform,HistGradientBoosting,mild_extreme,log1p_abs,250.0,0.0,-1.4265757541675124,-1.4265757541675124,1.4265757541675124
HistGradientBoosting Mild Extreme + Transform,HistGradientBoosting,mild_extreme,log1p_abs,255.0,-3.321928,-2.54388738912439,0.7780406108756104,0.7780406108756104
HistGradientBoosting Mild Extreme + Transform,HistGradientBoosting,mild_extreme,log1p_abs,255.0,-1.7414459999999998,-0.799053213930853,0.9423927860691468,0.9423927860691468
HistGradientBoosting Mild Extreme + Transform,HistGradientBoosting,mild_extreme,log1p_abs,255.0,-1.881285333,-1.6696654341373693,0.21161989886263055,0.21161989886263055
HistGradientBoosting Mild Extreme + Transform,HistGradientBoosting,mild_extreme,log1p_abs,263.0,-3.321928,-2.362177131354263,0.9597508686457372,0.9597508686457372
HistGradientBoosting Mild Extreme + Transform,HistGradientBoosting,mild_extreme,log1p_abs,263.0,-3.988594667,-3.2301043103210416,0.7584903566789585,0.7584903566789585
HistGradientBoosting Mild Extreme + Transform,HistGradientBoosting,mild_extreme,log1p_abs,273.0,0.0,-0.9427693030137315,-0.9427693030137315,0.9427693030137315
HistGradientBoosting Mild Extreme + Transform,HistGradientBoosting,mild_extreme,log1p_abs,273.0,0.5,-0.6103380337796169,-1.110338033779617,1.110338033779617
HistGradientBoosting Mild Extreme + Transform,HistGradientBoosting,mild_extreme,log1p_abs,273.0,0.0,-1.5506246977933231,-1.5506246977933231,1.5506246977933231
HistGradientBoosting Mild Extreme + Transform,HistGradientBoosting,mild_extreme,log1p_abs,273.0,0.0,-1.307827934842061,-1.307827934842061,1.307827934842061
HistGradientBoosting Mild Extreme + Transform,HistGradientBoosting,mild_extreme,log1p_abs,278.0,-5.321928,-3.503259166934528,1.818668833065472,1.818668833065472
HistGradientBoosting Mild Extreme + Transform,HistGradientBoosting,mild_extreme,log1p_abs,278.0,0.0,-0.4557874275825814,-0.4557874275825814,0.4557874275825814
HistGradientBoosting Mild Extreme + Transform,HistGradientBoosting,mild_extreme,log1p_abs,278.0,-4.321928,-3.095136243961501,1.2267917560384989,1.2267917560384989
HistGradientBoosting Mild Extreme + Transform,HistGradientBoosting,mild_extreme,log1p_abs,278.0,-1.0,-0.3122978002966566,0.6877021997033435,0.6877021997033435
HistGradientBoosting Mild Extreme + Transform,HistGradientBoosting,mild_extreme,log1p_abs,278.0,0.0,-0.24769149463447232,-0.24769149463447232,0.24769149463447232
HistGradientBoosting Mild Extreme + Transform,HistGradientBoosting,mild_extreme,log1p_abs,279.0,-1.0,-3.8105740154275027,-2.8105740154275027,2.8105740154275027
HistGradientBoosting Mild Extreme + Transform,HistGradientBoosting,mild_extreme,log1p_abs,279.0,-5.321928,-3.9680074084822667,1.353920591517733,1.353920591517733
HistGradientBoosting Mild Extreme + Transform,HistGradientBoosting,mild_extreme,log1p_abs,279.0,-1.660964,-2.0600274088706074,-0.3990634088706073,0.3990634088706073
HistGradientBoosting Mild Extreme + Transform,HistGradientBoosting,mild_extreme,log1p_abs,283.0,0.0,-0.5375895395502206,-0.5375895395502206,0.5375895395502206
HistGradientBoosting Mild Extreme + Transform,HistGradientBoosting,mild_extreme,log1p_abs,283.0,-0.333333333,0.03620089221708679,0.3695342252170868,0.3695342252170868
HistGradientBoosting Mild Extreme + Transform,HistGradientBoosting,mild_extreme,log1p_abs,283.0,0.0,-2.0800753973607127,-2.0800753973607127,2.0800753973607127
HistGradientBoosting Mild Extreme + Transform,HistGradientBoosting,mild_extreme,log1p_abs,283.0,-4.321928,-3.2427222981092223,1.0792057018907775,1.0792057018907775
HistGradientBoosting Moderate Extreme + Transform,HistGradientBoosting,moderate_extreme,log1p_abs,30.0,-0.386988,-0.45376800425289227,-0.06678000425289227,0.06678000425289227
HistGradientBoosting Moderate Extreme + Transform,HistGradientBoosting,moderate_extreme,log1p_abs,30.0,-1.0,-0.22641415825845632,0.7735858417415437,0.7735858417415437
HistGradientBoosting Moderate Extreme + Transform,HistGradientBoosting,moderate_extreme,log1p_abs,30.0,-2.321928,-0.199277327312081,2.1226506726879193,2.1226506726879193
HistGradientBoosting Moderate Extreme + Transform,HistGradientBoosting,moderate_extreme,log1p_abs,30.0,1.0,-0.4373545555370742,-1.4373545555370741,1.4373545555370741
HistGradientBoosting Moderate Extreme + Transform,HistGradientBoosting,moderate_extreme,log1p_abs,30.0,0.0,-0.3377616901469537,-0.3377616901469537,0.3377616901469537
HistGradientBoosting Moderate Extreme + Transform,HistGradientBoosting,moderate_extreme,log1p_abs,33.0,0.0,-1.261524089361443,-1.261524089361443,1.261524089361443
HistGradientBoosting Moderate Extreme + Transform,HistGradientBoosting,moderate_extreme,log1p_abs,33.0,-1.0,-1.07940106631848,-0.0794010663184801,0.0794010663184801
HistGradientBoosting Moderate Extreme + Transform,HistGradientBoosting,moderate_extreme,log1p_abs,33.0,-1.0,-0.966227948370757,0.033772051629243016,0.033772051629243016
HistGradientBoosting Moderate Extreme + Transform,HistGradientBoosting,moderate_extreme,log1p_abs,33.0,0.0,-0.65630041399234,-0.65630041399234,0.65630041399234
HistGradientBoosting Moderate Extreme + Transform,HistGradientBoosting,moderate_extreme,log1p_abs,34.0,-1.0643856000000005,-1.4234221579576463,-0.3590365579576458,0.3590365579576458
HistGradientBoosting Moderate Extreme + Transform,HistGradientBoosting,moderate_extreme,log1p_abs,34.0,0.0,-0.6874279249592886,-0.6874279249592886,0.6874279249592886
HistGradientBoosting Moderate Extreme + Transform,HistGradientBoosting,moderate_extreme,log1p_abs,34.0,-5.321928,-2.601415840899528,2.7205121591004717,2.7205121591004717
HistGradientBoosting Moderate Extreme + Transform,HistGradientBoosting,moderate_extreme,log1p_abs,34.0,-1.0,-0.7151982424918079,0.28480175750819214,0.28480175750819214
HistGradientBoosting Moderate Extreme + Transform,HistGradientBoosting,moderate_extreme,log1p_abs,34.0,-4.821928,-4.609803425765821,0.21212457423417863,0.21212457423417863
HistGradientBoosting Moderate Extreme + Transform,HistGradientBoosting,moderate_extreme,log1p_abs,39.0,1.0,-0.6397867006285683,-1.6397867006285685,1.6397867006285685
HistGradientBoosting Moderate Extreme + Transform,HistGradientBoosting,moderate_extreme,log1p_abs,39.0,-0.5,-1.9346843681423187,-1.4346843681423187,1.4346843681423187
HistGradientBoosting Moderate Extreme + Transform,HistGradientBoosting,moderate_extreme,log1p_abs,39.0,0.0,-3.2340414136856475,-3.2340414136856475,3.2340414136856475
HistGradientBoosting Moderate Extreme + Transform,HistGradientBoosting,moderate_extreme,log1p_abs,39.0,0.0,-3.262798243808794,-3.262798243808794,3.262798243808794
HistGradientBoosting Moderate Extreme + Transform,HistGradientBoosting,moderate_extreme,log1p_abs,39.0,0.0,-0.648795500119093,-0.648795500119093,0.648795500119093
HistGradientBoosting Moderate Extreme + Transform,HistGradientBoosting,moderate_extreme,log1p_abs,42.0,-1.0,-0.33286133923849787,0.6671386607615022,0.6671386607615022
HistGradientBoosting Moderate Extreme + Transform,HistGradientBoosting,moderate_extreme,log1p_abs,42.0,0.25,-0.15928508572992553,-0.4092850857299255,0.4092850857299255
HistGradientBoosting Moderate Extreme + Transform,HistGradientBoosting,moderate_extreme,log1p_abs,42.0,-5.321928,-1.9472716875312892,3.3746563124687103,3.3746563124687103
HistGradientBoosting Moderate Extreme + Transform,HistGradientBoosting,moderate_extreme,log1p_abs,42.0,-5.321928,-2.063271199756777,3.2586568002432226,3.2586568002432226
HistGradientBoosting Moderate Extreme + Transform,HistGradientBoosting,moderate_extreme,log1p_abs,43.0,-0.666666667,-0.5058554935162063,0.1608111734837937,0.1608111734837937
HistGradientBoosting Moderate Extreme + Transform,HistGradientBoosting,moderate_extreme,log1p_abs,43.0,-3.321928,-1.8724938930649488,1.4494341069350514,1.4494341069350514
HistGradientBoosting Moderate Extreme + Transform,HistGradientBoosting,moderate_extreme,log1p_abs,43.0,-5.321928,-3.844227427887972,1.477700572112028,1.477700572112028
HistGradientBoosting Moderate Extreme + Transform,HistGradientBoosting,moderate_extreme,log1p_abs,43.0,-1.0,-0.6482677469773562,0.35173225302264377,0.35173225302264377
HistGradientBoosting Moderate Extreme + Transform,HistGradientBoosting,moderate_extreme,log1p_abs,48.0,0.0,-2.3531739571405264,-2.3531739571405264,2.3531739571405264
HistGradientBoosting Moderate Extreme + Transform,HistGradientBoosting,moderate_extreme,log1p_abs,48.0,-1.0,-3.1081310512318874,-2.1081310512318874,2.1081310512318874
HistGradientBoosting Moderate Extreme + Transform,HistGradientBoosting,moderate_extreme,log1p_abs,48.0,-1.0,-3.021383578924081,-2.021383578924081,2.021383578924081
HistGradientBoosting Moderate Extreme + Transform,HistGradientBoosting,moderate_extreme,log1p_abs,48.0,-1.991446,-3.6325458044020857,-1.6410998044020857,1.6410998044020857
HistGradientBoosting Moderate Extreme + Transform,HistGradientBoosting,moderate_extreme,log1p_abs,49.0,0.0,-0.42954658425739484,-0.42954658425739484,0.42954658425739484
HistGradientBoosting Moderate Extreme + Transform,HistGradientBoosting,moderate_extreme,log1p_abs,49.0,-2.321928,-2.2244249692984166,0.09750303070158362,0.09750303070158362
HistGradientBoosting Moderate Extreme + Transform,HistGradientBoosting,moderate_extreme,log1p_abs,49.0,0.0,-0.6715855006582071,-0.6715855006582071,0.6715855006582071
HistGradientBoosting Moderate Extreme + Transform,HistGradientBoosting,moderate_extreme,log1p_abs,49.0,-2.321928,-3.3052945644616782,-0.983366564461678,0.983366564461678
HistGradientBoosting Moderate Extreme + Transform,HistGradientBoosting,moderate_extreme,log1p_abs,49.0,-3.321928,-2.5784962284608968,0.7434317715391034,0.7434317715391034
HistGradientBoosting Moderate Extreme + Transform,HistGradientBoosting,moderate_extreme,log1p_abs,54.0,0.0,-0.4302768124302891,-0.4302768124302891,0.4302768124302891
HistGradientBoosting Moderate Extreme + Transform,HistGradientBoosting,moderate_extreme,log1p_abs,54.0,-1.370723,-3.093360916871218,-1.7226379168712183,1.7226379168712183
HistGradientBoosting Moderate Extreme + Transform,HistGradientBoosting,moderate_extreme,log1p_abs,54.0,0.25,-2.4133296508834388,-2.6633296508834388,2.6633296508834388
HistGradientBoosting Moderate Extreme + Transform,HistGradientBoosting,moderate_extreme,log1p_abs,54.0,0.333333333,-0.006943251071845654,-0.3402765840718457,0.3402765840718457
HistGradientBoosting Moderate Extreme + Transform,HistGradientBoosting,moderate_extreme,log1p_abs,57.0,0.0,-0.6924179499958906,-0.6924179499958906,0.6924179499958906
HistGradientBoosting Moderate Extreme + Transform,HistGradientBoosting,moderate_extreme,log1p_abs,57.0,0.0,-0.5305898248652129,-0.5305898248652129,0.5305898248652129
HistGradientBoosting Moderate Extreme + Transform,HistGradientBoosting,moderate_extreme,log1p_abs,57.0,0.0,-0.5051895505365244,-0.5051895505365244,0.5051895505365244
HistGradientBoosting Moderate Extreme + Transform,HistGradientBoosting,moderate_extreme,log1p_abs,57.0,0.0,-1.438477762551427,-1.438477762551427,1.438477762551427
HistGradientBoosting Moderate Extreme + Transform,HistGradientBoosting,moderate_extreme,log1p_abs,69.0,-5.321928,-1.9504565168694266,3.3714714831305734,3.3714714831305734
HistGradientBoosting Moderate Extreme + Transform,HistGradientBoosting,moderate_extreme,log1p_abs,69.0,-2.821928,-2.0671678623882,0.7547601376118003,0.7547601376118003
HistGradientBoosting Moderate Extreme + Transform,HistGradientBoosting,moderate_extreme,log1p_abs,69.0,-4.321928,-1.405821536409598,2.9161064635904017,2.9161064635904017
HistGradientBoosting Moderate Extreme + Transform,HistGradientBoosting,moderate_extreme,log1p_abs,69.0,-1.214618667,-0.827002344738327,0.3876163222616731,0.3876163222616731
HistGradientBoosting Moderate Extreme + Transform,HistGradientBoosting,moderate_extreme,log1p_abs,70.0,-1.0,-0.20277745389789145,0.7972225461021085,0.7972225461021085
HistGradientBoosting Moderate Extreme + Transform,HistGradientBoosting,moderate_extreme,log1p_abs,70.0,-1.5287712,-0.26828086560311093,1.2604903343968892,1.2604903343968892
HistGradientBoosting Moderate Extreme + Transform,HistGradientBoosting,moderate_extreme,log1p_abs,70.0,0.0,-1.05094901271334,-1.05094901271334,1.05094901271334
HistGradientBoosting Moderate Extreme + Transform,HistGradientBoosting,moderate_extreme,log1p_abs,70.0,-4.321928,-0.5242347958777401,3.7976932041222597,3.7976932041222597
HistGradientBoosting Moderate Extreme + Transform,HistGradientBoosting,moderate_extreme,log1p_abs,70.0,-0.666666667,-0.25421786451485917,0.4124488024851408,0.4124488024851408
HistGradientBoosting Moderate Extreme + Transform,HistGradientBoosting,moderate_extreme,log1p_abs,90.0,0.0,-0.18295225972106857,-0.18295225972106857,0.18295225972106857
HistGradientBoosting Moderate Extreme + Transform,HistGradientBoosting,moderate_extreme,log1p_abs,90.0,-1.7739759999999998,-1.4358108978738824,0.3381651021261174,0.3381651021261174
HistGradientBoosting Moderate Extreme + Transform,HistGradientBoosting,moderate_extreme,log1p_abs,90.0,0.0,-1.5907779335338745,-1.5907779335338745,1.5907779335338745
HistGradientBoosting Moderate Extreme + Transform,HistGradientBoosting,moderate_extreme,log1p_abs,90.0,-0.4,-0.38874542386262473,0.011254576137375294,0.011254576137375294
HistGradientBoosting Moderate Extreme + Transform,HistGradientBoosting,moderate_extreme,log1p_abs,90.0,0.333333333,-1.5273931749380851,-1.860726507938085,1.860726507938085
HistGradientBoosting Moderate Extreme + Transform,HistGradientBoosting,moderate_extreme,log1p_abs,91.0,-3.321928,-1.7799873100511652,1.541940689948835,1.541940689948835
HistGradientBoosting Moderate Extreme + Transform,HistGradientBoosting,moderate_extreme,log1p_abs,91.0,0.0,-0.5199078700574248,-0.5199078700574248,0.5199078700574248
HistGradientBoosting Moderate Extreme + Transform,HistGradientBoosting,moderate_extreme,log1p_abs,91.0,-2.321928,-1.5264556812061059,0.7954723187938944,0.7954723187938944
HistGradientBoosting Moderate Extreme + Transform,HistGradientBoosting,moderate_extreme,log1p_abs,91.0,-1.0,-0.8459331530794564,0.15406684692054362,0.15406684692054362
HistGradientBoosting Moderate Extreme + Transform,HistGradientBoosting,moderate_extreme,log1p_abs,92.0,-1.0,-1.8558219351204368,-0.8558219351204368,0.8558219351204368
HistGradientBoosting Moderate Extreme + Transform,HistGradientBoosting,moderate_extreme,log1p_abs,92.0,-2.321928,-1.1124500902049972,1.209477909795003,1.209477909795003
HistGradientBoosting Moderate Extreme + Transform,HistGradientBoosting,moderate_extreme,log1p_abs,92.0,-0.428571429,-0.7019119480087992,-0.2733405190087992,0.2733405190087992
HistGradientBoosting Moderate Extreme + Transform,HistGradientBoosting,moderate_extreme,log1p_abs,92.0,0.2,-1.6742702296822831,-1.874270229682283,1.874270229682283
HistGradientBoosting Moderate Extreme + Transform,HistGradientBoosting,moderate_extreme,log1p_abs,92.0,-1.0,-0.8432691654757931,0.15673083452420689,0.15673083452420689
HistGradientBoosting Moderate Extreme + Transform,HistGradientBoosting,moderate_extreme,log1p_abs,97.0,-1.107309333,-0.4598605487726643,0.6474487842273355,0.6474487842273355
HistGradientBoosting Moderate Extreme + Transform,HistGradientBoosting,moderate_extreme,log1p_abs,97.0,0.0,-0.2396225670158145,-0.2396225670158145,0.2396225670158145
HistGradientBoosting Moderate Extreme + Transform,HistGradientBoosting,moderate_extreme,log1p_abs,97.0,0.25,-0.03930561692562395,-0.28930561692562395,0.28930561692562395
HistGradientBoosting Moderate Extreme + Transform,HistGradientBoosting,moderate_extreme,log1p_abs,97.0,0.0,-1.5231167042619422,-1.5231167042619422,1.5231167042619422
HistGradientBoosting Moderate Extreme + Transform,HistGradientBoosting,moderate_extreme,log1p_abs,99.0,-0.5,-2.2462151505159267,-1.7462151505159267,1.7462151505159267
HistGradientBoosting Moderate Extreme + Transform,HistGradientBoosting,moderate_extreme,log1p_abs,99.0,0.0,-1.770092655918952,-1.770092655918952,1.770092655918952
HistGradientBoosting Moderate Extreme + Transform,HistGradientBoosting,moderate_extreme,log1p_abs,99.0,-2.321928,-2.398774766513026,-0.07684676651302569,0.07684676651302569
HistGradientBoosting Moderate Extreme + Transform,HistGradientBoosting,moderate_extreme,log1p_abs,99.0,0.0,-1.0865288768522825,-1.0865288768522825,1.0865288768522825
HistGradientBoosting Moderate Extreme + Transform,HistGradientBoosting,moderate_extreme,log1p_abs,102.0,-0.5,-0.7923887595913707,-0.2923887595913707,0.2923887595913707
HistGradientBoosting Moderate Extreme + Transform,HistGradientBoosting,moderate_extreme,log1p_abs,102.0,0.333333333,-0.5662273405665921,-0.8995606735665921,0.8995606735665921
HistGradientBoosting Moderate Extreme + Transform,HistGradientBoosting,moderate_extreme,log1p_abs,102.0,-0.666666667,-0.441263828319074,0.22540283868092598,0.22540283868092598
HistGradientBoosting Moderate Extreme + Transform,HistGradientBoosting,moderate_extreme,log1p_abs,102.0,0.0,-0.375718452489523,-0.375718452489523,0.375718452489523
HistGradientBoosting Moderate Extreme + Transform,HistGradientBoosting,moderate_extreme,log1p_abs,103.0,-0.666666667,-1.9458728635302718,-1.279206196530272,1.279206196530272
HistGradientBoosting Moderate Extreme + Transform,HistGradientBoosting,moderate_extreme,log1p_abs,110.0,0.0,-0.6966191904595633,-0.6966191904595633,0.6966191904595633
HistGradientBoosting Moderate Extreme + Transform,HistGradientBoosting,moderate_extreme,log1p_abs,110.0,-0.5,-0.7898618252540749,-0.2898618252540749,0.2898618252540749
HistGradientBoosting Moderate Extreme + Transform,HistGradientBoosting,moderate_extreme,log1p_abs,110.0,-1.0,-0.6224743561694247,0.3775256438305753,0.3775256438305753
HistGradientBoosting Moderate Extreme + Transform,HistGradientBoosting,moderate_extreme,log1p_abs,110.0,-2.321928,-1.2866253507989458,1.0353026492010544,1.0353026492010544
HistGradientBoosting Moderate Extreme + Transform,HistGradientBoosting,moderate_extreme,log1p_abs,120.0,-2.321928,-0.8963284887735156,1.4255995112264848,1.4255995112264848
HistGradientBoosting Moderate Extreme + Transform,HistGradientBoosting,moderate_extreme,log1p_abs,120.0,-3.821928,-3.199827450954907,0.622100549045093,0.622100549045093
HistGradientBoosting Moderate Extreme + Transform,HistGradientBoosting,moderate_extreme,log1p_abs,125.0,0.0,-0.10988247492782881,-0.10988247492782881,0.10988247492782881
HistGradientBoosting Moderate Extreme + Transform,HistGradientBoosting,moderate_extreme,log1p_abs,125.0,0.0,0.09786339764549475,0.09786339764549475,0.09786339764549475
HistGradientBoosting Moderate Extreme + Transform,HistGradientBoosting,moderate_extreme,log1p_abs,125.0,0.0,-0.4252287350022577,-0.4252287350022577,0.4252287350022577
HistGradientBoosting Moderate Extreme + Transform,HistGradientBoosting,moderate_extreme,log1p_abs,125.0,-5.321928,-3.792751837453227,1.5291761625467726,1.5291761625467726
HistGradientBoosting Moderate Extreme + Transform,HistGradientBoosting,moderate_extreme,log1p_abs,125.0,-2.321928,-2.7145671894916337,-0.39263918949163346,0.39263918949163346
HistGradientBoosting Moderate Extreme + Transform,HistGradientBoosting,moderate_extreme,log1p_abs,133.0,-3.821928,-0.6021839765919084,3.219744023408092,3.219744023408092
HistGradientBoosting Moderate Extreme + Transform,HistGradientBoosting,moderate_extreme,log1p_abs,133.0,0.0,-0.42729183804813897,-0.42729183804813897,0.42729183804813897
HistGradientBoosting Moderate Extreme + Transform,HistGradientBoosting,moderate_extreme,log1p_abs,135.0,-3.321928,-1.8663920081334364,1.4555359918665638,1.4555359918665638
HistGradientBoosting Moderate Extreme + Transform,HistGradientBoosting,moderate_extreme,log1p_abs,135.0,0.0,0.09017796723691313,0.09017796723691313,0.09017796723691313
HistGradientBoosting Moderate Extreme + Transform,HistGradientBoosting,moderate_extreme,log1p_abs,135.0,-2.321928,-0.3538843308779872,1.9680436691220131,1.9680436691220131
HistGradientBoosting Moderate Extreme + Transform,HistGradientBoosting,moderate_extreme,log1p_abs,138.0,0.0,-1.0380729381352283,-1.0380729381352283,1.0380729381352283
HistGradientBoosting Moderate Extreme + Transform,HistGradientBoosting,moderate_extreme,log1p_abs,138.0,0.0,-0.9142742809773309,-0.9142742809773309,0.9142742809773309
HistGradientBoosting Moderate Extreme + Transform,HistGradientBoosting,moderate_extreme,log1p_abs,138.0,0.0,-2.5947756347433932,-2.5947756347433932,2.5947756347433932
HistGradientBoosting Moderate Extreme + Transform,HistGradientBoosting,moderate_extreme,log1p_abs,138.0,0.0,-3.615280485966535,-3.615280485966535,3.615280485966535
HistGradientBoosting Moderate Extreme + Transform,HistGradientBoosting,moderate_extreme,log1p_abs,139.0,0.333333333,-0.5033551353125019,-0.8366884683125019,0.8366884683125019
HistGradientBoosting Moderate Extreme + Transform,HistGradientBoosting,moderate_extreme,log1p_abs,139.0,-0.5,-0.5160236431622053,-0.01602364316220528,0.01602364316220528
HistGradientBoosting Moderate Extreme + Transform,HistGradientBoosting,moderate_extreme,log1p_abs,139.0,0.0,-0.21851619070682055,-0.21851619070682055,0.21851619070682055
HistGradientBoosting Moderate Extreme + Transform,HistGradientBoosting,moderate_extreme,log1p_abs,141.0,-1.0,-2.619943865150032,-1.6199438651500322,1.6199438651500322
HistGradientBoosting Moderate Extreme + Transform,HistGradientBoosting,moderate_extreme,log1p_abs,141.0,-0.666666667,-3.123804714938455,-2.457138047938455,2.457138047938455
HistGradientBoosting Moderate Extreme + Transform,HistGradientBoosting,moderate_extreme,log1p_abs,144.0,0.0,0.08430132361688483,0.08430132361688483,0.08430132361688483
HistGradientBoosting Moderate Extreme + Transform,HistGradientBoosting,moderate_extreme,log1p_abs,144.0,0.0,-0.053763602896824136,-0.053763602896824136,0.053763602896824136
HistGradientBoosting Moderate Extreme + Transform,HistGradientBoosting,moderate_extreme,log1p_abs,144.0,-1.107309333,0.08427518898623579,1.1915845219862358,1.1915845219862358
HistGradientBoosting Moderate Extreme + Transform,HistGradientBoosting,moderate_extreme,log1p_abs,156.0,-0.5,-1.0724787508590594,-0.5724787508590594,0.5724787508590594
HistGradientBoosting Moderate Extreme + Transform,HistGradientBoosting,moderate_extreme,log1p_abs,156.0,0.25,-0.1383889226601172,-0.3883889226601172,0.3883889226601172
HistGradientBoosting Moderate Extreme + Transform,HistGradientBoosting,moderate_extreme,log1p_abs,156.0,1.0,-2.146255759002047,-3.146255759002047,3.146255759002047
HistGradientBoosting Moderate Extreme + Transform,HistGradientBoosting,moderate_extreme,log1p_abs,160.0,-1.0,-0.32362630306794415,0.6763736969320558,0.6763736969320558
HistGradientBoosting Moderate Extreme + Transform,HistGradientBoosting,moderate_extreme,log1p_abs,160.0,-0.5,-1.372357244632811,-0.872357244632811,0.872357244632811
HistGradientBoosting Moderate Extreme + Transform,HistGradientBoosting,moderate_extreme,log1p_abs,160.0,-0.5,0.031223482380329584,0.5312234823803296,0.5312234823803296
HistGradientBoosting Moderate Extreme + Transform,HistGradientBoosting,moderate_extreme,log1p_abs,160.0,-1.0,-2.082546718091729,-1.082546718091729,1.082546718091729
HistGradientBoosting Moderate Extreme + Transform,HistGradientBoosting,moderate_extreme,log1p_abs,165.0,-1.0,-0.06772863330606467,0.9322713666939353,0.9322713666939353
HistGradientBoosting Moderate Extreme + Transform,HistGradientBoosting,moderate_extreme,log1p_abs,165.0,-0.333333333,-0.5015831889013042,-0.16824985590130415,0.16824985590130415
HistGradientBoosting Moderate Extreme + Transform,HistGradientBoosting,moderate_extreme,log1p_abs,165.0,-1.160964,-0.3366286941581911,0.824335305841809,0.824335305841809
HistGradientBoosting Moderate Extreme + Transform,HistGradientBoosting,moderate_extreme,log1p_abs,165.0,-1.0,-0.1257569232831245,0.8742430767168755,0.8742430767168755
HistGradientBoosting Moderate Extreme + Transform,HistGradientBoosting,moderate_extreme,log1p_abs,166.0,0.0,-0.357450126008123,-0.357450126008123,0.357450126008123
HistGradientBoosting Moderate Extreme + Transform,HistGradientBoosting,moderate_extreme,log1p_abs,166.0,0.0,-0.10982011008419515,-0.10982011008419515,0.10982011008419515
HistGradientBoosting Moderate Extreme + Transform,HistGradientBoosting,moderate_extreme,log1p_abs,166.0,-0.666666667,-0.20709303053860018,0.4595736364613998,0.4595736364613998
HistGradientBoosting Moderate Extreme + Transform,HistGradientBoosting,moderate_extreme,log1p_abs,166.0,0.0,-0.14359707718714462,-0.14359707718714462,0.14359707718714462
HistGradientBoosting Moderate Extreme + Transform,HistGradientBoosting,moderate_extreme,log1p_abs,171.0,-0.166666667,-1.1793497779089306,-1.0126831109089305,1.0126831109089305
HistGradientBoosting Moderate Extreme + Transform,HistGradientBoosting,moderate_extreme,log1p_abs,171.0,0.0,-0.40413754683488295,-0.40413754683488295,0.40413754683488295
HistGradientBoosting Moderate Extreme + Transform,HistGradientBoosting,moderate_extreme,log1p_abs,171.0,0.0,-3.2418555173261994,-3.2418555173261994,3.2418555173261994
HistGradientBoosting Moderate Extreme + Transform,HistGradientBoosting,moderate_extreme,log1p_abs,171.0,-0.25,-1.2905480123470496,-1.0405480123470496,1.0405480123470496
HistGradientBoosting Moderate Extreme + Transform,HistGradientBoosting,moderate_extreme,log1p_abs,176.0,-0.5,-0.22174143576765196,0.27825856423234807,0.27825856423234807
HistGradientBoosting Moderate Extreme + Transform,HistGradientBoosting,moderate_extreme,log1p_abs,176.0,-1.0,-0.9413524983004743,0.058647501699525706,0.058647501699525706
HistGradientBoosting Moderate Extreme + Transform,HistGradientBoosting,moderate_extreme,log1p_abs,188.0,0.0,-0.11197562678645603,-0.11197562678645603,0.11197562678645603
HistGradientBoosting Moderate Extreme + Transform,HistGradientBoosting,moderate_extreme,log1p_abs,188.0,0.0,-0.6568568282016254,-0.6568568282016254,0.6568568282016254
HistGradientBoosting Moderate Extreme + Transform,HistGradientBoosting,moderate_extreme,log1p_abs,194.0,0.0,-0.27502243597144566,-0.27502243597144566,0.27502243597144566
HistGradientBoosting Moderate Extreme + Transform,HistGradientBoosting,moderate_extreme,log1p_abs,194.0,0.0,-2.0541615308589285,-2.0541615308589285,2.0541615308589285
HistGradientBoosting Moderate Extreme + Transform,HistGradientBoosting,moderate_extreme,log1p_abs,194.0,0.0,0.004338164658963181,0.004338164658963181,0.004338164658963181
HistGradientBoosting Moderate Extreme + Transform,HistGradientBoosting,moderate_extreme,log1p_abs,194.0,-0.333333333,-0.5523457625586308,-0.21901242955863076,0.21901242955863076
HistGradientBoosting Moderate Extreme + Transform,HistGradientBoosting,moderate_extreme,log1p_abs,196.0,0.0,-0.2348694462296728,-0.2348694462296728,0.2348694462296728
HistGradientBoosting Moderate Extreme + Transform,HistGradientBoosting,moderate_extreme,log1p_abs,196.0,-1.0,-3.7681246833579816,-2.7681246833579816,2.7681246833579816
HistGradientBoosting Moderate Extreme + Transform,HistGradientBoosting,moderate_extreme,log1p_abs,196.0,0.0,-2.048705449800813,-2.048705449800813,2.048705449800813
HistGradientBoosting Moderate Extreme + Transform,HistGradientBoosting,moderate_extreme,log1p_abs,200.0,-2.321928,-2.8389874825331396,-0.5170594825331394,0.5170594825331394
HistGradientBoosting Moderate Extreme + Transform,HistGradientBoosting,moderate_extreme,log1p_abs,200.0,0.0,-0.13658901075515875,-0.13658901075515875,0.13658901075515875
HistGradientBoosting Moderate Extreme + Transform,HistGradientBoosting,moderate_extreme,log1p_abs,200.0,0.0,-0.6434561400051819,-0.6434561400051819,0.6434561400051819
HistGradientBoosting Moderate Extreme + Transform,HistGradientBoosting,moderate_extreme,log1p_abs,200.0,0.0,-0.19514975220216343,-0.19514975220216343,0.19514975220216343
HistGradientBoosting Moderate Extreme + Transform,HistGradientBoosting,moderate_extreme,log1p_abs,200.0,0.0,-0.6937614613236905,-0.6937614613236905,0.6937614613236905
HistGradientBoosting Moderate Extreme + Transform,HistGradientBoosting,moderate_extreme,log1p_abs,217.0,-0.2,-0.7019601473541053,-0.5019601473541053,0.5019601473541053
HistGradientBoosting Moderate Extreme + Transform,HistGradientBoosting,moderate_extreme,log1p_abs,217.0,0.0,-0.8977609026406793,-0.8977609026406793,0.8977609026406793
HistGradientBoosting Moderate Extreme + Transform,HistGradientBoosting,moderate_extreme,log1p_abs,217.0,-0.924658667,-0.7425868121264192,0.1820718548735808,0.1820718548735808
HistGradientBoosting Moderate Extreme + Transform,HistGradientBoosting,moderate_extreme,log1p_abs,218.0,-2.321928,-0.10312463476160634,2.218803365238394,2.218803365238394
HistGradientBoosting Moderate Extreme + Transform,HistGradientBoosting,moderate_extreme,log1p_abs,218.0,-3.321928,-2.3716541991229354,0.9502738008770648,0.9502738008770648
HistGradientBoosting Moderate Extreme + Transform,HistGradientBoosting,moderate_extreme,log1p_abs,218.0,-4.321928,-0.12813534237272106,4.193792657627279,4.193792657627279
HistGradientBoosting Moderate Extreme + Transform,HistGradientBoosting,moderate_extreme,log1p_abs,218.0,-4.321928,-0.3725919016771328,3.949336098322867,3.949336098322867
HistGradientBoosting Moderate Extreme + Transform,HistGradientBoosting,moderate_extreme,log1p_abs,221.0,-0.666666667,-2.205893841758194,-1.539227174758194,1.539227174758194
HistGradientBoosting Moderate Extreme + Transform,HistGradientBoosting,moderate_extreme,log1p_abs,221.0,0.0,0.02973194261975206,0.02973194261975206,0.02973194261975206
HistGradientBoosting Moderate Extreme + Transform,HistGradientBoosting,moderate_extreme,log1p_abs,221.0,0.0,0.01041904239021709,0.01041904239021709,0.01041904239021709
HistGradientBoosting Moderate Extreme + Transform,HistGradientBoosting,moderate_extreme,log1p_abs,221.0,-1.0,-0.1321926995092229,0.8678073004907771,0.8678073004907771
HistGradientBoosting Moderate Extreme + Transform,HistGradientBoosting,moderate_extreme,log1p_abs,221.0,0.0,-0.4850195714655089,-0.4850195714655089,0.4850195714655089
HistGradientBoosting Moderate Extreme + Transform,HistGradientBoosting,moderate_extreme,log1p_abs,228.0,-1.0,-0.31623383403259975,0.6837661659674003,0.6837661659674003
HistGradientBoosting Moderate Extreme + Transform,HistGradientBoosting,moderate_extreme,log1p_abs,228.0,-1.881285333,-0.43875049439523617,1.4425348386047636,1.4425348386047636
HistGradientBoosting Moderate Extreme + Transform,HistGradientBoosting,moderate_extreme,log1p_abs,228.0,-2.321928,-2.026461538977308,0.29546646102269225,0.29546646102269225
HistGradientBoosting Moderate Extreme + Transform,HistGradientBoosting,moderate_extreme,log1p_abs,233.0,-5.321928,-1.8379025299662473,3.4840254700337523,3.4840254700337523
HistGradientBoosting Moderate Extreme + Transform,HistGradientBoosting,moderate_extreme,log1p_abs,233.0,0.0,-0.5347138991216915,-0.5347138991216915,0.5347138991216915
HistGradientBoosting Moderate Extreme + Transform,HistGradientBoosting,moderate_extreme,log1p_abs,233.0,-5.321928,-1.8183711585640774,3.5035568414359224,3.5035568414359224
HistGradientBoosting Moderate Extreme + Transform,HistGradientBoosting,moderate_extreme,log1p_abs,233.0,-3.321928,-2.964491251871437,0.3574367481285634,0.3574367481285634
HistGradientBoosting Moderate Extreme + Transform,HistGradientBoosting,moderate_extreme,log1p_abs,239.0,-5.321928,-2.112240249074845,3.2096877509251547,3.2096877509251547
HistGradientBoosting Moderate Extreme + Transform,HistGradientBoosting,moderate_extreme,log1p_abs,239.0,-5.321928,-1.7126708034292217,3.609257196570778,3.609257196570778
HistGradientBoosting Moderate Extreme + Transform,HistGradientBoosting,moderate_extreme,log1p_abs,239.0,-5.321928,-1.6269107548326465,3.695017245167353,3.695017245167353
HistGradientBoosting Moderate Extreme + Transform,HistGradientBoosting,moderate_extreme,log1p_abs,239.0,-5.321928,-2.452042940154816,2.869885059845184,2.869885059845184
HistGradientBoosting Moderate Extreme + Transform,HistGradientBoosting,moderate_extreme,log1p_abs,240.0,0.0,-0.8646915205603403,-0.8646915205603403,0.8646915205603403
HistGradientBoosting Moderate Extreme + Transform,HistGradientBoosting,moderate_extreme,log1p_abs,240.0,-4.321928,-2.2579226994077346,2.064005300592265,2.064005300592265
HistGradientBoosting Moderate Extreme + Transform,HistGradientBoosting,moderate_extreme,log1p_abs,240.0,-5.321928,-1.4551605117449447,3.8667674882550553,3.8667674882550553
HistGradientBoosting Moderate Extreme + Transform,HistGradientBoosting,moderate_extreme,log1p_abs,240.0,-1.0,-0.9120563594493345,0.0879436405506655,0.0879436405506655
HistGradientBoosting Moderate Extreme + Transform,HistGradientBoosting,moderate_extreme,log1p_abs,247.0,-5.321928,-2.7635060443061192,2.5584219556938805,2.5584219556938805
HistGradientBoosting Moderate Extreme + Transform,HistGradientBoosting,moderate_extreme,log1p_abs,247.0,-5.321928,-5.079005665985979,0.24292233401402097,0.24292233401402097
HistGradientBoosting Moderate Extreme + Transform,HistGradientBoosting,moderate_extreme,log1p_abs,247.0,-0.25,-0.5420585580828964,-0.2920585580828964,0.2920585580828964
HistGradientBoosting Moderate Extreme + Transform,HistGradientBoosting,moderate_extreme,log1p_abs,247.0,-5.321928,-5.126762385055179,0.19516561494482065,0.19516561494482065
HistGradientBoosting Moderate Extreme + Transform,HistGradientBoosting,moderate_extreme,log1p_abs,250.0,0.5,-0.1820560269243283,-0.6820560269243283,0.6820560269243283
HistGradientBoosting Moderate Extreme + Transform,HistGradientBoosting,moderate_extreme,log1p_abs,250.0,1.0,-0.276028378931183,-1.276028378931183,1.276028378931183
HistGradientBoosting Moderate Extreme + Transform,HistGradientBoosting,moderate_extreme,log1p_abs,250.0,0.0,-1.2464949805815464,-1.2464949805815464,1.2464949805815464
HistGradientBoosting Moderate Extreme + Transform,HistGradientBoosting,moderate_extreme,log1p_abs,250.0,0.0,-0.17570168747401108,-0.17570168747401108,0.17570168747401108
HistGradientBoosting Moderate Extreme + Transform,HistGradientBoosting,moderate_extreme,log1p_abs,250.0,-0.333333333,-0.6538629023481033,-0.3205295693481033,0.3205295693481033
HistGradientBoosting Moderate Extreme + Transform,HistGradientBoosting,moderate_extreme,log1p_abs,250.0,0.0,-0.9540904454613542,-0.9540904454613542,0.9540904454613542
HistGradientBoosting Moderate Extreme + Transform,HistGradientBoosting,moderate_extreme,log1p_abs,255.0,-3.321928,-2.2957243571707386,1.0262036428292616,1.0262036428292616
HistGradientBoosting Moderate Extreme + Transform,HistGradientBoosting,moderate_extreme,log1p_abs,255.0,-1.7414459999999998,-0.7456426755956952,0.9958033244043046,0.9958033244043046
HistGradientBoosting Moderate Extreme + Transform,HistGradientBoosting,moderate_extreme,log1p_abs,255.0,-1.881285333,-1.8469917465062073,0.03429358649379255,0.03429358649379255
HistGradientBoosting Moderate Extreme + Transform,HistGradientBoosting,moderate_extreme,log1p_abs,263.0,-3.321928,-2.396739203801157,0.9251887961988432,0.9251887961988432
HistGradientBoosting Moderate Extreme + Transform,HistGradientBoosting,moderate_extreme,log1p_abs,263.0,-3.988594667,-2.7398090191790474,1.2487856478209527,1.2487856478209527
HistGradientBoosting Moderate Extreme + Transform,HistGradientBoosting,moderate_extreme,log1p_abs,273.0,0.0,-1.2036087534565316,-1.2036087534565316,1.2036087534565316
HistGradientBoosting Moderate Extreme + Transform,HistGradientBoosting,moderate_extreme,log1p_abs,273.0,0.5,-0.5111339092658144,-1.0111339092658143,1.0111339092658143
HistGradientBoosting Moderate Extreme + Transform,HistGradientBoosting,moderate_extreme,log1p_abs,273.0,0.0,-2.1987977233352605,-2.1987977233352605,2.1987977233352605
HistGradientBoosting Moderate Extreme + Transform,HistGradientBoosting,moderate_extreme,log1p_abs,273.0,0.0,-1.4359685978174077,-1.4359685978174077,1.4359685978174077
HistGradientBoosting Moderate Extreme + Transform,HistGradientBoosting,moderate_extreme,log1p_abs,278.0,-5.321928,-3.213882060713394,2.1080459392866056,2.1080459392866056
HistGradientBoosting Moderate Extreme + Transform,HistGradientBoosting,moderate_extreme,log1p_abs,278.0,0.0,-0.12207405459357916,-0.12207405459357916,0.12207405459357916
HistGradientBoosting Moderate Extreme + Transform,HistGradientBoosting,moderate_extreme,log1p_abs,278.0,-4.321928,-3.27743431074711,1.04449368925289,1.04449368925289
HistGradientBoosting Moderate Extreme + Transform,HistGradientBoosting,moderate_extreme,log1p_abs,278.0,-1.0,-0.13599648921795057,0.8640035107820494,0.8640035107820494
HistGradientBoosting Moderate Extreme + Transform,HistGradientBoosting,moderate_extreme,log1p_abs,278.0,0.0,-0.14698081391320142,-0.14698081391320142,0.14698081391320142
HistGradientBoosting Moderate Extreme + Transform,HistGradientBoosting,moderate_extreme,log1p_abs,279.0,-1.0,-4.082396391578944,-3.0823963915789436,3.0823963915789436
HistGradientBoosting Moderate Extreme + Transform,HistGradientBoosting,moderate_extreme,log1p_abs,279.0,-5.321928,-4.225387405783395,1.0965405942166049,1.0965405942166049
HistGradientBoosting Moderate Extreme + Transform,HistGradientBoosting,moderate_extreme,log1p_abs,279.0,-1.660964,-2.0813179899133223,-0.4203539899133222,0.4203539899133222
HistGradientBoosting Moderate Extreme + Transform,HistGradientBoosting,moderate_extreme,log1p_abs,283.0,0.0,-0.5153242577032119,-0.5153242577032119,0.5153242577032119
HistGradientBoosting Moderate Extreme + Transform,HistGradientBoosting,moderate_extreme,log1p_abs,283.0,-0.333333333,-0.03497204378165008,0.2983612892183499,0.2983612892183499
HistGradientBoosting Moderate Extreme + Transform,HistGradientBoosting,moderate_extreme,log1p_abs,283.0,0.0,-2.3307744905717143,-2.3307744905717143,2.3307744905717143
HistGradientBoosting Moderate Extreme + Transform,HistGradientBoosting,moderate_extreme,log1p_abs,283.0,-4.321928,-3.319664073835564,1.002263926164436,1.002263926164436
HistGradientBoosting Balanced Extreme + Transform,HistGradientBoosting,balanced_extreme,log1p_abs,30.0,-0.386988,-0.3177863303360067,0.06920166966399333,0.06920166966399333
HistGradientBoosting Balanced Extreme + Transform,HistGradientBoosting,balanced_extreme,log1p_abs,30.0,-1.0,-0.07054621618163533,0.9294537838183646,0.9294537838183646
HistGradientBoosting Balanced Extreme + Transform,HistGradientBoosting,balanced_extreme,log1p_abs,30.0,-2.321928,-0.1938545242876709,2.128073475712329,2.128073475712329
HistGradientBoosting Balanced Extreme + Transform,HistGradientBoosting,balanced_extreme,log1p_abs,30.0,1.0,-0.14260079396069328,-1.1426007939606933,1.1426007939606933
HistGradientBoosting Balanced Extreme + Transform,HistGradientBoosting,balanced_extreme,log1p_abs,30.0,0.0,-0.14545799063774337,-0.14545799063774337,0.14545799063774337
HistGradientBoosting Balanced Extreme + Transform,HistGradientBoosting,balanced_extreme,log1p_abs,33.0,0.0,-1.303860944206421,-1.303860944206421,1.303860944206421
HistGradientBoosting Balanced Extreme + Transform,HistGradientBoosting,balanced_extreme,log1p_abs,33.0,-1.0,-1.1995069526435163,-0.19950695264351626,0.19950695264351626
HistGradientBoosting Balanced Extreme + Transform,HistGradientBoosting,balanced_extreme,log1p_abs,33.0,-1.0,-1.0891095617497124,-0.08910956174971241,0.08910956174971241
HistGradientBoosting Balanced Extreme + Transform,HistGradientBoosting,balanced_extreme,log1p_abs,33.0,0.0,-0.704921263076819,-0.704921263076819,0.704921263076819
HistGradientBoosting Balanced Extreme + Transform,HistGradientBoosting,balanced_extreme,log1p_abs,34.0,-1.0643856000000005,-1.4098862847286566,-0.34550068472865614,0.34550068472865614
HistGradientBoosting Balanced Extreme + Transform,HistGradientBoosting,balanced_extreme,log1p_abs,34.0,0.0,-0.7333717386615102,-0.7333717386615102,0.7333717386615102
HistGradientBoosting Balanced Extreme + Transform,HistGradientBoosting,balanced_extreme,log1p_abs,34.0,-5.321928,-2.5971241764797655,2.7248038235202343,2.7248038235202343
HistGradientBoosting Balanced Extreme + Transform,HistGradientBoosting,balanced_extreme,log1p_abs,34.0,-1.0,-0.524516286059968,0.47548371394003197,0.47548371394003197
HistGradientBoosting Balanced Extreme + Transform,HistGradientBoosting,balanced_extreme,log1p_abs,34.0,-4.821928,-4.481549108512102,0.340378891487898,0.340378891487898
HistGradientBoosting Balanced Extreme + Transform,HistGradientBoosting,balanced_extreme,log1p_abs,39.0,1.0,-0.5619091136228848,-1.5619091136228849,1.5619091136228849
HistGradientBoosting Balanced Extreme + Transform,HistGradientBoosting,balanced_extreme,log1p_abs,39.0,-0.5,-1.516415338703853,-1.016415338703853,1.016415338703853
HistGradientBoosting Balanced Extreme + Transform,HistGradientBoosting,balanced_extreme,log1p_abs,39.0,0.0,-3.2163518581416994,-3.2163518581416994,3.2163518581416994
HistGradientBoosting Balanced Extreme + Transform,HistGradientBoosting,balanced_extreme,log1p_abs,39.0,0.0,-3.083720867410737,-3.083720867410737,3.083720867410737
HistGradientBoosting Balanced Extreme + Transform,HistGradientBoosting,balanced_extreme,log1p_abs,39.0,0.0,-0.7693681227924611,-0.7693681227924611,0.7693681227924611
HistGradientBoosting Balanced Extreme + Transform,HistGradientBoosting,balanced_extreme,log1p_abs,42.0,-1.0,-0.2750489816261212,0.7249510183738788,0.7249510183738788
HistGradientBoosting Balanced Extreme + Transform,HistGradientBoosting,balanced_extreme,log1p_abs,42.0,0.25,-0.058672322990821694,-0.3086723229908217,0.3086723229908217
HistGradientBoosting Balanced Extreme + Transform,HistGradientBoosting,balanced_extreme,log1p_abs,42.0,-5.321928,-2.0052200397698208,3.316707960230179,3.316707960230179
HistGradientBoosting Balanced Extreme + Transform,HistGradientBoosting,balanced_extreme,log1p_abs,42.0,-5.321928,-2.0521562791225643,3.2697717208774355,3.2697717208774355
HistGradientBoosting Balanced Extreme + Transform,HistGradientBoosting,balanced_extreme,log1p_abs,43.0,-0.666666667,-0.26155559077109236,0.40511107622890763,0.40511107622890763
HistGradientBoosting Balanced Extreme + Transform,HistGradientBoosting,balanced_extreme,log1p_abs,43.0,-3.321928,-1.211230497983099,2.110697502016901,2.110697502016901
HistGradientBoosting Balanced Extreme + Transform,HistGradientBoosting,balanced_extreme,log1p_abs,43.0,-5.321928,-2.96922440397974,2.35270359602026,2.35270359602026
HistGradientBoosting Balanced Extreme + Transform,HistGradientBoosting,balanced_extreme,log1p_abs,43.0,-1.0,-0.34686588336180985,0.6531341166381901,0.6531341166381901
HistGradientBoosting Balanced Extreme + Transform,HistGradientBoosting,balanced_extreme,log1p_abs,48.0,0.0,-2.2246461365178174,-2.2246461365178174,2.2246461365178174
HistGradientBoosting Balanced Extreme + Transform,HistGradientBoosting,balanced_extreme,log1p_abs,48.0,-1.0,-3.6817258513879465,-2.6817258513879465,2.6817258513879465
HistGradientBoosting Balanced Extreme + Transform,HistGradientBoosting,balanced_extreme,log1p_abs,48.0,-1.0,-3.2357378581342497,-2.2357378581342497,2.2357378581342497
HistGradientBoosting Balanced Extreme + Transform,HistGradientBoosting,balanced_extreme,log1p_abs,48.0,-1.991446,-3.975784338859974,-1.9843383388599738,1.9843383388599738
HistGradientBoosting Balanced Extreme + Transform,HistGradientBoosting,balanced_extreme,log1p_abs,49.0,0.0,-0.3338281077238935,-0.3338281077238935,0.3338281077238935
HistGradientBoosting Balanced Extreme + Transform,HistGradientBoosting,balanced_extreme,log1p_abs,49.0,-2.321928,-2.000649665855864,0.3212783341441363,0.3212783341441363
HistGradientBoosting Balanced Extreme + Transform,HistGradientBoosting,balanced_extreme,log1p_abs,49.0,0.0,-0.5132061251954718,-0.5132061251954718,0.5132061251954718
HistGradientBoosting Balanced Extreme + Transform,HistGradientBoosting,balanced_extreme,log1p_abs,49.0,-2.321928,-3.621293847746859,-1.2993658477468588,1.2993658477468588
HistGradientBoosting Balanced Extreme + Transform,HistGradientBoosting,balanced_extreme,log1p_abs,49.0,-3.321928,-2.316904783566251,1.0050232164337491,1.0050232164337491
HistGradientBoosting Balanced Extreme + Transform,HistGradientBoosting,balanced_extreme,log1p_abs,54.0,0.0,-0.3735217169279537,-0.3735217169279537,0.3735217169279537
HistGradientBoosting Balanced Extreme + Transform,HistGradientBoosting,balanced_extreme,log1p_abs,54.0,-1.370723,-3.1341591788049925,-1.7634361788049926,1.7634361788049926
HistGradientBoosting Balanced Extreme + Transform,HistGradientBoosting,balanced_extreme,log1p_abs,54.0,0.25,-1.9942217150115562,-2.244221715011556,2.244221715011556
HistGradientBoosting Balanced Extreme + Transform,HistGradientBoosting,balanced_extreme,log1p_abs,54.0,0.333333333,0.056673944068346103,-0.2766593889316539,0.2766593889316539
HistGradientBoosting Balanced Extreme + Transform,HistGradientBoosting,balanced_extreme,log1p_abs,57.0,0.0,-0.4805618103510599,-0.4805618103510599,0.4805618103510599
HistGradientBoosting Balanced Extreme + Transform,HistGradientBoosting,balanced_extreme,log1p_abs,57.0,0.0,-0.3535560518123722,-0.3535560518123722,0.3535560518123722
HistGradientBoosting Balanced Extreme + Transform,HistGradientBoosting,balanced_extreme,log1p_abs,57.0,0.0,-0.4227134124792178,-0.4227134124792178,0.4227134124792178
HistGradientBoosting Balanced Extreme + Transform,HistGradientBoosting,balanced_extreme,log1p_abs,57.0,0.0,-0.8628458045170191,-0.8628458045170191,0.8628458045170191
HistGradientBoosting Balanced Extreme + Transform,HistGradientBoosting,balanced_extreme,log1p_abs,69.0,-5.321928,-1.7988821164995785,3.523045883500421,3.523045883500421
HistGradientBoosting Balanced Extreme + Transform,HistGradientBoosting,balanced_extreme,log1p_abs,69.0,-2.821928,-2.112573459745516,0.7093545402544841,0.7093545402544841
HistGradientBoosting Balanced Extreme + Transform,HistGradientBoosting,balanced_extreme,log1p_abs,69.0,-4.321928,-1.6086948220376938,2.713233177962306,2.713233177962306
HistGradientBoosting Balanced Extreme + Transform,HistGradientBoosting,balanced_extreme,log1p_abs,69.0,-1.214618667,-0.7900745280203532,0.42454413897964693,0.42454413897964693
HistGradientBoosting Balanced Extreme + Transform,HistGradientBoosting,balanced_extreme,log1p_abs,70.0,-1.0,-0.25255094996256033,0.7474490500374397,0.7474490500374397
HistGradientBoosting Balanced Extreme + Transform,HistGradientBoosting,balanced_extreme,log1p_abs,70.0,-1.5287712,-0.44225653072275045,1.0865146692772496,1.0865146692772496
HistGradientBoosting Balanced Extreme + Transform,HistGradientBoosting,balanced_extreme,log1p_abs,70.0,0.0,-1.0357892427147004,-1.0357892427147004,1.0357892427147004
HistGradientBoosting Balanced Extreme + Transform,HistGradientBoosting,balanced_extreme,log1p_abs,70.0,-4.321928,-0.47572743056649613,3.8462005694335035,3.8462005694335035
HistGradientBoosting Balanced Extreme + Transform,HistGradientBoosting,balanced_extreme,log1p_abs,70.0,-0.666666667,-0.2840548121194426,0.3826118548805574,0.3826118548805574
HistGradientBoosting Balanced Extreme + Transform,HistGradientBoosting,balanced_extreme,log1p_abs,90.0,0.0,-0.012085309939860883,-0.012085309939860883,0.012085309939860883
HistGradientBoosting Balanced Extreme + Transform,HistGradientBoosting,balanced_extreme,log1p_abs,90.0,-1.7739759999999998,-0.9168896440256693,0.8570863559743305,0.8570863559743305
HistGradientBoosting Balanced Extreme + Transform,HistGradientBoosting,balanced_extreme,log1p_abs,90.0,0.0,-1.2445018051522971,-1.2445018051522971,1.2445018051522971
HistGradientBoosting Balanced Extreme + Transform,HistGradientBoosting,balanced_extreme,log1p_abs,90.0,-0.4,-0.2581656779279645,0.1418343220720355,0.1418343220720355
HistGradientBoosting Balanced Extreme + Transform,HistGradientBoosting,balanced_extreme,log1p_abs,90.0,0.333333333,-1.664508134123883,-1.9978414671238829,1.9978414671238829
HistGradientBoosting Balanced Extreme + Transform,HistGradientBoosting,balanced_extreme,log1p_abs,91.0,-3.321928,-1.6965655840488332,1.625362415951167,1.625362415951167
HistGradientBoosting Balanced Extreme + Transform,HistGradientBoosting,balanced_extreme,log1p_abs,91.0,0.0,-0.48362258304031636,-0.48362258304031636,0.48362258304031636
HistGradientBoosting Balanced Extreme + Transform,HistGradientBoosting,balanced_extreme,log1p_abs,91.0,-2.321928,-1.504843595110104,0.8170844048898962,0.8170844048898962
HistGradientBoosting Balanced Extreme + Transform,HistGradientBoosting,balanced_extreme,log1p_abs,91.0,-1.0,-0.7007981454280475,0.2992018545719525,0.2992018545719525
HistGradientBoosting Balanced Extreme + Transform,HistGradientBoosting,balanced_extreme,log1p_abs,92.0,-1.0,-1.2281758507419842,-0.2281758507419842,0.2281758507419842
HistGradientBoosting Balanced Extreme + Transform,HistGradientBoosting,balanced_extreme,log1p_abs,92.0,-2.321928,-0.7473801277468336,1.5745478722531665,1.5745478722531665
HistGradientBoosting Balanced Extreme + Transform,HistGradientBoosting,balanced_extreme,log1p_abs,92.0,-0.428571429,-0.3142377213338487,0.11433370766615131,0.11433370766615131
HistGradientBoosting Balanced Extreme + Transform,HistGradientBoosting,balanced_extreme,log1p_abs,92.0,0.2,-1.146275485064202,-1.346275485064202,1.346275485064202
HistGradientBoosting Balanced Extreme + Transform,HistGradientBoosting,balanced_extreme,log1p_abs,92.0,-1.0,-0.656883517457157,0.343116482542843,0.343116482542843
HistGradientBoosting Balanced Extreme + Transform,HistGradientBoosting,balanced_extreme,log1p_abs,97.0,-1.107309333,-0.6008832871915974,0.5064260458084024,0.5064260458084024
HistGradientBoosting Balanced Extreme + Transform,HistGradientBoosting,balanced_extreme,log1p_abs,97.0,0.0,-0.3043572011649423,-0.3043572011649423,0.3043572011649423
HistGradientBoosting Balanced Extreme + Transform,HistGradientBoosting,balanced_extreme,log1p_abs,97.0,0.25,-0.1442724172338311,-0.3942724172338311,0.3942724172338311
HistGradientBoosting Balanced Extreme + Transform,HistGradientBoosting,balanced_extreme,log1p_abs,97.0,0.0,-1.5910165522618063,-1.5910165522618063,1.5910165522618063
HistGradientBoosting Balanced Extreme + Transform,HistGradientBoosting,balanced_extreme,log1p_abs,99.0,-0.5,-1.9190717033700035,-1.4190717033700035,1.4190717033700035
HistGradientBoosting Balanced Extreme + Transform,HistGradientBoosting,balanced_extreme,log1p_abs,99.0,0.0,-1.7940027191049632,-1.7940027191049632,1.7940027191049632
HistGradientBoosting Balanced Extreme + Transform,HistGradientBoosting,balanced_extreme,log1p_abs,99.0,-2.321928,-2.475174627618523,-0.1532466276185227,0.1532466276185227
HistGradientBoosting Balanced Extreme + Transform,HistGradientBoosting,balanced_extreme,log1p_abs,99.0,0.0,-1.0847838436689332,-1.0847838436689332,1.0847838436689332
HistGradientBoosting Balanced Extreme + Transform,HistGradientBoosting,balanced_extreme,log1p_abs,102.0,-0.5,-0.6870139079584473,-0.1870139079584473,0.1870139079584473
HistGradientBoosting Balanced Extreme + Transform,HistGradientBoosting,balanced_extreme,log1p_abs,102.0,0.333333333,-0.4828530575191815,-0.8161863905191815,0.8161863905191815
HistGradientBoosting Balanced Extreme + Transform,HistGradientBoosting,balanced_extreme,log1p_abs,102.0,-0.666666667,-0.4749016800620998,0.19176498693790017,0.19176498693790017
HistGradientBoosting Balanced Extreme + Transform,HistGradientBoosting,balanced_extreme,log1p_abs,102.0,0.0,-0.30952338885741326,-0.30952338885741326,0.30952338885741326
HistGradientBoosting Balanced Extreme + Transform,HistGradientBoosting,balanced_extreme,log1p_abs,103.0,-0.666666667,-1.6546649455258142,-0.9879982785258142,0.9879982785258142
HistGradientBoosting Balanced Extreme + Transform,HistGradientBoosting,balanced_extreme,log1p_abs,110.0,0.0,-0.9796281014333145,-0.9796281014333145,0.9796281014333145
HistGradientBoosting Balanced Extreme + Transform,HistGradientBoosting,balanced_extreme,log1p_abs,110.0,-0.5,-0.529456742607023,-0.029456742607023023,0.029456742607023023
HistGradientBoosting Balanced Extreme + Transform,HistGradientBoosting,balanced_extreme,log1p_abs,110.0,-1.0,-0.5955396679968321,0.4044603320031679,0.4044603320031679
HistGradientBoosting Balanced Extreme + Transform,HistGradientBoosting,balanced_extreme,log1p_abs,110.0,-2.321928,-1.0021755924496023,1.319752407550398,1.319752407550398
HistGradientBoosting Balanced Extreme + Transform,HistGradientBoosting,balanced_extreme,log1p_abs,120.0,-2.321928,-1.1179347240739814,1.2039932759260188,1.2039932759260188
HistGradientBoosting Balanced Extreme + Transform,HistGradientBoosting,balanced_extreme,log1p_abs,120.0,-3.821928,-3.0796486865572517,0.7422793134427486,0.7422793134427486
HistGradientBoosting Balanced Extreme + Transform,HistGradientBoosting,balanced_extreme,log1p_abs,125.0,0.0,-0.13456886142418906,-0.13456886142418906,0.13456886142418906
HistGradientBoosting Balanced Extreme + Transform,HistGradientBoosting,balanced_extreme,log1p_abs,125.0,0.0,-0.009282667571772938,-0.009282667571772938,0.009282667571772938
HistGradientBoosting Balanced Extreme + Transform,HistGradientBoosting,balanced_extreme,log1p_abs,125.0,0.0,-0.6058011386967007,-0.6058011386967007,0.6058011386967007
HistGradientBoosting Balanced Extreme + Transform,HistGradientBoosting,balanced_extreme,log1p_abs,125.0,-5.321928,-4.31313909116984,1.0087889088301596,1.0087889088301596
HistGradientBoosting Balanced Extreme + Transform,HistGradientBoosting,balanced_extreme,log1p_abs,125.0,-2.321928,-2.7191071693873625,-0.3971791693873623,0.3971791693873623
HistGradientBoosting Balanced Extreme + Transform,HistGradientBoosting,balanced_extreme,log1p_abs,133.0,-3.821928,-0.5823594597449306,3.2395685402550694,3.2395685402550694
HistGradientBoosting Balanced Extreme + Transform,HistGradientBoosting,balanced_extreme,log1p_abs,133.0,0.0,-0.5976458546122199,-0.5976458546122199,0.5976458546122199
HistGradientBoosting Balanced Extreme + Transform,HistGradientBoosting,balanced_extreme,log1p_abs,135.0,-3.321928,-1.9222037772137044,1.3997242227862958,1.3997242227862958
HistGradientBoosting Balanced Extreme + Transform,HistGradientBoosting,balanced_extreme,log1p_abs,135.0,0.0,0.13213780280313714,0.13213780280313714,0.13213780280313714
HistGradientBoosting Balanced Extreme + Transform,HistGradientBoosting,balanced_extreme,log1p_abs,135.0,-2.321928,-0.36321091793617993,1.9587170820638202,1.9587170820638202
HistGradientBoosting Balanced Extreme + Transform,HistGradientBoosting,balanced_extreme,log1p_abs,138.0,0.0,-0.7318942365364934,-0.7318942365364934,0.7318942365364934
HistGradientBoosting Balanced Extreme + Transform,HistGradientBoosting,balanced_extreme,log1p_abs,138.0,0.0,-0.6250782569509625,-0.6250782569509625,0.6250782569509625
HistGradientBoosting Balanced Extreme + Transform,HistGradientBoosting,balanced_extreme,log1p_abs,138.0,0.0,-2.3477643947666142,-2.3477643947666142,2.3477643947666142
HistGradientBoosting Balanced Extreme + Transform,HistGradientBoosting,balanced_extreme,log1p_abs,138.0,0.0,-3.0883705987680043,-3.0883705987680043,3.0883705987680043
HistGradientBoosting Balanced Extreme + Transform,HistGradientBoosting,balanced_extreme,log1p_abs,139.0,0.333333333,-0.5054736855073245,-0.8388070185073245,0.8388070185073245
HistGradientBoosting Balanced Extreme + Transform,HistGradientBoosting,balanced_extreme,log1p_abs,139.0,-0.5,-0.40266126922687234,0.09733873077312766,0.09733873077312766
HistGradientBoosting Balanced Extreme + Transform,HistGradientBoosting,balanced_extreme,log1p_abs,139.0,0.0,-0.06107252653682636,-0.06107252653682636,0.06107252653682636
HistGradientBoosting Balanced Extreme + Transform,HistGradientBoosting,balanced_extreme,log1p_abs,141.0,-1.0,-2.6984179464258555,-1.6984179464258555,1.6984179464258555
HistGradientBoosting Balanced Extreme + Transform,HistGradientBoosting,balanced_extreme,log1p_abs,141.0,-0.666666667,-2.7673020887132793,-2.1006354217132794,2.1006354217132794
HistGradientBoosting Balanced Extreme + Transform,HistGradientBoosting,balanced_extreme,log1p_abs,144.0,0.0,-0.02328314493865504,-0.02328314493865504,0.02328314493865504
HistGradientBoosting Balanced Extreme + Transform,HistGradientBoosting,balanced_extreme,log1p_abs,144.0,0.0,-0.20471453870849882,-0.20471453870849882,0.20471453870849882
HistGradientBoosting Balanced Extreme + Transform,HistGradientBoosting,balanced_extreme,log1p_abs,144.0,-1.107309333,0.06409679873901422,1.171406131739014,1.171406131739014
HistGradientBoosting Balanced Extreme + Transform,HistGradientBoosting,balanced_extreme,log1p_abs,156.0,-0.5,-0.737035534346051,-0.23703553434605096,0.23703553434605096
HistGradientBoosting Balanced Extreme + Transform,HistGradientBoosting,balanced_extreme,log1p_abs,156.0,0.25,-0.4704045461573204,-0.7204045461573204,0.7204045461573204
HistGradientBoosting Balanced Extreme + Transform,HistGradientBoosting,balanced_extreme,log1p_abs,156.0,1.0,-2.779119198025422,-3.779119198025422,3.779119198025422
HistGradientBoosting Balanced Extreme + Transform,HistGradientBoosting,balanced_extreme,log1p_abs,160.0,-1.0,-0.4047091017714857,0.5952908982285143,0.5952908982285143
HistGradientBoosting Balanced Extreme + Transform,HistGradientBoosting,balanced_extreme,log1p_abs,160.0,-0.5,-1.5823658567926404,-1.0823658567926404,1.0823658567926404
HistGradientBoosting Balanced Extreme + Transform,HistGradientBoosting,balanced_extreme,log1p_abs,160.0,-0.5,-0.026933773256556437,0.47306622674344356,0.47306622674344356
HistGradientBoosting Balanced Extreme + Transform,HistGradientBoosting,balanced_extreme,log1p_abs,160.0,-1.0,-2.3237906178064773,-1.3237906178064773,1.3237906178064773
HistGradientBoosting Balanced Extreme + Transform,HistGradientBoosting,balanced_extreme,log1p_abs,165.0,-1.0,-0.060171937137359084,0.9398280628626409,0.9398280628626409
HistGradientBoosting Balanced Extreme + Transform,HistGradientBoosting,balanced_extreme,log1p_abs,165.0,-0.333333333,-0.40976164109793606,-0.07642830809793605,0.07642830809793605
HistGradientBoosting Balanced Extreme + Transform,HistGradientBoosting,balanced_extreme,log1p_abs,165.0,-1.160964,-0.14485584500535506,1.0161081549946451,1.0161081549946451
HistGradientBoosting Balanced Extreme + Transform,HistGradientBoosting,balanced_extreme,log1p_abs,165.0,-1.0,-0.194955598006205,0.805044401993795,0.805044401993795
HistGradientBoosting Balanced Extreme + Transform,HistGradientBoosting,balanced_extreme,log1p_abs,166.0,0.0,-0.4303171257939569,-0.4303171257939569,0.4303171257939569
HistGradientBoosting Balanced Extreme + Transform,HistGradientBoosting,balanced_extreme,log1p_abs,166.0,0.0,-0.09679591932661004,-0.09679591932661004,0.09679591932661004
HistGradientBoosting Balanced Extreme + Transform,HistGradientBoosting,balanced_extreme,log1p_abs,166.0,-0.666666667,-0.14685470398726014,0.5198119630127398,0.5198119630127398
HistGradientBoosting Balanced Extreme + Transform,HistGradientBoosting,balanced_extreme,log1p_abs,166.0,0.0,-0.19790901427541246,-0.19790901427541246,0.19790901427541246
HistGradientBoosting Balanced Extreme + Transform,HistGradientBoosting,balanced_extreme,log1p_abs,171.0,-0.166666667,-1.4954586606095888,-1.3287919936095887,1.3287919936095887
HistGradientBoosting Balanced Extreme + Transform,HistGradientBoosting,balanced_extreme,log1p_abs,171.0,0.0,-0.6104675708953536,-0.6104675708953536,0.6104675708953536
HistGradientBoosting Balanced Extreme + Transform,HistGradientBoosting,balanced_extreme,log1p_abs,171.0,0.0,-3.268670854047712,-3.268670854047712,3.268670854047712
HistGradientBoosting Balanced Extreme + Transform,HistGradientBoosting,balanced_extreme,log1p_abs,171.0,-0.25,-1.6036641819100552,-1.3536641819100552,1.3536641819100552
HistGradientBoosting Balanced Extreme + Transform,HistGradientBoosting,balanced_extreme,log1p_abs,176.0,-0.5,-0.32514330587436485,0.17485669412563515,0.17485669412563515
HistGradientBoosting Balanced Extreme + Transform,HistGradientBoosting,balanced_extreme,log1p_abs,176.0,-1.0,-0.9075731796036027,0.09242682039639727,0.09242682039639727
HistGradientBoosting Balanced Extreme + Transform,HistGradientBoosting,balanced_extreme,log1p_abs,188.0,0.0,-0.16555818438271802,-0.16555818438271802,0.16555818438271802
HistGradientBoosting Balanced Extreme + Transform,HistGradientBoosting,balanced_extreme,log1p_abs,188.0,0.0,-0.6587723808106626,-0.6587723808106626,0.6587723808106626
HistGradientBoosting Balanced Extreme + Transform,HistGradientBoosting,balanced_extreme,log1p_abs,194.0,0.0,-0.1955876344922111,-0.1955876344922111,0.1955876344922111
HistGradientBoosting Balanced Extreme + Transform,HistGradientBoosting,balanced_extreme,log1p_abs,194.0,0.0,-1.8768875994285212,-1.8768875994285212,1.8768875994285212
HistGradientBoosting Balanced Extreme + Transform,HistGradientBoosting,balanced_extreme,log1p_abs,194.0,0.0,-0.08548636970449126,-0.08548636970449126,0.08548636970449126
HistGradientBoosting Balanced Extreme + Transform,HistGradientBoosting,balanced_extreme,log1p_abs,194.0,-0.333333333,-0.42642433430989457,-0.09309100130989456,0.09309100130989456
HistGradientBoosting Balanced Extreme + Transform,HistGradientBoosting,balanced_extreme,log1p_abs,196.0,0.0,-0.19379651760671077,-0.19379651760671077,0.19379651760671077
HistGradientBoosting Balanced Extreme + Transform,HistGradientBoosting,balanced_extreme,log1p_abs,196.0,-1.0,-3.5875150685184947,-2.5875150685184947,2.5875150685184947
HistGradientBoosting Balanced Extreme + Transform,HistGradientBoosting,balanced_extreme,log1p_abs,196.0,0.0,-2.1297791446438863,-2.1297791446438863,2.1297791446438863
HistGradientBoosting Balanced Extreme + Transform,HistGradientBoosting,balanced_extreme,log1p_abs,200.0,-2.321928,-2.841911438456462,-0.5199834384564617,0.5199834384564617
HistGradientBoosting Balanced Extreme + Transform,HistGradientBoosting,balanced_extreme,log1p_abs,200.0,0.0,-0.12008845458343487,-0.12008845458343487,0.12008845458343487
HistGradientBoosting Balanced Extreme + Transform,HistGradientBoosting,balanced_extreme,log1p_abs,200.0,0.0,-0.543987507233392,-0.543987507233392,0.543987507233392
HistGradientBoosting Balanced Extreme + Transform,HistGradientBoosting,balanced_extreme,log1p_abs,200.0,0.0,-0.23240358726667337,-0.23240358726667337,0.23240358726667337
HistGradientBoosting Balanced Extreme + Transform,HistGradientBoosting,balanced_extreme,log1p_abs,200.0,0.0,-0.5567755955972666,-0.5567755955972666,0.5567755955972666
HistGradientBoosting Balanced Extreme + Transform,HistGradientBoosting,balanced_extreme,log1p_abs,217.0,-0.2,-0.9415535969308676,-0.7415535969308675,0.7415535969308675
HistGradientBoosting Balanced Extreme + Transform,HistGradientBoosting,balanced_extreme,log1p_abs,217.0,0.0,-1.532226261781415,-1.532226261781415,1.532226261781415
HistGradientBoosting Balanced Extreme + Transform,HistGradientBoosting,balanced_extreme,log1p_abs,217.0,-0.924658667,-1.1253431724923653,-0.20068450549236527,0.20068450549236527
HistGradientBoosting Balanced Extreme + Transform,HistGradientBoosting,balanced_extreme,log1p_abs,218.0,-2.321928,-0.03335425616614439,2.288573743833856,2.288573743833856
HistGradientBoosting Balanced Extreme + Transform,HistGradientBoosting,balanced_extreme,log1p_abs,218.0,-3.321928,-2.519719763809308,0.8022082361906921,0.8022082361906921
HistGradientBoosting Balanced Extreme + Transform,HistGradientBoosting,balanced_extreme,log1p_abs,218.0,-4.321928,-0.011846020413784552,4.310081979586215,4.310081979586215
HistGradientBoosting Balanced Extreme + Transform,HistGradientBoosting,balanced_extreme,log1p_abs,218.0,-4.321928,-0.23913309388359658,4.082794906116403,4.082794906116403
HistGradientBoosting Balanced Extreme + Transform,HistGradientBoosting,balanced_extreme,log1p_abs,221.0,-0.666666667,-2.0049563489602096,-1.3382896819602097,1.3382896819602097
HistGradientBoosting Balanced Extreme + Transform,HistGradientBoosting,balanced_extreme,log1p_abs,221.0,0.0,-0.10429720729758869,-0.10429720729758869,0.10429720729758869
HistGradientBoosting Balanced Extreme + Transform,HistGradientBoosting,balanced_extreme,log1p_abs,221.0,0.0,0.07256612274833257,0.07256612274833257,0.07256612274833257
HistGradientBoosting Balanced Extreme + Transform,HistGradientBoosting,balanced_extreme,log1p_abs,221.0,-1.0,-0.29402203232324703,0.705977967676753,0.705977967676753
HistGradientBoosting Balanced Extreme + Transform,HistGradientBoosting,balanced_extreme,log1p_abs,221.0,0.0,-0.4936169041879227,-0.4936169041879227,0.4936169041879227
HistGradientBoosting Balanced Extreme + Transform,HistGradientBoosting,balanced_extreme,log1p_abs,228.0,-1.0,-0.3396333417073958,0.6603666582926042,0.6603666582926042
HistGradientBoosting Balanced Extreme + Transform,HistGradientBoosting,balanced_extreme,log1p_abs,228.0,-1.881285333,-0.5604051203745054,1.3208802126254944,1.3208802126254944
HistGradientBoosting Balanced Extreme + Transform,HistGradientBoosting,balanced_extreme,log1p_abs,228.0,-2.321928,-1.8987163381671794,0.4232116618328208,0.4232116618328208
HistGradientBoosting Balanced Extreme + Transform,HistGradientBoosting,balanced_extreme,log1p_abs,233.0,-5.321928,-2.3638723116867166,2.958055688313283,2.958055688313283
HistGradientBoosting Balanced Extreme + Transform,HistGradientBoosting,balanced_extreme,log1p_abs,233.0,0.0,-0.5502764729958437,-0.5502764729958437,0.5502764729958437
HistGradientBoosting Balanced Extreme + Transform,HistGradientBoosting,balanced_extreme,log1p_abs,233.0,-5.321928,-1.651125632297968,3.6708023677020316,3.6708023677020316
HistGradientBoosting Balanced Extreme + Transform,HistGradientBoosting,balanced_extreme,log1p_abs,233.0,-3.321928,-2.9734368365810626,0.3484911634189376,0.3484911634189376
HistGradientBoosting Balanced Extreme + Transform,HistGradientBoosting,balanced_extreme,log1p_abs,239.0,-5.321928,-2.3613676478596455,2.9605603521403543,2.9605603521403543
HistGradientBoosting Balanced Extreme + Transform,HistGradientBoosting,balanced_extreme,log1p_abs,239.0,-5.321928,-1.6849613021524636,3.6369666978475363,3.6369666978475363
HistGradientBoosting Balanced Extreme + Transform,HistGradientBoosting,balanced_extreme,log1p_abs,239.0,-5.321928,-1.9096443793076103,3.4122836206923894,3.4122836206923894
HistGradientBoosting Balanced Extreme + Transform,HistGradientBoosting,balanced_extreme,log1p_abs,239.0,-5.321928,-2.36575440843414,2.9561735915658596,2.9561735915658596
HistGradientBoosting Balanced Extreme + Transform,HistGradientBoosting,balanced_extreme,log1p_abs,240.0,0.0,-0.7640526288092222,-0.7640526288092222,0.7640526288092222
HistGradientBoosting Balanced Extreme + Transform,HistGradientBoosting,balanced_extreme,log1p_abs,240.0,-4.321928,-1.8038183316966077,2.518109668303392,2.518109668303392
HistGradientBoosting Balanced Extreme + Transform,HistGradientBoosting,balanced_extreme,log1p_abs,240.0,-5.321928,-1.271494829157588,4.050433170842412,4.050433170842412
HistGradientBoosting Balanced Extreme + Transform,HistGradientBoosting,balanced_extreme,log1p_abs,240.0,-1.0,-0.9301905315022616,0.06980946849773839,0.06980946849773839
HistGradientBoosting Balanced Extreme + Transform,HistGradientBoosting,balanced_extreme,log1p_abs,247.0,-5.321928,-2.8344574561629976,2.487470543837002,2.487470543837002
HistGradientBoosting Balanced Extreme + Transform,HistGradientBoosting,balanced_extreme,log1p_abs,247.0,-5.321928,-5.263108855680994,0.05881914431900537,0.05881914431900537
HistGradientBoosting Balanced Extreme + Transform,HistGradientBoosting,balanced_extreme,log1p_abs,247.0,-0.25,-0.6027184479145037,-0.3527184479145037,0.3527184479145037
HistGradientBoosting Balanced Extreme + Transform,HistGradientBoosting,balanced_extreme,log1p_abs,247.0,-5.321928,-5.677962948267448,-0.35603494826744786,0.35603494826744786
HistGradientBoosting Balanced Extreme + Transform,HistGradientBoosting,balanced_extreme,log1p_abs,250.0,0.5,-0.10830532372052394,-0.6083053237205239,0.6083053237205239
HistGradientBoosting Balanced Extreme + Transform,HistGradientBoosting,balanced_extreme,log1p_abs,250.0,1.0,-0.12299129252947237,-1.1229912925294723,1.1229912925294723
HistGradientBoosting Balanced Extreme + Transform,HistGradientBoosting,balanced_extreme,log1p_abs,250.0,0.0,-1.0639449831122232,-1.0639449831122232,1.0639449831122232
HistGradientBoosting Balanced Extreme + Transform,HistGradientBoosting,balanced_extreme,log1p_abs,250.0,0.0,-0.20758358153979897,-0.20758358153979897,0.20758358153979897
HistGradientBoosting Balanced Extreme + Transform,HistGradientBoosting,balanced_extreme,log1p_abs,250.0,-0.333333333,-0.5473403100475839,-0.21400697704758387,0.21400697704758387
HistGradientBoosting Balanced Extreme + Transform,HistGradientBoosting,balanced_extreme,log1p_abs,250.0,0.0,-0.9867746046940944,-0.9867746046940944,0.9867746046940944
HistGradientBoosting Balanced Extreme + Transform,HistGradientBoosting,balanced_extreme,log1p_abs,255.0,-3.321928,-2.515641920653367,0.8062860793466333,0.8062860793466333
HistGradientBoosting Balanced Extreme + Transform,HistGradientBoosting,balanced_extreme,log1p_abs,255.0,-1.7414459999999998,-1.0593411687032412,0.6821048312967586,0.6821048312967586
HistGradientBoosting Balanced Extreme + Transform,HistGradientBoosting,balanced_extreme,log1p_abs,255.0,-1.881285333,-2.0166341287845664,-0.1353487957845665,0.1353487957845665
HistGradientBoosting Balanced Extreme + Transform,HistGradientBoosting,balanced_extreme,log1p_abs,263.0,-3.321928,-2.680596122625679,0.6413318773743213,0.6413318773743213
HistGradientBoosting Balanced Extreme + Transform,HistGradientBoosting,balanced_extreme,log1p_abs,263.0,-3.988594667,-2.742640263073838,1.245954403926162,1.245954403926162
HistGradientBoosting Balanced Extreme + Transform,HistGradientBoosting,balanced_extreme,log1p_abs,273.0,0.0,-0.957954727839273,-0.957954727839273,0.957954727839273
HistGradientBoosting Balanced Extreme + Transform,HistGradientBoosting,balanced_extreme,log1p_abs,273.0,0.5,-0.41359212618390795,-0.913592126183908,0.913592126183908
HistGradientBoosting Balanced Extreme + Transform,HistGradientBoosting,balanced_extreme,log1p_abs,273.0,0.0,-1.6643240021965242,-1.6643240021965242,1.6643240021965242
HistGradientBoosting Balanced Extreme + Transform,HistGradientBoosting,balanced_extreme,log1p_abs,273.0,0.0,-1.2078897512076725,-1.2078897512076725,1.2078897512076725
HistGradientBoosting Balanced Extreme + Transform,HistGradientBoosting,balanced_extreme,log1p_abs,278.0,-5.321928,-3.41493584661722,1.9069921533827796,1.9069921533827796
HistGradientBoosting Balanced Extreme + Transform,HistGradientBoosting,balanced_extreme,log1p_abs,278.0,0.0,-0.18788060104309542,-0.18788060104309542,0.18788060104309542
HistGradientBoosting Balanced Extreme + Transform,HistGradientBoosting,balanced_extreme,log1p_abs,278.0,-4.321928,-2.8765678005358826,1.4453601994641172,1.4453601994641172
HistGradientBoosting Balanced Extreme + Transform,HistGradientBoosting,balanced_extreme,log1p_abs,278.0,-1.0,-0.20942136204999534,0.7905786379500046,0.7905786379500046
HistGradientBoosting Balanced Extreme + Transform,HistGradientBoosting,balanced_extreme,log1p_abs,278.0,0.0,-0.28427516585071,-0.28427516585071,0.28427516585071
HistGradientBoosting Balanced Extreme + Transform,HistGradientBoosting,balanced_extreme,log1p_abs,279.0,-1.0,-5.019740064025163,-4.019740064025163,4.019740064025163
HistGradientBoosting Balanced Extreme + Transform,HistGradientBoosting,balanced_extreme,log1p_abs,279.0,-5.321928,-4.281308539308107,1.040619460691893,1.040619460691893
HistGradientBoosting Balanced Extreme + Transform,HistGradientBoosting,balanced_extreme,log1p_abs,279.0,-1.660964,-2.0502449280210153,-0.3892809280210152,0.3892809280210152
HistGradientBoosting Balanced Extreme + Transform,HistGradientBoosting,balanced_extreme,log1p_abs,283.0,0.0,-0.4216710740712347,-0.4216710740712347,0.4216710740712347
HistGradientBoosting Balanced Extreme + Transform,HistGradientBoosting,balanced_extreme,log1p_abs,283.0,-0.333333333,-0.03808854063171144,0.2952447923682886,0.2952447923682886
HistGradientBoosting Balanced Extreme + Transform,HistGradientBoosting,balanced_extreme,log1p_abs,283.0,0.0,-2.206711550558659,-2.206711550558659,2.206711550558659
HistGradientBoosting Balanced Extreme + Transform,HistGradientBoosting,balanced_extreme,log1p_abs,283.0,-4.321928,-3.120930459815288,1.2009975401847117,1.2009975401847117
