mutant,position,original_aa,new_aa,local_hydrophobic_fraction,local_polar_fraction,local_charged_fraction,local_aromatic_fraction,local_small_fraction,local_mean_hydrophobicity,local_mean_molecular_weight,local_mean_polarity,local_mean_charge,new_vs_local_hydrophobicity,new_vs_local_molecular_weight,new_vs_local_polarity,new_vs_local_charge,DMS_score
H24Y,24,H,Y,0.5,0.0,0.25,0.25,0.25,-0.12500000000000006,129.135,8.4,-0.25,-1.175,52.05500000000001,-2.2,0.25,-1.0
H24P,24,H,P,0.5,0.0,0.25,0.25,0.25,-0.12500000000000006,129.135,8.4,-0.25,-1.475,-14.004999999999995,-0.40000000000000036,0.25,-3.321928
H24L,24,H,L,0.5,0.0,0.25,0.25,0.25,-0.12500000000000006,129.135,8.4,-0.25,3.925,2.0349999999999966,-3.5,0.25,-0.5
H24R,24,H,R,0.5,0.0,0.25,0.25,0.25,-0.12500000000000006,129.135,8.4,-0.25,-4.375,45.065,2.0999999999999996,1.25,-0.25
P25R,25,P,R,0.25,0.25,0.25,0.0,0.5,-1.4,127.625,9.85,-0.125,-3.1,46.57499999999999,0.6500000000000004,1.125,0.0
P25Q,25,P,Q,0.25,0.25,0.25,0.0,0.5,-1.4,127.625,9.85,-0.125,-2.1,18.525000000000006,0.6500000000000004,0.125,0.0
P25S,25,P,S,0.25,0.25,0.25,0.0,0.5,-1.4,127.625,9.85,-0.125,0.5999999999999999,-22.534999999999997,-0.6500000000000004,0.125,0.0
P25T,25,P,T,0.25,0.25,0.25,0.0,0.5,-1.4,127.625,9.85,-0.125,0.7,-8.504999999999995,-1.25,0.125,0.0
P25L,25,P,L,0.25,0.25,0.25,0.0,0.5,-1.4,127.625,9.85,-0.125,5.199999999999999,3.5449999999999875,-4.949999999999999,0.125,-0.166666667
E26G,26,E,G,0.25,0.25,0.0,0.0,0.25,-0.4250000000000001,130.14499999999998,7.975,0.125,0.025000000000000078,-55.07499999999999,1.0250000000000004,-0.125,-1.0
E26K,26,E,K,0.25,0.25,0.0,0.0,0.25,-0.4250000000000001,130.14499999999998,7.975,0.125,-3.4749999999999996,16.045000000000016,3.325000000000001,0.875,0.0
E26V,26,E,V,0.25,0.25,0.0,0.0,0.25,-0.4250000000000001,130.14499999999998,7.975,0.125,4.625,-12.994999999999976,-2.0749999999999993,-0.125,0.0
T27A,27,T,A,0.5,0.0,0.25,0.0,0.0,0.725,127.645,7.775,-0.25,1.0750000000000002,-38.55499999999999,0.3249999999999993,0.25,0.0
T27M,27,T,M,0.5,0.0,0.25,0.0,0.0,0.725,127.645,7.775,-0.25,1.1749999999999998,21.565000000000012,-2.075,0.25,-1.0
T27P,27,T,P,0.5,0.0,0.25,0.0,0.0,0.725,127.645,7.775,-0.25,-2.325,-12.515,0.22499999999999964,0.25,-2.321928
T27R,27,T,R,0.5,0.0,0.25,0.0,0.0,0.725,127.645,7.775,-0.25,-5.225,46.55499999999999,2.7249999999999996,1.25,-2.321928
T27S,27,T,S,0.5,0.0,0.25,0.0,0.0,0.725,127.645,7.775,-0.25,-1.525,-22.554999999999993,1.424999999999999,0.25,-1.0
T27K,27,T,K,0.5,0.0,0.25,0.0,0.0,0.725,127.645,7.775,-0.25,-4.625,18.545,3.5250000000000004,1.25,-2.321928
L28P,28,L,P,0.25,0.25,0.5,0.0,0.25,-0.9749999999999999,132.3975,9.525,0.0,-0.6250000000000002,-17.267500000000013,-1.5250000000000004,0.0,-2.101606667
L28M,28,L,M,0.25,0.25,0.5,0.0,0.25,-0.9749999999999999,132.3975,9.525,0.0,2.875,16.8125,-3.825,0.0,0.0
L28Q,28,L,Q,0.25,0.25,0.5,0.0,0.25,-0.9749999999999999,132.3975,9.525,0.0,-2.5250000000000004,13.752499999999998,0.9749999999999996,0.0,0.0
V29M,29,V,M,0.5,0.25,0.25,0.0,0.25,0.8500000000000001,128.4075,7.675000000000001,0.25,1.0499999999999998,20.80250000000001,-1.9750000000000005,-0.25,0.0
V29E,29,V,E,0.5,0.25,0.25,0.0,0.25,0.8500000000000001,128.4075,7.675000000000001,0.25,-4.35,18.722499999999997,4.625,-1.25,-0.5
K30I,30,K,I,0.75,0.0,0.25,0.0,0.0,2.075,127.91499999999999,7.0,0.25,2.425,3.2549999999999955,-1.7999999999999998,-0.25,-0.386988
K30E,30,K,E,0.75,0.0,0.25,0.0,0.0,2.075,127.91499999999999,7.0,0.25,-5.575,19.215000000000003,5.300000000000001,-1.25,-1.0
K30N,30,K,N,0.75,0.0,0.25,0.0,0.0,2.075,127.91499999999999,7.0,0.25,-5.575,4.2050000000000125,4.6,-0.25,-2.321928
K30T,30,K,T,0.75,0.0,0.25,0.0,0.0,2.075,127.91499999999999,7.0,0.25,-2.7750000000000004,-8.794999999999987,1.5999999999999996,-0.25,1.0
K30R,30,K,R,0.75,0.0,0.25,0.0,0.0,2.075,127.91499999999999,7.0,0.25,-6.575,46.285,3.5,0.75,0.0
V31L,31,V,L,0.25,0.0,0.75,0.0,0.0,-1.775,135.6575,10.375,0.25,5.574999999999999,-4.487500000000011,-5.475,-0.25,0.0
V31I,31,V,I,0.25,0.0,0.75,0.0,0.0,-1.775,135.6575,10.375,0.25,6.275,-4.487500000000011,-5.175,-0.25,-0.333333333
V31A,31,V,A,0.25,0.0,0.75,0.0,0.0,-1.775,135.6575,10.375,0.25,3.575,-46.567499999999995,-2.2750000000000004,-0.25,0.0
K32I,32,K,I,0.5,0.0,0.5,0.0,0.25,-0.3499999999999999,121.3825,9.575,0.0,4.85,9.787499999999994,-4.374999999999999,0.0,0.0
K32E,32,K,E,0.5,0.0,0.5,0.0,0.25,-0.3499999999999999,121.3825,9.575,0.0,-3.15,25.747500000000002,2.7250000000000014,-1.0,-0.5
K32Q,32,K,Q,0.5,0.0,0.5,0.0,0.25,-0.3499999999999999,121.3825,9.575,0.0,-3.15,24.767500000000013,0.9250000000000007,0.0,0.0
K32R,32,K,R,0.5,0.0,0.5,0.0,0.25,-0.3499999999999999,121.3825,9.575,0.0,-4.15,52.817499999999995,0.9250000000000007,1.0,-0.333333333
K32T,32,K,T,0.5,0.0,0.5,0.0,0.25,-0.3499999999999999,121.3825,9.575,0.0,-0.35000000000000003,-2.2624999999999886,-0.9749999999999996,0.0,0.0
K32N,32,K,N,0.5,0.0,0.5,0.0,0.25,-0.3499999999999999,121.3825,9.575,0.0,-3.15,10.737500000000011,2.0250000000000004,0.0,0.0
D33V,33,D,V,0.5,0.0,0.5,0.0,0.25,-0.3499999999999999,124.89,9.4,0.0,4.55,-7.739999999999995,-3.5,0.0,0.0
D33G,33,D,G,0.5,0.0,0.5,0.0,0.25,-0.3499999999999999,124.89,9.4,0.0,-0.0500000000000001,-49.82000000000001,-0.40000000000000036,0.0,-1.0
D33A,33,D,A,0.5,0.0,0.5,0.0,0.25,-0.3499999999999999,124.89,9.4,0.0,2.15,-35.8,-1.3000000000000007,0.0,-1.0
D33N,33,D,N,0.5,0.0,0.5,0.0,0.25,-0.3499999999999999,124.89,9.4,0.0,-3.15,7.230000000000004,2.1999999999999993,0.0,0.0
A34T,34,A,T,0.0,0.0,1.0,0.0,0.0,-3.6,139.88,12.4,-0.5,2.9000000000000004,-20.75999999999999,-3.8000000000000007,0.5,-1.0643856000000005
A34V,34,A,V,0.0,0.0,1.0,0.0,0.0,-3.6,139.88,12.4,-0.5,7.800000000000001,-22.72999999999999,-6.5,0.5,0.0
A34D,34,A,D,0.0,0.0,1.0,0.0,0.0,-3.6,139.88,12.4,-0.5,0.10000000000000009,-6.780000000000001,0.5999999999999996,-0.5,-5.321928
A34G,34,A,G,0.0,0.0,1.0,0.0,0.0,-3.6,139.88,12.4,-0.5,3.2,-64.81,-3.4000000000000004,0.5,-1.0
A34P,34,A,P,0.0,0.0,1.0,0.0,0.0,-3.6,139.88,12.4,-0.5,2.0,-24.75,-4.4,0.5,-4.821928
E35V,35,E,V,0.25,0.25,0.5,0.0,0.25,-2.175,125.36,11.15,-0.5,6.375,-8.209999999999994,-5.25,0.5,-2.321928
E35K,35,E,K,0.25,0.25,0.5,0.0,0.25,-2.175,125.36,11.15,-0.5,-1.725,20.83,0.15000000000000036,1.5,-3.321928
E35G,35,E,G,0.25,0.25,0.5,0.0,0.25,-2.175,125.36,11.15,-0.5,1.775,-50.290000000000006,-2.1500000000000004,0.5,-1.0
E35D,35,E,D,0.25,0.25,0.5,0.0,0.25,-2.175,125.36,11.15,-0.5,-1.3250000000000002,7.739999999999995,1.8499999999999996,-0.5,-2.160964
D36A,36,D,A,0.5,0.25,0.25,0.0,0.25,-0.35000000000000003,128.385,8.95,-0.25,2.15,-39.29499999999999,-0.8499999999999996,0.25,0.0
D36E,36,D,E,0.5,0.25,0.25,0.0,0.25,-0.35000000000000003,128.385,8.95,-0.25,-3.15,18.745000000000005,3.3500000000000014,-0.75,0.0
D36N,36,D,N,0.5,0.25,0.25,0.0,0.25,-0.35000000000000003,128.385,8.95,-0.25,-3.15,3.7350000000000136,2.6500000000000004,0.25,0.0
D36V,36,D,V,0.5,0.25,0.25,0.0,0.25,-0.35000000000000003,128.385,8.95,-0.25,4.55,-11.234999999999985,-3.049999999999999,0.25,0.0
Q37R,37,Q,R,0.25,0.0,0.5,0.0,0.25,-0.9,121.61749999999999,9.8,-0.5,-3.6,52.582499999999996,0.6999999999999993,1.5,0.0
Q37H,37,Q,H,0.25,0.0,0.5,0.0,0.25,-0.9,121.61749999999999,9.8,-0.5,-2.3000000000000003,33.542500000000004,0.5999999999999996,1.0,0.5
Q37K,37,Q,K,0.25,0.0,0.5,0.0,0.25,-0.9,121.61749999999999,9.8,-0.5,-3.0,24.572500000000005,1.5,1.5,0.333333333
Q37L,37,Q,L,0.25,0.0,0.5,0.0,0.25,-0.9,121.61749999999999,9.8,-0.5,4.7,9.552499999999995,-4.9,0.5,0.0
L38W,38,L,W,0.25,0.25,0.25,0.0,0.5,-1.4,110.85249999999999,10.15,-0.25,0.4999999999999999,93.3775,-4.75,0.25,0.0
L38M,38,L,M,0.25,0.25,0.25,0.0,0.5,-1.4,110.85249999999999,10.15,-0.25,3.3,38.357500000000016,-4.45,0.25,1.0
L38S,38,L,S,0.25,0.25,0.25,0.0,0.5,-1.4,110.85249999999999,10.15,-0.25,0.5999999999999999,-5.762499999999989,-0.9500000000000011,0.25,-1.0
L38F,38,L,F,0.25,0.25,0.25,0.0,0.5,-1.4,110.85249999999999,10.15,-0.25,4.199999999999999,54.337500000000006,-4.95,0.25,-1.0
G39A,39,G,A,0.5,0.25,0.25,0.0,0.25,-0.6000000000000001,135.1525,8.5,0.25,2.4000000000000004,-46.0625,-0.40000000000000036,-0.25,1.0
G39C,39,G,C,0.5,0.25,0.25,0.0,0.25,-0.6000000000000001,135.1525,8.5,0.25,3.1,-13.992500000000007,-3.0,-0.25,-0.5
G39D,39,G,D,0.5,0.25,0.25,0.0,0.25,-0.6000000000000001,135.1525,8.5,0.25,-2.9,-2.052500000000009,4.5,-1.25,0.0
G39R,39,G,R,0.5,0.25,0.25,0.0,0.25,-0.6000000000000001,135.1525,8.5,0.25,-3.9,39.047499999999985,2.0,0.75,0.0
G39S,39,G,S,0.5,0.25,0.25,0.0,0.25,-0.6000000000000001,135.1525,8.5,0.25,-0.19999999999999996,-30.0625,0.6999999999999993,-0.25,0.0
A40T,40,A,T,0.5,0.0,0.25,0.0,0.25,0.775,124.3975,7.575,0.25,-1.475,-5.277499999999989,1.0249999999999995,-0.25,-0.2
A40V,40,A,V,0.5,0.0,0.25,0.0,0.25,0.775,124.3975,7.575,0.25,3.4250000000000003,-7.247499999999988,-1.6749999999999998,-0.25,-2.321928
R41Q,41,R,Q,0.5,0.0,0.0,0.0,0.75,1.3,89.095,8.0,0.0,-4.8,57.05500000000001,2.5,0.0,0.0
R41L,41,R,L,0.5,0.0,0.0,0.0,0.75,1.3,89.095,8.0,0.0,2.5,42.07499999999999,-3.0999999999999996,0.0,-1.0
V42A,42,V,A,0.5,0.25,0.25,0.25,0.5,-1.1,129.8875,8.45,0.25,2.9000000000000004,-40.797499999999985,-0.34999999999999964,-0.25,-1.0
V42L,42,V,L,0.5,0.25,0.25,0.25,0.5,-1.1,129.8875,8.45,0.25,4.9,1.2824999999999989,-3.549999999999999,-0.25,0.25
V42G,42,V,G,0.5,0.25,0.25,0.25,0.5,-1.1,129.8875,8.45,0.25,0.7000000000000001,-54.817499999999995,0.5500000000000007,-0.25,-5.321928
V42E,42,V,E,0.5,0.25,0.25,0.25,0.5,-1.1,129.8875,8.45,0.25,-2.4,17.242500000000007,3.8500000000000014,-1.25,-5.321928
G43A,43,G,A,0.75,0.25,0.25,0.25,0.0,0.7250000000000001,150.9275,6.95,0.25,1.075,-61.837500000000006,1.1499999999999995,-0.25,-0.666666667
G43C,43,G,C,0.75,0.25,0.25,0.25,0.0,0.7250000000000001,150.9275,6.95,0.25,1.775,-29.767500000000013,-1.4500000000000002,-0.25,-3.321928
G43D,43,G,D,0.75,0.25,0.25,0.25,0.0,0.7250000000000001,150.9275,6.95,0.25,-4.225,-17.827500000000015,6.05,-1.25,-5.321928
G43S,43,G,S,0.75,0.25,0.25,0.25,0.0,0.7250000000000001,150.9275,6.95,0.25,-1.5250000000000001,-45.837500000000006,2.249999999999999,-0.25,-1.0
Y44F,44,Y,F,0.5,0.0,0.25,0.0,0.25,1.2,117.63,8.1,-0.25,1.5999999999999999,47.56,-2.8999999999999995,0.25,0.0
Y44H,44,Y,H,0.5,0.0,0.25,0.0,0.25,1.2,117.63,8.1,-0.25,-4.4,37.53,2.3000000000000007,0.75,-3.321928
Y44C,44,Y,C,0.5,0.0,0.25,0.0,0.25,1.2,117.63,8.1,-0.25,1.3,3.530000000000001,-2.5999999999999996,0.25,-5.321928
Y44N,44,Y,N,0.5,0.0,0.25,0.0,0.25,1.2,117.63,8.1,-0.25,-4.7,14.490000000000009,3.5,0.25,-2.660964
I45T,45,I,T,0.5,0.25,0.25,0.25,0.25,-0.3500000000000001,133.64,8.1,-0.25,-0.34999999999999987,-14.519999999999982,0.5,0.25,0.0
I45V,45,I,V,0.5,0.25,0.25,0.25,0.25,-0.3500000000000001,133.64,8.1,-0.25,4.550000000000001,-16.48999999999998,-2.1999999999999993,0.25,0.0
I45N,45,I,N,0.5,0.25,0.25,0.25,0.25,-0.3500000000000001,133.64,8.1,-0.25,-3.15,-1.5199999999999818,3.5,0.25,-4.321928
I45M,45,I,M,0.5,0.25,0.25,0.25,0.25,-0.3500000000000001,133.64,8.1,-0.25,2.25,15.570000000000022,-2.3999999999999995,0.25,0.0
I45F,45,I,F,0.5,0.25,0.25,0.25,0.25,-0.3500000000000001,133.64,8.1,-0.25,3.15,31.55000000000001,-2.8999999999999995,0.25,0.0
E46V,46,E,V,0.75,0.25,0.25,0.25,0.0,0.875,144.1575,7.325,-0.25,3.325,-27.007499999999993,-1.4249999999999998,0.25,-0.333333333
E46D,46,E,D,0.75,0.25,0.25,0.25,0.0,0.875,144.1575,7.325,-0.25,-4.375,-11.057500000000005,5.675,-0.75,-0.75
E46G,46,E,G,0.75,0.25,0.25,0.25,0.0,0.875,144.1575,7.325,-0.25,-1.275,-69.0875,1.6749999999999998,0.25,-2.321928
E46K,46,E,K,0.75,0.25,0.25,0.25,0.0,0.875,144.1575,7.325,-0.25,-4.775,2.032499999999999,3.9750000000000005,1.25,0.333333333
L47V,47,L,V,0.5,0.0,0.5,0.0,0.0,0.32499999999999996,135.64249999999998,8.85,-0.5,3.875,-18.49249999999998,-2.9499999999999993,0.5,0.0
L47M,47,L,M,0.5,0.0,0.5,0.0,0.0,0.32499999999999996,135.64249999999998,8.85,-0.5,1.575,13.567500000000024,-3.1499999999999995,0.5,0.0
L47P,47,L,P,0.5,0.0,0.5,0.0,0.0,0.32499999999999996,135.64249999999998,8.85,-0.5,-1.925,-20.51249999999999,-0.8499999999999996,0.5,-5.321928
L47Q,47,L,Q,0.5,0.0,0.5,0.0,0.0,0.32499999999999996,135.64249999999998,8.85,-0.5,-3.825,10.507500000000022,1.6500000000000004,0.5,-0.5
D48E,48,D,E,0.5,0.25,0.25,0.0,0.0,0.1499999999999999,135.39749999999998,8.425,-0.25,-3.65,11.732500000000016,3.875,-0.75,0.0
D48G,48,D,G,0.5,0.25,0.25,0.0,0.0,0.1499999999999999,135.39749999999998,8.425,-0.25,-0.5499999999999999,-60.327499999999986,0.5749999999999993,0.25,-1.0
D48N,48,D,N,0.5,0.25,0.25,0.0,0.0,0.1499999999999999,135.39749999999998,8.425,-0.25,-3.65,-3.277499999999975,3.174999999999999,0.25,-1.0
D48V,48,D,V,0.5,0.25,0.25,0.0,0.0,0.1499999999999999,135.39749999999998,8.425,-0.25,4.050000000000001,-18.247499999999974,-2.5250000000000004,0.25,-1.991446
L49I,49,L,I,0.25,0.5,0.25,0.0,0.25,-1.0,125.37,9.675,-0.25,5.5,5.799999999999983,-4.4750000000000005,0.25,0.0
L49H,49,L,H,0.25,0.5,0.25,0.0,0.25,-1.0,125.37,9.675,-0.25,-2.2,29.789999999999992,0.7249999999999996,0.75,-2.321928
L49F,49,L,F,0.25,0.5,0.25,0.0,0.25,-1.0,125.37,9.675,-0.25,3.8,39.81999999999999,-4.4750000000000005,0.25,0.0
L49P,49,L,P,0.25,0.5,0.25,0.0,0.25,-1.0,125.37,9.675,-0.25,-0.6000000000000001,-10.240000000000009,-1.6750000000000007,0.25,-2.321928
L49R,49,L,R,0.25,0.5,0.25,0.0,0.25,-1.0,125.37,9.675,-0.25,-3.5,48.829999999999984,0.8249999999999993,1.25,-3.321928
N50D,50,N,D,0.25,0.25,0.25,0.0,0.5,-0.22500000000000006,111.10749999999999,9.025,-0.25,-3.275,21.992500000000007,3.9749999999999996,-0.75,0.5
N50K,50,N,K,0.25,0.25,0.25,0.0,0.5,-0.22500000000000006,111.10749999999999,9.025,-0.25,-3.675,35.08250000000001,2.2750000000000004,1.25,0.0
N50S,50,N,S,0.25,0.25,0.25,0.0,0.5,-0.22500000000000006,111.10749999999999,9.025,-0.25,-0.575,-6.017499999999984,0.17499999999999893,0.25,0.0
N50T,50,N,T,0.25,0.25,0.25,0.0,0.5,-0.22500000000000006,111.10749999999999,9.025,-0.25,-0.47499999999999987,8.012500000000017,-0.4250000000000007,0.25,0.0
S51I,51,S,I,0.25,0.25,0.25,0.0,0.25,-1.0,121.13749999999999,9.2,0.25,5.5,10.032499999999999,-3.999999999999999,-0.25,-1.160964
S51C,51,S,C,0.25,0.25,0.25,0.0,0.25,-1.0,121.13749999999999,9.2,0.25,3.5,0.022500000000007958,-3.6999999999999993,-0.25,-2.321928
S51T,51,S,T,0.25,0.25,0.25,0.0,0.25,-1.0,121.13749999999999,9.2,0.25,0.30000000000000004,-2.017499999999984,-0.5999999999999996,-0.25,0.0
S51R,51,S,R,0.25,0.25,0.25,0.0,0.25,-1.0,121.13749999999999,9.2,0.25,-3.5,53.0625,1.3000000000000007,0.75,-0.5
S51N,51,S,N,0.25,0.25,0.25,0.0,0.25,-1.0,121.13749999999999,9.2,0.25,-2.5,10.982500000000016,2.4000000000000004,-0.25,-0.142857143
G52A,52,G,A,0.25,0.5,0.25,0.0,0.25,-0.925,128.64249999999998,9.325,0.25,2.725,-39.55249999999998,-1.2249999999999996,-0.25,-0.5
G52S,52,G,S,0.25,0.5,0.25,0.0,0.25,-0.925,128.64249999999998,9.325,0.25,0.125,-23.55249999999998,-0.125,-0.25,-0.5
G52C,52,G,C,0.25,0.5,0.25,0.0,0.25,-0.925,128.64249999999998,9.325,0.25,3.425,-7.4824999999999875,-3.8249999999999993,-0.25,-2.214618667
G52D,52,G,D,0.25,0.5,0.25,0.0,0.25,-0.925,128.64249999999998,9.325,0.25,-2.575,4.45750000000001,3.6750000000000007,-1.25,-1.0
K53R,53,K,R,0.5,0.25,0.0,0.0,0.5,1.775,110.625,7.075,0.0,-6.275,63.57499999999999,3.425,1.0,0.0
K53M,53,K,M,0.5,0.25,0.0,0.0,0.5,1.775,110.625,7.075,0.0,0.125,38.58500000000001,-1.375,0.0,0.0
K53E,53,K,E,0.5,0.25,0.0,0.0,0.5,1.775,110.625,7.075,0.0,-5.275,36.504999999999995,5.2250000000000005,-1.0,1.0
I54F,54,I,F,0.25,0.0,0.5,0.0,0.25,-1.0,124.88999999999999,9.375,0.0,3.8,40.30000000000001,-4.175,0.0,0.0
I54N,54,I,N,0.25,0.0,0.5,0.0,0.25,-1.0,124.88999999999999,9.375,0.0,-2.5,7.230000000000018,2.2249999999999996,0.0,-1.370723
I54T,54,I,T,0.25,0.0,0.5,0.0,0.25,-1.0,124.88999999999999,9.375,0.0,0.30000000000000004,-5.769999999999982,-0.7750000000000004,0.0,0.25
I54V,54,I,V,0.25,0.0,0.5,0.0,0.25,-1.0,124.88999999999999,9.375,0.0,5.2,-7.739999999999981,-3.4749999999999996,0.0,0.333333333
L55I,55,L,I,0.25,0.25,0.5,0.0,0.25,-0.925,132.39499999999998,9.5,0.0,5.425,-1.2249999999999943,-4.3,0.0,0.25
L55H,55,L,H,0.25,0.25,0.5,0.0,0.25,-0.925,132.39499999999998,9.5,0.0,-2.2750000000000004,22.765000000000015,0.9000000000000004,0.5,-1.660964
L55P,55,L,P,0.25,0.25,0.5,0.0,0.25,-0.925,132.39499999999998,9.5,0.0,-0.675,-17.264999999999986,-1.5,0.0,-5.321928
E56V,56,E,V,0.75,0.25,0.0,0.25,0.25,2.5749999999999997,133.155,6.125,0.0,1.6250000000000004,-16.004999999999995,-0.22499999999999964,0.0,-0.5
E56K,56,E,K,0.75,0.25,0.0,0.25,0.25,2.5749999999999997,133.155,6.125,0.0,-6.475,13.034999999999997,5.175000000000001,1.0,0.0
E56G,56,E,G,0.75,0.25,0.0,0.25,0.25,2.5749999999999997,133.155,6.125,0.0,-2.9749999999999996,-58.08500000000001,2.875,0.0,0.0
S57N,57,S,N,0.5,0.0,0.5,0.25,0.0,-0.3500000000000001,154.42249999999999,8.225,0.0,-3.15,-22.30249999999998,3.375,0.0,0.0
S57I,57,S,I,0.5,0.0,0.5,0.25,0.0,-0.3500000000000001,154.42249999999999,8.225,0.0,4.85,-23.252499999999998,-3.0249999999999995,0.0,0.0
S57G,57,S,G,0.5,0.0,0.5,0.25,0.0,-0.3500000000000001,154.42249999999999,8.225,0.0,-0.04999999999999993,-79.35249999999999,0.7750000000000004,0.0,0.0
S57R,57,S,R,0.5,0.0,0.5,0.25,0.0,-0.3500000000000001,154.42249999999999,8.225,0.0,-4.15,19.777500000000003,2.2750000000000004,1.0,0.0
F58L,58,F,L,0.0,0.25,0.5,0.0,0.25,-2.6,135.3875,10.0,0.0,6.4,-4.217500000000001,-5.1,0.0,-0.25
F58I,58,F,I,0.0,0.25,0.5,0.0,0.25,-2.6,135.3875,10.0,0.0,7.1,-4.217500000000001,-4.8,0.0,-1.0
F58V,58,F,V,0.0,0.25,0.5,0.0,0.25,-2.6,135.3875,10.0,0.0,6.800000000000001,-18.237499999999983,-4.1,0.0,0.0
F58S,58,F,S,0.0,0.25,0.5,0.0,0.25,-2.6,135.3875,10.0,0.0,1.8,-30.297499999999985,-0.8000000000000007,0.0,0.0
F58C,58,F,C,0.0,0.25,0.5,0.0,0.25,-2.6,135.3875,10.0,0.0,5.1,-14.227499999999992,-4.5,0.0,0.0
R59L,59,R,L,0.25,0.25,0.25,0.25,0.25,-0.7750000000000001,133.135,8.675,-0.25,4.575,-1.9650000000000034,-3.7750000000000004,0.25,-3.321928
R59C,59,R,C,0.25,0.25,0.25,0.25,0.25,-0.7750000000000001,133.135,8.675,-0.25,3.2750000000000004,-11.974999999999994,-3.1750000000000007,0.25,-3.655261333
R59H,59,R,H,0.25,0.25,0.25,0.25,0.25,-0.7750000000000001,133.135,8.675,-0.25,-2.425,22.025000000000006,1.7249999999999996,0.75,-0.285714286
R59P,59,R,P,0.25,0.25,0.25,0.25,0.25,-0.7750000000000001,133.135,8.675,-0.25,-0.825,-18.004999999999995,-0.6750000000000007,0.25,-5.321928
P60A,60,P,A,0.25,0.0,0.75,0.25,0.0,-2.175,158.4125,10.075000000000001,-0.25,3.9749999999999996,-69.32249999999999,-1.9750000000000014,0.25,0.0
P60T,60,P,T,0.25,0.0,0.75,0.25,0.0,-2.175,158.4125,10.075000000000001,-0.25,1.4749999999999999,-39.29249999999999,-1.4750000000000014,0.25,0.0
P60S,60,P,S,0.25,0.0,0.75,0.25,0.0,-2.175,158.4125,10.075000000000001,-0.25,1.3749999999999998,-53.32249999999999,-0.8750000000000018,0.25,0.0
P60R,60,P,R,0.25,0.0,0.75,0.25,0.0,-2.175,158.4125,10.075000000000001,-0.25,-2.325,15.787499999999994,0.42499999999999893,1.25,0.0
P60L,60,P,L,0.25,0.0,0.75,0.25,0.0,-2.175,158.4125,10.075000000000001,-0.25,5.975,-27.242500000000007,-5.175000000000001,0.25,-0.5
P60H,60,P,H,0.25,0.0,0.75,0.25,0.0,-2.175,158.4125,10.075000000000001,-0.25,-1.0250000000000004,-3.2524999999999977,0.3249999999999993,0.75,0.333333333
E61G,61,E,G,0.0,0.0,0.75,0.0,0.0,-3.525,152.665,10.325,0.25,3.125,-77.595,-1.3249999999999993,-0.25,0.0
E61A,61,E,A,0.0,0.0,0.75,0.0,0.0,-3.525,152.665,10.325,0.25,5.325,-63.57499999999999,-2.2249999999999996,-0.25,0.0
E61V,61,E,V,0.0,0.0,0.75,0.0,0.0,-3.525,152.665,10.325,0.25,7.725,-35.514999999999986,-4.424999999999999,-0.25,0.0
E61D,61,E,D,0.0,0.0,0.75,0.0,0.0,-3.525,152.665,10.325,0.25,0.02499999999999991,-19.564999999999998,2.6750000000000007,-1.25,0.0
E61K,61,E,K,0.0,0.0,0.75,0.0,0.0,-3.525,152.665,10.325,0.25,-0.375,-6.474999999999994,0.9750000000000014,0.75,0.0
E62G,62,E,G,0.25,0.0,0.5,0.25,0.0,-1.7000000000000002,150.4125,9.0,0.0,1.3000000000000003,-75.3425,0.0,0.0,-1.0
E62D,62,E,D,0.25,0.0,0.5,0.25,0.0,-1.7000000000000002,150.4125,9.0,0.0,-1.7999999999999998,-17.3125,4.0,-1.0,0.0
R63C,63,R,C,0.25,0.0,0.5,0.25,0.0,-1.4500000000000002,143.64499999999998,9.450000000000001,-0.5,3.95,-22.484999999999985,-3.950000000000001,0.5,-1.607309333
R63L,63,R,L,0.25,0.0,0.5,0.25,0.0,-1.4500000000000002,143.64499999999998,9.450000000000001,-0.5,5.25,-12.474999999999994,-4.550000000000001,0.5,0.0
F64S,64,F,S,0.25,0.0,0.5,0.0,0.0,-1.925,146.4175,9.125,0.0,1.125,-41.327499999999986,0.07499999999999929,0.0,-5.321928
F64L,64,F,L,0.25,0.0,0.5,0.0,0.0,-1.925,146.4175,9.125,0.0,5.725,-15.247500000000002,-4.225,0.0,-4.821928
F64C,64,F,C,0.25,0.0,0.5,0.0,0.0,-1.925,146.4175,9.125,0.0,4.425,-25.257499999999993,-3.625,0.0,-5.321928
F64V,64,F,V,0.25,0.0,0.5,0.0,0.0,-1.925,146.4175,9.125,0.0,6.125,-29.267499999999984,-3.2249999999999996,0.0,-2.821928
F64I,64,F,I,0.25,0.0,0.5,0.0,0.0,-1.925,146.4175,9.125,0.0,6.425,-15.247500000000002,-3.925,0.0,-4.821928
F64Y,64,F,Y,0.25,0.0,0.5,0.0,0.0,-1.925,146.4175,9.125,0.0,0.625,34.77250000000001,-2.925,0.0,-0.666666667
P65L,65,P,L,0.75,0.0,0.25,0.25,0.0,0.5249999999999999,159.4525,6.775,0.25,3.275,-28.2825,-1.875,-0.25,-4.321928
P65S,65,P,S,0.75,0.0,0.25,0.25,0.0,0.5249999999999999,159.4525,6.775,0.25,-1.325,-54.36249999999998,2.424999999999999,-0.25,-2.741446
P65Q,65,P,Q,0.75,0.0,0.25,0.25,0.0,0.5249999999999999,159.4525,6.775,0.25,-4.025,-13.30249999999998,3.7249999999999996,-0.25,-4.321928
M66L,66,M,L,0.5,0.25,0.0,0.25,0.25,0.575,133.655,7.025,0.0,3.2249999999999996,-2.4850000000000136,-2.125,0.0,-0.331704
M66K,66,M,K,0.5,0.25,0.0,0.25,0.25,0.575,133.655,7.025,0.0,-4.475,12.534999999999997,4.275,1.0,-5.321928
M66I,66,M,I,0.5,0.25,0.0,0.25,0.25,0.575,133.655,7.025,0.0,3.925,-2.4850000000000136,-1.8250000000000002,0.0,0.0
M66T,66,M,T,0.5,0.25,0.0,0.25,0.25,0.575,133.655,7.025,0.0,-1.275,-14.534999999999997,1.5749999999999993,0.0,-1.5287712
M66V,66,M,V,0.5,0.25,0.0,0.25,0.25,0.575,133.655,7.025,0.0,3.625,-16.504999999999995,-1.125,0.0,0.0
M66R,66,M,R,0.5,0.25,0.0,0.25,0.25,0.575,133.655,7.025,0.0,-5.075,40.54499999999999,3.4749999999999996,1.0,-5.321928
M67V,67,M,V,0.25,0.5,0.0,0.0,0.5,-0.30000000000000004,122.1375,7.875,0.0,4.5,-4.987499999999997,-1.9749999999999996,0.0,-1.0
M67T,67,M,T,0.25,0.5,0.0,0.0,0.5,-0.30000000000000004,122.1375,7.875,0.0,-0.3999999999999999,-3.0174999999999983,0.7249999999999996,0.0,-0.5
M67L,67,M,L,0.25,0.5,0.0,0.0,0.5,-0.30000000000000004,122.1375,7.875,0.0,4.1,9.032499999999985,-2.9749999999999996,0.0,-2.321928
M67K,67,M,K,0.25,0.5,0.0,0.0,0.5,-0.30000000000000004,122.1375,7.875,0.0,-3.5999999999999996,24.052499999999995,3.4250000000000007,1.0,-5.321928
M67I,67,M,I,0.25,0.5,0.0,0.0,0.5,-0.30000000000000004,122.1375,7.875,0.0,4.8,9.032499999999985,-2.675,0.0,-0.666666667
S68N,68,S,N,0.75,0.25,0.0,0.25,0.25,1.4749999999999999,145.6825,6.3,0.0,-4.975,-13.5625,5.3,0.0,-5.321928
S68G,68,S,G,0.75,0.25,0.0,0.25,0.25,1.4749999999999999,145.6825,6.3,0.0,-1.875,-70.61250000000001,2.7,0.0,-5.321928
S68C,68,S,C,0.75,0.25,0.0,0.25,0.25,1.4749999999999999,145.6825,6.3,0.0,1.0250000000000001,-24.522500000000008,-0.7999999999999998,0.0,-5.321928
S68I,68,S,I,0.75,0.25,0.0,0.25,0.25,1.4749999999999999,145.6825,6.3,0.0,3.0250000000000004,-14.512500000000017,-1.0999999999999996,0.0,-5.321928
T69N,69,T,N,0.5,0.25,0.25,0.25,0.25,-5.551115123125783e-17,141.42000000000002,7.85,0.25,-3.5,-9.300000000000011,3.75,-0.25,-5.321928
T69I,69,T,I,0.5,0.25,0.25,0.25,0.25,-5.551115123125783e-17,141.42000000000002,7.85,0.25,4.5,-10.250000000000028,-2.6499999999999995,-0.25,-2.821928
T69A,69,T,A,0.5,0.25,0.25,0.25,0.25,-5.551115123125783e-17,141.42000000000002,7.85,0.25,1.8,-52.33000000000001,0.25,-0.25,-4.321928
T69S,69,T,S,0.5,0.25,0.25,0.25,0.25,-5.551115123125783e-17,141.42000000000002,7.85,0.25,-0.8,-36.33000000000001,1.3499999999999996,-0.25,-1.214618667
F70I,70,F,I,0.25,0.5,0.25,0.0,0.5,-0.29999999999999993,121.8875,8.75,0.25,4.8,9.282499999999985,-3.55,-0.25,-1.0
F70L,70,F,L,0.25,0.5,0.25,0.0,0.5,-0.29999999999999993,121.8875,8.75,0.25,4.1,9.282499999999985,-3.8499999999999996,-0.25,-1.5287712
F70S,70,F,S,0.25,0.5,0.25,0.0,0.5,-0.29999999999999993,121.8875,8.75,0.25,-0.5000000000000001,-16.7975,0.4499999999999993,-0.25,0.0
F70Y,70,F,Y,0.25,0.5,0.25,0.0,0.5,-0.29999999999999993,121.8875,8.75,0.25,-1.0,59.302499999999995,-2.55,-0.25,-4.321928
F70V,70,F,V,0.25,0.5,0.25,0.0,0.5,-0.29999999999999993,121.8875,8.75,0.25,4.5,-4.737499999999997,-2.8499999999999996,-0.25,-0.666666667
K71N,71,K,N,0.75,0.25,0.0,0.25,0.25,2.525,133.1575,6.15,0.0,-6.025,-1.0374999999999943,5.449999999999999,0.0,-5.321928
K71I,71,K,I,0.75,0.25,0.0,0.25,0.25,2.525,133.1575,6.15,0.0,1.975,-1.9875000000000114,-0.9500000000000002,0.0,-5.321928
K71R,71,K,R,0.75,0.25,0.0,0.25,0.25,2.525,133.1575,6.15,0.0,-7.025,41.04249999999999,4.35,1.0,-4.821928
K71T,71,K,T,0.75,0.25,0.0,0.25,0.25,2.525,133.1575,6.15,0.0,-3.2249999999999996,-14.037499999999994,2.4499999999999993,0.0,-5.321928
V72I,72,V,I,0.75,0.0,0.25,0.25,0.0,1.625,143.43,6.575,0.25,2.875,-12.26000000000002,-1.375,-0.25,0.0
V72G,72,V,G,0.75,0.0,0.25,0.25,0.0,1.625,143.43,6.575,0.25,-2.025,-68.36000000000001,2.425,-0.25,-3.321928
V72D,72,V,D,0.75,0.0,0.25,0.25,0.0,1.625,143.43,6.575,0.25,-5.125,-10.330000000000013,6.425,-1.25,-5.321928
V72A,72,V,A,0.75,0.0,0.25,0.25,0.0,1.625,143.43,6.575,0.25,0.17500000000000004,-54.34,1.5249999999999995,-0.25,0.0
L73Q,73,L,Q,0.5,0.25,0.25,0.0,0.25,1.65,128.9175,6.9,0.25,-5.15,17.232500000000016,3.5999999999999996,-0.25,-1.0
L73P,73,L,P,0.5,0.25,0.25,0.0,0.25,1.65,128.9175,6.9,0.25,-3.25,-13.787499999999994,1.0999999999999996,-0.25,-1.0
L74P,74,L,P,0.5,0.25,0.0,0.0,0.5,2.525,111.13749999999999,6.325,0.0,-4.125,3.992500000000007,1.6749999999999998,0.0,-5.321928
L74Q,74,L,Q,0.5,0.25,0.0,0.0,0.5,2.525,111.13749999999999,6.325,0.0,-6.025,35.01250000000002,4.175,0.0,-4.321928
L74I,74,L,I,0.5,0.25,0.0,0.0,0.5,2.525,111.13749999999999,6.325,0.0,1.975,20.0325,-1.125,0.0,-0.75
C75R,75,C,R,0.75,0.0,0.0,0.0,0.5,2.25,106.625,6.725,0.0,-6.75,67.57499999999999,3.7750000000000004,1.0,-5.321928
C75S,75,C,S,0.75,0.0,0.0,0.0,0.5,2.25,106.625,6.725,0.0,-3.05,-1.5349999999999966,2.4749999999999996,0.0,-1.330482
C75Y,75,C,Y,0.75,0.0,0.0,0.0,0.5,2.25,106.625,6.725,0.0,-3.55,74.565,-0.5249999999999995,0.0,-5.321928
G76A,76,G,A,0.75,0.25,0.0,0.0,0.5,3.075,114.6425,6.1,0.0,-1.2750000000000001,-25.552499999999995,2.0,0.0,-4.321928
G76S,76,G,S,0.75,0.25,0.0,0.0,0.5,3.075,114.6425,6.1,0.0,-3.875,-9.552499999999995,3.0999999999999996,0.0,-0.5
G76V,76,G,V,0.75,0.25,0.0,0.0,0.5,3.075,114.6425,6.1,0.0,1.125,2.5075000000000074,-0.1999999999999993,0.0,-2.321928
G76C,76,G,C,0.75,0.25,0.0,0.0,0.5,3.075,114.6425,6.1,0.0,-0.5750000000000002,6.517499999999998,-0.5999999999999996,0.0,-1.0
G76D,76,G,D,0.75,0.25,0.0,0.0,0.5,3.075,114.6425,6.1,0.0,-6.575,18.457499999999996,6.9,-1.0,-5.321928
A77P,77,A,P,0.5,0.25,0.0,0.0,0.5,2.525,111.13749999999999,6.325,0.0,-4.125,3.992500000000007,1.6749999999999998,0.0,-5.321928
A77G,77,A,G,0.5,0.25,0.0,0.0,0.5,2.525,111.13749999999999,6.325,0.0,-2.925,-36.067499999999995,2.675,0.0,-1.0
A77E,77,A,E,0.5,0.25,0.0,0.0,0.5,2.525,111.13749999999999,6.325,0.0,-6.025,35.99250000000001,5.9750000000000005,-1.0,-2.321928
A77T,77,A,T,0.5,0.25,0.0,0.0,0.5,2.525,111.13749999999999,6.325,0.0,-3.2249999999999996,7.982500000000016,2.2749999999999995,0.0,0.0
A77V,77,A,V,0.5,0.25,0.0,0.0,0.5,2.525,111.13749999999999,6.325,0.0,1.6750000000000003,6.012500000000017,-0.4249999999999998,0.0,0.0
V78A,78,V,A,0.5,0.25,0.0,0.0,0.75,1.0999999999999999,100.10499999999999,7.8,0.0,0.7000000000000002,-11.014999999999986,0.2999999999999998,0.0,-1.410964
V78I,78,V,I,0.5,0.25,0.0,0.0,0.75,1.0999999999999999,100.10499999999999,7.8,0.0,3.4000000000000004,31.064999999999998,-2.5999999999999996,0.0,0.0
V78L,78,V,L,0.5,0.25,0.0,0.0,0.75,1.0999999999999999,100.10499999999999,7.8,0.0,2.7,31.064999999999998,-2.8999999999999995,0.0,-0.5
L79F,79,L,F,0.5,0.25,0.25,0.0,0.5,0.17500000000000004,121.3825,8.425,0.25,2.625,43.807500000000005,-3.2250000000000005,-0.25,-3.321928
L79I,79,L,I,0.5,0.25,0.25,0.0,0.5,0.17500000000000004,121.3825,8.425,0.25,4.325,9.787499999999994,-3.2250000000000005,-0.25,-2.321928
S80P,80,S,P,0.75,0.0,0.25,0.0,0.0,1.925,134.9175,6.800000000000001,0.25,-3.5250000000000004,-19.787499999999994,1.1999999999999993,-0.25,-5.321928
S80T,80,S,T,0.75,0.0,0.25,0.0,0.0,1.925,134.9175,6.800000000000001,0.25,-2.625,-15.797499999999985,1.799999999999999,-0.25,0.333333333
S80Y,80,S,Y,0.75,0.0,0.25,0.0,0.0,1.925,134.9175,6.800000000000001,0.25,-3.225,46.27250000000001,-0.6000000000000005,-0.25,0.0
R81L,81,R,L,0.5,0.25,0.25,0.0,0.25,0.925,121.6275,8.25,-0.25,2.875,9.54249999999999,-3.3499999999999996,0.25,0.0
R81S,81,R,S,0.5,0.25,0.25,0.0,0.25,0.925,121.6275,8.25,-0.25,-1.725,-16.537499999999994,0.9499999999999993,0.25,0.0
R81P,81,R,P,0.5,0.25,0.25,0.0,0.25,0.925,121.6275,8.25,-0.25,-2.5250000000000004,-6.497500000000002,-0.25,0.25,-4.321928
R81H,81,R,H,0.5,0.25,0.25,0.0,0.25,0.925,121.6275,8.25,-0.25,-4.125,33.5325,2.1500000000000004,0.75,-0.610160667
R81C,81,R,C,0.5,0.25,0.25,0.0,0.25,0.925,121.6275,8.25,-0.25,1.575,-0.46750000000000114,-2.75,0.25,-1.5287712
V82G,82,V,G,0.25,0.25,0.5,0.0,0.5,-1.75,125.37,10.2,0.0,1.35,-50.30000000000001,-1.1999999999999993,0.0,-2.321928
V82I,82,V,I,0.25,0.25,0.5,0.0,0.5,-1.75,125.37,10.2,0.0,6.25,5.799999999999983,-4.999999999999999,0.0,0.0
V82D,82,V,D,0.25,0.25,0.5,0.0,0.5,-1.75,125.37,10.2,0.0,-1.75,7.72999999999999,2.8000000000000007,-1.0,-3.321928
V82L,82,V,L,0.25,0.25,0.5,0.0,0.5,-1.75,125.37,10.2,0.0,5.55,5.799999999999983,-5.299999999999999,0.0,-2.321928
V82A,82,V,A,0.25,0.25,0.5,0.0,0.5,-1.75,125.37,10.2,0.0,3.55,-36.28,-2.0999999999999996,0.0,-1.0
D83G,83,D,G,0.5,0.0,0.25,0.0,0.5,0.275,113.8775,8.375,0.25,-0.675,-38.807500000000005,0.625,-0.25,-2.321928
D83V,83,D,V,0.5,0.0,0.25,0.0,0.5,0.275,113.8775,8.375,0.25,3.9250000000000003,3.272500000000008,-2.4749999999999996,-0.25,-3.821928
D83N,83,D,N,0.5,0.0,0.25,0.0,0.5,0.275,113.8775,8.375,0.25,-3.775,18.242500000000007,3.2249999999999996,-0.25,-2.321928
A84P,84,A,P,0.25,0.25,0.25,0.0,0.25,-0.7999999999999999,117.8675,9.6,-0.25,-0.8000000000000002,-2.7375000000000114,-1.5999999999999996,0.25,-3.321928
A84D,84,A,D,0.25,0.25,0.25,0.0,0.25,-0.7999999999999999,117.8675,9.6,-0.25,-2.7,15.232499999999987,3.4000000000000004,-0.75,0.0
A84S,84,A,S,0.25,0.25,0.25,0.0,0.25,-0.7999999999999999,117.8675,9.6,-0.25,-1.1102230246251565e-16,-12.777500000000003,-0.40000000000000036,0.25,0.0
A84T,84,A,T,0.25,0.25,0.25,0.0,0.25,-0.7999999999999999,117.8675,9.6,-0.25,0.09999999999999998,1.2524999999999977,-1.0,0.25,0.0
A84V,84,A,V,0.25,0.25,0.25,0.0,0.25,-0.7999999999999999,117.8675,9.6,-0.25,5.0,-0.7175000000000011,-3.6999999999999993,0.25,0.166666667
G85W,85,G,W,0.25,0.25,0.5,0.0,0.25,-2.175,128.8675,10.975,-0.5,1.275,75.36249999999998,-5.574999999999999,0.5,-1.660964
G85E,85,G,E,0.25,0.25,0.5,0.0,0.25,-2.175,128.8675,10.975,-0.5,-1.3250000000000002,18.26249999999999,1.325000000000001,-0.5,-0.333333333
G85R,85,G,R,0.25,0.25,0.5,0.0,0.25,-2.175,128.8675,10.975,-0.5,-2.325,45.33249999999998,-0.47499999999999964,1.5,-0.333333333
G85V,85,G,V,0.25,0.25,0.5,0.0,0.25,-2.175,128.8675,10.975,-0.5,6.375,-11.717500000000001,-5.074999999999999,0.5,-1.881285333
Q86E,86,Q,E,0.25,0.25,0.25,0.0,0.5,-1.4,114.36,9.975,-0.25,-2.1,32.769999999999996,2.325000000000001,-0.75,-1.0
Q86H,86,Q,H,0.25,0.25,0.25,0.0,0.5,-1.4,114.36,9.975,-0.25,-1.8000000000000003,40.8,0.4250000000000007,0.75,0.0
Q86K,86,Q,K,0.25,0.25,0.25,0.0,0.5,-1.4,114.36,9.975,-0.25,-2.5,31.83,1.325000000000001,1.25,0.5
E87V,87,E,V,0.25,0.5,0.0,0.0,0.25,-0.9,124.63499999999999,8.725,0.0,5.1000000000000005,-7.484999999999985,-2.8249999999999993,0.0,-0.25
E87A,87,E,A,0.25,0.5,0.0,0.0,0.25,-0.9,124.63499999999999,8.725,0.0,2.7,-35.54499999999999,-0.625,0.0,-1.0
E87D,87,E,D,0.25,0.5,0.0,0.0,0.25,-0.9,124.63499999999999,8.725,0.0,-2.6,8.465000000000003,4.275,-1.0,0.0
E87K,87,E,K,0.25,0.5,0.0,0.0,0.25,-0.9,124.63499999999999,8.725,0.0,-3.0,21.555000000000007,2.575000000000001,1.0,-4.321928
Q88H,88,Q,H,0.25,0.25,0.25,0.0,0.25,-0.9,124.88,9.175,-0.25,-2.3000000000000003,30.28,1.2249999999999996,0.75,-0.25
Q88R,88,Q,R,0.25,0.25,0.25,0.0,0.25,-0.9,124.88,9.175,-0.25,-3.6,49.31999999999999,1.3249999999999993,1.25,0.0
Q88L,88,Q,L,0.25,0.25,0.25,0.0,0.25,-0.9,124.88,9.175,-0.25,4.7,6.289999999999992,-4.275,0.25,-0.4643855999999999
L89F,89,L,F,0.0,0.25,0.5,0.0,0.25,-2.975,135.6375,10.575,0.0,5.775,29.55250000000001,-5.374999999999999,0.0,-1.330482
L89H,89,L,H,0.0,0.25,0.5,0.0,0.25,-2.975,135.6375,10.575,0.0,-0.2250000000000001,19.522500000000008,-0.17499999999999893,0.5,-2.721928
L89I,89,L,I,0.0,0.25,0.5,0.0,0.25,-2.975,135.6375,10.575,0.0,7.475,-4.467500000000001,-5.374999999999999,0.0,-1.0
L89P,89,L,P,0.0,0.25,0.5,0.0,0.25,-2.975,135.6375,10.575,0.0,1.375,-20.507499999999993,-2.5749999999999993,0.0,-1.0
G90A,90,G,A,0.25,0.25,0.5,0.0,0.0,-2.175,156.43,9.1,0.5,3.9749999999999996,-67.34,-1.0,-0.5,0.0
G90C,90,G,C,0.25,0.25,0.5,0.0,0.0,-2.175,156.43,9.1,0.5,4.675,-35.27000000000001,-3.5999999999999996,-0.5,-1.7739759999999998
G90R,90,G,R,0.25,0.25,0.5,0.0,0.0,-2.175,156.43,9.1,0.5,-2.325,17.769999999999982,1.4000000000000004,0.5,0.0
G90S,90,G,S,0.25,0.25,0.5,0.0,0.0,-2.175,156.43,9.1,0.5,1.3749999999999998,-51.34,0.09999999999999964,-0.5,-0.4
G90D,90,G,D,0.25,0.25,0.5,0.0,0.0,-2.175,156.43,9.1,0.5,-1.3250000000000002,-23.330000000000013,3.9000000000000004,-1.5,0.333333333
R91C,91,R,C,0.5,0.0,0.25,0.0,0.25,0.85,127.90249999999999,7.4,0.25,1.65,-6.742499999999993,-1.9000000000000004,-0.25,-3.321928
R91H,91,R,H,0.5,0.0,0.25,0.0,0.25,0.85,127.90249999999999,7.4,0.25,-4.05,27.257500000000007,3.0,0.25,0.0
R91L,91,R,L,0.5,0.0,0.25,0.0,0.25,0.85,127.90249999999999,7.4,0.25,2.9499999999999997,3.2674999999999983,-2.5,-0.25,-2.321928
R91S,91,R,S,0.5,0.0,0.25,0.0,0.25,0.85,127.90249999999999,7.4,0.25,-1.65,-22.812499999999986,1.799999999999999,-0.25,-1.0
R92C,92,R,C,0.25,0.0,0.25,0.0,0.25,-0.9,133.89999999999998,8.775,0.375,3.4,-12.73999999999998,-3.2750000000000004,-0.375,-1.0
R92G,92,R,G,0.25,0.0,0.25,0.0,0.25,-0.9,133.89999999999998,8.775,0.375,0.5,-58.829999999999984,0.22499999999999964,-0.375,-2.321928
R92H,92,R,H,0.25,0.0,0.25,0.0,0.25,-0.9,133.89999999999998,8.775,0.375,-2.3000000000000003,21.26000000000002,1.625,0.125,-0.428571429
R92L,92,R,L,0.25,0.0,0.25,0.0,0.25,-0.9,133.89999999999998,8.775,0.375,4.7,-2.7299999999999898,-3.875,-0.375,0.2
R92S,92,R,S,0.25,0.0,0.25,0.0,0.25,-0.9,133.89999999999998,8.775,0.375,0.09999999999999998,-28.809999999999974,0.42499999999999893,-0.375,-1.0
I93V,93,I,V,0.25,0.25,0.5,0.25,0.0,-3.375,171.1875,9.4,0.625,7.575,-54.037499999999994,-3.5,-0.625,0.333333333
I93M,93,I,M,0.25,0.25,0.5,0.25,0.0,-3.375,171.1875,9.4,0.625,5.275,-21.977499999999992,-3.7,-0.625,0.0
I93L,93,I,L,0.25,0.25,0.5,0.25,0.0,-3.375,171.1875,9.4,0.625,7.175,-40.01750000000001,-4.5,-0.625,0.0
I93K,93,I,K,0.25,0.25,0.5,0.25,0.0,-3.375,171.1875,9.4,0.625,-0.5249999999999999,-24.997500000000002,1.9000000000000004,0.375,-2.821928
H94Y,94,H,Y,0.5,0.5,0.25,0.25,0.25,-0.525,147.9125,7.775,0.25,-0.775,33.2775,-1.5750000000000002,-0.25,0.0
H94R,94,H,R,0.5,0.5,0.25,0.25,0.25,-0.525,147.9125,7.775,0.25,-3.975,26.287499999999994,2.7249999999999996,0.75,0.0
H94Q,94,H,Q,0.5,0.5,0.25,0.25,0.25,-0.525,147.9125,7.775,0.25,-2.975,-1.7624999999999886,2.7249999999999996,-0.25,0.0
H94L,94,H,L,0.5,0.5,0.25,0.25,0.25,-0.525,147.9125,7.775,0.25,4.325,-16.742500000000007,-2.875,-0.25,0.0
H94D,94,H,D,0.5,0.5,0.25,0.25,0.25,-0.525,147.9125,7.775,0.25,-2.975,-14.8125,5.225,-1.25,-1.0
Y95C,95,Y,C,0.25,0.5,0.0,0.0,0.25,-0.75,134.39249999999998,8.825,0.125,3.25,-13.232499999999987,-3.3249999999999993,-0.125,-2.321928
Y95H,95,Y,H,0.25,0.5,0.0,0.0,0.25,-0.75,134.39249999999998,8.825,0.125,-2.45,20.767500000000013,1.575000000000001,0.375,-2.821928
Y95N,95,Y,N,0.25,0.5,0.0,0.0,0.25,-0.75,134.39249999999998,8.825,0.125,-2.75,-2.2724999999999795,2.7750000000000004,-0.125,-5.321928
S96P,96,S,P,0.25,0.75,0.0,0.25,0.0,-2.875,153.655,9.675,0.125,1.275,-38.525000000000006,-1.6750000000000007,-0.125,0.0
Q97L,97,Q,L,0.25,0.75,0.25,0.25,0.25,-2.275,137.875,10.0,-0.25,6.074999999999999,-6.7050000000000125,-5.1,0.25,-1.107309333
Q97H,97,Q,H,0.25,0.75,0.25,0.25,0.25,-2.275,137.875,10.0,-0.25,-0.9250000000000003,17.284999999999997,0.40000000000000036,0.75,0.0
Q97R,97,Q,R,0.25,0.75,0.25,0.25,0.25,-2.275,137.875,10.0,-0.25,-2.225,36.32499999999999,0.5,1.25,0.25
Q97P,97,Q,P,0.25,0.75,0.25,0.25,0.25,-2.275,137.875,10.0,-0.25,0.6749999999999998,-22.745000000000005,-2.0,0.25,0.0
N98D,98,N,D,0.25,0.5,0.25,0.0,0.25,-1.0,128.8775,9.4,-0.25,-2.5,4.222499999999997,3.5999999999999996,-0.75,0.0
N98S,98,N,S,0.25,0.5,0.25,0.0,0.25,-1.0,128.8775,9.4,-0.25,0.19999999999999996,-23.787499999999994,-0.20000000000000107,0.25,0.0
N98Y,98,N,Y,0.25,0.5,0.25,0.0,0.25,-1.0,128.8775,9.4,-0.25,-0.30000000000000004,52.3125,-3.2,0.25,0.0
D99V,99,D,V,0.5,0.5,0.0,0.0,0.0,0.25,131.6475,8.225,0.0,3.95,-14.497500000000002,-2.3249999999999993,0.0,-0.5
D99N,99,D,N,0.5,0.5,0.0,0.0,0.0,0.25,131.6475,8.225,0.0,-3.75,0.4724999999999966,3.375,0.0,0.0
D99G,99,D,G,0.5,0.5,0.0,0.0,0.0,0.25,131.6475,8.225,0.0,-0.65,-56.577500000000015,0.7750000000000004,0.0,-2.321928
D99E,99,D,E,0.5,0.5,0.0,0.0,0.0,0.25,131.6475,8.225,0.0,-3.75,15.482499999999987,4.075000000000001,-1.0,0.0
L100F,100,L,F,0.25,0.25,0.5,0.0,0.0,-1.575,132.375,10.7,-0.5,4.375,32.815,-5.499999999999999,0.5,0.0
L100M,100,L,M,0.25,0.25,0.5,0.0,0.0,-1.575,132.375,10.7,-0.5,3.4749999999999996,16.835000000000008,-4.999999999999999,0.5,0.0
L100V,100,L,V,0.25,0.25,0.5,0.0,0.0,-1.575,132.375,10.7,-0.5,5.775,-15.224999999999994,-4.799999999999999,0.5,0.0
L100S,100,L,S,0.25,0.25,0.5,0.0,0.0,-1.575,132.375,10.7,-0.5,0.7749999999999999,-27.284999999999997,-1.5,0.5,-2.321928
V101D,101,V,D,0.5,0.25,0.5,0.25,0.0,-1.125,148.14749999999998,9.1,-0.5,-2.375,-15.047499999999985,3.9000000000000004,-0.5,-1.0
V101G,101,V,G,0.5,0.25,0.5,0.25,0.0,-1.125,148.14749999999998,9.1,-0.5,0.725,-73.07749999999999,-0.09999999999999964,0.5,-5.321928
V101L,101,V,L,0.5,0.25,0.5,0.25,0.0,-1.125,148.14749999999998,9.1,-0.5,4.925,-16.977499999999992,-4.199999999999999,0.5,-0.5
V101A,101,V,A,0.5,0.25,0.5,0.25,0.0,-1.125,148.14749999999998,9.1,-0.5,2.925,-59.057499999999976,-1.0,0.5,-0.833333333
E102G,102,E,G,0.75,0.5,0.0,0.25,0.25,1.475,133.65,6.55,0.0,-1.875,-58.58000000000001,2.45,0.0,-0.5
E102V,102,E,V,0.75,0.5,0.0,0.25,0.25,1.475,133.65,6.55,0.0,2.725,-16.5,-0.6499999999999995,0.0,0.333333333
E102K,102,E,K,0.75,0.5,0.0,0.25,0.25,1.475,133.65,6.55,0.0,-5.375,12.539999999999992,4.750000000000001,1.0,-0.666666667
E102D,102,E,D,0.75,0.5,0.0,0.25,0.25,1.475,133.65,6.55,0.0,-4.975,-0.5500000000000114,6.45,-1.0,0.0
Y103H,103,Y,H,0.25,0.25,0.25,0.0,0.25,-0.425,121.125,8.85,-0.25,-2.7750000000000004,34.035,1.5500000000000007,0.75,-0.666666667
S104P,104,S,P,0.5,0.25,0.25,0.25,0.0,-0.55,140.15,8.1,-0.25,-1.05,-25.02000000000001,-0.09999999999999964,0.25,-4.988594667
S104T,104,S,T,0.5,0.25,0.25,0.25,0.0,-0.55,140.15,8.1,-0.25,-0.1499999999999999,-21.03,0.5,0.25,-2.321928
S104L,104,S,L,0.5,0.25,0.25,0.25,0.0,-0.55,140.15,8.1,-0.25,4.35,-8.980000000000018,-3.1999999999999993,0.25,-5.321928
P105Q,105,P,Q,0.5,0.75,0.0,0.25,0.5,0.35000000000000003,130.6375,7.475,0.0,-3.85,15.512500000000017,3.0250000000000004,0.0,-2.821928
P105L,105,P,L,0.5,0.75,0.0,0.25,0.5,0.35000000000000003,130.6375,7.475,0.0,3.4499999999999997,0.5324999999999989,-2.5749999999999993,0.0,-1.440642667
P105R,105,P,R,0.5,0.75,0.0,0.25,0.5,0.35000000000000003,130.6375,7.475,0.0,-4.85,43.5625,3.0250000000000004,1.0,-2.321928
P105A,105,P,A,0.5,0.75,0.0,0.25,0.5,0.35000000000000003,130.6375,7.475,0.0,1.45,-41.547499999999985,0.625,0.0,-2.321928
P105S,105,P,S,0.5,0.75,0.0,0.25,0.5,0.35000000000000003,130.6375,7.475,0.0,-1.1500000000000001,-25.547499999999985,1.7249999999999996,0.0,-2.6552613330000003
V106L,106,V,L,0.0,0.5,0.25,0.0,0.5,-1.65,121.6175,9.525,-0.25,5.449999999999999,9.55249999999998,-4.625,0.25,0.0
V106I,106,V,I,0.0,0.5,0.25,0.0,0.5,-1.65,121.6175,9.525,-0.25,6.15,9.55249999999998,-4.325,0.25,0.25
V106F,106,V,F,0.0,0.5,0.25,0.0,0.5,-1.65,121.6175,9.525,-0.25,4.449999999999999,43.57249999999999,-4.325,0.25,-1.0
V106A,106,V,A,0.0,0.5,0.25,0.0,0.5,-1.65,121.6175,9.525,-0.25,3.45,-32.5275,-1.4250000000000007,0.25,-0.660964
V106D,106,V,D,0.0,0.5,0.25,0.0,0.5,-1.65,121.6175,9.525,-0.25,-1.85,11.482499999999987,3.4749999999999996,-0.75,-1.0
V106G,106,V,G,0.0,0.5,0.25,0.0,0.5,-1.65,121.6175,9.525,-0.25,1.25,-46.547500000000014,-0.5250000000000004,0.25,-2.321928
T107S,107,T,S,0.25,0.0,0.5,0.0,0.0,-1.2,131.4,9.375,0.0,0.3999999999999999,-26.310000000000002,-0.1750000000000007,0.0,-0.333333333
T107I,107,T,I,0.25,0.0,0.5,0.0,0.0,-1.2,131.4,9.375,0.0,5.7,-0.2300000000000182,-4.175,0.0,-1.440642667
T107A,107,T,A,0.25,0.0,0.5,0.0,0.0,-1.2,131.4,9.375,0.0,3.0,-42.31,-1.2750000000000004,0.0,-0.333333333
E108D,108,E,D,0.25,0.25,0.25,0.0,0.25,-0.8999999999999999,134.405,9.05,0.375,-2.6,-1.3050000000000068,3.9499999999999993,-1.375,0.0
E108K,108,E,K,0.25,0.25,0.25,0.0,0.25,-0.8999999999999999,134.405,9.05,0.375,-3.0,11.784999999999997,2.25,0.625,0.0
K109R,109,K,R,0.25,0.25,0.25,0.0,0.25,-0.9000000000000001,138.14499999999998,9.05,-0.125,-3.5999999999999996,36.05500000000001,1.4499999999999993,1.125,0.0
K109Q,109,K,Q,0.25,0.25,0.25,0.0,0.25,-0.9000000000000001,138.14499999999998,9.05,-0.125,-2.5999999999999996,8.005000000000024,1.4499999999999993,0.125,0.0
K109M,109,K,M,0.25,0.25,0.25,0.0,0.25,-0.9000000000000001,138.14499999999998,9.05,-0.125,2.8,11.065000000000026,-3.3500000000000005,0.125,0.0
K109N,109,K,N,0.25,0.25,0.25,0.0,0.25,-0.9000000000000001,138.14499999999998,9.05,-0.125,-2.5999999999999996,-6.024999999999977,2.549999999999999,0.125,0.0
K109E,109,K,E,0.25,0.25,0.25,0.0,0.25,-0.9000000000000001,138.14499999999998,9.05,-0.125,-2.5999999999999996,8.985000000000014,3.25,-0.875,-0.5
H110Y,110,H,Y,0.25,0.25,0.5,0.0,0.25,-1.075,135.9025,9.275,0.0,-0.2250000000000001,45.287499999999994,-3.075,0.0,0.0
H110R,110,H,R,0.25,0.25,0.5,0.0,0.25,-1.075,135.9025,9.275,0.0,-3.425,38.297499999999985,1.2249999999999996,1.0,-0.5
H110Q,110,H,Q,0.25,0.25,0.5,0.0,0.25,-1.075,135.9025,9.275,0.0,-2.425,10.247500000000002,1.2249999999999996,0.0,-1.0
H110D,110,H,D,0.25,0.25,0.5,0.0,0.25,-1.075,135.9025,9.275,0.0,-2.425,-2.802500000000009,3.7249999999999996,-1.0,-2.321928
L111P,111,L,P,0.0,0.25,0.5,0.0,0.25,-2.825,138.39249999999998,10.825,0.125,1.225,-23.26249999999999,-2.8249999999999993,-0.125,-0.5
L111H,111,L,H,0.0,0.25,0.5,0.0,0.25,-2.825,138.39249999999998,10.825,0.125,-0.375,16.767500000000013,-0.42499999999999893,0.375,-0.333333333
L111F,111,L,F,0.0,0.25,0.5,0.0,0.25,-2.825,138.39249999999998,10.825,0.125,5.625,26.797500000000014,-5.624999999999999,-0.125,0.0
L111I,111,L,I,0.0,0.25,0.5,0.0,0.25,-2.825,138.39249999999998,10.825,0.125,7.325,-7.222499999999997,-5.624999999999999,-0.125,0.0
T112M,112,T,M,0.25,0.0,0.25,0.0,0.25,-0.8250000000000001,123.625,9.325,-0.125,2.725,25.585000000000008,-3.624999999999999,0.125,0.0
T112R,112,T,R,0.25,0.0,0.25,0.0,0.25,-0.8250000000000001,123.625,9.325,-0.125,-3.675,50.57499999999999,1.1750000000000007,1.125,0.0
T112S,112,T,S,0.25,0.0,0.25,0.0,0.25,-0.8250000000000001,123.625,9.325,-0.125,0.025000000000000022,-18.534999999999997,-0.125,0.125,0.0
D113E,113,D,E,0.5,0.25,0.0,0.0,0.5,1.15,118.6425,7.05,0.0,-4.65,28.487499999999997,5.250000000000001,-1.0,-0.2
D113G,113,D,G,0.5,0.25,0.0,0.0,0.5,1.15,118.6425,7.05,0.0,-1.5499999999999998,-43.572500000000005,1.9500000000000002,0.0,0.0
D113V,113,D,V,0.5,0.25,0.0,0.0,0.5,1.15,118.6425,7.05,0.0,3.0500000000000003,-1.4924999999999926,-1.1499999999999995,0.0,-0.333333333
G114A,114,G,A,0.25,0.5,0.25,0.0,0.5,-0.75,130.1375,8.975,-0.25,2.55,-41.047499999999985,-0.875,0.25,0.0
G114S,114,G,S,0.25,0.5,0.25,0.0,0.5,-0.75,130.1375,8.975,-0.25,-0.050000000000000044,-25.047499999999985,0.22499999999999964,0.25,-1.660964
G114V,114,G,V,0.25,0.5,0.25,0.0,0.5,-0.75,130.1375,8.975,-0.25,4.95,-12.987499999999983,-3.0749999999999993,0.25,-2.321928
G114D,114,G,D,0.25,0.5,0.25,0.0,0.5,-0.75,130.1375,8.975,-0.25,-2.75,2.9625000000000057,4.025,-0.75,-3.321928
M115V,115,M,V,0.25,0.25,0.25,0.0,0.5,-0.09999999999999995,111.11,9.125,-0.25,4.3,6.040000000000006,-3.2249999999999996,0.25,-1.0
M115K,115,M,K,0.25,0.25,0.25,0.0,0.5,-0.09999999999999995,111.11,9.125,-0.25,-3.8,35.08,2.1750000000000007,1.25,-2.988594667
M115L,115,M,L,0.25,0.25,0.25,0.0,0.5,-0.09999999999999995,111.11,9.125,-0.25,3.9,20.059999999999988,-4.225,0.25,-1.0
M115T,115,M,T,0.25,0.25,0.25,0.0,0.5,-0.09999999999999995,111.11,9.125,-0.25,-0.6,8.010000000000005,-0.5250000000000004,0.25,-1.0
T116A,116,T,A,0.5,0.0,0.25,0.0,0.25,0.30000000000000004,128.9075,7.775,0.25,1.5,-39.817499999999995,0.3249999999999993,-0.25,-0.666666667
T116S,116,T,S,0.5,0.0,0.25,0.0,0.25,0.30000000000000004,128.9075,7.775,0.25,-1.1,-23.817499999999995,1.424999999999999,-0.25,0.0
T116R,116,T,R,0.5,0.0,0.25,0.0,0.25,0.30000000000000004,128.9075,7.775,0.25,-4.8,45.29249999999999,2.7249999999999996,0.75,-1.660964
T116I,116,T,I,0.5,0.0,0.25,0.0,0.25,0.30000000000000004,128.9075,7.775,0.25,4.2,2.2624999999999886,-2.575,-0.25,-1.0
V117I,117,V,I,0.25,0.25,0.5,0.0,0.25,-1.7,147.415,9.275,0.0,6.2,-16.245000000000005,-4.075,0.0,0.0
V117E,117,V,E,0.25,0.25,0.5,0.0,0.25,-1.7,147.415,9.275,0.0,-1.8,-0.2849999999999966,3.0250000000000004,-1.0,-5.321928
V117L,117,V,L,0.25,0.25,0.5,0.0,0.25,-1.7,147.415,9.275,0.0,5.5,-16.245000000000005,-4.375,0.0,0.0
R118G,118,R,G,0.5,0.25,0.25,0.0,0.25,0.95,128.64249999999998,7.925000000000001,-0.25,-1.35,-53.57249999999999,1.0749999999999993,0.25,0.0
R118I,118,R,I,0.5,0.25,0.25,0.0,0.25,0.95,128.64249999999998,7.925000000000001,-0.25,3.55,2.5275000000000034,-2.7250000000000005,0.25,0.0
R118S,118,R,S,0.5,0.25,0.25,0.0,0.25,0.95,128.64249999999998,7.925000000000001,-0.25,-1.75,-23.55249999999998,1.2749999999999986,0.25,0.0
E119G,119,E,G,0.5,0.25,0.25,0.0,0.25,1.5,135.92,6.7,0.25,-1.9,-60.849999999999994,2.3,-0.25,-1.0
E119K,119,E,K,0.5,0.25,0.25,0.0,0.25,1.5,135.92,6.7,0.25,-5.4,10.27000000000001,4.6000000000000005,0.75,-2.321928
E119D,119,E,D,0.5,0.25,0.25,0.0,0.25,1.5,135.92,6.7,0.25,-5.0,-2.819999999999993,6.3,-1.25,0.0
L120F,120,L,F,0.0,0.5,0.5,0.0,0.5,-1.575,136.89499999999998,9.375,0.0,4.375,28.295000000000016,-4.175,0.0,-2.321928
L120S,120,L,S,0.0,0.5,0.5,0.0,0.5,-1.575,136.89499999999998,9.375,0.0,0.7749999999999999,-31.80499999999998,-0.1750000000000007,0.0,-3.821928
C121W,121,C,W,0.5,0.25,0.25,0.0,0.5,0.32499999999999996,118.12,8.625,-0.25,-1.225,86.10999999999999,-3.2249999999999996,0.25,-5.321928
C121Y,121,C,Y,0.5,0.25,0.25,0.0,0.5,0.32499999999999996,118.12,8.625,-0.25,-1.625,63.06999999999999,-2.425,0.25,-5.321928
C121S,121,C,S,0.5,0.25,0.25,0.0,0.5,0.32499999999999996,118.12,8.625,-0.25,-1.125,-13.030000000000001,0.5749999999999993,0.25,-2.821928
C121R,121,C,R,0.5,0.25,0.25,0.0,0.5,0.32499999999999996,118.12,8.625,-0.25,-4.825,56.079999999999984,1.875,1.25,-5.321928
S122R,122,S,R,0.75,0.25,0.0,0.0,0.75,2.475,107.6275,6.65,0.0,-6.975,66.57249999999999,3.8499999999999996,1.0,0.0
S122N,122,S,N,0.75,0.25,0.0,0.0,0.75,2.475,107.6275,6.65,0.0,-5.975,24.492500000000007,4.949999999999999,0.0,-0.25
S122I,122,S,I,0.75,0.25,0.0,0.0,0.75,2.475,107.6275,6.65,0.0,2.025,23.54249999999999,-1.4500000000000002,0.0,0.0
S122G,122,S,G,0.75,0.25,0.0,0.0,0.75,2.475,107.6275,6.65,0.0,-2.875,-32.557500000000005,2.3499999999999996,0.0,0.0
S122C,122,S,C,0.75,0.25,0.0,0.0,0.75,2.475,107.6275,6.65,0.0,0.02499999999999991,13.532499999999999,-1.1500000000000004,0.0,-0.666666667
A123D,123,A,D,0.5,0.5,0.0,0.0,0.75,2.0,111.6275,7.0,0.0,-5.5,21.472499999999997,6.0,-1.0,-4.321928
A123G,123,A,G,0.5,0.5,0.0,0.0,0.75,2.0,111.6275,7.0,0.0,-2.4,-36.557500000000005,2.0,0.0,-1.0
A123S,123,A,S,0.5,0.5,0.0,0.0,0.75,2.0,111.6275,7.0,0.0,-2.8,-6.537499999999994,2.1999999999999993,0.0,-1.0
A123T,123,A,T,0.5,0.5,0.0,0.0,0.75,2.0,111.6275,7.0,0.0,-2.7,7.492500000000007,1.5999999999999996,0.0,-2.321928
A123V,123,A,V,0.5,0.5,0.0,0.0,0.75,2.0,111.6275,7.0,0.0,2.2,5.522500000000008,-1.0999999999999996,0.0,-1.045989714
A124D,124,A,D,0.5,0.5,0.0,0.0,0.75,1.2,111.1175,7.7749999999999995,0.0,-4.7,21.982499999999987,5.2250000000000005,-1.0,-5.321928
A124P,124,A,P,0.5,0.5,0.0,0.0,0.75,1.2,111.1175,7.7749999999999995,0.0,-2.8,4.012499999999989,0.22500000000000053,0.0,-5.321928
A124S,124,A,S,0.5,0.5,0.0,0.0,0.75,1.2,111.1175,7.7749999999999995,0.0,-2.0,-6.027500000000003,1.4249999999999998,0.0,0.0
A124T,124,A,T,0.5,0.5,0.0,0.0,0.75,1.2,111.1175,7.7749999999999995,0.0,-1.9,8.002499999999998,0.8250000000000002,0.0,-0.25
A124V,124,A,V,0.5,0.5,0.0,0.0,0.75,1.2,111.1175,7.7749999999999995,0.0,3.0,6.032499999999999,-1.8749999999999991,0.0,-0.5
I125V,125,I,V,0.75,0.25,0.0,0.0,0.75,1.2,111.6275,7.625,0.0,3.0,5.522500000000008,-1.7249999999999996,0.0,0.0
I125M,125,I,M,0.75,0.25,0.0,0.0,0.75,1.2,111.6275,7.625,0.0,0.7,37.58250000000001,-1.9249999999999998,0.0,0.0
I125L,125,I,L,0.75,0.25,0.0,0.0,0.75,1.2,111.6275,7.625,0.0,2.5999999999999996,19.54249999999999,-2.7249999999999996,0.0,0.0
I125K,125,I,K,0.75,0.25,0.0,0.0,0.75,1.2,111.6275,7.625,0.0,-5.1,34.5625,3.6750000000000007,1.0,-5.321928
I125T,125,I,T,0.75,0.25,0.0,0.0,0.75,1.2,111.6275,7.625,0.0,-1.9,7.492500000000007,0.9749999999999996,0.0,-2.321928
T126N,126,T,N,0.75,0.25,0.0,0.0,0.5,1.85,118.64,7.05,0.0,-5.35,13.480000000000004,4.55,0.0,-2.321928
T126A,126,T,A,0.75,0.25,0.0,0.0,0.5,1.85,118.64,7.05,0.0,-0.050000000000000044,-29.549999999999997,1.0499999999999998,0.0,-0.333333333
T126I,126,T,I,0.75,0.25,0.0,0.0,0.5,1.85,118.64,7.05,0.0,2.65,12.529999999999987,-1.8499999999999996,0.0,-0.333333333
T126P,126,T,P,0.75,0.25,0.0,0.0,0.5,1.85,118.64,7.05,0.0,-3.45,-3.510000000000005,0.9500000000000002,0.0,-4.321928
T126S,126,T,S,0.75,0.25,0.0,0.0,0.5,1.85,118.64,7.05,0.0,-2.6500000000000004,-13.549999999999997,2.1499999999999995,0.0,-0.75
M127V,127,M,V,0.25,0.5,0.25,0.0,0.5,-0.125,122.12,9.0,-0.25,4.325,-4.969999999999999,-3.0999999999999996,0.25,0.5
M127T,127,M,T,0.25,0.5,0.25,0.0,0.5,-0.125,122.12,9.0,-0.25,-0.575,-3.0,-0.40000000000000036,0.25,-0.5
M127R,127,M,R,0.25,0.5,0.25,0.0,0.5,-0.125,122.12,9.0,-0.25,-4.375,52.079999999999984,1.5,1.25,0.0
M127L,127,M,L,0.25,0.5,0.25,0.0,0.5,-0.125,122.12,9.0,-0.25,3.925,9.049999999999983,-4.1,0.25,0.0
M127K,127,M,K,0.25,0.5,0.25,0.0,0.5,-0.125,122.12,9.0,-0.25,-3.775,24.069999999999993,2.3000000000000007,1.25,-0.333333333
M127I,127,M,I,0.25,0.5,0.25,0.0,0.5,-0.125,122.12,9.0,-0.25,4.625,9.049999999999983,-3.8,0.25,0.0
S128C,128,S,C,0.25,0.5,0.25,0.0,0.25,-1.45,133.3875,9.725,-0.25,3.95,-12.227499999999992,-4.225,0.25,-5.321928
S128I,128,S,I,0.25,0.5,0.25,0.0,0.25,-1.45,133.3875,9.725,-0.25,5.95,-2.217500000000001,-4.5249999999999995,0.25,-3.160964
S128N,128,S,N,0.25,0.5,0.25,0.0,0.25,-1.45,133.3875,9.725,-0.25,-2.05,-1.267499999999984,1.875,0.25,-5.321928
S128R,128,S,R,0.25,0.5,0.25,0.0,0.25,-1.45,133.3875,9.725,-0.25,-3.05,40.8125,0.7750000000000004,1.25,-5.321928
D129N,129,D,N,0.25,0.75,0.0,0.0,0.5,-0.775,126.385,8.775,0.0,-2.725,5.734999999999999,2.8249999999999993,0.0,-5.321928
D129G,129,D,G,0.25,0.75,0.0,0.0,0.5,-0.775,126.385,8.775,0.0,0.375,-51.31500000000001,0.22499999999999964,0.0,-5.321928
D129H,129,D,H,0.25,0.75,0.0,0.0,0.5,-0.775,126.385,8.775,0.0,-2.4250000000000003,28.77499999999999,1.625,0.5,-5.321928
N130I,130,N,I,0.25,0.5,0.25,0.0,0.75,-0.8,111.6,9.725,-0.25,5.3,19.569999999999993,-4.5249999999999995,0.25,-5.321928
N130Y,130,N,Y,0.25,0.5,0.25,0.0,0.75,-0.8,111.6,9.725,-0.25,-0.5,69.59,-3.5249999999999995,0.25,-4.321928
N130S,130,N,S,0.25,0.5,0.25,0.0,0.75,-0.8,111.6,9.725,-0.25,0.0,-6.509999999999991,-0.5250000000000004,0.25,-3.321928
N130K,130,N,K,0.25,0.5,0.25,0.0,0.75,-0.8,111.6,9.725,-0.25,-3.0999999999999996,34.59,1.575000000000001,1.25,-5.321928
T131A,131,T,A,0.5,0.25,0.25,0.0,0.5,-0.85,110.85,10.2,-0.25,2.65,-21.75999999999999,-2.0999999999999996,0.25,-1.160964
T131S,131,T,S,0.5,0.25,0.25,0.0,0.5,-0.85,110.85,10.2,-0.25,0.04999999999999993,-5.759999999999991,-1.0,0.25,0.0
T131I,131,T,I,0.5,0.25,0.25,0.0,0.5,-0.85,110.85,10.2,-0.25,5.35,20.319999999999993,-4.999999999999999,0.25,-5.321928
T131N,131,T,N,0.5,0.25,0.25,0.0,0.5,-0.85,110.85,10.2,-0.25,-2.65,21.27000000000001,1.4000000000000004,0.25,-3.321928
A132T,132,A,T,0.25,0.75,0.0,0.0,0.5,-1.475,118.11250000000001,9.975,0.0,0.7750000000000001,1.0074999999999932,-1.375,0.0,-5.321928
A132E,132,A,E,0.25,0.75,0.0,0.0,0.5,-1.475,118.11250000000001,9.975,0.0,-2.025,29.017499999999984,2.325000000000001,-1.0,-5.321928
A132V,132,A,V,0.25,0.75,0.0,0.0,0.5,-1.475,118.11250000000001,9.975,0.0,5.675000000000001,-0.9625000000000057,-4.074999999999999,0.0,-5.321928
A132G,132,A,G,0.25,0.75,0.0,0.0,0.5,-1.475,118.11250000000001,9.975,0.0,1.0750000000000002,-43.04250000000002,-0.9749999999999996,0.0,-2.321928
A132S,132,A,S,0.25,0.75,0.0,0.0,0.5,-1.475,118.11250000000001,9.975,0.0,0.675,-13.022500000000008,-0.7750000000000004,0.0,0.0
A133V,133,A,V,0.5,0.5,0.0,0.0,0.5,0.35,117.875,8.3,0.0,3.85,-0.7249999999999943,-2.4000000000000004,0.0,-3.821928
A133T,133,A,T,0.5,0.5,0.0,0.0,0.5,0.35,117.875,8.3,0.0,-1.0499999999999998,1.2450000000000045,0.29999999999999893,0.0,0.0
N134I,134,N,I,1.0,0.0,0.0,0.0,0.5,2.8,110.13,6.5,0.0,1.7000000000000002,21.039999999999992,-1.2999999999999998,0.0,-4.321928
N134S,134,N,S,1.0,0.0,0.0,0.0,0.5,2.8,110.13,6.5,0.0,-3.5999999999999996,-5.039999999999992,2.6999999999999993,0.0,-4.321928
L135S,135,L,S,0.75,0.25,0.0,0.0,0.25,1.4749999999999999,120.88749999999999,7.375,0.0,-2.275,-15.797499999999985,1.8249999999999993,0.0,-3.321928
L135I,135,L,I,0.75,0.25,0.0,0.0,0.25,1.4749999999999999,120.88749999999999,7.375,0.0,3.0250000000000004,10.282499999999999,-2.175,0.0,0.0
L135F,135,L,F,0.75,0.25,0.0,0.0,0.25,1.4749999999999999,120.88749999999999,7.375,0.0,1.325,44.30250000000001,-2.175,0.0,-2.321928
L136R,136,L,R,0.5,0.5,0.0,0.0,0.25,0.8499999999999999,128.39499999999998,7.5,0.0,-5.35,45.80500000000001,3.0,1.0,-5.321928
L136H,136,L,H,0.5,0.5,0.0,0.0,0.25,0.8499999999999999,128.39499999999998,7.5,0.0,-4.05,26.765000000000015,2.9000000000000004,0.5,-5.321928
L136P,136,L,P,0.5,0.5,0.0,0.0,0.25,0.8499999999999999,128.39499999999998,7.5,0.0,-2.45,-13.264999999999986,0.5,0.0,-5.321928
L137M,137,L,M,0.5,0.5,0.0,0.0,0.5,1.5499999999999998,125.145,6.75,0.0,0.3500000000000001,24.065000000000012,-1.0499999999999998,0.0,0.0
L137P,137,L,P,0.5,0.5,0.0,0.0,0.5,1.5499999999999998,125.145,6.75,0.0,-3.15,-10.015,1.25,0.0,-5.321928
L137Q,137,L,Q,0.5,0.5,0.0,0.0,0.5,1.5499999999999998,125.145,6.75,0.0,-5.05,21.00500000000001,3.75,0.0,-2.488594667
L137R,137,L,R,0.5,0.5,0.0,0.0,0.5,1.5499999999999998,125.145,6.75,0.0,-6.05,49.05499999999999,3.75,1.0,-5.321928
T138A,138,T,A,0.75,0.25,0.0,0.0,0.25,2.85,128.1575,5.9,0.0,-1.05,-39.067499999999995,2.1999999999999993,0.0,0.0
T138I,138,T,I,0.75,0.25,0.0,0.0,0.25,2.85,128.1575,5.9,0.0,1.65,3.0124999999999886,-0.7000000000000002,0.0,0.0
T138R,138,T,R,0.75,0.25,0.0,0.0,0.25,2.85,128.1575,5.9,0.0,-7.35,46.04249999999999,4.6,1.0,0.0
T138K,138,T,K,0.75,0.25,0.0,0.0,0.25,2.85,128.1575,5.9,0.0,-6.75,18.0325,5.4,1.0,0.0
T139A,139,T,A,0.5,0.25,0.0,0.0,0.5,1.8,114.1325,6.925,0.0,0.0,-25.04249999999999,1.1749999999999998,0.0,0.333333333
T139M,139,T,M,0.5,0.25,0.0,0.0,0.5,1.8,114.1325,6.925,0.0,0.09999999999999987,35.077500000000015,-1.2249999999999996,0.0,-0.5
T139S,139,T,S,0.5,0.25,0.0,0.0,0.5,1.8,114.1325,6.925,0.0,-2.6,-9.04249999999999,2.2749999999999995,0.0,0.0
I140F,140,I,F,0.0,0.5,0.0,0.0,1.0,-0.55,97.095,8.8,0.0,3.3499999999999996,68.095,-3.6000000000000005,0.0,-0.428571429
I140T,140,I,T,0.0,0.5,0.0,0.0,1.0,-0.55,97.095,8.8,0.0,-0.1499999999999999,22.025000000000006,-0.20000000000000107,0.0,-1.660964
I140V,140,I,V,0.0,0.5,0.0,0.0,1.0,-0.55,97.095,8.8,0.0,4.75,20.055000000000007,-2.9000000000000004,0.0,0.0
I140N,140,I,N,0.0,0.5,0.0,0.0,1.0,-0.55,97.095,8.8,0.0,-2.95,35.025000000000006,2.799999999999999,0.0,-2.6552613330000003
G141E,141,G,E,0.25,0.25,0.0,0.0,0.5,0.44999999999999996,110.1225,7.7,0.0,-3.95,37.00749999999999,4.6000000000000005,-1.0,-1.0
G141R,141,G,R,0.25,0.25,0.0,0.0,0.5,0.44999999999999996,110.1225,7.7,0.0,-4.95,64.07749999999999,2.8,1.0,-0.666666667
G142A,142,G,A,0.25,0.0,0.25,0.0,0.25,-0.35,116.88999999999999,8.375,0.25,2.15,-27.799999999999983,-0.27500000000000036,-0.25,-3.321928
G142R,142,G,R,0.25,0.0,0.25,0.0,0.25,-0.35,116.88999999999999,8.375,0.25,-4.15,57.31,2.125,0.75,-3.321928
G142V,142,G,V,0.25,0.0,0.25,0.0,0.25,-0.35,116.88999999999999,8.375,0.25,4.55,0.2600000000000193,-2.4749999999999996,-0.25,-5.321928
P143S,143,P,S,0.0,0.0,0.5,0.0,0.5,-2.05,110.865,10.4,0.0,1.2499999999999998,-5.7749999999999915,-1.200000000000001,0.0,-2.101606667
P143Q,143,P,Q,0.0,0.0,0.5,0.0,0.5,-2.05,110.865,10.4,0.0,-1.4500000000000002,35.28500000000001,0.09999999999999964,0.0,-1.0
P143L,143,P,L,0.0,0.0,0.5,0.0,0.5,-2.05,110.865,10.4,0.0,5.85,20.304999999999993,-5.5,0.0,-3.1552613330000003
P143A,143,P,A,0.0,0.0,0.5,0.0,0.5,-2.05,110.865,10.4,0.0,3.8499999999999996,-21.77499999999999,-2.3000000000000007,0.0,-1.0
K144N,144,K,N,0.25,0.0,0.25,0.0,0.25,-0.42500000000000004,117.125,8.55,-0.25,-3.075,14.995000000000005,3.049999999999999,0.25,0.0
K144E,144,K,E,0.25,0.0,0.25,0.0,0.25,-0.42500000000000004,117.125,8.55,-0.25,-3.075,30.004999999999995,3.75,-0.75,0.0
K144M,144,K,M,0.25,0.0,0.25,0.0,0.25,-0.42500000000000004,117.125,8.55,-0.25,2.325,32.08500000000001,-2.8500000000000005,0.25,-1.107309333
E145K,145,E,K,0.25,0.25,0.25,0.0,0.25,-0.6000000000000001,127.9025,8.2,0.25,-3.3,18.287499999999994,3.1000000000000014,0.75,0.0
E145V,145,E,V,0.25,0.25,0.25,0.0,0.25,-0.6000000000000001,127.9025,8.2,0.25,4.800000000000001,-10.752499999999998,-2.299999999999999,-0.25,0.0
E145Q,145,E,Q,0.25,0.25,0.25,0.0,0.25,-0.6000000000000001,127.9025,8.2,0.25,-2.9,18.247500000000002,2.3000000000000007,-0.25,-1.0
E145G,145,E,G,0.25,0.25,0.25,0.0,0.25,-0.6000000000000001,127.9025,8.2,0.25,0.20000000000000007,-52.83250000000001,0.8000000000000007,-0.25,0.2
L146P,146,L,P,0.25,0.25,0.5,0.0,0.5,-1.575,125.3825,10.075,0.0,-0.025000000000000133,-10.252499999999998,-2.0749999999999993,0.0,-5.321928
L146Q,146,L,Q,0.25,0.25,0.5,0.0,0.5,-1.575,125.3825,10.075,0.0,-1.925,20.767500000000013,0.4250000000000007,0.0,-3.321928
T147N,147,T,N,0.75,0.0,0.25,0.25,0.25,1.2249999999999999,133.14499999999998,7.625,-0.25,-4.725,-1.0249999999999773,3.9749999999999996,0.25,0.0
T147I,147,T,I,0.75,0.0,0.25,0.25,0.25,1.2249999999999999,133.14499999999998,7.625,-0.25,3.2750000000000004,-1.9749999999999943,-2.425,0.25,-1.0
T147A,147,T,A,0.75,0.0,0.25,0.25,0.25,1.2249999999999999,133.14499999999998,7.625,-0.25,0.5750000000000002,-44.05499999999998,0.47499999999999964,0.25,-0.75
A148V,148,A,V,0.75,0.25,0.0,0.25,0.25,2.425,136.6625,5.9,0.0,1.7750000000000004,-19.51249999999999,0.0,0.0,0.0
A148T,148,A,T,0.75,0.25,0.0,0.25,0.25,2.425,136.6625,5.9,0.0,-3.125,-17.54249999999999,2.6999999999999993,0.0,0.25
F149Y,149,F,Y,0.5,0.25,0.0,0.0,0.5,0.42499999999999993,123.63499999999999,8.0,0.125,-1.725,57.55500000000001,-1.7999999999999998,-0.125,0.0
F149S,149,F,S,0.5,0.25,0.0,0.0,0.5,0.42499999999999993,123.63499999999999,8.0,0.125,-1.225,-18.544999999999987,1.1999999999999993,-0.125,-1.0
F149L,149,F,L,0.5,0.25,0.0,0.0,0.5,0.42499999999999993,123.63499999999999,8.0,0.125,3.375,7.534999999999997,-3.0999999999999996,-0.125,-0.428571429
F149I,149,F,I,0.5,0.25,0.0,0.0,0.5,0.42499999999999993,123.63499999999999,8.0,0.125,4.075,7.534999999999997,-2.8,-0.125,-0.25
F149V,149,F,V,0.5,0.25,0.0,0.0,0.5,0.42499999999999993,123.63499999999999,8.0,0.125,3.7750000000000004,-6.484999999999985,-2.0999999999999996,-0.125,-0.5
L150M,150,L,M,0.5,0.25,0.0,0.25,0.25,-0.5250000000000001,135.39,8.825,0.125,2.425,13.820000000000022,-3.124999999999999,-0.125,0.333333333
L150W,150,L,W,0.5,0.25,0.0,0.25,0.25,-0.5250000000000001,135.39,8.825,0.125,-0.3749999999999999,68.84,-3.424999999999999,-0.125,-1.0
L150F,150,L,F,0.5,0.25,0.0,0.25,0.25,-0.5250000000000001,135.39,8.825,0.125,3.325,29.80000000000001,-3.624999999999999,-0.125,0.0
L150S,150,L,S,0.5,0.25,0.0,0.25,0.25,-0.5250000000000001,135.39,8.825,0.125,-0.2749999999999999,-30.299999999999983,0.375,-0.125,-1.0
H151L,151,H,L,0.75,0.25,0.0,0.25,0.0,1.25,144.4225,6.85,0.0,2.55,-13.252500000000026,-1.9499999999999993,0.0,-0.5
H151Q,151,H,Q,0.75,0.25,0.0,0.25,0.0,1.25,144.4225,6.85,0.0,-4.75,1.727499999999992,3.6500000000000004,0.0,0.0
H151R,151,H,R,0.75,0.25,0.0,0.25,0.0,1.25,144.4225,6.85,0.0,-5.75,29.777499999999975,3.6500000000000004,1.0,0.0
H151Y,151,H,Y,0.75,0.25,0.0,0.25,0.0,1.25,144.4225,6.85,0.0,-2.55,36.767499999999984,-0.6499999999999995,0.0,0.0
N152H,152,N,H,0.5,0.0,0.0,0.0,0.25,0.5249999999999999,127.6525,7.5,0.125,-3.725,27.507499999999993,2.9000000000000004,0.375,0.0
N152I,152,N,I,0.5,0.0,0.0,0.0,0.25,0.5249999999999999,127.6525,7.5,0.125,3.975,3.517499999999984,-2.3,-0.125,0.0
N152K,152,N,K,0.5,0.0,0.0,0.0,0.25,0.5249999999999999,127.6525,7.5,0.125,-4.425,18.537499999999994,3.8000000000000007,0.875,-2.321928
N152D,152,N,D,0.5,0.0,0.0,0.0,0.25,0.5249999999999999,127.6525,7.5,0.125,-4.025,5.447499999999991,5.5,-1.125,-0.5
N152S,152,N,S,0.5,0.0,0.0,0.0,0.25,0.5249999999999999,127.6525,7.5,0.125,-1.325,-22.5625,1.6999999999999993,-0.125,0.333333333
N152Y,152,N,Y,0.5,0.0,0.0,0.0,0.25,0.5249999999999999,127.6525,7.5,0.125,-1.825,53.537499999999994,-1.2999999999999998,-0.125,0.0
M153K,153,M,K,0.0,0.25,0.25,0.0,0.25,-2.65,123.8625,11.0,-0.125,-1.25,22.3275,0.3000000000000007,1.125,-0.333333333
M153L,153,M,L,0.0,0.25,0.25,0.0,0.25,-2.65,123.8625,11.0,-0.125,6.449999999999999,7.30749999999999,-6.1,0.125,0.0
M153T,153,M,T,0.0,0.25,0.25,0.0,0.25,-2.65,123.8625,11.0,-0.125,1.95,-4.742499999999993,-2.4000000000000004,0.125,0.0
M153I,153,M,I,0.0,0.25,0.25,0.0,0.25,-2.65,123.8625,11.0,-0.125,7.15,7.30749999999999,-5.8,0.125,0.333333333
G154V,154,G,V,0.25,0.25,0.25,0.0,0.0,-2.075,142.3975,10.175,-0.125,6.275,-25.247500000000002,-4.275,0.125,-4.321928
G154W,154,G,W,0.25,0.25,0.25,0.0,0.0,-2.075,142.3975,10.175,-0.125,1.1750000000000003,61.83249999999998,-4.775,0.125,-3.321928
G154R,154,G,R,0.25,0.25,0.25,0.0,0.0,-2.075,142.3975,10.175,-0.125,-2.425,31.80249999999998,0.3249999999999993,1.125,-1.0
D155E,155,D,E,0.5,0.0,0.0,0.0,0.25,0.625,124.14750000000001,7.75,0.125,-4.125,22.982499999999987,4.550000000000001,-1.125,-2.321928
D155N,155,D,N,0.5,0.0,0.0,0.0,0.25,0.625,124.14750000000001,7.75,0.125,-4.125,7.972499999999997,3.8499999999999996,-0.125,-2.321928
D155G,155,D,G,0.5,0.0,0.0,0.0,0.25,0.625,124.14750000000001,7.75,0.125,-1.025,-49.077500000000015,1.25,-0.125,-5.321928
D155V,155,D,V,0.5,0.0,0.0,0.0,0.25,0.625,124.14750000000001,7.75,0.125,3.575,-6.997500000000002,-1.8499999999999996,-0.125,-5.321928
H156L,156,H,L,0.25,0.25,0.25,0.0,0.5,-0.09999999999999995,111.11,9.125,-0.25,3.9,20.059999999999988,-4.225,0.25,-0.5
H156R,156,H,R,0.25,0.25,0.25,0.0,0.5,-0.09999999999999995,111.11,9.125,-0.25,-4.4,63.08999999999999,1.375,1.25,0.25
H156P,156,H,P,0.25,0.25,0.25,0.0,0.5,-0.09999999999999995,111.11,9.125,-0.25,-1.5000000000000002,4.019999999999996,-1.125,0.25,1.0
V157I,157,V,I,0.0,0.25,0.5,0.0,0.25,-2.975,145.39499999999998,10.625,0.125,7.475,-14.224999999999994,-5.425,-0.125,0.0
V157A,157,V,A,0.0,0.25,0.5,0.0,0.25,-2.975,145.39499999999998,10.625,0.125,4.775,-56.30499999999998,-2.5250000000000004,-0.125,0.0
V157E,157,V,E,0.0,0.25,0.5,0.0,0.25,-2.975,145.39499999999998,10.625,0.125,-0.5249999999999999,1.7350000000000136,1.6750000000000007,-1.125,0.0
V157G,157,V,G,0.0,0.25,0.5,0.0,0.25,-2.975,145.39499999999998,10.625,0.125,2.575,-70.32499999999999,-1.625,-0.125,-1.0
V157L,157,V,L,0.0,0.25,0.5,0.0,0.25,-2.975,145.39499999999998,10.625,0.125,6.775,-14.224999999999994,-5.725,-0.125,0.0
T158S,158,T,S,0.5,0.0,0.25,0.0,0.0,0.07499999999999996,144.42,7.925000000000001,0.375,-0.875,-39.329999999999984,1.2749999999999986,-0.375,0.333333333
T158I,158,T,I,0.5,0.0,0.25,0.0,0.0,0.07499999999999996,144.42,7.925000000000001,0.375,4.425,-13.25,-2.7250000000000005,-0.375,-3.321928
T158A,158,T,A,0.5,0.0,0.25,0.0,0.0,0.07499999999999996,144.42,7.925000000000001,0.375,1.725,-55.329999999999984,0.17499999999999893,-0.375,-1.0
R159C,159,R,C,0.5,0.25,0.25,0.0,0.25,0.95,125.13499999999999,8.1,-0.25,1.55,-3.9749999999999943,-2.5999999999999996,0.25,-1.7931568
R159H,159,R,H,0.5,0.25,0.25,0.0,0.25,0.95,125.13499999999999,8.1,-0.25,-4.15,30.025000000000006,2.3000000000000007,0.75,0.0
R159L,159,R,L,0.5,0.25,0.25,0.0,0.25,0.95,125.13499999999999,8.1,-0.25,2.8499999999999996,6.034999999999997,-3.1999999999999993,0.25,-2.321928
L160F,160,L,F,0.0,0.25,0.75,0.0,0.25,-3.3,150.155,10.65,0.25,6.1,15.034999999999997,-5.45,-0.25,-1.0
L160H,160,L,H,0.0,0.25,0.75,0.0,0.25,-3.3,150.155,10.65,0.25,0.09999999999999964,5.0049999999999955,-0.25,0.25,-0.5
L160I,160,L,I,0.0,0.25,0.75,0.0,0.25,-3.3,150.155,10.65,0.25,7.8,-18.985000000000014,-5.45,-0.25,-0.5
L160P,160,L,P,0.0,0.25,0.75,0.0,0.25,-3.3,150.155,10.65,0.25,1.6999999999999997,-35.025000000000006,-2.6500000000000004,-0.25,-1.0
D161V,161,D,V,0.5,0.0,0.5,0.25,0.0,-1.5250000000000001,170.95,7.825,0.5,5.7250000000000005,-53.79999999999998,-1.9249999999999998,-0.5,-1.991446
D161E,161,D,E,0.5,0.0,0.5,0.25,0.0,-1.5250000000000001,170.95,7.825,0.5,-1.9749999999999999,-23.819999999999993,4.4750000000000005,-1.5,-0.666666667
D161G,161,D,G,0.5,0.0,0.5,0.25,0.0,-1.5250000000000001,170.95,7.825,0.5,1.125,-95.88,1.1749999999999998,-0.5,-4.655261333
D161N,161,D,N,0.5,0.0,0.5,0.25,0.0,-1.5250000000000001,170.95,7.825,0.5,-1.9749999999999999,-38.829999999999984,3.7749999999999995,-0.5,-0.5
R162H,162,R,H,0.5,0.0,0.5,0.25,0.0,-1.0250000000000001,153.9075,8.9,-0.5,-2.175,1.2524999999999977,1.5,1.0,-1.0
R162C,162,R,C,0.5,0.0,0.5,0.25,0.0,-1.0250000000000001,153.9075,8.9,-0.5,3.5250000000000004,-32.7475,-3.4000000000000004,0.5,-1.660964
R162S,162,R,S,0.5,0.0,0.5,0.25,0.0,-1.0250000000000001,153.9075,8.9,-0.5,0.2250000000000001,-48.817499999999995,0.29999999999999893,0.5,-1.0
W163G,163,W,G,0.0,0.0,0.75,0.0,0.0,-3.275,142.39,10.95,-0.25,2.875,-67.32,-1.9499999999999993,0.25,-1.0
W163R,163,W,R,0.0,0.0,0.75,0.0,0.0,-3.275,142.39,10.95,-0.25,-1.225,31.810000000000002,-0.4499999999999993,1.25,-0.444444444
E164K,164,E,K,0.25,0.0,0.5,0.25,0.0,-2.625,160.17249999999999,9.05,0.0,-1.275,-13.982499999999987,2.25,1.0,-5.321928
E164V,164,E,V,0.25,0.0,0.5,0.25,0.0,-2.625,160.17249999999999,9.05,0.0,6.825,-43.02249999999998,-3.1500000000000004,0.0,-5.321928
E164D,164,E,D,0.25,0.0,0.5,0.25,0.0,-2.625,160.17249999999999,9.05,0.0,-0.875,-27.07249999999999,3.9499999999999993,-1.0,-5.321928
E164G,164,E,G,0.25,0.0,0.5,0.25,0.0,-2.625,160.17249999999999,9.05,0.0,2.225,-85.10249999999999,-0.05000000000000071,0.0,-5.321928
P165S,165,P,S,0.5,0.0,0.5,0.25,0.0,-1.0250000000000001,157.415,8.725000000000001,-0.5,0.2250000000000001,-52.32499999999999,0.47499999999999787,0.5,-1.0
P165L,165,P,L,0.5,0.0,0.5,0.25,0.0,-1.0250000000000001,157.415,8.725000000000001,-0.5,4.825,-26.245000000000005,-3.825000000000001,0.5,-0.333333333
P165A,165,P,A,0.5,0.0,0.5,0.25,0.0,-1.0250000000000001,157.415,8.725000000000001,-0.5,2.825,-68.32499999999999,-0.6250000000000018,0.5,-1.160964
P165Q,165,P,Q,0.5,0.0,0.5,0.25,0.0,-1.0250000000000001,157.415,8.725000000000001,-0.5,-2.4749999999999996,-11.264999999999986,1.7749999999999986,0.5,-1.0
E166A,166,E,A,0.25,0.25,0.25,0.0,0.0,-1.2000000000000002,131.3875,9.2,-0.25,3.0,-42.297499999999985,-1.0999999999999996,0.25,0.0
E166D,166,E,D,0.25,0.25,0.25,0.0,0.0,-1.2000000000000002,131.3875,9.2,-0.25,-2.3,1.7125000000000057,3.8000000000000007,-0.75,0.0
E166G,166,E,G,0.25,0.25,0.25,0.0,0.0,-1.2000000000000002,131.3875,9.2,-0.25,0.8000000000000002,-56.317499999999995,-0.1999999999999993,0.25,-0.666666667
E166K,166,E,K,0.25,0.25,0.25,0.0,0.0,-1.2000000000000002,131.3875,9.2,-0.25,-2.6999999999999997,14.802500000000009,2.1000000000000014,1.25,0.0
L167V,167,L,V,0.0,0.25,0.5,0.0,0.0,-3.025,135.3775,11.05,-0.5,7.225,-18.227499999999992,-5.15,0.5,0.0
L167Q,167,L,Q,0.0,0.25,0.5,0.0,0.0,-3.025,135.3775,11.05,-0.5,-0.4750000000000001,10.772500000000008,-0.5500000000000007,0.5,-5.321928
L167P,167,L,P,0.0,0.25,0.5,0.0,0.0,-3.025,135.3775,11.05,-0.5,1.4249999999999998,-20.247500000000002,-3.0500000000000007,0.5,-5.321928
L167M,167,L,M,0.0,0.25,0.5,0.0,0.0,-3.025,135.3775,11.05,-0.5,4.925,13.83250000000001,-5.3500000000000005,0.5,0.0
N168Y,168,N,Y,0.5,0.0,0.5,0.0,0.25,-0.35000000000000003,128.63,9.4,-0.5,-0.95,52.56,-3.2,0.5,-5.321928
N168I,168,N,I,0.5,0.0,0.5,0.0,0.25,-0.35000000000000003,128.63,9.4,-0.5,4.85,2.539999999999992,-4.2,0.5,-4.821928
N168D,168,N,D,0.5,0.0,0.5,0.0,0.25,-0.35000000000000003,128.63,9.4,-0.5,-3.15,4.469999999999999,3.5999999999999996,-0.5,-3.321928
N168S,168,N,S,0.5,0.0,0.5,0.0,0.25,-0.35000000000000003,128.63,9.4,-0.5,-0.45,-23.539999999999992,-0.20000000000000107,0.5,-1.0
N168K,168,N,K,0.5,0.0,0.5,0.0,0.25,-0.35000000000000003,128.63,9.4,-0.5,-3.55,17.560000000000002,1.9000000000000004,1.5,-5.321928
E169G,169,E,G,0.75,0.25,0.0,0.0,0.25,1.65,120.88749999999999,7.45,0.0,-2.05,-45.817499999999995,1.5499999999999998,0.0,0.0
E169K,169,E,K,0.75,0.25,0.0,0.0,0.25,1.65,120.88749999999999,7.45,0.0,-5.55,25.30250000000001,3.8500000000000005,1.0,0.0
E169V,169,E,V,0.75,0.25,0.0,0.0,0.25,1.65,120.88749999999999,7.45,0.0,2.5500000000000003,-3.737499999999983,-1.5499999999999998,0.0,0.0
E169D,169,E,D,0.75,0.25,0.0,0.0,0.25,1.65,120.88749999999999,7.45,0.0,-5.15,12.212500000000006,5.55,-1.0,0.0
A170T,170,A,T,0.25,0.25,0.25,0.0,0.0,-1.025,131.3875,9.275,-0.25,0.32499999999999996,-12.267499999999984,-0.6750000000000007,0.25,-0.833333333
A170V,170,A,V,0.25,0.25,0.25,0.0,0.0,-1.025,131.3875,9.275,-0.25,5.225,-14.237499999999983,-3.375,0.25,-1.045989714
A170G,170,A,G,0.25,0.25,0.25,0.0,0.0,-1.025,131.3875,9.275,-0.25,0.6249999999999999,-56.317499999999995,-0.27500000000000036,0.25,0.0
A170S,170,A,S,0.25,0.25,0.25,0.0,0.0,-1.025,131.3875,9.275,-0.25,0.22499999999999987,-26.297499999999985,-0.07500000000000107,0.25,0.0
I171L,171,I,L,0.25,0.25,0.25,0.0,0.25,-1.7,120.8675,10.0,-0.25,5.5,10.30249999999998,-5.1,0.25,-0.166666667
I171M,171,I,M,0.25,0.25,0.25,0.0,0.25,-1.7,120.8675,10.0,-0.25,3.5999999999999996,28.3425,-4.3,0.25,0.0
I171T,171,I,T,0.25,0.25,0.25,0.0,0.25,-1.7,120.8675,10.0,-0.25,1.0,-1.7475000000000023,-1.4000000000000004,0.25,0.0
I171V,171,I,V,0.25,0.25,0.25,0.0,0.25,-1.7,120.8675,10.0,-0.25,5.9,-3.717500000000001,-4.1,0.25,-0.25
P172L,172,P,L,0.5,0.25,0.25,0.0,0.25,-0.175,121.37,9.475,-0.25,3.9749999999999996,9.799999999999983,-4.574999999999999,0.25,0.0
P172Q,172,P,Q,0.5,0.25,0.25,0.0,0.25,-0.175,121.37,9.475,-0.25,-3.325,24.78,1.0250000000000004,0.25,0.0
P172A,172,P,A,0.5,0.25,0.25,0.0,0.25,-0.175,121.37,9.475,-0.25,1.975,-32.28,-1.375,0.25,0.0
P172S,172,P,S,0.5,0.25,0.25,0.0,0.25,-0.175,121.37,9.475,-0.25,-0.625,-16.28,-0.27500000000000036,0.25,-0.125
N173Y,173,N,Y,0.25,0.0,0.5,0.0,0.0,-1.025,131.6325,9.625,-0.5,-0.27500000000000013,49.557500000000005,-3.425,0.5,0.25
N173S,173,N,S,0.25,0.0,0.5,0.0,0.0,-1.025,131.6325,9.625,-0.5,0.22499999999999987,-26.54249999999999,-0.4250000000000007,0.5,0.25
N173K,173,N,K,0.25,0.0,0.5,0.0,0.0,-1.025,131.6325,9.625,-0.5,-2.875,14.557500000000005,1.6750000000000007,1.5,0.333333333
N173D,173,N,D,0.25,0.0,0.5,0.0,0.0,-1.025,131.6325,9.625,-0.5,-2.475,1.4675000000000011,3.375,-0.5,0.0
D174E,174,D,E,0.0,0.25,0.5,0.0,0.0,-3.275,142.14499999999998,10.6,0.0,-0.2250000000000001,4.985000000000014,1.700000000000001,-1.0,0.0
D174V,174,D,V,0.0,0.25,0.5,0.0,0.0,-3.275,142.14499999999998,10.6,0.0,7.475,-24.994999999999976,-4.699999999999999,0.0,-3.821928
E175V,175,E,V,0.0,0.25,0.75,0.0,0.0,-3.75,143.13,12.025,-0.25,7.95,-25.97999999999999,-6.125,0.25,0.5
E175K,175,E,K,0.0,0.25,0.75,0.0,0.0,-3.75,143.13,12.025,-0.25,-0.1499999999999999,3.0600000000000023,-0.7249999999999996,1.25,0.0
E175D,175,E,D,0.0,0.25,0.75,0.0,0.0,-3.75,143.13,12.025,-0.25,0.25,-10.030000000000001,0.9749999999999996,-0.75,-3.160964
R176H,176,R,H,0.0,0.25,0.75,0.0,0.25,-2.8,133.1125,11.725,-0.75,-0.40000000000000036,22.047499999999985,-1.3249999999999993,1.25,-0.5
R176C,176,R,C,0.0,0.25,0.75,0.0,0.25,-2.8,133.1125,11.725,-0.75,5.3,-11.952500000000015,-6.225,0.75,-1.0
D177N,177,D,N,0.0,0.5,0.5,0.0,0.5,-2.35,139.89249999999998,10.0,0.0,-1.15,-7.7724999999999795,1.5999999999999996,0.0,-4.321928
D177G,177,D,G,0.0,0.5,0.5,0.0,0.5,-2.35,139.89249999999998,10.0,0.0,1.9500000000000002,-64.82249999999999,-1.0,0.0,-5.321928
D177E,177,D,E,0.0,0.5,0.5,0.0,0.5,-2.35,139.89249999999998,10.0,0.0,-1.15,7.237500000000011,2.3000000000000007,-1.0,-5.321928
D177A,177,D,A,0.0,0.5,0.5,0.0,0.5,-2.35,139.89249999999998,10.0,0.0,4.15,-50.80249999999998,-1.9000000000000004,0.0,-5.321928
D177V,177,D,V,0.0,0.5,0.5,0.0,0.5,-2.35,139.89249999999998,10.0,0.0,6.550000000000001,-22.74249999999998,-4.1,0.0,-5.321928
D177Y,177,D,Y,0.0,0.5,0.5,0.0,0.5,-2.35,139.89249999999998,10.0,0.0,1.05,41.297500000000014,-3.8,0.0,-5.321928
T178A,178,T,A,0.25,0.25,0.5,0.0,0.25,-1.7,143.9075,9.45,0.0,3.5,-54.817499999999995,-1.3499999999999996,0.0,-3.321928
T178I,178,T,I,0.25,0.25,0.5,0.0,0.25,-1.7,143.9075,9.45,0.0,6.2,-12.737500000000011,-4.249999999999999,0.0,-3.121928
T178S,178,T,S,0.25,0.25,0.5,0.0,0.25,-1.7,143.9075,9.45,0.0,0.8999999999999999,-38.817499999999995,-0.25,0.0,0.0
T178P,178,T,P,0.25,0.25,0.5,0.0,0.25,-1.7,143.9075,9.45,0.0,0.09999999999999987,-28.777500000000003,-1.4499999999999993,0.0,-5.321928
T178N,178,T,N,0.25,0.25,0.5,0.0,0.25,-1.7,143.9075,9.45,0.0,-1.8,-11.787499999999994,2.1500000000000004,0.0,-3.321928
T179S,179,T,S,0.25,0.25,0.25,0.0,0.25,-0.9750000000000001,129.14,8.825,-0.25,0.17500000000000004,-24.049999999999983,0.375,0.25,0.0
T179K,179,T,K,0.25,0.25,0.25,0.0,0.25,-0.9750000000000001,129.14,8.825,-0.25,-2.925,17.05000000000001,2.4750000000000014,1.25,-5.321928
T179A,179,T,A,0.25,0.25,0.25,0.0,0.25,-0.9750000000000001,129.14,8.825,-0.25,2.7750000000000004,-40.04999999999998,-0.7249999999999996,0.25,-2.988594667
T179M,179,T,M,0.25,0.25,0.25,0.0,0.25,-0.9750000000000001,129.14,8.825,-0.25,2.875,20.07000000000002,-3.124999999999999,0.25,-5.321928
T179P,179,T,P,0.25,0.25,0.25,0.0,0.25,-0.9750000000000001,129.14,8.825,-0.25,-0.625,-14.009999999999991,-0.8249999999999993,0.25,-5.321928
T179R,179,T,R,0.25,0.25,0.25,0.0,0.25,-0.9750000000000001,129.14,8.825,-0.25,-3.525,45.06,1.6750000000000007,1.25,-5.321928
M180I,180,M,I,0.25,0.5,0.0,0.0,0.75,-0.3,110.61500000000001,8.325,0.0,4.8,20.55499999999998,-3.124999999999999,0.0,0.0
M180V,180,M,V,0.25,0.5,0.0,0.0,0.75,-0.3,110.61500000000001,8.325,0.0,4.5,6.534999999999997,-2.424999999999999,0.0,0.0
M180T,180,M,T,0.25,0.5,0.0,0.0,0.75,-0.3,110.61500000000001,8.325,0.0,-0.39999999999999997,8.504999999999995,0.27500000000000036,0.0,0.0
M180L,180,M,L,0.25,0.5,0.0,0.0,0.75,-0.3,110.61500000000001,8.325,0.0,4.1,20.55499999999998,-3.424999999999999,0.0,1.0
M180K,180,M,K,0.25,0.5,0.0,0.0,0.75,-0.3,110.61500000000001,8.325,0.0,-3.6,35.57499999999999,2.9750000000000014,1.0,-0.25
P181S,181,P,S,0.75,0.25,0.0,0.0,0.75,1.2,111.6275,7.625,0.0,-2.0,-6.537499999999994,1.5749999999999993,0.0,-3.321928
P181H,181,P,H,0.75,0.25,0.0,0.0,0.75,1.2,111.6275,7.625,0.0,-4.4,43.5325,2.7750000000000004,0.5,-5.321928
A182E,182,A,E,0.75,0.0,0.0,0.0,0.25,1.0,125.66,6.875,0.0,-4.5,21.47,5.425000000000001,-1.0,-1.0
A182G,182,A,G,0.75,0.0,0.0,0.0,0.25,1.0,125.66,6.875,0.0,-1.4,-50.59,2.125,0.0,1.0
A182S,182,A,S,0.75,0.0,0.0,0.0,0.25,1.0,125.66,6.875,0.0,-1.8,-20.569999999999993,2.3249999999999993,0.0,0.0
A182T,182,A,T,0.75,0.0,0.0,0.0,0.25,1.0,125.66,6.875,0.0,-1.7,-6.539999999999992,1.7249999999999996,0.0,0.0
A182V,182,A,V,0.75,0.0,0.0,0.0,0.25,1.0,125.66,6.875,0.0,3.2,-8.509999999999991,-0.9749999999999996,0.0,0.0
A183E,183,A,E,0.75,0.0,0.0,0.0,0.5,0.975,110.63,7.475,0.0,-4.475,36.5,4.825000000000001,-1.0,0.0
A183S,183,A,S,0.75,0.0,0.0,0.0,0.5,0.975,110.63,7.475,0.0,-1.775,-5.539999999999992,1.7249999999999996,0.0,0.0
A183T,183,A,T,0.75,0.0,0.0,0.0,0.5,0.975,110.63,7.475,0.0,-1.6749999999999998,8.490000000000009,1.125,0.0,0.0
A183V,183,A,V,0.75,0.0,0.0,0.0,0.5,0.975,110.63,7.475,0.0,3.225,6.52000000000001,-1.5749999999999993,0.0,0.0
M184I,184,M,I,0.75,0.25,0.0,0.0,1.0,1.175,96.5975,8.225,0.0,3.325,34.57249999999999,-3.0249999999999995,0.0,0.333333333
M184K,184,M,K,0.75,0.25,0.0,0.0,1.0,1.175,96.5975,8.225,0.0,-5.075,49.5925,3.075000000000001,1.0,-5.321928
M184L,184,M,L,0.75,0.25,0.0,0.0,1.0,1.175,96.5975,8.225,0.0,2.625,34.57249999999999,-3.3249999999999993,0.0,-0.8
M184T,184,M,T,0.75,0.25,0.0,0.0,1.0,1.175,96.5975,8.225,0.0,-1.875,22.522500000000008,0.375,0.0,-3.821928
M184V,184,M,V,0.75,0.25,0.0,0.0,1.0,1.175,96.5975,8.225,0.0,3.0250000000000004,20.55250000000001,-2.3249999999999993,0.0,0.0
A185T,185,A,T,0.5,0.5,0.0,0.0,0.75,0.575,119.135,7.75,0.0,-1.275,-0.015000000000000568,0.8499999999999996,0.0,-3.321928
T186A,186,T,A,0.75,0.25,0.0,0.0,0.5,1.7,122.14750000000001,6.825,0.0,0.10000000000000009,-33.057500000000005,1.2749999999999995,0.0,-0.2
T186S,186,T,S,0.75,0.25,0.0,0.0,0.5,1.7,122.14750000000001,6.825,0.0,-2.5,-17.057500000000005,2.374999999999999,0.0,0.0
T186I,186,T,I,0.75,0.25,0.0,0.0,0.5,1.7,122.14750000000001,6.825,0.0,2.8,9.02249999999998,-1.625,0.0,0.25
T186P,186,T,P,0.75,0.25,0.0,0.0,0.5,1.7,122.14750000000001,6.825,0.0,-3.3,-7.0175000000000125,1.1749999999999998,0.0,0.0
T186K,186,T,K,0.75,0.25,0.0,0.0,0.5,1.7,122.14750000000001,6.825,0.0,-5.6,24.04249999999999,4.4750000000000005,1.0,0.0
T187M,187,T,M,0.5,0.25,0.25,0.0,0.5,0.09999999999999998,128.39499999999998,8.025,0.25,1.7999999999999998,20.815000000000026,-2.325,-0.25,-0.6
T187K,187,T,K,0.5,0.25,0.25,0.0,0.5,0.09999999999999998,128.39499999999998,8.025,0.25,-4.0,17.795000000000016,3.2750000000000004,0.75,-5.321928
T187A,187,T,A,0.5,0.25,0.25,0.0,0.5,0.09999999999999998,128.39499999999998,8.025,0.25,1.7000000000000002,-39.30499999999998,0.07499999999999929,-0.25,-3.321928
T187S,187,T,S,0.5,0.25,0.25,0.0,0.5,0.09999999999999998,128.39499999999998,8.025,0.25,-0.9,-23.30499999999998,1.174999999999999,-0.25,-0.5
L188M,188,L,M,0.0,0.5,0.5,0.0,0.5,-2.45,139.6575,9.75,0.5,4.35,9.552500000000009,-4.05,-0.5,0.0
L188F,188,L,F,0.0,0.5,0.5,0.0,0.5,-2.45,139.6575,9.75,0.5,5.25,25.5325,-4.55,-0.5,0.0
R189C,189,R,C,0.5,0.25,0.25,0.0,0.25,0.75,131.9125,7.425000000000001,0.25,1.75,-10.752499999999998,-1.9250000000000007,-0.25,-0.5
R189H,189,R,H,0.5,0.25,0.25,0.0,0.25,0.75,131.9125,7.425000000000001,0.25,-3.95,23.247500000000002,2.9749999999999996,0.25,0.0
R189G,189,R,G,0.5,0.25,0.25,0.0,0.25,0.75,131.9125,7.425000000000001,0.25,-1.15,-56.8425,1.5749999999999993,-0.25,0.0
R189P,189,R,P,0.5,0.25,0.25,0.0,0.25,0.75,131.9125,7.425000000000001,0.25,-2.35,-16.7825,0.5749999999999993,-0.25,-5.321928
K190Q,190,K,Q,0.75,0.0,0.25,0.0,0.0,1.7249999999999999,141.92749999999998,6.300000000000001,0.25,-5.225,4.222500000000025,4.199999999999999,-0.25,0.0
K190N,190,K,N,0.75,0.0,0.25,0.0,0.0,1.7249999999999999,141.92749999999998,6.300000000000001,0.25,-5.225,-9.807499999999976,5.299999999999999,-0.25,0.0
K190I,190,K,I,0.75,0.0,0.25,0.0,0.0,1.7249999999999999,141.92749999999998,6.300000000000001,0.25,2.7750000000000004,-10.757499999999993,-1.1000000000000005,-0.25,0.0
K190E,190,K,E,0.75,0.0,0.25,0.0,0.0,1.7249999999999999,141.92749999999998,6.300000000000001,0.25,-5.225,5.202500000000015,6.0,-1.25,-0.2
K190T,190,K,T,0.75,0.0,0.25,0.0,0.0,1.7249999999999999,141.92749999999998,6.300000000000001,0.25,-2.425,-22.807499999999976,2.299999999999999,-0.25,0.0
L191V,191,L,V,0.25,0.25,0.5,0.0,0.25,-1.325,142.67,8.825,0.5,5.525,-25.519999999999982,-2.924999999999999,-0.5,-0.5
L191P,191,L,P,0.25,0.25,0.5,0.0,0.25,-1.325,142.67,8.825,0.5,-0.27500000000000013,-27.539999999999992,-0.8249999999999993,-0.5,-5.321928
L192F,192,L,F,0.25,0.25,0.25,0.0,0.5,-0.30000000000000004,117.88749999999999,8.45,0.25,3.0999999999999996,47.30250000000001,-3.249999999999999,-0.25,0.0
L192S,192,L,S,0.25,0.25,0.25,0.0,0.5,-0.30000000000000004,117.88749999999999,8.45,0.25,-0.5,-12.797499999999985,0.75,-0.25,-2.321928
L192I,192,L,I,0.25,0.25,0.25,0.0,0.5,-0.30000000000000004,117.88749999999999,8.45,0.25,4.8,13.282499999999999,-3.249999999999999,-0.25,0.0
T193I,193,T,I,0.5,0.0,0.25,0.0,0.25,0.9249999999999999,121.13499999999999,7.775,-0.25,3.575,10.034999999999997,-2.575,0.25,0.333333333
T193A,193,T,A,0.5,0.0,0.25,0.0,0.25,0.9249999999999999,121.13499999999999,7.775,-0.25,0.8750000000000001,-32.04499999999999,0.3249999999999993,0.25,0.0
T193N,193,T,N,0.5,0.0,0.25,0.0,0.25,0.9249999999999999,121.13499999999999,7.775,-0.25,-4.425,10.985000000000014,3.8249999999999993,0.25,0.0
T193S,193,T,S,0.5,0.0,0.25,0.0,0.25,0.9249999999999999,121.13499999999999,7.775,-0.25,-1.725,-16.044999999999987,1.424999999999999,0.25,-0.333333333
G194S,194,G,S,0.5,0.25,0.25,0.0,0.25,0.8499999999999999,132.14749999999998,7.675000000000001,-0.25,-1.65,-27.057499999999976,1.5249999999999986,0.25,0.0
G194D,194,G,D,0.5,0.25,0.25,0.0,0.25,0.8499999999999999,132.14749999999998,7.675000000000001,-0.25,-4.35,0.9525000000000148,5.324999999999999,-0.75,0.0
G194A,194,G,A,0.5,0.25,0.25,0.0,0.25,0.8499999999999999,132.14749999999998,7.675000000000001,-0.25,0.9500000000000002,-43.057499999999976,0.42499999999999893,0.25,0.0
G194C,194,G,C,0.5,0.25,0.25,0.0,0.25,0.8499999999999999,132.14749999999998,7.675000000000001,-0.25,1.6500000000000001,-10.987499999999983,-2.1750000000000007,0.25,-0.333333333
E195K,195,E,K,0.5,0.25,0.0,0.0,0.5,1.625,114.1325,6.85,0.0,-5.525,32.057500000000005,4.450000000000001,1.0,0.0
E195V,195,E,V,0.5,0.25,0.0,0.0,0.5,1.625,114.1325,6.85,0.0,2.575,3.0175000000000125,-0.9499999999999993,0.0,-2.321928
E195G,195,E,G,0.5,0.25,0.0,0.0,0.5,1.625,114.1325,6.85,0.0,-2.025,-39.0625,2.1500000000000004,0.0,-1.0
E195D,195,E,D,0.5,0.25,0.0,0.0,0.5,1.625,114.1325,6.85,0.0,-5.125,18.9675,6.15,-1.0,0.0
L196V,196,L,V,0.25,0.25,0.25,0.0,0.5,-0.20000000000000004,118.1225,8.7,-0.25,4.4,-0.9724999999999966,-2.799999999999999,0.25,0.0
L196P,196,L,P,0.25,0.25,0.25,0.0,0.5,-0.20000000000000004,118.1225,8.7,-0.25,-1.4000000000000001,-2.992500000000007,-0.6999999999999993,0.25,-1.0
L196Q,196,L,Q,0.25,0.25,0.25,0.0,0.5,-0.20000000000000004,118.1225,8.7,-0.25,-3.3,28.027500000000003,1.8000000000000007,0.25,0.0
L197P,197,L,P,0.5,0.25,0.25,0.0,0.25,0.8499999999999999,132.14749999999998,7.675000000000001,-0.25,-2.45,-17.017499999999984,0.3249999999999993,0.25,-2.6552613330000003
L197H,197,L,H,0.5,0.25,0.25,0.0,0.25,0.8499999999999999,132.14749999999998,7.675000000000001,-0.25,-4.05,23.012500000000017,2.7249999999999996,0.75,-1.944234286
L197F,197,L,F,0.5,0.25,0.25,0.0,0.25,0.8499999999999999,132.14749999999998,7.675000000000001,-0.25,1.95,33.04250000000002,-2.4750000000000005,0.25,-2.321928
T198S,198,T,S,1.0,0.0,0.0,0.0,0.25,3.3,120.64999999999999,5.7,0.0,-4.1,-15.559999999999988,3.499999999999999,0.0,0.0
T198P,198,T,P,1.0,0.0,0.0,0.0,0.25,3.3,120.64999999999999,5.7,0.0,-4.9,-5.519999999999996,2.3,0.0,-1.0
T198A,198,T,A,1.0,0.0,0.0,0.0,0.25,3.3,120.64999999999999,5.7,0.0,-1.4999999999999998,-31.559999999999988,2.3999999999999995,0.0,-0.25
T198I,198,T,I,1.0,0.0,0.0,0.0,0.25,3.3,120.64999999999999,5.7,0.0,1.2000000000000002,10.519999999999996,-0.5,0.0,-1.881285333
L199I,199,L,I,0.5,0.5,0.0,0.0,0.75,1.025,111.1175,7.699999999999999,0.0,3.475,20.05249999999998,-2.499999999999999,0.0,0.0
L199P,199,L,P,0.5,0.5,0.0,0.0,0.75,1.025,111.1175,7.699999999999999,0.0,-2.625,4.012499999999989,0.3000000000000007,0.0,0.0
L199Q,199,L,Q,0.5,0.5,0.0,0.0,0.75,1.025,111.1175,7.699999999999999,0.0,-4.525,35.0325,2.8000000000000007,0.0,0.166666667
A200D,200,A,D,0.25,0.5,0.25,0.0,0.5,-0.55,132.39499999999998,8.3,0.25,-2.95,0.7050000000000125,4.699999999999999,-1.25,-2.321928
A200G,200,A,G,0.25,0.5,0.25,0.0,0.5,-0.55,132.39499999999998,8.3,0.25,0.15000000000000002,-57.32499999999999,0.6999999999999993,-0.25,0.0
A200T,200,A,T,0.25,0.5,0.25,0.0,0.5,-0.55,132.39499999999998,8.3,0.25,-0.1499999999999999,-13.274999999999977,0.29999999999999893,-0.25,0.0
A200S,200,A,S,0.25,0.5,0.25,0.0,0.5,-0.55,132.39499999999998,8.3,0.25,-0.25,-27.30499999999998,0.8999999999999986,-0.25,0.0
A200V,200,A,V,0.25,0.5,0.25,0.0,0.5,-0.55,132.39499999999998,8.3,0.25,4.75,-15.244999999999976,-2.4000000000000004,-0.25,0.0
S201C,201,S,C,0.5,0.25,0.25,0.0,0.25,-0.6000000000000001,135.1525,8.5,0.25,3.1,-13.992500000000007,-3.0,-0.25,0.0
S201F,201,S,F,0.5,0.25,0.25,0.0,0.25,-0.6000000000000001,135.1525,8.5,0.25,3.4,30.037499999999994,-3.3,-0.25,-3.321928
S201P,201,S,P,0.5,0.25,0.25,0.0,0.25,-0.6000000000000001,135.1525,8.5,0.25,-1.0,-20.022500000000008,-0.5,-0.25,-3.571928
S201T,201,S,T,0.5,0.25,0.25,0.0,0.25,-0.6000000000000001,135.1525,8.5,0.25,-0.09999999999999987,-16.0325,0.09999999999999964,-0.25,-1.0
R202W,202,R,W,0.25,0.75,0.0,0.0,0.5,-1.5,121.62,9.575,0.0,0.6,82.60999999999999,-4.174999999999999,0.0,-4.321928
R202Q,202,R,Q,0.25,0.75,0.0,0.0,0.5,-1.5,121.62,9.575,0.0,-2.0,24.53,0.9250000000000007,0.0,0.2
R202L,202,R,L,0.25,0.75,0.0,0.0,0.5,-1.5,121.62,9.575,0.0,5.3,9.549999999999983,-4.674999999999999,0.0,-1.440642667
Q203L,203,Q,L,0.25,0.5,0.25,0.0,0.25,-1.25,139.1525,8.775,0.25,5.05,-7.982500000000016,-3.875,-0.25,0.0
Q203R,203,Q,R,0.25,0.5,0.25,0.0,0.25,-1.25,139.1525,8.775,0.25,-3.25,35.047499999999985,1.7249999999999996,0.75,0.166666667
Q203H,203,Q,H,0.25,0.5,0.25,0.0,0.25,-1.25,139.1525,8.775,0.25,-1.9500000000000002,16.007499999999993,1.625,0.25,0.0
Q203E,203,Q,E,0.25,0.5,0.25,0.0,0.25,-1.25,139.1525,8.775,0.25,-2.25,7.977499999999992,3.5250000000000004,-1.25,-1.160964
Q204E,204,Q,E,0.5,0.25,0.25,0.0,0.0,0.07499999999999996,145.67249999999999,7.775,0.25,-3.575,1.4575000000000102,4.525,-1.25,0.0
Q204H,204,Q,H,0.5,0.25,0.25,0.0,0.0,0.07499999999999996,145.67249999999999,7.775,0.25,-3.2750000000000004,9.487500000000011,2.625,0.25,-0.666666667
Q204R,204,Q,R,0.5,0.25,0.25,0.0,0.0,0.07499999999999996,145.67249999999999,7.775,0.25,-4.575,28.527500000000003,2.7249999999999996,0.75,-0.4
L205I,205,L,I,0.25,0.5,0.25,0.0,0.0,-1.5,139.14249999999998,9.8,-0.25,6.0,-7.972499999999997,-4.6000000000000005,0.25,-0.666666667
L205S,205,L,S,0.25,0.5,0.25,0.0,0.0,-1.5,139.14249999999998,9.8,-0.25,0.7,-34.05249999999998,-0.6000000000000014,0.25,-5.321928
I206M,206,I,M,0.5,0.25,0.25,0.25,0.0,-1.0250000000000001,153.6625,8.45,-0.25,2.925,-4.452499999999986,-2.749999999999999,0.25,0.0
I206T,206,I,T,0.5,0.25,0.25,0.25,0.0,-1.0250000000000001,153.6625,8.45,-0.25,0.3250000000000002,-34.54249999999999,0.15000000000000036,0.25,-1.0
I206V,206,I,V,0.5,0.25,0.25,0.25,0.0,-1.0250000000000001,153.6625,8.45,-0.25,5.2250000000000005,-36.51249999999999,-2.549999999999999,0.25,-0.333333333
I206L,206,I,L,0.5,0.25,0.25,0.25,0.0,-1.0250000000000001,153.6625,8.45,-0.25,4.825,-22.492500000000007,-3.549999999999999,0.25,0.0
I206K,206,I,K,0.5,0.25,0.25,0.25,0.0,-1.0250000000000001,153.6625,8.45,-0.25,-2.875,-7.472499999999997,2.8500000000000014,1.25,0.0
D207E,207,D,E,1.0,0.0,0.0,0.25,0.0,2.3249999999999997,153.945,5.300000000000001,0.0,-5.824999999999999,-6.814999999999998,7.0,-1.0,0.0
D207G,207,D,G,1.0,0.0,0.0,0.25,0.0,2.3249999999999997,153.945,5.300000000000001,0.0,-2.7249999999999996,-78.875,3.6999999999999993,0.0,-1.0
D207V,207,D,V,1.0,0.0,0.0,0.25,0.0,2.3249999999999997,153.945,5.300000000000001,0.0,1.8750000000000004,-36.79499999999999,0.5999999999999996,0.0,-0.5
D207Y,207,D,Y,1.0,0.0,0.0,0.25,0.0,2.3249999999999997,153.945,5.300000000000001,0.0,-3.625,27.245000000000005,0.8999999999999995,0.0,0.0
W208C,208,W,C,0.5,0.0,0.5,0.0,0.0,-0.15000000000000002,140.1525,9.05,-0.5,2.65,-18.992500000000007,-3.5500000000000007,0.5,-2.988594667
W208R,208,W,R,0.5,0.0,0.5,0.0,0.0,-0.15000000000000002,140.1525,9.05,-0.5,-4.35,34.047499999999985,1.4499999999999993,1.5,-5.321928
M209V,209,M,V,0.5,0.0,0.5,0.25,0.25,-1.525,143.3875,9.7,-0.5,5.725,-26.237499999999983,-3.799999999999999,0.5,-5.321928
M209L,209,M,L,0.5,0.0,0.5,0.25,0.25,-1.525,143.3875,9.7,-0.5,5.324999999999999,-12.217500000000001,-4.799999999999999,0.5,0.0
M209I,209,M,I,0.5,0.0,0.5,0.25,0.25,-1.525,143.3875,9.7,-0.5,6.025,-12.217500000000001,-4.499999999999999,0.5,-5.321928
E210D,210,E,D,0.75,0.0,0.25,0.25,0.25,-0.17500000000000002,143.9075,8.05,-0.25,-3.325,-10.807500000000005,4.949999999999999,-0.75,0.0
E210G,210,E,G,0.75,0.0,0.25,0.25,0.25,-0.17500000000000002,143.9075,8.05,-0.25,-0.225,-68.8375,0.9499999999999993,0.25,-0.5
A211S,211,A,S,0.25,0.0,0.75,0.0,0.0,-2.25,143.9075,10.575000000000001,-0.25,1.45,-38.817499999999995,-1.3750000000000018,0.25,0.0
A211T,211,A,T,0.25,0.0,0.75,0.0,0.0,-2.25,143.9075,10.575000000000001,-0.25,1.55,-24.787499999999994,-1.9750000000000014,0.25,-1.0
A211V,211,A,V,0.25,0.0,0.75,0.0,0.0,-2.25,143.9075,10.575000000000001,-0.25,6.45,-26.757499999999993,-4.675000000000001,0.25,-1.0
A211G,211,A,G,0.25,0.0,0.75,0.0,0.0,-2.25,143.9075,10.575000000000001,-0.25,1.85,-68.8375,-1.575000000000001,0.25,-1.0
D212N,212,D,N,0.5,0.0,0.5,0.0,0.25,-0.3499999999999999,124.89,9.4,0.0,-3.15,7.230000000000004,2.1999999999999993,0.0,-1.660964
D212V,212,D,V,0.5,0.0,0.5,0.0,0.25,-0.3499999999999999,124.89,9.4,0.0,4.55,-7.739999999999995,-3.5,0.0,-2.988594667
K213I,213,K,I,0.75,0.0,0.25,0.0,0.5,1.0750000000000002,107.1075,8.775,-0.25,3.425,24.062499999999986,-3.575,0.25,0.0
K213N,213,K,N,0.75,0.0,0.25,0.0,0.5,1.0750000000000002,107.1075,8.775,-0.25,-4.575,25.012500000000003,2.8249999999999993,0.25,0.0
K213T,213,K,T,0.75,0.0,0.25,0.0,0.5,1.0750000000000002,107.1075,8.775,-0.25,-1.7750000000000001,12.012500000000003,-0.1750000000000007,0.25,-0.5
V214L,214,V,L,0.25,0.0,0.5,0.0,0.5,-1.5,110.8625,10.35,0.0,5.3,20.30749999999999,-5.449999999999999,0.0,-1.0
V214I,214,V,I,0.25,0.0,0.5,0.0,0.5,-1.5,110.8625,10.35,0.0,6.0,20.30749999999999,-5.1499999999999995,0.0,-1.0
V214G,214,V,G,0.25,0.0,0.5,0.0,0.5,-1.5,110.8625,10.35,0.0,1.1,-35.792500000000004,-1.3499999999999996,0.0,-2.321928
V214F,214,V,F,0.25,0.0,0.5,0.0,0.5,-1.5,110.8625,10.35,0.0,4.3,54.3275,-5.1499999999999995,0.0,-1.0
V214D,214,V,D,0.25,0.0,0.5,0.0,0.5,-1.5,110.8625,10.35,0.0,-2.0,22.237499999999997,2.6500000000000004,-1.0,-5.071928
V214A,214,V,A,0.25,0.0,0.5,0.0,0.5,-1.5,110.8625,10.35,0.0,3.3,-21.772499999999994,-2.25,0.0,-0.666666667
A215E,215,A,E,0.25,0.0,0.25,0.0,0.25,-0.42499999999999993,113.38499999999999,8.55,0.25,-3.075,33.745000000000005,3.75,-1.25,-3.321928
A215T,215,A,T,0.25,0.0,0.25,0.0,0.25,-0.42499999999999993,113.38499999999999,8.55,0.25,-0.275,5.735000000000014,0.049999999999998934,-0.25,-1.660964
A215V,215,A,V,0.25,0.0,0.25,0.0,0.25,-0.42499999999999993,113.38499999999999,8.55,0.25,4.625,3.765000000000015,-2.6500000000000004,-0.25,-3.321928
G216E,216,G,E,0.75,0.0,0.0,0.0,0.25,2.05,113.13499999999999,6.725,0.0,-5.55,33.995000000000005,5.575000000000001,-1.0,-2.160964
G216R,216,G,R,0.75,0.0,0.0,0.0,0.25,2.05,113.13499999999999,6.725,0.0,-6.55,61.065,3.7750000000000004,1.0,-1.0
G216V,216,G,V,0.75,0.0,0.0,0.0,0.25,2.05,113.13499999999999,6.725,0.0,2.1500000000000004,4.015000000000015,-0.8249999999999993,0.0,-2.321928
P217A,217,P,A,0.75,0.0,0.0,0.0,0.5,2.25,106.625,6.725,0.0,-0.44999999999999996,-17.534999999999997,1.375,0.0,-0.2
P217L,217,P,L,0.75,0.0,0.0,0.0,0.5,2.25,106.625,6.725,0.0,1.5499999999999998,24.544999999999987,-1.8249999999999993,0.0,0.0
P217S,217,P,S,0.75,0.0,0.0,0.0,0.5,2.25,106.625,6.725,0.0,-3.05,-1.5349999999999966,2.4749999999999996,0.0,-0.924658667
L218I,218,L,I,0.25,0.0,0.25,0.0,0.25,-0.675,123.89249999999998,8.1,0.25,5.175,7.277500000000003,-2.8999999999999995,-0.25,-2.321928
L218H,218,L,H,0.25,0.0,0.25,0.0,0.25,-0.675,123.89249999999998,8.1,0.25,-2.5250000000000004,31.267500000000013,2.3000000000000007,0.25,-3.321928
L218V,218,L,V,0.25,0.0,0.25,0.0,0.25,-0.675,123.89249999999998,8.1,0.25,4.875,-6.742499999999978,-2.1999999999999993,-0.25,-4.321928
L218F,218,L,F,0.25,0.0,0.25,0.0,0.25,-0.675,123.89249999999998,8.1,0.25,3.4749999999999996,41.297500000000014,-2.8999999999999995,-0.25,-4.321928
L219M,219,L,M,0.25,0.25,0.25,0.0,0.25,-0.7750000000000001,131.39749999999998,8.15,0.25,2.675,17.81250000000003,-2.45,-0.25,0.0
L219V,219,L,V,0.25,0.25,0.25,0.0,0.25,-0.7750000000000001,131.39749999999998,8.15,0.25,4.9750000000000005,-14.247499999999974,-2.25,-0.25,-1.0
L219R,219,L,R,0.25,0.25,0.25,0.0,0.25,-0.7750000000000001,131.39749999999998,8.15,0.25,-3.7249999999999996,42.80250000000001,2.3499999999999996,0.75,-3.321928
L219Q,219,L,Q,0.25,0.25,0.25,0.0,0.25,-0.7750000000000001,131.39749999999998,8.15,0.25,-2.7249999999999996,14.752500000000026,2.3499999999999996,-0.25,-3.321928
L219P,219,L,P,0.25,0.25,0.25,0.0,0.25,-0.7750000000000001,131.39749999999998,8.15,0.25,-0.825,-16.267499999999984,-0.15000000000000036,-0.25,-3.321928
R220C,220,R,C,0.75,0.25,0.0,0.0,0.5,2.15,114.13,6.775,0.0,0.3500000000000001,7.030000000000001,-1.2750000000000004,0.0,-3.821928
R220H,220,R,H,0.75,0.25,0.0,0.0,0.5,2.15,114.13,6.775,0.0,-5.35,41.03,3.625,0.5,-3.446928
R220L,220,R,L,0.75,0.25,0.0,0.0,0.5,2.15,114.13,6.775,0.0,1.65,17.039999999999992,-1.875,0.0,-4.321928
R220S,220,R,S,0.75,0.25,0.0,0.0,0.5,2.15,114.13,6.775,0.0,-2.95,-9.039999999999992,2.424999999999999,0.0,-3.321928
S221P,221,S,P,0.75,0.0,0.25,0.0,0.25,1.2249999999999999,131.4075,7.1,0.25,-2.825,-16.277500000000003,0.9000000000000004,-0.25,-0.666666667
S221A,221,S,A,0.75,0.0,0.25,0.0,0.25,1.2249999999999999,131.4075,7.1,0.25,0.5750000000000002,-42.317499999999995,1.0,-0.25,0.0
S221T,221,S,T,0.75,0.0,0.25,0.0,0.25,1.2249999999999999,131.4075,7.1,0.25,-1.9249999999999998,-12.287499999999994,1.5,-0.25,0.0
S221W,221,S,W,0.75,0.0,0.25,0.0,0.25,1.2249999999999999,131.4075,7.1,0.25,-2.125,72.82249999999999,-1.6999999999999993,-0.25,-1.0
S221L,221,S,L,0.75,0.0,0.25,0.0,0.25,1.2249999999999999,131.4075,7.1,0.25,2.575,-0.23750000000001137,-2.1999999999999993,-0.25,0.0
A222T,222,A,T,0.25,0.25,0.25,0.0,0.25,-0.7750000000000001,131.39749999999998,8.15,0.25,0.07500000000000018,-12.277499999999975,0.4499999999999993,-0.25,0.0
A222V,222,A,V,0.25,0.25,0.25,0.0,0.25,-0.7750000000000001,131.39749999999998,8.15,0.25,4.9750000000000005,-14.247499999999974,-2.25,-0.25,0.125
L223R,223,L,R,0.5,0.25,0.0,0.0,0.75,0.3,99.6,8.35,0.0,-4.8,74.6,2.1500000000000004,1.0,-2.321928
L223H,223,L,H,0.5,0.25,0.0,0.0,0.75,0.3,99.6,8.35,0.0,-3.5,55.56,2.0500000000000007,0.5,-4.571928
L223I,223,L,I,0.5,0.25,0.0,0.0,0.75,0.3,99.6,8.35,0.0,4.2,31.569999999999993,-3.1499999999999995,0.0,0.0
L223P,223,L,P,0.5,0.25,0.0,0.0,0.75,0.3,99.6,8.35,0.0,-1.9000000000000001,15.530000000000001,-0.34999999999999964,0.0,-4.821928
L223F,223,L,F,0.5,0.25,0.0,0.0,0.75,0.3,99.6,8.35,0.0,2.5,65.59,-3.1499999999999995,0.0,-2.4575424
P224S,224,P,S,0.75,0.0,0.0,0.0,0.75,1.75,96.10499999999999,7.525,0.0,-2.55,8.985000000000014,1.674999999999999,0.0,-5.321928
P224L,224,P,L,0.75,0.0,0.0,0.0,0.75,1.75,96.10499999999999,7.525,0.0,2.05,35.065,-2.625,0.0,-2.160964
P224Q,224,P,Q,0.75,0.0,0.0,0.0,0.75,1.75,96.10499999999999,7.525,0.0,-5.25,50.045000000000016,2.9749999999999996,0.0,-1.107309333
A225T,225,A,T,0.5,0.0,0.0,0.25,0.25,0.22499999999999992,131.39999999999998,6.825,0.0,-0.9249999999999998,-12.279999999999973,1.7749999999999995,0.0,0.0
A225S,225,A,S,0.5,0.0,0.0,0.25,0.25,0.22499999999999992,131.39999999999998,6.825,0.0,-1.025,-26.309999999999974,2.374999999999999,0.0,-1.0
A225P,225,A,P,0.5,0.0,0.0,0.25,0.25,0.22499999999999992,131.39999999999998,6.825,0.0,-1.825,-16.269999999999982,1.1749999999999998,0.0,0.0
A225V,225,A,V,0.5,0.0,0.0,0.25,0.25,0.22499999999999992,131.39999999999998,6.825,0.0,3.975,-14.249999999999972,-0.9249999999999998,0.0,0.0
A225G,225,A,G,0.5,0.0,0.0,0.25,0.25,0.22499999999999992,131.39999999999998,6.825,0.0,-0.625,-56.329999999999984,2.175,0.0,1.0
G226D,226,G,D,0.75,0.0,0.0,0.5,0.25,0.5249999999999999,143.41,6.675,0.0,-4.025,-10.310000000000002,6.325,-1.0,0.0
G226S,226,G,S,0.75,0.0,0.0,0.5,0.25,0.5249999999999999,143.41,6.675,0.0,-1.325,-38.31999999999999,2.5249999999999995,0.0,0.0
W227L,227,W,L,0.75,0.0,0.0,0.25,0.5,2.175,115.13,6.875,0.0,1.625,16.039999999999992,-1.9749999999999996,0.0,-5.321928
W227G,227,W,G,0.75,0.0,0.0,0.25,0.5,2.175,115.13,6.875,0.0,-2.5749999999999997,-40.06,2.125,0.0,-5.321928
W227S,227,W,S,0.75,0.0,0.0,0.25,0.5,2.175,115.13,6.875,0.0,-2.9749999999999996,-10.039999999999992,2.3249999999999993,0.0,-5.321928
W227R,227,W,R,0.75,0.0,0.0,0.25,0.5,2.175,115.13,6.875,0.0,-6.675,59.06999999999999,3.625,1.0,-5.321928
F228I,228,F,I,0.75,0.0,0.0,0.25,0.5,1.25,124.88999999999999,6.925,0.0,3.25,6.280000000000001,-1.7249999999999996,0.0,-1.0
F228L,228,F,L,0.75,0.0,0.0,0.25,0.5,1.25,124.88999999999999,6.925,0.0,2.55,6.280000000000001,-2.0249999999999995,0.0,-1.881285333
F228S,228,F,S,0.75,0.0,0.0,0.25,0.5,1.25,124.88999999999999,6.925,0.0,-2.05,-19.799999999999983,2.2749999999999995,0.0,-2.321928
I229T,229,I,T,0.75,0.0,0.25,0.5,0.25,0.04999999999999996,147.9025,7.925,-0.25,-0.7499999999999999,-28.7825,0.6749999999999998,0.25,-4.821928
I229V,229,I,V,0.75,0.0,0.25,0.5,0.25,0.04999999999999996,147.9025,7.925,-0.25,4.15,-30.752499999999998,-2.0249999999999995,0.25,-1.0
I229M,229,I,M,0.75,0.0,0.25,0.5,0.25,0.04999999999999996,147.9025,7.925,-0.25,1.8499999999999999,1.3075000000000045,-2.2249999999999996,0.25,-1.0
A230T,230,A,T,0.5,0.0,0.5,0.25,0.0,-0.025000000000000022,143.9125,8.675,0.0,-0.6749999999999999,-24.79249999999999,-0.07500000000000107,0.0,-5.321928
A230S,230,A,S,0.5,0.0,0.5,0.25,0.0,-0.025000000000000022,143.9125,8.675,0.0,-0.775,-38.82249999999999,0.5249999999999986,0.0,-1.0
A230D,230,A,D,0.5,0.0,0.5,0.25,0.0,-0.025000000000000022,143.9125,8.675,0.0,-3.475,-10.8125,4.324999999999999,-1.0,-5.321928
A230V,230,A,V,0.5,0.0,0.5,0.25,0.0,-0.025000000000000022,143.9125,8.675,0.0,4.2250000000000005,-26.76249999999999,-2.7750000000000004,0.0,-1.991446
A230P,230,A,P,0.5,0.0,0.5,0.25,0.0,-0.025000000000000022,143.9125,8.675,0.0,-1.5750000000000002,-28.7825,-0.6750000000000007,0.0,-5.321928
D231N,231,D,N,0.5,0.25,0.25,0.0,0.5,0.4,117.88499999999999,8.45,0.25,-3.9,14.235000000000014,3.1500000000000004,-0.25,-2.821928
D231E,231,D,E,0.5,0.25,0.25,0.0,0.5,0.4,117.88499999999999,8.45,0.25,-3.9,29.245000000000005,3.8500000000000014,-1.25,-3.821928
D231V,231,D,V,0.5,0.25,0.25,0.0,0.5,0.4,117.88499999999999,8.45,0.25,3.8000000000000003,-0.7349999999999852,-2.549999999999999,-0.25,-4.321928
K232E,232,K,E,0.25,0.25,0.25,0.0,0.75,-0.725,100.5875,9.825,-0.25,-2.775,46.54249999999999,2.4750000000000014,-0.75,-5.321928
K232Q,232,K,Q,0.25,0.25,0.25,0.0,0.75,-0.725,100.5875,9.825,-0.25,-2.775,45.5625,0.6750000000000007,0.25,-5.321928
S233Y,233,S,Y,0.25,0.0,0.5,0.0,0.5,-1.5,110.8625,10.35,0.0,0.19999999999999996,70.3275,-4.1499999999999995,0.0,-5.321928
S233T,233,S,T,0.25,0.0,0.5,0.0,0.5,-1.5,110.8625,10.35,0.0,0.8,8.257500000000007,-1.75,0.0,0.0
S233C,233,S,C,0.25,0.0,0.5,0.0,0.5,-1.5,110.8625,10.35,0.0,4.0,10.2975,-4.85,0.0,-5.321928
S233P,233,S,P,0.25,0.0,0.5,0.0,0.5,-1.5,110.8625,10.35,0.0,-0.10000000000000009,4.267499999999998,-2.3499999999999996,0.0,-3.321928
G234E,234,G,E,0.25,0.25,0.25,0.0,0.75,-0.825,103.86,9.4,0.25,-2.675,43.269999999999996,2.9000000000000004,-1.25,-5.321928
G234R,234,G,R,0.25,0.25,0.25,0.0,0.75,-0.825,103.86,9.4,0.25,-3.675,70.33999999999999,1.0999999999999996,0.75,-5.321928
G234V,234,G,V,0.25,0.25,0.25,0.0,0.75,-0.825,103.86,9.4,0.25,5.025,13.290000000000006,-3.5,-0.25,-5.321928
A235T,235,A,T,0.0,0.25,0.25,0.0,0.75,-1.275,100.59,9.875,-0.25,0.575,18.53,-1.2750000000000004,0.25,-2.321928
A235S,235,A,S,0.0,0.25,0.25,0.0,0.75,-1.275,100.59,9.875,-0.25,0.47499999999999987,4.5,-0.6750000000000007,0.25,-1.660964
A235D,235,A,D,0.0,0.25,0.25,0.0,0.75,-1.275,100.59,9.875,-0.25,-2.225,32.50999999999999,3.125,-0.75,-5.321928
A235V,235,A,V,0.0,0.25,0.25,0.0,0.75,-1.275,100.59,9.875,-0.25,5.475,16.560000000000002,-3.9749999999999996,0.25,-2.101606667
G236S,236,G,S,0.25,0.0,0.5,0.0,0.5,-1.65,121.3725,9.975,0.0,0.8499999999999999,-16.2825,-0.7750000000000004,0.0,-2.321928
G236A,236,G,A,0.25,0.0,0.5,0.0,0.5,-1.65,121.3725,9.975,0.0,3.45,-32.2825,-1.875,0.0,0.0
G236C,236,G,C,0.25,0.0,0.5,0.0,0.5,-1.65,121.3725,9.975,0.0,4.15,-0.21250000000000568,-4.475,0.0,-3.321928
G236V,236,G,V,0.25,0.0,0.5,0.0,0.5,-1.65,121.3725,9.975,0.0,5.85,-4.222499999999997,-4.074999999999999,0.0,-5.321928
G236R,236,G,R,0.25,0.0,0.5,0.0,0.5,-1.65,121.3725,9.975,0.0,-2.85,52.827499999999986,0.5250000000000004,1.0,-5.321928
G236D,236,G,D,0.25,0.0,0.5,0.0,0.5,-1.65,121.3725,9.975,0.0,-1.85,11.727499999999992,3.0250000000000004,-1.0,-4.321928
E237D,237,E,D,0.25,0.0,0.25,0.0,0.75,-0.875,103.35749999999999,9.15,0.25,-2.625,29.742500000000007,3.8499999999999996,-1.25,0.0
E237K,237,E,K,0.25,0.0,0.25,0.0,0.75,-0.875,103.35749999999999,9.15,0.25,-3.025,42.83250000000001,2.1500000000000004,0.75,0.5
E237V,237,E,V,0.25,0.0,0.25,0.0,0.75,-0.875,103.35749999999999,9.15,0.25,5.075,13.792500000000018,-3.25,-0.25,-1.0
R238C,238,R,C,0.0,0.25,0.25,0.0,0.75,-1.275,100.59,9.875,-0.25,3.775,20.569999999999993,-4.375,0.25,-0.285714286
R238G,238,R,G,0.0,0.25,0.25,0.0,0.75,-1.275,100.59,9.875,-0.25,0.8749999999999999,-25.52000000000001,-0.875,0.25,-0.5
G239V,239,G,V,0.0,0.25,0.75,0.0,0.25,-3.325,150.155,10.625,0.25,7.525,-33.004999999999995,-4.725,-0.25,-5.321928
G239E,239,G,E,0.0,0.25,0.75,0.0,0.25,-3.325,150.155,10.625,0.25,-0.17499999999999982,-3.0250000000000057,1.6750000000000007,-1.25,-5.321928
G239R,239,G,R,0.0,0.25,0.75,0.0,0.25,-3.325,150.155,10.625,0.25,-1.1749999999999998,24.044999999999987,-0.125,0.75,-5.321928
G239W,239,G,W,0.0,0.25,0.75,0.0,0.25,-3.325,150.155,10.625,0.25,2.4250000000000003,54.07499999999999,-5.225,-0.25,-5.321928
S240A,240,S,A,0.0,0.0,0.5,0.0,0.5,-2.45,124.63499999999999,9.75,0.5,4.25,-35.54499999999999,-1.6500000000000004,-0.5,0.0
S240F,240,S,F,0.0,0.0,0.5,0.0,0.5,-2.45,124.63499999999999,9.75,0.5,5.25,40.55500000000001,-4.55,-0.5,-4.321928
S240Y,240,S,Y,0.0,0.0,0.5,0.0,0.5,-2.45,124.63499999999999,9.75,0.5,1.1500000000000001,56.55500000000001,-3.55,-0.5,-5.321928
S240T,240,S,T,0.0,0.0,0.5,0.0,0.5,-2.45,124.63499999999999,9.75,0.5,1.7500000000000002,-5.514999999999986,-1.1500000000000004,-0.5,-1.0
R241S,241,R,S,0.25,0.25,0.0,0.0,0.75,0.725,96.6,8.1,0.0,-1.525,8.490000000000009,1.0999999999999996,0.0,-3.321928
R241H,241,R,H,0.25,0.25,0.0,0.0,0.75,0.725,96.6,8.1,0.0,-3.9250000000000003,58.56,2.3000000000000007,0.5,-3.988594667
R241C,241,R,C,0.25,0.25,0.0,0.0,0.75,0.725,96.6,8.1,0.0,1.775,24.560000000000002,-2.5999999999999996,0.0,-4.321928
G242C,242,G,C,0.5,0.25,0.25,0.0,0.25,0.925,135.4075,7.525,0.25,1.575,-14.247500000000002,-2.0250000000000004,-0.25,-0.666666667
G242D,242,G,D,0.5,0.25,0.25,0.0,0.25,0.925,135.4075,7.525,0.25,-4.425,-2.3075000000000045,5.475,-1.25,-5.321928
G242S,242,G,S,0.5,0.25,0.25,0.0,0.25,0.925,135.4075,7.525,0.25,-1.725,-30.317499999999995,1.674999999999999,-0.25,-1.0643856000000005
G242A,242,G,A,0.5,0.25,0.25,0.0,0.25,0.925,135.4075,7.525,0.25,0.875,-46.317499999999995,0.5749999999999993,-0.25,-0.5
I243N,243,I,N,0.5,0.0,0.25,0.0,0.5,0.35,117.3825,8.2,0.25,-3.85,14.737500000000011,3.4000000000000004,-0.25,-4.988594667
I243T,243,I,T,0.5,0.0,0.25,0.0,0.5,0.35,117.3825,8.2,0.25,-1.0499999999999998,1.7375000000000114,0.40000000000000036,-0.25,-3.321928
I243F,243,I,F,0.5,0.0,0.25,0.0,0.5,0.35,117.3825,8.2,0.25,2.4499999999999997,47.807500000000005,-2.999999999999999,-0.25,-2.321928
I244F,244,I,F,0.75,0.0,0.0,0.0,0.75,1.925,96.10499999999999,7.6,0.0,0.8749999999999998,69.08500000000001,-2.3999999999999995,0.0,-3.821928
I244M,244,I,M,0.75,0.0,0.0,0.0,0.75,1.925,96.10499999999999,7.6,0.0,-0.025000000000000133,53.10500000000002,-1.8999999999999995,0.0,0.0
I244N,244,I,N,0.75,0.0,0.0,0.0,0.75,1.925,96.10499999999999,7.6,0.0,-5.425,36.015000000000015,4.0,0.0,-5.321928
I244T,244,I,T,0.75,0.0,0.0,0.0,0.75,1.925,96.10499999999999,7.6,0.0,-2.625,23.015000000000015,1.0,0.0,-1.220321333
I244V,244,I,V,0.75,0.0,0.0,0.0,0.75,1.925,96.10499999999999,7.6,0.0,2.2750000000000004,21.045000000000016,-1.6999999999999993,0.0,0.25
A245G,245,A,G,1.0,0.0,0.0,0.0,0.25,3.65,120.64999999999999,5.85,0.0,-4.05,-45.58,3.1500000000000004,0.0,-1.0
A245V,245,A,V,1.0,0.0,0.0,0.0,0.25,3.65,120.64999999999999,5.85,0.0,0.5500000000000003,-3.499999999999986,0.05000000000000071,0.0,-2.321928
A245E,245,A,E,1.0,0.0,0.0,0.0,0.25,3.65,120.64999999999999,5.85,0.0,-7.15,26.480000000000004,6.450000000000001,-1.0,-5.321928
A246S,246,A,S,0.75,0.0,0.0,0.0,0.5,2.425,106.625,6.8,0.0,-3.2249999999999996,-1.5349999999999966,2.3999999999999995,0.0,0.0
A246T,246,A,T,0.75,0.0,0.0,0.0,0.5,2.425,106.625,6.8,0.0,-3.125,12.495000000000005,1.7999999999999998,0.0,0.0
A246V,246,A,V,0.75,0.0,0.0,0.0,0.5,2.425,106.625,6.8,0.0,1.7750000000000004,10.525000000000006,-0.8999999999999995,0.0,0.0
L247Q,247,L,Q,0.5,0.0,0.0,0.0,0.75,0.4,92.095,8.3,0.0,-3.9,54.05500000000001,2.1999999999999993,0.0,-5.321928
L247R,247,L,R,0.5,0.0,0.0,0.0,0.75,0.4,92.095,8.3,0.0,-4.9,82.10499999999999,2.1999999999999993,1.0,-5.321928
L247M,247,L,M,0.5,0.0,0.0,0.0,0.75,0.4,92.095,8.3,0.0,1.5,57.11500000000001,-2.6000000000000005,0.0,-0.25
L247P,247,L,P,0.5,0.0,0.0,0.0,0.75,0.4,92.095,8.3,0.0,-2.0,23.034999999999997,-0.3000000000000007,0.0,-5.321928
G248E,248,G,E,0.5,0.0,0.25,0.0,0.25,0.12499999999999994,117.1225,8.5,-0.25,-3.625,30.007499999999993,3.8000000000000007,-0.75,-5.321928
G248R,248,G,R,0.5,0.0,0.25,0.0,0.25,0.12499999999999994,117.1225,8.5,-0.25,-4.625,57.077499999999986,2.0,1.25,-5.321928
G248W,248,G,W,0.5,0.0,0.25,0.0,0.25,0.12499999999999994,117.1225,8.5,-0.25,-1.025,87.10749999999999,-3.0999999999999996,0.25,-5.321928
P249T,249,P,T,0.25,0.0,0.25,0.0,0.5,-0.12500000000000006,103.60249999999999,8.975,-0.25,-0.575,15.517500000000013,-0.375,0.25,-1.0
P249S,249,P,S,0.25,0.0,0.25,0.0,0.5,-0.12500000000000006,103.60249999999999,8.975,-0.25,-0.675,1.4875000000000114,0.22499999999999964,0.25,-0.5
P249L,249,P,L,0.25,0.0,0.25,0.0,0.5,-0.12500000000000006,103.60249999999999,8.975,-0.25,3.925,27.567499999999995,-4.074999999999999,0.25,-1.881285333
P249A,249,P,A,0.25,0.0,0.25,0.0,0.5,-0.12500000000000006,103.60249999999999,8.975,-0.25,1.925,-14.512499999999989,-0.875,0.25,-1.0
D250N,250,D,N,0.0,0.0,0.25,0.0,0.5,-1.575,102.865,9.325,0.25,-1.925,29.25500000000001,2.2750000000000004,-0.25,0.5
D250H,250,D,H,0.0,0.0,0.25,0.0,0.5,-1.575,102.865,9.325,0.25,-1.6250000000000002,52.295,1.075000000000001,0.25,1.0
D250V,250,D,V,0.0,0.0,0.25,0.0,0.5,-1.575,102.865,9.325,0.25,5.775,14.28500000000001,-3.424999999999999,-0.25,0.0
D250E,250,D,E,0.0,0.0,0.25,0.0,0.5,-1.575,102.865,9.325,0.25,-1.925,44.265,2.9750000000000014,-1.25,0.0
D250G,250,D,G,0.0,0.0,0.25,0.0,0.5,-1.575,102.865,9.325,0.25,1.1749999999999998,-27.795,-0.3249999999999993,-0.25,-0.333333333
D250Y,250,D,Y,0.0,0.0,0.25,0.0,0.5,-1.575,102.865,9.325,0.25,0.2749999999999999,78.325,-3.124999999999999,-0.25,0.0
G251C,251,G,C,0.0,0.0,0.5,0.0,0.0,-2.65,127.38749999999999,10.075,0.0,5.15,-6.227499999999992,-4.574999999999999,0.0,0.0
G251D,251,G,D,0.0,0.0,0.5,0.0,0.0,-2.65,127.38749999999999,10.075,0.0,-0.8500000000000001,5.712500000000006,2.9250000000000007,-1.0,-3.321928
G251V,251,G,V,0.0,0.0,0.5,0.0,0.0,-2.65,127.38749999999999,10.075,0.0,6.85,-10.237499999999983,-4.174999999999999,0.0,-1.0
K252M,252,K,M,0.0,0.25,0.25,0.0,0.5,-1.575,107.0975,9.8,-0.25,3.4749999999999996,42.11250000000001,-4.1000000000000005,0.25,0.333333333
K252T,252,K,T,0.0,0.25,0.25,0.0,0.5,-1.575,107.0975,9.8,-0.25,0.875,12.022500000000008,-1.200000000000001,0.25,-1.0
K252E,252,K,E,0.0,0.25,0.25,0.0,0.5,-1.575,107.0975,9.8,-0.25,-1.925,40.0325,2.5,-0.75,0.0
K252N,252,K,N,0.0,0.25,0.25,0.0,0.5,-1.575,107.0975,9.8,-0.25,-1.925,25.022500000000008,1.799999999999999,0.25,0.0
K252R,252,K,R,0.0,0.25,0.25,0.0,0.5,-1.575,107.0975,9.8,-0.25,-2.925,67.10249999999999,0.6999999999999993,1.25,-0.428571429
P253R,253,P,R,0.0,0.25,0.5,0.0,0.5,-2.4,125.13749999999999,10.0,0.5,-2.1,49.0625,0.5,0.5,0.0
P253S,253,P,S,0.0,0.25,0.5,0.0,0.5,-2.4,125.13749999999999,10.0,0.5,1.5999999999999999,-20.047499999999985,-0.8000000000000007,-0.5,-0.333333333
P253L,253,P,L,0.0,0.25,0.5,0.0,0.5,-2.4,125.13749999999999,10.0,0.5,6.199999999999999,6.032499999999999,-5.1,-0.5,0.0
P253A,253,P,A,0.0,0.25,0.5,0.0,0.5,-2.4,125.13749999999999,10.0,0.5,4.2,-36.047499999999985,-1.9000000000000004,-0.5,0.0
S254P,254,S,P,0.25,0.0,0.5,0.0,0.0,-1.375,141.67249999999999,8.75,0.5,-0.2250000000000001,-26.54249999999999,-0.75,-0.5,-0.5
S254T,254,S,T,0.25,0.0,0.5,0.0,0.0,-1.375,141.67249999999999,8.75,0.5,0.675,-22.55249999999998,-0.15000000000000036,-0.5,-1.0
R255C,255,R,C,0.5,0.25,0.0,0.0,0.25,1.575,117.13499999999999,7.075,0.0,0.925,4.025000000000006,-1.5750000000000002,0.0,-3.321928
R255H,255,R,H,0.5,0.25,0.0,0.0,0.25,1.575,117.13499999999999,7.075,0.0,-4.775,38.025000000000006,3.325,0.5,-1.7414459999999998
R255S,255,R,S,0.5,0.25,0.0,0.0,0.25,1.575,117.13499999999999,7.075,0.0,-2.375,-12.044999999999987,2.124999999999999,0.0,-1.881285333
I256V,256,I,V,0.5,0.25,0.25,0.0,0.25,0.7750000000000001,128.3975,7.875,0.25,3.425,-11.247500000000002,-1.9749999999999996,-0.25,0.0
I256T,256,I,T,0.5,0.25,0.25,0.0,0.25,0.7750000000000001,128.3975,7.875,0.25,-1.475,-9.277500000000003,0.7249999999999996,-0.25,-4.321928
I256N,256,I,N,0.5,0.25,0.25,0.0,0.25,0.7750000000000001,128.3975,7.875,0.25,-4.275,3.7224999999999966,3.7249999999999996,-0.25,-5.321928
I256L,256,I,L,0.5,0.25,0.25,0.0,0.25,0.7750000000000001,128.3975,7.875,0.25,3.0249999999999995,2.7724999999999795,-2.9749999999999996,-0.25,0.0
V257I,257,V,I,0.75,0.0,0.25,0.0,0.0,2.175,138.42249999999999,6.7,0.25,2.325,-7.252499999999998,-1.5,-0.25,-0.25
V257E,257,V,E,0.75,0.0,0.25,0.0,0.0,2.175,138.42249999999999,6.7,0.25,-5.675,8.70750000000001,5.6000000000000005,-1.25,-5.321928
V257A,257,V,A,0.75,0.0,0.25,0.0,0.0,2.175,138.42249999999999,6.7,0.25,-0.3749999999999998,-49.33249999999998,1.3999999999999995,-0.25,-1.0
V257L,257,V,L,0.75,0.0,0.25,0.0,0.0,2.175,138.42249999999999,6.7,0.25,1.625,-7.252499999999998,-1.7999999999999998,-0.25,-1.0
V258A,258,V,A,1.0,0.25,0.0,0.25,0.0,2.975,140.17,5.625,0.0,-1.175,-51.079999999999984,2.4749999999999996,0.0,-5.321928
V258D,258,V,D,1.0,0.25,0.0,0.25,0.0,2.975,140.17,5.625,0.0,-6.475,-7.069999999999993,7.375,-1.0,-5.321928
V258F,258,V,F,1.0,0.25,0.0,0.25,0.0,2.975,140.17,5.625,0.0,-0.17500000000000027,25.02000000000001,-0.4249999999999998,0.0,-5.321928
V258I,258,V,I,1.0,0.25,0.0,0.25,0.0,2.975,140.17,5.625,0.0,1.525,-9.0,-0.4249999999999998,0.0,0.0
I259F,259,I,F,0.75,0.5,0.0,0.25,0.25,1.6,133.6525,6.65,0.0,1.1999999999999997,31.537499999999994,-1.4500000000000002,0.0,-1.0
I259M,259,I,M,0.75,0.5,0.0,0.25,0.25,1.6,133.6525,6.65,0.0,0.2999999999999998,15.557500000000005,-0.9500000000000002,0.0,-1.0
I259T,259,I,T,0.75,0.5,0.0,0.25,0.25,1.6,133.6525,6.65,0.0,-2.3,-14.532499999999999,1.9499999999999993,0.0,-3.321928
Y260D,260,Y,D,0.5,0.5,0.0,0.0,0.5,1.8250000000000002,121.64,7.075,0.0,-5.325,11.459999999999994,5.925,-1.0,-5.321928
Y260S,260,Y,S,0.5,0.5,0.0,0.0,0.5,1.8250000000000002,121.64,7.075,0.0,-2.625,-16.549999999999997,2.124999999999999,0.0,-5.321928
Y260H,260,Y,H,0.5,0.5,0.0,0.0,0.5,1.8250000000000002,121.64,7.075,0.0,-5.025,33.519999999999996,3.325,0.5,-5.321928
Y260N,260,Y,N,0.5,0.5,0.0,0.0,0.5,1.8250000000000002,121.64,7.075,0.0,-5.325,10.480000000000004,4.5249999999999995,0.0,-5.321928
Y260F,260,Y,F,0.5,0.5,0.0,0.0,0.5,1.8250000000000002,121.64,7.075,0.0,0.9749999999999996,43.55,-1.875,0.0,0.0
T261S,261,T,S,0.5,0.5,0.0,0.25,0.5,0.525,126.63749999999999,7.25,0.0,-1.3250000000000002,-21.547499999999985,1.9499999999999993,0.0,0.0
T261A,261,T,A,0.5,0.5,0.0,0.25,0.5,0.525,126.63749999999999,7.25,0.0,1.275,-37.547499999999985,0.8499999999999996,0.0,0.0
T261M,261,T,M,0.5,0.5,0.0,0.25,0.5,0.525,126.63749999999999,7.25,0.0,1.375,22.57250000000002,-1.5499999999999998,0.0,0.181818182
T261K,261,T,K,0.5,0.5,0.0,0.25,0.5,0.525,126.63749999999999,7.25,0.0,-4.425,19.55250000000001,4.050000000000001,1.0,-5.321928
T261R,261,T,R,0.5,0.5,0.0,0.25,0.5,0.525,126.63749999999999,7.25,0.0,-5.025,47.5625,3.25,1.0,-4.988594667
T262A,262,T,A,0.25,0.75,0.0,0.25,0.75,-0.8,120.1175,8.25,0.0,2.6,-31.027500000000003,-0.15000000000000036,0.0,0.0
T262M,262,T,M,0.25,0.75,0.0,0.25,0.75,-0.8,120.1175,8.25,0.0,2.7,29.0925,-2.55,0.0,0.0
T262S,262,T,S,0.25,0.75,0.0,0.25,0.75,-0.8,120.1175,8.25,0.0,0.0,-15.027500000000003,0.9499999999999993,0.0,0.0
T262R,262,T,R,0.25,0.75,0.0,0.25,0.75,-0.8,120.1175,8.25,0.0,-3.7,54.08249999999998,2.25,1.0,-1.0
G263W,263,G,W,0.0,1.0,0.0,0.0,0.75,-1.425,122.37,9.225,0.0,0.525,81.85999999999999,-3.8249999999999993,0.0,-3.321928
G263V,263,G,V,0.0,1.0,0.0,0.0,0.75,-1.425,122.37,9.225,0.0,5.625,-5.219999999999999,-3.3249999999999993,0.0,-3.988594667
S264I,264,S,I,0.25,0.5,0.0,0.0,0.75,-0.7,107.3575,9.05,0.0,5.2,23.812499999999986,-3.8500000000000005,0.0,-2.821928
S264G,264,S,G,0.25,0.5,0.0,0.0,0.75,-0.7,107.3575,9.05,0.0,0.29999999999999993,-32.28750000000001,-0.05000000000000071,0.0,-0.75
S264N,264,S,N,0.25,0.5,0.0,0.0,0.75,-0.7,107.3575,9.05,0.0,-2.8,24.762500000000003,2.549999999999999,0.0,-1.0
S264T,264,S,T,0.25,0.5,0.0,0.0,0.75,-0.7,107.3575,9.05,0.0,0.0,11.762500000000003,-0.45000000000000107,0.0,0.0
S264R,264,S,R,0.25,0.5,0.0,0.0,0.75,-0.7,107.3575,9.05,0.0,-3.8,66.84249999999999,1.4499999999999993,1.0,-2.521928
Q265P,265,Q,P,0.25,0.5,0.0,0.0,1.0,-0.024999999999999994,97.0925,8.725,0.0,-1.5750000000000002,18.037499999999994,-0.7249999999999996,0.0,0.0
Q265R,265,Q,R,0.25,0.5,0.0,0.0,1.0,-0.024999999999999994,97.0925,8.725,0.0,-4.475,77.10749999999999,1.7750000000000004,1.0,0.0
Q265H,265,Q,H,0.25,0.5,0.0,0.0,1.0,-0.024999999999999994,97.0925,8.725,0.0,-3.1750000000000003,58.067499999999995,1.6750000000000007,0.5,0.0
Q265L,265,Q,L,0.25,0.5,0.0,0.0,1.0,-0.024999999999999994,97.0925,8.725,0.0,3.8249999999999997,34.077499999999986,-3.8249999999999993,0.0,-0.25
A266V,266,A,V,0.25,0.75,0.0,0.0,0.5,-0.775,129.8925,8.5,0.0,4.9750000000000005,-12.742500000000007,-2.5999999999999996,0.0,0.0
A266T,266,A,T,0.25,0.75,0.0,0.0,0.5,-0.775,129.8925,8.5,0.0,0.07500000000000007,-10.772500000000008,0.09999999999999964,0.0,-0.5
A266S,266,A,S,0.25,0.75,0.0,0.0,0.5,-0.775,129.8925,8.5,0.0,-0.025000000000000022,-24.80250000000001,0.6999999999999993,0.0,0.0
A266G,266,A,G,0.25,0.75,0.0,0.0,0.5,-0.775,129.8925,8.5,0.0,0.375,-54.82250000000002,0.5,0.0,0.0
T267S,267,T,S,0.5,0.25,0.25,0.0,0.25,-0.825,129.3875,9.325,-0.25,0.02499999999999991,-24.297499999999985,-0.125,0.25,-0.333333333
T267A,267,T,A,0.5,0.25,0.25,0.0,0.25,-0.825,129.3875,9.325,-0.25,2.625,-40.297499999999985,-1.2249999999999996,0.25,0.0
T267I,267,T,I,0.5,0.25,0.25,0.0,0.25,-0.825,129.3875,9.325,-0.25,5.325,1.7824999999999989,-4.124999999999999,0.25,-1.0
M268L,268,M,L,0.25,0.25,0.5,0.0,0.5,-1.475,122.11,10.5,-0.5,5.275,9.059999999999988,-5.6,0.5,-0.5
M268K,268,M,K,0.25,0.25,0.5,0.0,0.5,-1.475,122.11,10.5,-0.5,-2.425,24.08,0.8000000000000007,1.5,-1.660964
M268T,268,M,T,0.25,0.25,0.5,0.0,0.5,-1.475,122.11,10.5,-0.5,0.7750000000000001,-2.989999999999995,-1.9000000000000004,0.5,-0.666666667
M268V,268,M,V,0.25,0.25,0.5,0.0,0.5,-1.475,122.11,10.5,-0.5,5.675000000000001,-4.959999999999994,-4.6,0.5,-1.547952
M268I,268,M,I,0.25,0.25,0.5,0.0,0.5,-1.475,122.11,10.5,-0.5,5.975,9.059999999999988,-5.3,0.5,-0.166666667
D269E,269,D,E,0.25,0.25,0.5,0.0,0.25,-1.7,147.415,9.275,0.0,-1.8,-0.2849999999999966,3.0250000000000004,-1.0,-0.25
D269Y,269,D,Y,0.25,0.25,0.5,0.0,0.25,-1.7,147.415,9.275,0.0,0.3999999999999999,33.775000000000006,-3.075,0.0,0.0
D269N,269,D,N,0.25,0.25,0.5,0.0,0.25,-1.7,147.415,9.275,0.0,-1.8,-15.294999999999987,2.3249999999999993,0.0,0.0
D269G,269,D,G,0.25,0.25,0.5,0.0,0.25,-1.7,147.415,9.275,0.0,1.2999999999999998,-72.345,-0.27500000000000036,0.0,0.0
D269V,269,D,V,0.25,0.25,0.5,0.0,0.25,-1.7,147.415,9.275,0.0,5.9,-30.264999999999986,-3.375,0.0,-0.5
E270G,270,E,G,0.25,0.25,0.5,0.0,0.0,-2.4,147.1575,10.2,0.0,2.0,-72.0875,-1.1999999999999993,0.0,-0.5
E270D,270,E,D,0.25,0.25,0.5,0.0,0.0,-2.4,147.1575,10.2,0.0,-1.1,-14.057500000000005,2.8000000000000007,-1.0,0.0
E270V,270,E,V,0.25,0.25,0.5,0.0,0.0,-2.4,147.1575,10.2,0.0,6.6,-30.007499999999993,-4.299999999999999,0.0,-0.25
E270K,270,E,K,0.25,0.25,0.5,0.0,0.0,-2.4,147.1575,10.2,0.0,-1.5,-0.9675000000000011,1.1000000000000014,1.0,-0.5
R271G,271,R,G,0.0,0.25,0.75,0.0,0.0,-3.75,146.6375,11.85,-0.25,3.35,-71.5675,-2.8499999999999996,0.25,-1.0
R271Q,271,R,Q,0.0,0.25,0.75,0.0,0.0,-3.75,146.6375,11.85,-0.25,0.25,-0.48749999999998295,-1.3499999999999996,0.25,0.0
N272I,272,N,I,0.0,0.25,0.75,0.0,0.0,-4.0,160.42,10.95,0.25,8.5,-29.25,-5.749999999999999,-0.25,-3.321928
N272Y,272,N,Y,0.0,0.25,0.75,0.0,0.0,-4.0,160.42,10.95,0.25,2.7,20.77000000000001,-4.749999999999999,-0.25,-5.321928
N272K,272,N,K,0.0,0.25,0.75,0.0,0.0,-4.0,160.42,10.95,0.25,0.10000000000000009,-14.22999999999999,0.3500000000000014,0.75,-5.321928
R273S,273,R,S,0.25,0.5,0.25,0.0,0.0,-1.75,145.91,9.45,0.25,0.95,-40.81999999999999,-0.25,-0.25,0.0
R273K,273,R,K,0.25,0.5,0.25,0.0,0.0,-1.75,145.91,9.45,0.25,-2.15,0.28000000000000114,1.8500000000000014,0.75,0.5
R273I,273,R,I,0.25,0.5,0.25,0.0,0.0,-1.75,145.91,9.45,0.25,6.25,-14.740000000000009,-4.249999999999999,-0.25,0.0
R273G,273,R,G,0.25,0.5,0.25,0.0,0.0,-1.75,145.91,9.45,0.25,1.35,-70.84,-0.4499999999999993,-0.25,0.0
Q274K,274,Q,K,0.5,0.25,0.25,0.0,0.25,-0.425,131.64499999999998,8.85,0.25,-3.475,14.545000000000016,2.450000000000001,0.75,0.0
Q274L,274,Q,L,0.5,0.25,0.25,0.0,0.25,-0.425,131.64499999999998,8.85,0.25,4.225,-0.4749999999999943,-3.9499999999999993,-0.25,-1.0
Q274P,274,Q,P,0.5,0.25,0.25,0.0,0.25,-0.425,131.64499999999998,8.85,0.25,-1.175,-16.514999999999986,-0.8499999999999996,-0.25,-3.321928
Q274R,274,Q,R,0.5,0.25,0.25,0.0,0.25,-0.425,131.64499999999998,8.85,0.25,-4.075,42.55500000000001,1.6500000000000004,0.75,0.0
Q274E,274,Q,E,0.5,0.25,0.25,0.0,0.25,-0.425,131.64499999999998,8.85,0.25,-3.075,15.485000000000014,3.450000000000001,-1.25,0.0
Q274H,274,Q,H,0.5,0.25,0.25,0.0,0.25,-0.425,131.64499999999998,8.85,0.25,-2.7750000000000004,23.515000000000015,1.5500000000000007,0.25,0.0
I275M,275,I,M,0.25,0.25,0.5,0.0,0.25,-2.425,139.14249999999998,10.35,0.0,4.324999999999999,10.067500000000024,-4.6499999999999995,0.0,0.0
I275N,275,I,N,0.25,0.25,0.5,0.0,0.25,-2.425,139.14249999999998,10.35,0.0,-1.0750000000000002,-7.0224999999999795,1.25,0.0,-5.321928
I275T,275,I,T,0.25,0.25,0.5,0.0,0.25,-2.425,139.14249999999998,10.35,0.0,1.7249999999999999,-20.02249999999998,-1.75,0.0,-4.321928
A276T,276,A,T,0.5,0.25,0.25,0.0,0.0,0.5,138.905,8.3,-0.25,-1.2,-19.784999999999997,0.29999999999999893,0.25,-0.5
E277V,277,E,V,0.75,0.0,0.0,0.0,0.5,2.6,106.625,6.875,0.0,1.6,10.525000000000006,-0.9749999999999996,0.0,-0.7602754290000001
E277K,277,E,K,0.75,0.0,0.0,0.0,0.5,2.6,106.625,6.875,0.0,-6.5,39.565,4.425000000000001,1.0,-0.5
E277G,277,E,G,0.75,0.0,0.0,0.0,0.5,2.6,106.625,6.875,0.0,-3.0,-31.555000000000007,2.125,0.0,0.0
E277A,277,E,A,0.75,0.0,0.0,0.0,0.5,2.6,106.625,6.875,0.0,-0.8,-17.534999999999997,1.2249999999999996,0.0,0.0
I278K,278,I,K,0.5,0.0,0.25,0.0,0.75,-0.07499999999999998,100.095,9.375,-0.25,-3.8249999999999997,46.095,1.9250000000000007,1.25,-5.321928
I278L,278,I,L,0.5,0.0,0.25,0.0,0.75,-0.07499999999999998,100.095,9.375,-0.25,3.875,31.07499999999999,-4.475,0.25,0.0
I278T,278,I,T,0.5,0.0,0.25,0.0,0.75,-0.07499999999999998,100.095,9.375,-0.25,-0.625,19.025000000000006,-0.7750000000000004,0.25,-4.321928
I278M,278,I,M,0.5,0.0,0.25,0.0,0.75,-0.07499999999999998,100.095,9.375,-0.25,1.9749999999999999,49.11500000000001,-3.675,0.25,-1.0
I278V,278,I,V,0.5,0.0,0.25,0.0,0.75,-0.07499999999999998,100.095,9.375,-0.25,4.275,17.055000000000007,-3.4749999999999996,0.25,0.0
G279C,279,G,C,0.5,0.25,0.25,0.0,0.5,0.5,118.12,8.7,-0.25,2.0,3.039999999999992,-3.1999999999999993,0.25,-1.0
G279R,279,G,R,0.5,0.25,0.25,0.0,0.5,0.5,118.12,8.7,-0.25,-5.0,56.079999999999984,1.8000000000000007,1.25,-5.321928
G279S,279,G,S,0.5,0.25,0.25,0.0,0.5,0.5,118.12,8.7,-0.25,-1.3,-13.030000000000001,0.5,0.25,-1.660964
A280S,280,A,S,0.5,0.25,0.0,0.0,0.5,1.775,110.625,7.075,0.0,-2.575,-5.534999999999997,2.124999999999999,0.0,0.0
A280T,280,A,T,0.5,0.25,0.0,0.0,0.5,1.775,110.625,7.075,0.0,-2.4749999999999996,8.495000000000005,1.5249999999999995,0.0,0.0
A280V,280,A,V,0.5,0.25,0.0,0.0,0.5,1.775,110.625,7.075,0.0,2.4250000000000003,6.525000000000006,-1.1749999999999998,0.0,-0.166666667
S281T,281,S,T,0.75,0.0,0.0,0.0,0.5,2.425,106.625,6.8,0.0,-3.125,12.495000000000005,1.7999999999999998,0.0,0.0
S281P,281,S,P,0.75,0.0,0.0,0.0,0.5,2.425,106.625,6.8,0.0,-4.025,8.504999999999995,1.2000000000000002,0.0,-3.321928
S281A,281,S,A,0.75,0.0,0.0,0.0,0.5,2.425,106.625,6.8,0.0,-0.6249999999999998,-17.534999999999997,1.2999999999999998,0.0,0.0
L282V,282,L,V,0.5,0.25,0.25,0.0,0.5,0.4,117.88499999999999,8.45,0.25,3.8000000000000003,-0.7349999999999852,-2.549999999999999,-0.25,0.0
L282P,282,L,P,0.5,0.25,0.25,0.0,0.5,0.4,117.88499999999999,8.45,0.25,-2.0,-2.7549999999999955,-0.4499999999999993,-0.25,-5.321928
L282Q,282,L,Q,0.5,0.25,0.25,0.0,0.5,0.4,117.88499999999999,8.45,0.25,-3.9,28.265000000000015,2.0500000000000007,-0.25,-1.160964
I283F,283,I,F,0.25,0.25,0.25,0.0,0.25,-1.0250000000000001,134.4025,8.95,0.375,3.825,30.787499999999994,-3.749999999999999,-0.375,0.0
I283V,283,I,V,0.25,0.25,0.25,0.0,0.25,-1.0250000000000001,134.4025,8.95,0.375,5.2250000000000005,-17.252499999999998,-3.049999999999999,-0.375,-0.333333333
I283T,283,I,T,0.25,0.25,0.25,0.0,0.25,-1.0250000000000001,134.4025,8.95,0.375,0.3250000000000002,-15.282499999999999,-0.34999999999999964,-0.375,0.0
I283N,283,I,N,0.25,0.25,0.25,0.0,0.25,-1.0250000000000001,134.4025,8.95,0.375,-2.4749999999999996,-2.282499999999999,2.6500000000000004,-0.375,-4.321928
K284E,284,K,E,0.75,0.0,0.0,0.25,0.0,1.0499999999999998,155.4325,6.4750000000000005,0.125,-4.55,-8.302500000000009,5.825,-1.125,0.0
K284N,284,K,N,0.75,0.0,0.0,0.25,0.0,1.0499999999999998,155.4325,6.4750000000000005,0.125,-4.55,-23.3125,5.124999999999999,-0.125,-1.0
K284R,284,K,R,0.75,0.0,0.0,0.25,0.0,1.0499999999999998,155.4325,6.4750000000000005,0.125,-5.55,18.767499999999984,4.0249999999999995,0.875,0.5
K284T,284,K,T,0.75,0.0,0.0,0.25,0.0,1.0499999999999998,155.4325,6.4750000000000005,0.125,-1.7499999999999998,-36.3125,2.124999999999999,-0.125,0.0
H285Y,285,H,Y,0.6666666666666666,0.0,0.3333333333333333,0.3333333333333333,0.0,-0.09999999999999998,160.53,7.300000000000001,0.3333333333333333,-1.2000000000000002,20.659999999999997,-1.1000000000000005,-0.3333333333333333,0.0
H285Q,285,H,Q,0.6666666666666666,0.0,0.3333333333333333,0.3333333333333333,0.0,-0.09999999999999998,160.53,7.300000000000001,0.3333333333333333,-3.4,-14.379999999999995,3.1999999999999993,-0.3333333333333333,-0.333333333
H285P,285,H,P,0.6666666666666666,0.0,0.3333333333333333,0.3333333333333333,0.0,-0.09999999999999998,160.53,7.300000000000001,0.3333333333333333,-1.5,-45.400000000000006,0.6999999999999993,-0.3333333333333333,-3.214618667
H285N,285,H,N,0.6666666666666666,0.0,0.3333333333333333,0.3333333333333333,0.0,-0.09999999999999998,160.53,7.300000000000001,0.3333333333333333,-3.4,-28.409999999999997,4.299999999999999,-0.3333333333333333,0.0
H285L,285,H,L,0.6666666666666666,0.0,0.3333333333333333,0.3333333333333333,0.0,-0.09999999999999998,160.53,7.300000000000001,0.3333333333333333,3.9,-29.360000000000014,-2.4000000000000004,-0.3333333333333333,-1.0
W286R,286,W,R,0.0,0.0,0.5,0.0,0.0,-3.55,150.675,10.850000000000001,0.75,-0.9500000000000002,23.524999999999977,-0.3500000000000014,0.25,-5.250499429
W286C,286,W,C,0.0,0.0,0.5,0.0,0.0,-3.55,150.675,10.850000000000001,0.75,6.05,-29.515000000000015,-5.350000000000001,-0.75,-5.321928
W286L,286,W,L,0.0,0.0,0.5,0.0,0.0,-3.55,150.675,10.850000000000001,0.75,7.35,-19.505000000000024,-5.950000000000001,-0.75,-2.321928
