feature_set,position,actual,predicted,error,absolute_error,squared_error,actual_abs,score_range
Mutation only,30.0,-0.386988,-1.3627304416193255,-0.9757424416193256,0.9757424416193256,0.9520733123772429,0.386988,Mild negative (-2 to 0)
Mutation only,30.0,-1.0,-0.8588962280075478,0.14110377199245216,0.14110377199245216,0.019910274470497927,1.0,Mild negative (-2 to 0)
Mutation only,30.0,-2.321928,-0.9219128132879714,1.4000151867120287,1.4000151867120287,1.9600425230243166,2.321928,Low (-4 to -2)
Mutation only,30.0,1.0,-1.103962444521996,-2.103962444521996,2.103962444521996,4.426657967958974,1.0,Positive (0 to 1)
Mutation only,30.0,0.0,-0.8869908740856969,-0.8869908740856969,0.8869908740856969,0.7867528107113085,0.0,Zero
Mutation only,33.0,0.0,-2.638472184602881,-2.638472184602881,2.638472184602881,6.9615354689231,0.0,Zero
Mutation only,33.0,-1.0,-2.9845391368254433,-1.9845391368254433,1.9845391368254433,3.9383955855918753,1.0,Mild negative (-2 to 0)
Mutation only,33.0,-1.0,-2.429910954881141,-1.4299109548811408,1.4299109548811408,2.044645338889096,1.0,Mild negative (-2 to 0)
Mutation only,33.0,0.0,-2.096239834421711,-2.096239834421711,2.096239834421711,4.394221443416362,0.0,Zero
Mutation only,34.0,-1.0643856000000005,-1.1275158315831395,-0.06313023158313902,0.06313023158313902,0.0039854261397407635,1.0643856000000005,Mild negative (-2 to 0)
Mutation only,34.0,0.0,-1.0615280956936908,-1.0615280956936908,1.0615280956936908,1.1268418979470736,0.0,Zero
Mutation only,34.0,-5.321928,-4.042834986761903,1.2790930132380964,1.2790930132380964,1.6360789365145132,5.321928,Very low (<= -4)
Mutation only,34.0,-1.0,-0.4653812835722208,0.5346187164277791,0.5346187164277791,0.28581717195488615,1.0,Mild negative (-2 to 0)
Mutation only,34.0,-4.821928,-3.844444164444855,0.977483835555145,0.977483835555145,0.9554746487715977,4.821928,Very low (<= -4)
Mutation only,39.0,1.0,-1.4497301234920634,-2.4497301234920634,2.4497301234920634,6.00117767794444,1.0,Positive (0 to 1)
Mutation only,39.0,-0.5,-1.4895909060227048,-0.9895909060227048,0.9895909060227048,0.9792901612828379,0.5,Mild negative (-2 to 0)
Mutation only,39.0,0.0,-3.1986413425235862,-3.1986413425235862,3.1986413425235862,10.23130643810109,0.0,Zero
Mutation only,39.0,0.0,-3.188965407920682,-3.188965407920682,3.188965407920682,10.169500372914722,0.0,Zero
Mutation only,39.0,0.0,-1.0699460989584304,-1.0699460989584304,1.0699460989584304,1.1447846546763634,0.0,Zero
Mutation only,42.0,-1.0,-1.1456201999773166,-0.14562019997731657,0.14562019997731657,0.02120524264143367,1.0,Mild negative (-2 to 0)
Mutation only,42.0,0.25,-0.5995003106760765,-0.8495003106760765,0.8495003106760765,0.7216507778387504,0.25,Positive (0 to 1)
Mutation only,42.0,-5.321928,-2.763528523095349,2.558399476904651,2.558399476904651,6.545407883425992,5.321928,Very low (<= -4)
Mutation only,42.0,-5.321928,-2.788104123089726,2.5338238769102737,2.5338238769102737,6.4202634392006095,5.321928,Very low (<= -4)
Mutation only,43.0,-0.666666667,-1.4497301234920634,-0.7830634564920634,0.7830634564920634,0.6131883768932977,0.666666667,Mild negative (-2 to 0)
Mutation only,43.0,-3.321928,-1.4895909060227048,1.8323370939772954,1.8323370939772954,3.35745922596516,3.321928,Low (-4 to -2)
Mutation only,43.0,-5.321928,-3.1986413425235862,2.1232866574764135,2.1232866574764135,4.508346229817361,5.321928,Very low (<= -4)
Mutation only,43.0,-1.0,-1.0699460989584304,-0.0699460989584304,0.0699460989584304,0.004892456759502539,1.0,Mild negative (-2 to 0)
Mutation only,48.0,0.0,-1.438161409369602,-1.438161409369602,1.438161409369602,2.06830823939996,0.0,Zero
Mutation only,48.0,-1.0,-2.9845391368254433,-1.9845391368254433,1.9845391368254433,3.9383955855918753,1.0,Mild negative (-2 to 0)
Mutation only,48.0,-1.0,-2.096239834421711,-1.096239834421711,1.096239834421711,1.2017417745729404,1.0,Mild negative (-2 to 0)
Mutation only,48.0,-1.991446,-2.638472184602881,-0.6470261846028811,0.6470261846028811,0.41864288356176155,1.991446,Mild negative (-2 to 0)
Mutation only,49.0,0.0,-0.503925556642579,-0.503925556642579,0.503925556642579,0.25394096663753307,0.0,Zero
Mutation only,49.0,-2.321928,-2.7771709397147033,-0.4552429397147031,0.4552429397147031,0.20724613416008478,2.321928,Low (-4 to -2)
Mutation only,49.0,0.0,-1.2022493535064684,-1.2022493535064684,1.2022493535064684,1.4454035080067213,0.0,Zero
Mutation only,49.0,-2.321928,-3.729733616232519,-1.407805616232519,1.407805616232519,1.9819166530958225,2.321928,Low (-4 to -2)
Mutation only,49.0,-3.321928,-4.046788581045063,-0.7248605810450628,0.7248605810450628,0.525422861952986,3.321928,Low (-4 to -2)
Mutation only,54.0,0.0,-1.580979545505939,-1.580979545505939,1.580979545505939,2.4994963233081653,0.0,Zero
Mutation only,54.0,-1.370723,-4.666449342861082,-3.295726342861082,3.295726342861082,10.861812127028482,1.370723,Mild negative (-2 to 0)
Mutation only,54.0,0.25,-2.7116094968128843,-2.9616094968128843,2.9616094968128843,8.771130811612267,0.25,Positive (0 to 1)
Mutation only,54.0,0.333333333,-0.1214734578650625,-0.4548067908650625,0.4548067908650625,0.20684921701697667,0.333333333,Positive (0 to 1)
Mutation only,57.0,0.0,-2.3798926503177738,-2.3798926503177738,2.3798926503177738,5.663889027036557,0.0,Zero
Mutation only,57.0,0.0,-2.5109171604377476,-2.5109171604377476,2.5109171604377476,6.304704986580761,0.0,Zero
Mutation only,57.0,0.0,-2.013075199269681,-2.013075199269681,2.013075199269681,4.052471757914666,0.0,Zero
Mutation only,57.0,0.0,-2.054203135841268,-2.054203135841268,2.054203135841268,4.219750523300098,0.0,Zero
Mutation only,69.0,-5.321928,-1.7996176777135249,3.522310322286475,3.522310322286475,12.40667000648585,5.321928,Very low (<= -4)
Mutation only,69.0,-2.821928,-1.602458925718286,1.2194690742817142,1.2194690742817142,1.4871048231295012,2.821928,Low (-4 to -2)
Mutation only,69.0,-4.321928,-0.9079384503640662,3.4139895496359336,3.4139895496359336,11.655324645023365,4.321928,Very low (<= -4)
Mutation only,69.0,-1.214618667,-0.1797457499965512,1.034872917003449,1.034872917003449,1.0709619543472273,1.214618667,Mild negative (-2 to 0)
Mutation only,70.0,-1.0,-2.1673300490024454,-1.1673300490024454,1.1673300490024454,1.3626594433040515,1.0,Mild negative (-2 to 0)
Mutation only,70.0,-1.5287712,-1.7985836186851536,-0.2698124186851536,0.2698124186851536,0.07279874127673262,1.5287712,Mild negative (-2 to 0)
Mutation only,70.0,0.0,-1.867955500813734,-1.867955500813734,1.867955500813734,3.489257753020288,0.0,Zero
Mutation only,70.0,-4.321928,-0.4970913447740932,3.8248366552259068,3.8248366552259068,14.629375439159702,4.321928,Very low (<= -4)
Mutation only,70.0,-0.666666667,-1.035132596775976,-0.3684659297759759,0.3684659297759759,0.13576714140567442,0.666666667,Mild negative (-2 to 0)
Mutation only,90.0,0.0,-1.4497301234920634,-1.4497301234920634,1.4497301234920634,2.1017174309603135,0.0,Zero
Mutation only,90.0,-1.7739759999999998,-1.4895909060227048,0.28438509397729494,0.28438509397729494,0.08087488167647487,1.7739759999999998,Mild negative (-2 to 0)
Mutation only,90.0,0.0,-3.188965407920682,-3.188965407920682,3.188965407920682,10.169500372914722,0.0,Zero
Mutation only,90.0,-0.4,-1.0699460989584304,-0.6699460989584304,0.6699460989584304,0.448827775509619,0.4,Mild negative (-2 to 0)
Mutation only,90.0,0.333333333,-3.1986413425235862,-3.5319746755235863,3.5319746755235863,12.474845108539943,0.333333333,Positive (0 to 1)
Mutation only,91.0,-3.321928,-2.176687946857207,1.145240053142793,1.145240053142793,1.3115747793225074,3.321928,Low (-4 to -2)
Mutation only,91.0,0.0,-1.3734501282778673,-1.3734501282778673,1.3734501282778673,1.88636525486649,0.0,Zero
Mutation only,91.0,-2.321928,-1.737895581452793,0.5840324185472072,0.5840324185472072,0.34109386591410024,2.321928,Low (-4 to -2)
Mutation only,91.0,-1.0,-1.5164670340952386,-0.5164670340952386,0.5164670340952386,0.2667381973071324,1.0,Mild negative (-2 to 0)
Mutation only,92.0,-1.0,-2.176687946857207,-1.1766879468572071,1.1766879468572071,1.3845945242790294,1.0,Mild negative (-2 to 0)
Mutation only,92.0,-2.321928,-0.414043028906205,1.9078849710937953,1.9078849710937953,3.640025062925572,2.321928,Low (-4 to -2)
Mutation only,92.0,-0.428571429,-1.3734501282778673,-0.9448786992778673,0.9448786992778673,0.8927957563490343,0.428571429,Mild negative (-2 to 0)
Mutation only,92.0,0.2,-1.737895581452793,-1.937895581452793,1.937895581452793,3.7554392846142584,0.2,Positive (0 to 1)
Mutation only,92.0,-1.0,-1.5164670340952386,-0.5164670340952386,0.5164670340952386,0.2667381973071324,1.0,Mild negative (-2 to 0)
Mutation only,97.0,-1.107309333,-0.3623167590846414,0.7449925739153584,0.7449925739153584,0.5550139351890309,1.107309333,Mild negative (-2 to 0)
Mutation only,97.0,0.0,-0.0692054697320758,-0.0692054697320758,0.0692054697320758,0.004789397040837259,0.0,Zero
Mutation only,97.0,0.25,-0.0402949081306335,-0.2902949081306335,0.2902949081306335,0.08427113368657296,0.25,Positive (0 to 1)
Mutation only,97.0,0.0,-1.8685372256169743,-1.8685372256169743,1.8685372256169743,3.4914313635163796,0.0,Zero
Mutation only,99.0,-0.5,-2.638472184602881,-2.138472184602881,2.138472184602881,4.573063284320219,0.5,Mild negative (-2 to 0)
Mutation only,99.0,0.0,-2.096239834421711,-2.096239834421711,2.096239834421711,4.394221443416362,0.0,Zero
Mutation only,99.0,-2.321928,-2.9845391368254433,-0.662611136825443,0.662611136825443,0.439053518645106,2.321928,Low (-4 to -2)
Mutation only,99.0,0.0,-1.438161409369602,-1.438161409369602,1.438161409369602,2.06830823939996,0.0,Zero
Mutation only,102.0,-0.5,-0.9338030312966537,-0.43380303129665365,0.43380303129665365,0.18818506996216547,0.5,Mild negative (-2 to 0)
Mutation only,102.0,0.333333333,-0.8938629556715506,-1.2271962886715506,1.2271962886715506,1.5060107309292279,0.333333333,Positive (0 to 1)
Mutation only,102.0,-0.666666667,-0.962524022368682,-0.29585735536868196,0.29585735536868196,0.08753157472575057,0.666666667,Mild negative (-2 to 0)
Mutation only,102.0,0.0,-0.7831244892395739,-0.7831244892395739,0.7831244892395739,0.6132839656467435,0.0,Zero
Mutation only,103.0,-0.666666667,-3.842254098860717,-3.175587431860717,3.175587431860717,10.084355537391744,0.666666667,Mild negative (-2 to 0)
Mutation only,110.0,0.0,-0.2693766692910054,-0.2693766692910054,0.2693766692910054,0.0725637899583157,0.0,Zero
Mutation only,110.0,-0.5,-0.164268255813913,0.335731744186087,0.335731744186087,0.11271580405423215,0.5,Mild negative (-2 to 0)
Mutation only,110.0,-1.0,-0.1243320512953782,0.8756679487046218,0.8756679487046218,0.7667943563885602,1.0,Mild negative (-2 to 0)
Mutation only,110.0,-2.321928,-1.3535556942712306,0.9683723057287696,0.9683723057287696,0.9377449225024537,2.321928,Low (-4 to -2)
Mutation only,120.0,-2.321928,-1.2022493535064684,1.1196786464935318,1.1196786464935318,1.2536802714135873,2.321928,Low (-4 to -2)
Mutation only,120.0,-3.821928,-2.397415234982202,1.424512765017798,1.424512765017798,2.0292366176986523,3.821928,Low (-4 to -2)
Mutation only,125.0,0.0,-0.1214734578650625,-0.1214734578650625,0.1214734578650625,0.014755800965695115,0.0,Zero
Mutation only,125.0,0.0,-0.2828083953083954,-0.2828083953083954,0.2828083953083954,0.07998058845690964,0.0,Zero
Mutation only,125.0,0.0,-0.0816337433458068,-0.0816337433458068,0.0816337433458068,0.006664068052649055,0.0,Zero
Mutation only,125.0,-5.321928,-1.5611899293966405,3.7607380706033595,3.7607380706033595,14.143150835685478,5.321928,Very low (<= -4)
Mutation only,125.0,-2.321928,-2.7116094968128843,-0.3896814968128841,0.3896814968128841,0.1518516689583298,2.321928,Low (-4 to -2)
Mutation only,133.0,-3.821928,-1.0615280956936908,2.7603999043063094,2.7603999043063094,7.619807631694282,3.821928,Low (-4 to -2)
Mutation only,133.0,0.0,-1.1275158315831395,-1.1275158315831395,1.1275158315831395,1.2712919504706186,0.0,Zero
Mutation only,135.0,-3.321928,-2.397415234982202,0.924512765017798,0.924512765017798,0.8547238526808542,3.321928,Low (-4 to -2)
Mutation only,135.0,0.0,-0.503925556642579,-0.503925556642579,0.503925556642579,0.25394096663753307,0.0,Zero
Mutation only,135.0,-2.321928,-1.2022493535064684,1.1196786464935318,1.1196786464935318,1.2536802714135873,2.321928,Low (-4 to -2)
Mutation only,138.0,0.0,-0.9079384503640662,-0.9079384503640662,0.9079384503640662,0.8243522296495018,0.0,Zero
Mutation only,138.0,0.0,-1.602458925718286,-1.602458925718286,1.602458925718286,2.5678746086142032,0.0,Zero
Mutation only,138.0,0.0,-2.5080600047011696,-2.5080600047011696,2.5080600047011696,6.290364987181631,0.0,Zero
Mutation only,138.0,0.0,-3.58431928464833,-3.58431928464833,3.58431928464833,12.847344734301917,0.0,Zero
Mutation only,139.0,0.333333333,-0.9079384503640662,-1.2412717833640663,1.2412717833640663,1.5407556401758096,0.333333333,Positive (0 to 1)
Mutation only,139.0,-0.5,-1.1073816120875566,-0.6073816120875566,0.6073816120875566,0.3689124227020791,0.5,Mild negative (-2 to 0)
Mutation only,139.0,0.0,-0.1797457499965512,-0.1797457499965512,0.1797457499965512,0.03230853464182269,0.0,Zero
Mutation only,141.0,-1.0,-3.237952839072891,-2.237952839072891,2.237952839072891,5.008432909914414,1.0,Mild negative (-2 to 0)
Mutation only,141.0,-0.666666667,-3.188965407920682,-2.5222987409206823,2.5222987409206823,6.3619909384500595,0.666666667,Mild negative (-2 to 0)
Mutation only,144.0,0.0,-0.9219128132879714,-0.9219128132879714,0.9219128132879714,0.849923235304542,0.0,Zero
Mutation only,144.0,0.0,-0.8588962280075478,-0.8588962280075478,0.8588962280075478,0.7377027304855936,0.0,Zero
Mutation only,144.0,-1.107309333,0.0945779325955582,1.2018872655955581,1.2018872655955581,1.4445329992007676,1.107309333,Mild negative (-2 to 0)
Mutation only,156.0,-0.5,-0.4741005522255523,0.025899447774447693,0.025899447774447693,0.0006707813950213435,0.5,Mild negative (-2 to 0)
Mutation only,156.0,0.25,-0.164268255813913,-0.414268255813913,0.414268255813913,0.17161818777510168,0.25,Positive (0 to 1)
Mutation only,156.0,1.0,-3.32635571597999,-4.3263557159799895,4.3263557159799895,18.717353781192728,1.0,Positive (0 to 1)
Mutation only,160.0,-1.0,-1.2022493535064684,-0.20224935350646844,0.20224935350646844,0.04090480099378444,1.0,Mild negative (-2 to 0)
Mutation only,160.0,-0.5,-2.7771709397147033,-2.2771709397147033,2.2771709397147033,5.185507488681145,0.5,Mild negative (-2 to 0)
Mutation only,160.0,-0.5,-0.503925556642579,-0.003925556642578987,0.003925556642578987,1.5409994954096008e-05,0.5,Mild negative (-2 to 0)
Mutation only,160.0,-1.0,-3.729733616232519,-2.729733616232519,2.729733616232519,7.451445615589867,1.0,Mild negative (-2 to 0)
Mutation only,165.0,-1.0,-1.7102506854247428,-0.7102506854247428,0.7102506854247428,0.504456036146317,1.0,Mild negative (-2 to 0)
Mutation only,165.0,-0.333333333,-1.4620770448797804,-1.1287437118797805,1.1287437118797805,1.274062367108145,0.333333333,Mild negative (-2 to 0)
Mutation only,165.0,-1.160964,-0.7205105238445259,0.44045347615547426,0.44045347615547426,0.19399926465744094,1.160964,Mild negative (-2 to 0)
Mutation only,165.0,-1.0,-1.5410414732838131,-0.5410414732838131,0.5410414732838131,0.2927258758131191,1.0,Mild negative (-2 to 0)
Mutation only,166.0,0.0,-0.4090483118647511,-0.4090483118647511,0.4090483118647511,0.16732052143940268,0.0,Zero
Mutation only,166.0,0.0,-0.7831244892395739,-0.7831244892395739,0.7831244892395739,0.6132839656467435,0.0,Zero
Mutation only,166.0,-0.666666667,-0.9338030312966537,-0.26713636429665366,0.26713636429665366,0.07136183712963445,0.666666667,Mild negative (-2 to 0)
Mutation only,166.0,0.0,-0.962524022368682,-0.962524022368682,0.962524022368682,0.926452493636787,0.0,Zero
Mutation only,171.0,-0.166666667,-0.0816337433458068,0.0850329236541932,0.0850329236541932,0.007230598105179849,0.166666667,Mild negative (-2 to 0)
Mutation only,171.0,0.0,-0.2828083953083954,-0.2828083953083954,0.2828083953083954,0.07998058845690964,0.0,Zero
Mutation only,171.0,0.0,-2.7116094968128843,-2.7116094968128843,2.7116094968128843,7.352826063205824,0.0,Zero
Mutation only,171.0,-0.25,-0.1214734578650625,0.1285265421349375,0.1285265421349375,0.016519072033163863,0.25,Mild negative (-2 to 0)
Mutation only,176.0,-0.5,-1.3734501282778673,-0.8734501282778673,0.8734501282778673,0.7629151265886228,0.5,Mild negative (-2 to 0)
Mutation only,176.0,-1.0,-2.176687946857207,-1.1766879468572071,1.1766879468572071,1.3845945242790294,1.0,Mild negative (-2 to 0)
Mutation only,188.0,0.0,0.1689562844163828,0.1689562844163828,0.1689562844163828,0.02854622604378964,0.0,Zero
Mutation only,188.0,0.0,-1.2022493535064684,-1.2022493535064684,1.2022493535064684,1.4454035080067213,0.0,Zero
Mutation only,194.0,0.0,-1.0699460989584304,-1.0699460989584304,1.0699460989584304,1.1447846546763634,0.0,Zero
Mutation only,194.0,0.0,-3.1986413425235862,-3.1986413425235862,3.1986413425235862,10.23130643810109,0.0,Zero
Mutation only,194.0,0.0,-1.4497301234920634,-1.4497301234920634,1.4497301234920634,2.1017174309603135,0.0,Zero
Mutation only,194.0,-0.333333333,-1.4895909060227048,-1.156257573022705,1.156257573022705,1.3369315751723558,0.333333333,Mild negative (-2 to 0)
Mutation only,196.0,0.0,-0.2441855215276646,-0.2441855215276646,0.2441855215276646,0.05962656892373755,0.0,Zero
Mutation only,196.0,-1.0,-3.729733616232519,-2.729733616232519,2.729733616232519,7.451445615589867,1.0,Mild negative (-2 to 0)
Mutation only,196.0,0.0,-2.140509400610466,-2.140509400610466,2.140509400610466,4.581780494101776,0.0,Zero
Mutation only,200.0,-2.321928,-4.042834986761903,-1.7209069867619031,1.7209069867619031,2.961520857085933,2.321928,Low (-4 to -2)
Mutation only,200.0,0.0,-0.4653812835722208,-0.4653812835722208,0.4653812835722208,0.2165797390993278,0.0,Zero
Mutation only,200.0,0.0,-1.1275158315831395,-1.1275158315831395,1.1275158315831395,1.2712919504706186,0.0,Zero
Mutation only,200.0,0.0,-0.3415944394184639,-0.3415944394184639,0.3415944394184639,0.1166867610416146,0.0,Zero
Mutation only,200.0,0.0,-1.0615280956936908,-1.0615280956936908,1.0615280956936908,1.1268418979470736,0.0,Zero
Mutation only,217.0,-0.2,-0.7205105238445259,-0.5205105238445258,0.5205105238445258,0.27093120543290267,0.2,Mild negative (-2 to 0)
Mutation only,217.0,0.0,-1.4620770448797804,-1.4620770448797804,1.4620770448797804,2.1376692851643915,0.0,Zero
Mutation only,217.0,-0.924658667,-1.7102506854247428,-0.7855920184247428,0.7855920184247428,0.6171548194126615,0.924658667,Mild negative (-2 to 0)
Mutation only,218.0,-2.321928,-0.503925556642579,1.8180024433574213,1.8180024433574213,3.305132884053554,2.321928,Low (-4 to -2)
Mutation only,218.0,-3.321928,-2.7771709397147033,0.5447570602852969,0.5447570602852969,0.29676025473067863,3.321928,Low (-4 to -2)
Mutation only,218.0,-4.321928,-0.2441855215276646,4.077742478472335,4.077742478472335,16.627983720737703,4.321928,Very low (<= -4)
Mutation only,218.0,-4.321928,-1.2022493535064684,3.119678646493531,3.119678646493531,9.73239485738771,4.321928,Very low (<= -4)
Mutation only,221.0,-0.666666667,-3.045853371427681,-2.3791867044276813,2.3791867044276813,5.660529374525451,0.666666667,Mild negative (-2 to 0)
Mutation only,221.0,0.0,-0.6379830423916057,-0.6379830423916057,0.6379830423916057,0.40702236237924944,0.0,Zero
Mutation only,221.0,0.0,-0.5395779913412054,-0.5395779913412054,0.5395779913412054,0.29114440873980996,0.0,Zero
Mutation only,221.0,-1.0,-2.2799380360058494,-1.2799380360058494,1.2799380360058494,1.6382413760145111,1.0,Mild negative (-2 to 0)
Mutation only,221.0,0.0,-3.9196828532517953,-3.9196828532517953,3.9196828532517953,15.363913670076135,0.0,Zero
Mutation only,228.0,-1.0,-2.1673300490024454,-1.1673300490024454,1.1673300490024454,1.3626594433040515,1.0,Mild negative (-2 to 0)
Mutation only,228.0,-1.881285333,-1.7985836186851536,0.0827017143148463,0.0827017143148463,0.006839573550614453,1.881285333,Mild negative (-2 to 0)
Mutation only,228.0,-2.321928,-1.867955500813734,0.45397249918626614,0.45397249918626614,0.2060910300174244,2.321928,Low (-4 to -2)
Mutation only,233.0,-5.321928,-0.7527305080092708,4.569197491990729,4.569197491990729,20.877565720814367,5.321928,Very low (<= -4)
Mutation only,233.0,0.0,-0.5395779913412054,-0.5395779913412054,0.5395779913412054,0.29114440873980996,0.0,Zero
Mutation only,233.0,-5.321928,-2.6092038381949525,2.7127241618050473,2.7127241618050473,7.358872378040896,5.321928,Very low (<= -4)
Mutation only,233.0,-3.321928,-3.045853371427681,0.276074628572319,0.276074628572319,0.0762172005413439,3.321928,Low (-4 to -2)
Mutation only,239.0,-5.321928,-3.3910295520320535,1.9308984479679463,1.9308984479679463,3.7283688163650237,5.321928,Very low (<= -4)
Mutation only,239.0,-5.321928,-3.237952839072891,2.0839751609271087,2.0839751609271087,4.342952471361168,5.321928,Very low (<= -4)
Mutation only,239.0,-5.321928,-3.188965407920682,2.1329625920793176,2.1329625920793176,4.549529419209722,5.321928,Very low (<= -4)
Mutation only,239.0,-5.321928,-3.395814951861417,1.9261130481385829,1.9261130481385829,3.709911474209703,5.321928,Very low (<= -4)
Mutation only,240.0,0.0,-0.6379830423916057,-0.6379830423916057,0.6379830423916057,0.40702236237924944,0.0,Zero
Mutation only,240.0,-4.321928,-2.7170444727809477,1.604883527219052,1.604883527219052,2.575651135939066,4.321928,Very low (<= -4)
Mutation only,240.0,-5.321928,-0.7527305080092708,4.569197491990729,4.569197491990729,20.877565720814367,5.321928,Very low (<= -4)
Mutation only,240.0,-1.0,-0.5395779913412054,0.46042200865879457,0.46042200865879457,0.2119884260573991,1.0,Mild negative (-2 to 0)
Mutation only,247.0,-5.321928,-2.140509400610466,3.181418599389534,3.181418599389534,10.121424304541664,5.321928,Very low (<= -4)
Mutation only,247.0,-5.321928,-4.046788581045063,1.2751394189549368,1.2751394189549368,1.6259805377727337,5.321928,Very low (<= -4)
Mutation only,247.0,-0.25,0.1689562844163828,0.4189562844163828,0.4189562844163828,0.175524368251981,0.25,Mild negative (-2 to 0)
Mutation only,247.0,-5.321928,-3.729733616232519,1.5921943837674806,1.5921943837674806,2.535082955700707,5.321928,Very low (<= -4)
Mutation only,250.0,0.5,-2.096239834421711,-2.596239834421711,2.596239834421711,6.740461277838073,0.5,Positive (0 to 1)
Mutation only,250.0,1.0,-4.336704845948679,-5.336704845948679,5.336704845948679,28.480418612772116,1.0,Positive (0 to 1)
Mutation only,250.0,0.0,-2.638472184602881,-2.638472184602881,2.638472184602881,6.9615354689231,0.0,Zero
Mutation only,250.0,0.0,-1.438161409369602,-1.438161409369602,1.438161409369602,2.06830823939996,0.0,Zero
Mutation only,250.0,-0.333333333,-2.9845391368254433,-2.651205803825443,2.651205803825443,7.028892214237714,0.333333333,Mild negative (-2 to 0)
Mutation only,250.0,0.0,-1.6573354780721652,-1.6573354780721652,1.6573354780721652,2.746760886876692,0.0,Zero
Mutation only,255.0,-3.321928,-2.176687946857207,1.145240053142793,1.145240053142793,1.3115747793225074,3.321928,Low (-4 to -2)
Mutation only,255.0,-1.7414459999999998,-1.3734501282778673,0.36799587172213255,0.36799587172213255,0.13542096160453224,1.7414459999999998,Mild negative (-2 to 0)
Mutation only,255.0,-1.881285333,-1.5164670340952386,0.36481829890476125,0.36481829890476125,0.13309239121576372,1.881285333,Mild negative (-2 to 0)
Mutation only,263.0,-3.321928,-3.395814951861417,-0.0738869518614167,0.0738869518614167,0.005459281655371308,3.321928,Low (-4 to -2)
Mutation only,263.0,-3.988594667,-3.3910295520320535,0.5975651149679466,0.5975651149679466,0.35708406662665526,3.988594667,Low (-4 to -2)
Mutation only,273.0,0.0,-1.5164670340952386,-1.5164670340952386,1.5164670340952386,2.29967226549761,0.0,Zero
Mutation only,273.0,0.5,-2.3701994972758005,-2.8701994972758005,2.8701994972758005,8.238045154162258,0.5,Positive (0 to 1)
Mutation only,273.0,0.0,-0.4124366803551265,-0.4124366803551265,0.4124366803551265,0.17010401530235678,0.0,Zero
Mutation only,273.0,0.0,-0.414043028906205,-0.414043028906205,0.414043028906205,0.1714316297858245,0.0,Zero
Mutation only,278.0,-5.321928,-1.5611899293966405,3.7607380706033595,3.7607380706033595,14.143150835685478,5.321928,Very low (<= -4)
Mutation only,278.0,0.0,-0.0816337433458068,-0.0816337433458068,0.0816337433458068,0.006664068052649055,0.0,Zero
Mutation only,278.0,-4.321928,-2.7116094968128843,1.6103185031871154,1.6103185031871154,2.593125681706792,4.321928,Very low (<= -4)
Mutation only,278.0,-1.0,-0.2828083953083954,0.7171916046916046,0.7171916046916046,0.5143637978401189,1.0,Mild negative (-2 to 0)
Mutation only,278.0,0.0,-0.1214734578650625,-0.1214734578650625,0.1214734578650625,0.014755800965695115,0.0,Zero
Mutation only,279.0,-1.0,-1.4895909060227048,-0.48959090602270483,0.48959090602270483,0.239699255260133,1.0,Mild negative (-2 to 0)
Mutation only,279.0,-5.321928,-3.188965407920682,2.1329625920793176,2.1329625920793176,4.549529419209722,5.321928,Very low (<= -4)
Mutation only,279.0,-1.660964,-1.0699460989584304,0.5910179010415697,0.5910179010415697,0.34930215935158265,1.660964,Mild negative (-2 to 0)
Mutation only,283.0,0.0,-1.580979545505939,-1.580979545505939,1.580979545505939,2.4994963233081653,0.0,Zero
Mutation only,283.0,-0.333333333,-0.1214734578650625,0.2118598751349375,0.2118598751349375,0.04488460669219131,0.333333333,Mild negative (-2 to 0)
Mutation only,283.0,0.0,-2.7116094968128843,-2.7116094968128843,2.7116094968128843,7.352826063205824,0.0,Zero
Mutation only,283.0,-4.321928,-4.666449342861082,-0.34452134286108205,0.34452134286108205,0.11869495568680324,4.321928,Very low (<= -4)
Mutation + Biological,30.0,-0.386988,-1.359662765462773,-0.9726747654627731,0.9726747654627731,0.9460961993680607,0.386988,Mild negative (-2 to 0)
Mutation + Biological,30.0,-1.0,-0.8588962280075481,0.14110377199245194,0.14110377199245194,0.019910274470497865,1.0,Mild negative (-2 to 0)
Mutation + Biological,30.0,-2.321928,-0.9154474177324156,1.4064805822675845,1.4064805822675845,1.9781876282957636,2.321928,Low (-4 to -2)
Mutation + Biological,30.0,1.0,-1.1039624445219962,-2.103962444521996,2.103962444521996,4.426657967958974,1.0,Positive (0 to 1)
Mutation + Biological,30.0,0.0,-0.874680314423951,-0.874680314423951,0.874680314423951,0.7650656524407817,0.0,Zero
Mutation + Biological,33.0,0.0,-2.6384721846028807,-2.6384721846028807,2.6384721846028807,6.961535468923097,0.0,Zero
Mutation + Biological,33.0,-1.0,-2.9845391368254437,-1.9845391368254437,1.9845391368254437,3.938395585591877,1.0,Mild negative (-2 to 0)
Mutation + Biological,33.0,-1.0,-2.5037336517222024,-1.5037336517222024,1.5037336517222024,2.26121489532179,1.0,Mild negative (-2 to 0)
Mutation + Biological,33.0,0.0,-2.0962398344217106,-2.0962398344217106,2.0962398344217106,4.3942214434163605,0.0,Zero
Mutation + Biological,34.0,-1.0643856000000005,-1.1275158315831395,-0.06313023158313902,0.06313023158313902,0.0039854261397407635,1.0643856000000005,Mild negative (-2 to 0)
Mutation + Biological,34.0,0.0,-1.061528095693691,-1.061528095693691,1.061528095693691,1.126841897947074,0.0,Zero
Mutation + Biological,34.0,-5.321928,-4.051198775650791,1.2707292243492088,1.2707292243492088,1.6147527616151418,5.321928,Very low (<= -4)
Mutation + Biological,34.0,-1.0,-0.4653812835722211,0.5346187164277789,0.5346187164277789,0.2858171719548859,1.0,Mild negative (-2 to 0)
Mutation + Biological,34.0,-4.821928,-3.830017679259616,0.9919103207403839,0.9919103207403839,0.9838860843912912,4.821928,Very low (<= -4)
Mutation + Biological,39.0,1.0,-1.4497301234920632,-2.4497301234920634,2.4497301234920634,6.00117767794444,1.0,Positive (0 to 1)
Mutation + Biological,39.0,-0.5,-1.4918684736417525,-0.9918684736417525,0.9918684736417525,0.9838030690044198,0.5,Mild negative (-2 to 0)
Mutation + Biological,39.0,0.0,-3.198315900830412,-3.198315900830412,3.198315900830412,10.22922460150465,0.0,Zero
Mutation + Biological,39.0,0.0,-3.188965407920682,-3.188965407920682,3.188965407920682,10.169500372914722,0.0,Zero
Mutation + Biological,39.0,0.0,-1.0549134489161054,-1.0549134489161054,1.0549134489161054,1.1128423847040725,0.0,Zero
Mutation + Biological,42.0,-1.0,-1.1456201999773168,-0.1456201999773168,0.1456201999773168,0.02120524264143373,1.0,Mild negative (-2 to 0)
Mutation + Biological,42.0,0.25,-0.5995003106760766,-0.8495003106760766,0.8495003106760766,0.7216507778387506,0.25,Positive (0 to 1)
Mutation + Biological,42.0,-5.321928,-2.7718540881373652,2.5500739118626345,2.5500739118626345,6.5028769559624,5.321928,Very low (<= -4)
Mutation + Biological,42.0,-5.321928,-2.828515552917355,2.493412447082645,2.493412447082645,6.217105631266663,5.321928,Very low (<= -4)
Mutation + Biological,43.0,-0.666666667,-1.4497301234920632,-0.7830634564920632,0.7830634564920632,0.6131883768932974,0.666666667,Mild negative (-2 to 0)
Mutation + Biological,43.0,-3.321928,-1.4918684736417525,1.8300595263582478,1.8300595263582478,3.3491178700145743,3.321928,Low (-4 to -2)
Mutation + Biological,43.0,-5.321928,-3.198315900830412,2.1236120991695877,2.1236120991695877,4.509728347739463,5.321928,Very low (<= -4)
Mutation + Biological,43.0,-1.0,-1.0549134489161054,-0.05491344891610539,0.05491344891610539,0.003015486871861716,1.0,Mild negative (-2 to 0)
Mutation + Biological,48.0,0.0,-1.438161409369602,-1.438161409369602,1.438161409369602,2.06830823939996,0.0,Zero
Mutation + Biological,48.0,-1.0,-2.9845391368254437,-1.9845391368254437,1.9845391368254437,3.938395585591877,1.0,Mild negative (-2 to 0)
Mutation + Biological,48.0,-1.0,-2.0962398344217106,-1.0962398344217106,1.0962398344217106,1.2017417745729395,1.0,Mild negative (-2 to 0)
Mutation + Biological,48.0,-1.991446,-2.6384721846028807,-0.6470261846028806,0.6470261846028806,0.418642883561761,1.991446,Mild negative (-2 to 0)
Mutation + Biological,49.0,0.0,-0.503925556642579,-0.503925556642579,0.503925556642579,0.25394096663753307,0.0,Zero
Mutation + Biological,49.0,-2.321928,-2.7696744135278517,-0.4477464135278515,0.4477464135278515,0.2004768508270538,2.321928,Low (-4 to -2)
Mutation + Biological,49.0,0.0,-1.2022493535064689,-1.2022493535064689,1.2022493535064689,1.4454035080067225,0.0,Zero
Mutation + Biological,49.0,-2.321928,-3.7297336162325183,-1.407805616232518,1.407805616232518,1.98191665309582,2.321928,Low (-4 to -2)
Mutation + Biological,49.0,-3.321928,-4.094239044958357,-0.7723110449583568,0.7723110449583568,0.596464350164669,3.321928,Low (-4 to -2)
Mutation + Biological,54.0,0.0,-1.5843128788392724,-1.5843128788392724,1.5843128788392724,2.510047298055983,0.0,Zero
Mutation + Biological,54.0,-1.370723,-4.666449342861082,-3.295726342861082,3.295726342861082,10.861812127028482,1.370723,Mild negative (-2 to 0)
Mutation + Biological,54.0,0.25,-2.711609496812885,-2.961609496812885,2.961609496812885,8.771130811612272,0.25,Positive (0 to 1)
Mutation + Biological,54.0,0.333333333,-0.1214734578650625,-0.4548067908650625,0.4548067908650625,0.20684921701697667,0.333333333,Positive (0 to 1)
Mutation + Biological,57.0,0.0,-2.364866492419895,-2.364866492419895,2.364866492419895,5.592593526970378,0.0,Zero
Mutation + Biological,57.0,0.0,-2.5286569204377476,-2.5286569204377476,2.5286569204377476,6.394105821277713,0.0,Zero
Mutation + Biological,57.0,0.0,-1.9835220821797617,-1.9835220821797617,1.9835220821797617,3.934359850494737,0.0,Zero
Mutation + Biological,57.0,0.0,-2.080490847841269,-2.080490847841269,2.080490847841269,4.328442167951282,0.0,Zero
Mutation + Biological,69.0,-5.321928,-1.7996176777135249,3.522310322286475,3.522310322286475,12.40667000648585,5.321928,Very low (<= -4)
Mutation + Biological,69.0,-2.821928,-1.6024589257182862,1.219469074281714,1.219469074281714,1.4871048231295005,2.821928,Low (-4 to -2)
Mutation + Biological,69.0,-4.321928,-0.907938450364066,3.413989549635934,3.413989549635934,11.655324645023368,4.321928,Very low (<= -4)
Mutation + Biological,69.0,-1.214618667,-0.1797457499965512,1.034872917003449,1.034872917003449,1.0709619543472273,1.214618667,Mild negative (-2 to 0)
Mutation + Biological,70.0,-1.0,-2.1514373374418385,-1.1514373374418385,1.1514373374418385,1.3258079420551503,1.0,Mild negative (-2 to 0)
Mutation + Biological,70.0,-1.5287712,-1.8190529789090393,-0.2902817789090393,0.2902817789090393,0.08426351116659636,1.5287712,Mild negative (-2 to 0)
Mutation + Biological,70.0,0.0,-1.9130710333756356,-1.9130710333756356,1.9130710333756356,3.659840778740922,0.0,Zero
Mutation + Biological,70.0,-4.321928,-0.5084556485972482,3.8134723514027513,3.8134723514027513,14.54257137491323,4.321928,Very low (<= -4)
Mutation + Biological,70.0,-0.666666667,-1.0373698982227155,-0.37070323122271553,0.37070323122271553,0.1374208856389621,0.666666667,Mild negative (-2 to 0)
Mutation + Biological,90.0,0.0,-1.4497301234920632,-1.4497301234920632,1.4497301234920632,2.101717430960313,0.0,Zero
Mutation + Biological,90.0,-1.7739759999999998,-1.4918684736417525,0.2821075263582473,0.2821075263582473,0.0795846564279692,1.7739759999999998,Mild negative (-2 to 0)
Mutation + Biological,90.0,0.0,-3.188965407920682,-3.188965407920682,3.188965407920682,10.169500372914722,0.0,Zero
Mutation + Biological,90.0,-0.4,-1.0549134489161054,-0.6549134489161054,0.6549134489161054,0.42891162557118817,0.4,Mild negative (-2 to 0)
Mutation + Biological,90.0,0.333333333,-3.198315900830412,-3.531649233830412,3.531649233830412,12.472546310814938,0.333333333,Positive (0 to 1)
Mutation + Biological,91.0,-3.321928,-2.1766879468572076,1.1452400531427926,1.1452400531427926,1.3115747793225065,3.321928,Low (-4 to -2)
Mutation + Biological,91.0,0.0,-1.373116794944534,-1.373116794944534,1.373116794944534,1.8854497325587494,0.0,Zero
Mutation + Biological,91.0,-2.321928,-1.7378955814527923,0.5840324185472079,0.5840324185472079,0.341093865914101,2.321928,Low (-4 to -2)
Mutation + Biological,91.0,-1.0,-1.5164670340952384,-0.5164670340952384,0.5164670340952384,0.26673819730713216,1.0,Mild negative (-2 to 0)
Mutation + Biological,92.0,-1.0,-2.1766879468572076,-1.1766879468572076,1.1766879468572076,1.3845945242790305,1.0,Mild negative (-2 to 0)
Mutation + Biological,92.0,-2.321928,-0.3908589979220779,1.9310690020779222,1.9310690020779222,3.729027490786222,2.321928,Low (-4 to -2)
Mutation + Biological,92.0,-0.428571429,-1.373116794944534,-0.944545365944534,0.944545365944534,0.8921659483272936,0.428571429,Mild negative (-2 to 0)
Mutation + Biological,92.0,0.2,-1.7378955814527923,-1.9378955814527923,1.9378955814527923,3.7554392846142557,0.2,Positive (0 to 1)
Mutation + Biological,92.0,-1.0,-1.5164670340952384,-0.5164670340952384,0.5164670340952384,0.26673819730713216,1.0,Mild negative (-2 to 0)
Mutation + Biological,97.0,-1.107309333,-0.3627889813069747,0.7445203516930252,0.7445203516930252,0.554310554085106,1.107309333,Mild negative (-2 to 0)
Mutation + Biological,97.0,0.0,-0.0692054697320758,-0.0692054697320758,0.0692054697320758,0.004789397040837259,0.0,Zero
Mutation + Biological,97.0,0.25,-0.0402949081306335,-0.2902949081306335,0.2902949081306335,0.08427113368657296,0.25,Positive (0 to 1)
Mutation + Biological,97.0,0.0,-1.819392986393376,-1.819392986393376,1.819392986393376,3.310190838937407,0.0,Zero
Mutation + Biological,99.0,-0.5,-2.6384721846028807,-2.1384721846028807,2.1384721846028807,4.573063284320217,0.5,Mild negative (-2 to 0)
Mutation + Biological,99.0,0.0,-2.0962398344217106,-2.0962398344217106,2.0962398344217106,4.3942214434163605,0.0,Zero
Mutation + Biological,99.0,-2.321928,-2.9845391368254437,-0.6626111368254435,0.6626111368254435,0.43905351864510656,2.321928,Low (-4 to -2)
Mutation + Biological,99.0,0.0,-1.438161409369602,-1.438161409369602,1.438161409369602,2.06830823939996,0.0,Zero
Mutation + Biological,102.0,-0.5,-0.9338030312966538,-0.43380303129665376,0.43380303129665376,0.18818506996216555,0.5,Mild negative (-2 to 0)
Mutation + Biological,102.0,0.333333333,-0.8938629556715504,-1.2271962886715504,1.2271962886715504,1.5060107309292272,0.333333333,Positive (0 to 1)
Mutation + Biological,102.0,-0.666666667,-0.962524022368682,-0.29585735536868196,0.29585735536868196,0.08753157472575057,0.666666667,Mild negative (-2 to 0)
Mutation + Biological,102.0,0.0,-0.7831244892395739,-0.7831244892395739,0.7831244892395739,0.6132839656467435,0.0,Zero
Mutation + Biological,103.0,-0.666666667,-3.839549807109163,-3.172883140109163,3.172883140109163,10.067187420788983,0.666666667,Mild negative (-2 to 0)
Mutation + Biological,110.0,0.0,-0.2839409445503387,-0.2839409445503387,0.2839409445503387,0.08062245999213852,0.0,Zero
Mutation + Biological,110.0,-0.5,-0.0915972690285449,0.4084027309714551,0.4084027309714551,0.1667927906649427,0.5,Mild negative (-2 to 0)
Mutation + Biological,110.0,-1.0,-0.1169081195284734,0.8830918804715266,0.8830918804715266,0.7798512693547371,1.0,Mild negative (-2 to 0)
Mutation + Biological,110.0,-2.321928,-0.9284717612411232,1.3934562387588771,1.3934562387588771,1.9417202893360368,2.321928,Low (-4 to -2)
Mutation + Biological,120.0,-2.321928,-1.2022493535064689,1.1196786464935313,1.1196786464935313,1.2536802714135864,2.321928,Low (-4 to -2)
Mutation + Biological,120.0,-3.821928,-2.401502784513187,1.420425215486813,1.420425215486813,2.0176077927907596,3.821928,Low (-4 to -2)
Mutation + Biological,125.0,0.0,-0.1214734578650625,-0.1214734578650625,0.1214734578650625,0.014755800965695115,0.0,Zero
Mutation + Biological,125.0,0.0,-0.2828083953083954,-0.2828083953083954,0.2828083953083954,0.07998058845690964,0.0,Zero
Mutation + Biological,125.0,0.0,-0.0370940988967371,-0.0370940988967371,0.0370940988967371,0.0013759721729609126,0.0,Zero
Mutation + Biological,125.0,-5.321928,-1.8739274846110112,3.4480005153889888,3.4480005153889888,11.888707554122732,5.321928,Very low (<= -4)
Mutation + Biological,125.0,-2.321928,-2.711609496812885,-0.389681496812885,0.389681496812885,0.1518516689583305,2.321928,Low (-4 to -2)
Mutation + Biological,133.0,-3.821928,-1.061528095693691,2.7603999043063094,2.7603999043063094,7.619807631694282,3.821928,Low (-4 to -2)
Mutation + Biological,133.0,0.0,-1.1275158315831395,-1.1275158315831395,1.1275158315831395,1.2712919504706186,0.0,Zero
Mutation + Biological,135.0,-3.321928,-2.401502784513187,0.9204252154868131,0.9204252154868131,0.8471825773039463,3.321928,Low (-4 to -2)
Mutation + Biological,135.0,0.0,-0.503925556642579,-0.503925556642579,0.503925556642579,0.25394096663753307,0.0,Zero
Mutation + Biological,135.0,-2.321928,-1.2022493535064689,1.1196786464935313,1.1196786464935313,1.2536802714135864,2.321928,Low (-4 to -2)
Mutation + Biological,138.0,0.0,-0.907938450364066,-0.907938450364066,0.907938450364066,0.8243522296495015,0.0,Zero
Mutation + Biological,138.0,0.0,-1.6024589257182862,-1.6024589257182862,1.6024589257182862,2.5678746086142037,0.0,Zero
Mutation + Biological,138.0,0.0,-2.508060004701169,-2.508060004701169,2.508060004701169,6.290364987181629,0.0,Zero
Mutation + Biological,138.0,0.0,-3.5913519595615155,-3.5913519595615155,3.5913519595615155,12.897808897446337,0.0,Zero
Mutation + Biological,139.0,0.333333333,-0.907938450364066,-1.2412717833640659,1.2412717833640659,1.5407556401758085,0.333333333,Positive (0 to 1)
Mutation + Biological,139.0,-0.5,-1.1073816120875568,-0.6073816120875568,0.6073816120875568,0.36891242270207936,0.5,Mild negative (-2 to 0)
Mutation + Biological,139.0,0.0,-0.1797457499965512,-0.1797457499965512,0.1797457499965512,0.03230853464182269,0.0,Zero
Mutation + Biological,141.0,-1.0,-3.2460505607190644,-2.2460505607190644,2.2460505607190644,5.044743121306424,1.0,Mild negative (-2 to 0)
Mutation + Biological,141.0,-0.666666667,-3.188965407920682,-2.5222987409206823,2.5222987409206823,6.3619909384500595,0.666666667,Mild negative (-2 to 0)
Mutation + Biological,144.0,0.0,-0.9154474177324156,-0.9154474177324156,0.9154474177324156,0.8380439746329478,0.0,Zero
Mutation + Biological,144.0,0.0,-0.8588962280075481,-0.8588962280075481,0.8588962280075481,0.737702730485594,0.0,Zero
Mutation + Biological,144.0,-1.107309333,0.058782199604853,1.1660915326048529,1.1660915326048529,1.3597694624127346,1.107309333,Mild negative (-2 to 0)
Mutation + Biological,156.0,-0.5,-0.4812360994108763,0.018763900589123694,0.018763900589123694,0.0003520839653185165,0.5,Mild negative (-2 to 0)
Mutation + Biological,156.0,0.25,-0.0915972690285449,-0.3415972690285449,0.3415972690285449,0.1166886942077601,0.25,Positive (0 to 1)
Mutation + Biological,156.0,1.0,-3.240731853480902,-4.240731853480902,4.240731853480902,17.98380665312757,1.0,Positive (0 to 1)
Mutation + Biological,160.0,-1.0,-1.2022493535064689,-0.2022493535064689,0.2022493535064689,0.04090480099378462,1.0,Mild negative (-2 to 0)
Mutation + Biological,160.0,-0.5,-2.7696744135278517,-2.2696744135278517,2.2696744135278517,5.1514219434229975,0.5,Mild negative (-2 to 0)
Mutation + Biological,160.0,-0.5,-0.503925556642579,-0.003925556642578987,0.003925556642578987,1.5409994954096008e-05,0.5,Mild negative (-2 to 0)
Mutation + Biological,160.0,-1.0,-3.7297336162325183,-2.7297336162325183,2.7297336162325183,7.451445615589861,1.0,Mild negative (-2 to 0)
Mutation + Biological,165.0,-1.0,-1.7102506854247428,-0.7102506854247428,0.7102506854247428,0.504456036146317,1.0,Mild negative (-2 to 0)
Mutation + Biological,165.0,-0.333333333,-1.4620770448797806,-1.1287437118797805,1.1287437118797805,1.274062367108145,0.333333333,Mild negative (-2 to 0)
Mutation + Biological,165.0,-1.160964,-0.7246182216223037,0.4363457783776964,0.4363457783776964,0.19039763830803774,1.160964,Mild negative (-2 to 0)
Mutation + Biological,165.0,-1.0,-1.5410414732838131,-0.5410414732838131,0.5410414732838131,0.2927258758131191,1.0,Mild negative (-2 to 0)
Mutation + Biological,166.0,0.0,-0.4142197330201532,-0.4142197330201532,0.4142197330201532,0.171577987223287,0.0,Zero
Mutation + Biological,166.0,0.0,-0.7831244892395739,-0.7831244892395739,0.7831244892395739,0.6132839656467435,0.0,Zero
Mutation + Biological,166.0,-0.666666667,-0.9338030312966538,-0.26713636429665377,0.26713636429665377,0.07136183712963452,0.666666667,Mild negative (-2 to 0)
Mutation + Biological,166.0,0.0,-0.962524022368682,-0.962524022368682,0.962524022368682,0.926452493636787,0.0,Zero
Mutation + Biological,171.0,-0.166666667,-0.0370940988967371,0.1295725681032629,0.1295725681032629,0.016789050404874703,0.166666667,Mild negative (-2 to 0)
Mutation + Biological,171.0,0.0,-0.2828083953083954,-0.2828083953083954,0.2828083953083954,0.07998058845690964,0.0,Zero
Mutation + Biological,171.0,0.0,-2.711609496812885,-2.711609496812885,2.711609496812885,7.352826063205828,0.0,Zero
Mutation + Biological,171.0,-0.25,-0.1214734578650625,0.1285265421349375,0.1285265421349375,0.016519072033163863,0.25,Mild negative (-2 to 0)
Mutation + Biological,176.0,-0.5,-1.373116794944534,-0.873116794944534,0.873116794944534,0.7623329376142154,0.5,Mild negative (-2 to 0)
Mutation + Biological,176.0,-1.0,-2.1766879468572076,-1.1766879468572076,1.1766879468572076,1.3845945242790305,1.0,Mild negative (-2 to 0)
Mutation + Biological,188.0,0.0,0.1689562844163828,0.1689562844163828,0.1689562844163828,0.02854622604378964,0.0,Zero
Mutation + Biological,188.0,0.0,-1.2022493535064689,-1.2022493535064689,1.2022493535064689,1.4454035080067225,0.0,Zero
Mutation + Biological,194.0,0.0,-1.0549134489161054,-1.0549134489161054,1.0549134489161054,1.1128423847040725,0.0,Zero
Mutation + Biological,194.0,0.0,-3.198315900830412,-3.198315900830412,3.198315900830412,10.22922460150465,0.0,Zero
Mutation + Biological,194.0,0.0,-1.4497301234920632,-1.4497301234920632,1.4497301234920632,2.101717430960313,0.0,Zero
Mutation + Biological,194.0,-0.333333333,-1.4918684736417525,-1.1585351406417526,1.1585351406417526,1.3422036721018054,0.333333333,Mild negative (-2 to 0)
Mutation + Biological,196.0,0.0,-0.2414953749957455,-0.2414953749957455,0.2414953749957455,0.05832001614433574,0.0,Zero
Mutation + Biological,196.0,-1.0,-3.7297336162325183,-2.7297336162325183,2.7297336162325183,7.451445615589861,1.0,Mild negative (-2 to 0)
Mutation + Biological,196.0,0.0,-2.1405094006104664,-2.1405094006104664,2.1405094006104664,4.581780494101778,0.0,Zero
Mutation + Biological,200.0,-2.321928,-4.051198775650791,-1.7292707756507908,1.7292707756507908,2.9903774155198874,2.321928,Low (-4 to -2)
Mutation + Biological,200.0,0.0,-0.4653812835722211,-0.4653812835722211,0.4653812835722211,0.21657973909932804,0.0,Zero
Mutation + Biological,200.0,0.0,-1.1275158315831395,-1.1275158315831395,1.1275158315831395,1.2712919504706186,0.0,Zero
Mutation + Biological,200.0,0.0,-0.3415944394184638,-0.3415944394184638,0.3415944394184638,0.11668676104161453,0.0,Zero
Mutation + Biological,200.0,0.0,-1.061528095693691,-1.061528095693691,1.061528095693691,1.126841897947074,0.0,Zero
Mutation + Biological,217.0,-0.2,-0.7246182216223037,-0.5246182216223036,0.5246182216223036,0.2752242784581485,0.2,Mild negative (-2 to 0)
Mutation + Biological,217.0,0.0,-1.4620770448797806,-1.4620770448797806,1.4620770448797806,2.137669285164392,0.0,Zero
Mutation + Biological,217.0,-0.924658667,-1.7102506854247428,-0.7855920184247428,0.7855920184247428,0.6171548194126615,0.924658667,Mild negative (-2 to 0)
Mutation + Biological,218.0,-2.321928,-0.503925556642579,1.8180024433574213,1.8180024433574213,3.305132884053554,2.321928,Low (-4 to -2)
Mutation + Biological,218.0,-3.321928,-2.7696744135278517,0.5522535864721485,0.5522535864721485,0.3049840237713508,3.321928,Low (-4 to -2)
Mutation + Biological,218.0,-4.321928,-0.2414953749957455,4.080432625004255,4.080432625004255,16.64993040719911,4.321928,Very low (<= -4)
Mutation + Biological,218.0,-4.321928,-1.2022493535064689,3.119678646493531,3.119678646493531,9.73239485738771,4.321928,Very low (<= -4)
Mutation + Biological,221.0,-0.666666667,-3.049052568094348,-2.3823859010943482,2.3823859010943482,5.67576258173313,0.666666667,Mild negative (-2 to 0)
Mutation + Biological,221.0,0.0,-0.4715242990067101,-0.4715242990067101,0.4715242990067101,0.22233516455376937,0.0,Zero
Mutation + Biological,221.0,0.0,-0.5395779913412055,-0.5395779913412055,0.5395779913412055,0.29114440873981007,0.0,Zero
Mutation + Biological,221.0,-1.0,-2.6158056280264947,-1.6158056280264947,1.6158056280264947,2.6108278275620953,1.0,Mild negative (-2 to 0)
Mutation + Biological,221.0,0.0,-4.294627658003663,-4.294627658003663,4.294627658003663,18.44382672089003,0.0,Zero
Mutation + Biological,228.0,-1.0,-2.1514373374418385,-1.1514373374418385,1.1514373374418385,1.3258079420551503,1.0,Mild negative (-2 to 0)
Mutation + Biological,228.0,-1.881285333,-1.8190529789090393,0.06223235409096062,0.06223235409096062,0.0038728658957027026,1.881285333,Mild negative (-2 to 0)
Mutation + Biological,228.0,-2.321928,-1.9130710333756356,0.40885696662436466,0.40885696662436466,0.16716401915727683,2.321928,Low (-4 to -2)
Mutation + Biological,233.0,-5.321928,-0.971997408634086,4.349930591365914,4.349930591365914,18.921896149701013,5.321928,Very low (<= -4)
Mutation + Biological,233.0,0.0,-0.5395779913412055,-0.5395779913412055,0.5395779913412055,0.29114440873981007,0.0,Zero
Mutation + Biological,233.0,-5.321928,-2.6042917228910465,2.7176362771089533,2.7176362771089533,7.385546934658612,5.321928,Very low (<= -4)
Mutation + Biological,233.0,-3.321928,-3.049052568094348,0.2728754319056521,0.2728754319056521,0.07446100133769618,3.321928,Low (-4 to -2)
Mutation + Biological,239.0,-5.321928,-3.3910295520320535,1.9308984479679463,1.9308984479679463,3.7283688163650237,5.321928,Very low (<= -4)
Mutation + Biological,239.0,-5.321928,-3.2460505607190644,2.0758774392809354,2.0758774392809354,4.309267142915574,5.321928,Very low (<= -4)
Mutation + Biological,239.0,-5.321928,-3.188965407920682,2.1329625920793176,2.1329625920793176,4.549529419209722,5.321928,Very low (<= -4)
Mutation + Biological,239.0,-5.321928,-3.3396424324398377,1.982285567560162,1.982285567560162,3.929456071357314,5.321928,Very low (<= -4)
Mutation + Biological,240.0,0.0,-0.4715242990067101,-0.4715242990067101,0.4715242990067101,0.22233516455376937,0.0,Zero
Mutation + Biological,240.0,-4.321928,-3.0143996803217843,1.3075283196782155,1.3075283196782155,1.7096303067605376,4.321928,Very low (<= -4)
Mutation + Biological,240.0,-5.321928,-0.971997408634086,4.349930591365914,4.349930591365914,18.921896149701013,5.321928,Very low (<= -4)
Mutation + Biological,240.0,-1.0,-0.5395779913412055,0.46042200865879446,0.46042200865879446,0.211988426057399,1.0,Mild negative (-2 to 0)
Mutation + Biological,247.0,-5.321928,-2.1405094006104664,3.1814185993895334,3.1814185993895334,10.12142430454166,5.321928,Very low (<= -4)
Mutation + Biological,247.0,-5.321928,-4.094239044958357,1.2276889550416428,1.2276889550416428,1.5072201703312407,5.321928,Very low (<= -4)
Mutation + Biological,247.0,-0.25,0.1689562844163828,0.4189562844163828,0.4189562844163828,0.175524368251981,0.25,Mild negative (-2 to 0)
Mutation + Biological,247.0,-5.321928,-3.7297336162325183,1.5921943837674815,1.5921943837674815,2.53508295570071,5.321928,Very low (<= -4)
Mutation + Biological,250.0,0.5,-2.0962398344217106,-2.5962398344217106,2.5962398344217106,6.7404612778380715,0.5,Positive (0 to 1)
Mutation + Biological,250.0,1.0,-4.058196018085541,-5.058196018085541,5.058196018085541,25.58534695737642,1.0,Positive (0 to 1)
Mutation + Biological,250.0,0.0,-2.6384721846028807,-2.6384721846028807,2.6384721846028807,6.961535468923097,0.0,Zero
Mutation + Biological,250.0,0.0,-1.438161409369602,-1.438161409369602,1.438161409369602,2.06830823939996,0.0,Zero
Mutation + Biological,250.0,-0.333333333,-2.9845391368254437,-2.6512058038254436,2.6512058038254436,7.028892214237716,0.333333333,Mild negative (-2 to 0)
Mutation + Biological,250.0,0.0,-1.7018032602279154,-1.7018032602279154,1.7018032602279154,2.896134336522362,0.0,Zero
Mutation + Biological,255.0,-3.321928,-2.1766879468572076,1.1452400531427926,1.1452400531427926,1.3115747793225065,3.321928,Low (-4 to -2)
Mutation + Biological,255.0,-1.7414459999999998,-1.373116794944534,0.36832920505546585,0.36832920505546585,0.13566640329679142,1.7414459999999998,Mild negative (-2 to 0)
Mutation + Biological,255.0,-1.881285333,-1.5164670340952384,0.3648182989047615,0.3648182989047615,0.13309239121576388,1.881285333,Mild negative (-2 to 0)
Mutation + Biological,263.0,-3.321928,-3.3396424324398377,-0.017714432439837502,0.017714432439837502,0.00031380111666556723,3.321928,Low (-4 to -2)
Mutation + Biological,263.0,-3.988594667,-3.3910295520320535,0.5975651149679466,0.5975651149679466,0.35708406662665526,3.988594667,Low (-4 to -2)
Mutation + Biological,273.0,0.0,-1.5164670340952384,-1.5164670340952384,1.5164670340952384,2.299672265497609,0.0,Zero
Mutation + Biological,273.0,0.5,-0.568650459259585,-1.068650459259585,1.068650459259585,1.1420138040757217,0.5,Positive (0 to 1)
Mutation + Biological,273.0,0.0,-0.789471715569297,-0.789471715569297,0.789471715569297,0.6232655896839289,0.0,Zero
Mutation + Biological,273.0,0.0,-0.3908589979220779,-0.3908589979220779,0.3908589979220779,0.1527707562566509,0.0,Zero
Mutation + Biological,278.0,-5.321928,-1.8739274846110112,3.4480005153889888,3.4480005153889888,11.888707554122732,5.321928,Very low (<= -4)
Mutation + Biological,278.0,0.0,-0.0370940988967371,-0.0370940988967371,0.0370940988967371,0.0013759721729609126,0.0,Zero
Mutation + Biological,278.0,-4.321928,-2.711609496812885,1.6103185031871146,1.6103185031871146,2.593125681706789,4.321928,Very low (<= -4)
Mutation + Biological,278.0,-1.0,-0.2828083953083954,0.7171916046916046,0.7171916046916046,0.5143637978401189,1.0,Mild negative (-2 to 0)
Mutation + Biological,278.0,0.0,-0.1214734578650625,-0.1214734578650625,0.1214734578650625,0.014755800965695115,0.0,Zero
Mutation + Biological,279.0,-1.0,-1.4918684736417525,-0.49186847364175246,0.49186847364175246,0.24193459536266734,1.0,Mild negative (-2 to 0)
Mutation + Biological,279.0,-5.321928,-3.188965407920682,2.1329625920793176,2.1329625920793176,4.549529419209722,5.321928,Very low (<= -4)
Mutation + Biological,279.0,-1.660964,-1.0549134489161054,0.6060505510838947,0.6060505510838947,0.3672972704690925,1.660964,Mild negative (-2 to 0)
Mutation + Biological,283.0,0.0,-1.5843128788392724,-1.5843128788392724,1.5843128788392724,2.510047298055983,0.0,Zero
Mutation + Biological,283.0,-0.333333333,-0.1214734578650625,0.2118598751349375,0.2118598751349375,0.04488460669219131,0.333333333,Mild negative (-2 to 0)
Mutation + Biological,283.0,0.0,-2.711609496812885,-2.711609496812885,2.711609496812885,7.352826063205828,0.0,Zero
Mutation + Biological,283.0,-4.321928,-4.666449342861082,-0.34452134286108205,0.34452134286108205,0.11869495568680324,4.321928,Very low (<= -4)
Mutation + Sequence,30.0,-0.386988,-0.9657087844800014,-0.5787207844800014,0.5787207844800014,0.33491774638914823,0.386988,Mild negative (-2 to 0)
Mutation + Sequence,30.0,-1.0,-1.1571522866466677,-0.1571522866466677,0.1571522866466677,0.02469684119827641,1.0,Mild negative (-2 to 0)
Mutation + Sequence,30.0,-2.321928,-0.8187737142966663,1.5031542857033338,1.5031542857033338,2.2594728066282994,2.321928,Low (-4 to -2)
Mutation + Sequence,30.0,1.0,-1.009200963480001,-2.009200963480001,2.009200963480001,4.036888511648964,1.0,Positive (0 to 1)
Mutation + Sequence,30.0,0.0,-0.8516017180666683,-0.8516017180666683,0.8516017180666683,0.7252254862141012,0.0,Zero
Mutation + Sequence,33.0,0.0,-1.7821501193366691,-1.7821501193366691,1.7821501193366691,3.176059047851704,0.0,Zero
Mutation + Sequence,33.0,-1.0,-1.7345949133100032,-0.7345949133100032,0.7345949133100032,0.539629686660931,1.0,Mild negative (-2 to 0)
Mutation + Sequence,33.0,-1.0,-1.4066085546333358,-0.4066085546333358,0.4066085546333358,0.1653305167010104,1.0,Mild negative (-2 to 0)
Mutation + Sequence,33.0,0.0,-1.9345275888866684,-1.9345275888866684,1.9345275888866684,3.7423969921636666,0.0,Zero
Mutation + Sequence,34.0,-1.0643856000000005,-0.3716270622133334,0.6927585377866671,0.6927585377866671,0.47991439167632105,1.0643856000000005,Mild negative (-2 to 0)
Mutation + Sequence,34.0,0.0,-0.3322132799399998,-0.3322132799399998,0.3322132799399998,0.11036566336849266,0.0,Zero
Mutation + Sequence,34.0,-5.321928,-1.594537439993334,3.7273905600066657,3.7273905600066657,13.893440386826805,5.321928,Very low (<= -4)
Mutation + Sequence,34.0,-1.0,-0.5172015111033339,0.4827984888966661,0.4827984888966661,0.23309438088090423,1.0,Mild negative (-2 to 0)
Mutation + Sequence,34.0,-4.821928,-3.783828062223327,1.0380999377766726,1.0380999377766726,1.0776514808119315,4.821928,Very low (<= -4)
Mutation + Sequence,39.0,1.0,-2.5890872154866624,-3.5890872154866624,3.5890872154866624,12.881547040369805,1.0,Positive (0 to 1)
Mutation + Sequence,39.0,-0.5,-2.6456298119699952,-2.1456298119699952,2.1456298119699952,4.6037272900143975,0.5,Mild negative (-2 to 0)
Mutation + Sequence,39.0,0.0,-4.324506679993335,-4.324506679993335,4.324506679993335,18.701358025306977,0.0,Zero
Mutation + Sequence,39.0,0.0,-3.2983513896999908,-3.2983513896999908,3.2983513896999908,10.87912188993586,0.0,Zero
Mutation + Sequence,39.0,0.0,-2.3111573617733323,-2.3111573617733323,2.3111573617733323,5.3414483508790696,0.0,Zero
Mutation + Sequence,42.0,-1.0,-1.1724910910666675,-0.1724910910666675,0.1724910910666675,0.029753176497369378,1.0,Mild negative (-2 to 0)
Mutation + Sequence,42.0,0.25,-0.7929341044633335,-1.0429341044633333,1.0429341044633333,1.0877115462527351,0.25,Positive (0 to 1)
Mutation + Sequence,42.0,-5.321928,-2.8041190466733266,2.517808953326673,2.517808953326673,6.339361925451958,5.321928,Very low (<= -4)
Mutation + Sequence,42.0,-5.321928,-1.604843995550002,3.7170840044499975,3.7170840044499975,13.816713496138028,5.321928,Very low (<= -4)
Mutation + Sequence,43.0,-0.666666667,-0.9256654768800006,-0.25899880988000057,0.25899880988000057,0.06708038351925669,0.666666667,Mild negative (-2 to 0)
Mutation + Sequence,43.0,-3.321928,-1.364610106006669,1.9573178939933311,1.9573178939933311,3.831093338146489,3.321928,Low (-4 to -2)
Mutation + Sequence,43.0,-5.321928,-3.3923389053333235,1.9295890946666763,1.9295890946666763,3.7233140742565634,5.321928,Very low (<= -4)
Mutation + Sequence,43.0,-1.0,-0.925483768453334,0.07451623154666598,0.07451623154666598,0.005552668763916338,1.0,Mild negative (-2 to 0)
Mutation + Sequence,48.0,0.0,-1.5916411413066682,-1.5916411413066682,1.5916411413066682,2.5333215226999934,0.0,Zero
Mutation + Sequence,48.0,-1.0,-1.8533136714366671,-0.8533136714366671,0.8533136714366671,0.7281442218607244,1.0,Mild negative (-2 to 0)
Mutation + Sequence,48.0,-1.0,-1.539249310173334,-0.539249310173334,0.539249310173334,0.2907898185224166,1.0,Mild negative (-2 to 0)
Mutation + Sequence,48.0,-1.991446,-1.922136029239999,0.06930997076000112,0.06930997076000112,0.00480387204675221,1.991446,Mild negative (-2 to 0)
Mutation + Sequence,49.0,0.0,-0.4906558920666669,-0.4906558920666669,0.4906558920666669,0.24074320441973665,0.0,Zero
Mutation + Sequence,49.0,-2.321928,-1.100903349196667,1.2210246508033331,1.2210246508033331,1.4909011978694016,2.321928,Low (-4 to -2)
Mutation + Sequence,49.0,0.0,-0.805257423356668,-0.805257423356668,0.805257423356668,0.6484395178710199,0.0,Zero
Mutation + Sequence,49.0,-2.321928,-3.9757163066666625,-1.6537883066666623,1.6537883066666623,2.7350157632673864,2.321928,Low (-4 to -2)
Mutation + Sequence,49.0,-3.321928,-1.4598333365000025,1.8620946634999977,1.8620946634999977,3.46739653583517,3.321928,Low (-4 to -2)
Mutation + Sequence,54.0,0.0,-0.660846809936667,-0.660846809936667,0.660846809936667,0.4367185062034693,0.0,Zero
Mutation + Sequence,54.0,-1.370723,-3.455069267286657,-2.0843462672866573,2.0843462672866573,4.344499361951821,1.370723,Mild negative (-2 to 0)
Mutation + Sequence,54.0,0.25,-0.7007402774466674,-0.9507402774466674,0.9507402774466674,0.9039070751593662,0.25,Positive (0 to 1)
Mutation + Sequence,54.0,0.333333333,-0.26844893585,-0.6017822688500001,0.6017822688500001,0.36214189910225375,0.333333333,Positive (0 to 1)
Mutation + Sequence,57.0,0.0,-0.5396210195833326,-0.5396210195833326,0.5396210195833326,0.2911908447761555,0.0,Zero
Mutation + Sequence,57.0,0.0,-0.4221190833200003,-0.4221190833200003,0.4221190833200003,0.17818452050291736,0.0,Zero
Mutation + Sequence,57.0,0.0,-0.5356649690199998,-0.5356649690199998,0.5356649690199998,0.2869369590351974,0.0,Zero
Mutation + Sequence,57.0,0.0,-0.4193838303066667,-0.4193838303066667,0.4193838303066667,0.175882797122691,0.0,Zero
Mutation + Sequence,69.0,-5.321928,-2.012408279120002,3.309519720879998,3.309519720879998,10.952920782893619,5.321928,Very low (<= -4)
Mutation + Sequence,69.0,-2.821928,-1.428462446953335,1.3934655530466653,1.3934655530466653,1.9417462475276488,2.821928,Low (-4 to -2)
Mutation + Sequence,69.0,-4.321928,-1.2617287129366674,3.060199287063332,3.060199287063332,9.364819676542925,4.321928,Very low (<= -4)
Mutation + Sequence,69.0,-1.214618667,-1.160889996856668,0.05372867014333216,0.05372867014333216,0.0028867699953709926,1.214618667,Mild negative (-2 to 0)
Mutation + Sequence,70.0,-1.0,-0.7899221206333338,0.21007787936666622,0.21007787936666622,0.04413271539919556,1.0,Mild negative (-2 to 0)
Mutation + Sequence,70.0,-1.5287712,-0.7655009851500003,0.7632702148499997,0.7632702148499997,0.5825814208771647,1.5287712,Mild negative (-2 to 0)
Mutation + Sequence,70.0,0.0,-0.843037864783334,-0.843037864783334,0.843037864783334,0.7107128414584429,0.0,Zero
Mutation + Sequence,70.0,-4.321928,-0.8582416873733338,3.463686312626666,3.463686312626666,11.99712287227731,4.321928,Very low (<= -4)
Mutation + Sequence,70.0,-0.666666667,-0.8152450169033341,-0.14857834990333407,0.14857834990333407,0.02207552605999757,0.666666667,Mild negative (-2 to 0)
Mutation + Sequence,90.0,0.0,-1.8440082986566688,-1.8440082986566688,1.8440082986566688,3.4003666055146624,0.0,Zero
Mutation + Sequence,90.0,-1.7739759999999998,-2.402785203236664,-0.6288092032366643,0.6288092032366643,0.3954010140751286,1.7739759999999998,Mild negative (-2 to 0)
Mutation + Sequence,90.0,0.0,-2.829753513759995,-2.829753513759995,2.829753513759995,8.00750494863704,0.0,Zero
Mutation + Sequence,90.0,-0.4,-2.0329716035433343,-1.6329716035433344,1.6329716035433344,2.6665962579788887,0.4,Mild negative (-2 to 0)
Mutation + Sequence,90.0,0.333333333,-3.889108666663328,-4.222441999663328,4.222441999663328,17.829016440520846,0.333333333,Positive (0 to 1)
Mutation + Sequence,91.0,-3.321928,-1.7883558994400002,1.53357210056,1.53357210056,2.351843387616011,3.321928,Low (-4 to -2)
Mutation + Sequence,91.0,0.0,-1.506981779493332,-1.506981779493332,1.506981779493332,2.2709940837248896,0.0,Zero
Mutation + Sequence,91.0,-2.321928,-1.7876539447933328,0.5342740552066674,0.5342740552066674,0.28544876606697706,2.321928,Low (-4 to -2)
Mutation + Sequence,91.0,-1.0,-1.3424658096100015,-0.3424658096100015,0.3424658096100015,0.1172828307518338,1.0,Mild negative (-2 to 0)
Mutation + Sequence,92.0,-1.0,-1.6182512724900002,-0.6182512724900002,0.6182512724900002,0.3822346359355045,1.0,Mild negative (-2 to 0)
Mutation + Sequence,92.0,-2.321928,-0.6289360405866665,1.6929919594133338,1.6929919594133338,2.8662217746381993,2.321928,Low (-4 to -2)
Mutation + Sequence,92.0,-0.428571429,-0.6945164034933331,-0.2659449744933331,0.2659449744933331,0.07072672945825959,0.428571429,Mild negative (-2 to 0)
Mutation + Sequence,92.0,0.2,-0.8901188626433333,-1.0901188626433334,1.0901188626433334,1.1883591346907947,0.2,Positive (0 to 1)
Mutation + Sequence,92.0,-1.0,-0.8733180923200007,0.12668190767999932,0.12668190767999932,0.01604830573344387,1.0,Mild negative (-2 to 0)
Mutation + Sequence,97.0,-1.107309333,-0.7278863933700005,0.3794229396299994,0.3794229396299994,0.14396176711747016,1.107309333,Mild negative (-2 to 0)
Mutation + Sequence,97.0,0.0,-0.766260752920001,-0.766260752920001,0.766260752920001,0.5871555414655267,0.0,Zero
Mutation + Sequence,97.0,0.25,-0.7406813039866679,-0.9906813039866679,0.9906813039866679,0.9814494460687246,0.25,Positive (0 to 1)
Mutation + Sequence,97.0,0.0,-3.827322062223328,-3.827322062223328,3.827322062223328,14.648394167981428,0.0,Zero
Mutation + Sequence,99.0,-0.5,-1.975859826553336,-1.475859826553336,1.475859826553336,2.178162227634043,0.5,Mild negative (-2 to 0)
Mutation + Sequence,99.0,0.0,-1.5669542900333364,-1.5669542900333364,1.5669542900333364,2.4553457470538773,0.0,Zero
Mutation + Sequence,99.0,-2.321928,-2.3901252119799983,-0.06819721197999806,0.06819721197999806,0.004650859721844792,2.321928,Low (-4 to -2)
Mutation + Sequence,99.0,0.0,-1.0921798249033348,-1.0921798249033348,1.0921798249033348,1.192856769925879,0.0,Zero
Mutation + Sequence,102.0,-0.5,-0.8313421511066679,-0.33134215110666787,0.33134215110666787,0.10978762109999392,0.5,Mild negative (-2 to 0)
Mutation + Sequence,102.0,0.333333333,-0.996663833640002,-1.329997166640002,1.329997166640002,1.768892463270433,0.333333333,Positive (0 to 1)
Mutation + Sequence,102.0,-0.666666667,-0.9831348622200016,-0.3164681952200016,0.3164681952200016,0.10015211858580503,0.666666667,Mild negative (-2 to 0)
Mutation + Sequence,102.0,0.0,-0.9284250133300016,-0.9284250133300016,0.9284250133300016,0.8619730053768137,0.0,Zero
Mutation + Sequence,103.0,-0.666666667,-2.9527918072966566,-2.2861251402966567,2.2861251402966567,5.226368157096409,0.666666667,Mild negative (-2 to 0)
Mutation + Sequence,110.0,0.0,-1.0167727533400013,-1.0167727533400013,1.0167727533400013,1.0338268319346071,0.0,Zero
Mutation + Sequence,110.0,-0.5,-0.8878305348166672,-0.3878305348166672,0.3878305348166672,0.1504125237361821,0.5,Mild negative (-2 to 0)
Mutation + Sequence,110.0,-1.0,-0.8413956333466672,0.15860436665333277,0.15860436665333277,0.025155345121504816,1.0,Mild negative (-2 to 0)
Mutation + Sequence,110.0,-2.321928,-1.9181027977833351,0.40382520221666507,0.40382520221666507,0.16307479394533042,2.321928,Low (-4 to -2)
Mutation + Sequence,120.0,-2.321928,-1.323969627810002,0.9979583721899983,0.9979583721899983,0.9959209126241111,2.321928,Low (-4 to -2)
Mutation + Sequence,120.0,-3.821928,-1.7386279132700042,2.083300086729996,2.083300086729996,4.340139251369209,3.821928,Low (-4 to -2)
Mutation + Sequence,125.0,0.0,-0.7883744638066675,-0.7883744638066675,0.7883744638066675,0.6215342951824505,0.0,Zero
Mutation + Sequence,125.0,0.0,-0.6562839500433335,-0.6562839500433335,0.6562839500433335,0.43070862308448066,0.0,Zero
Mutation + Sequence,125.0,0.0,-0.843133265743334,-0.843133265743334,0.843133265743334,0.7108737038030195,0.0,Zero
Mutation + Sequence,125.0,-5.321928,-1.6850145800200012,3.6369134199799986,3.6369134199799986,13.22713922443061,5.321928,Very low (<= -4)
Mutation + Sequence,125.0,-2.321928,-1.228678962870002,1.0932490371299983,1.0932490371299983,1.1951934571856684,2.321928,Low (-4 to -2)
Mutation + Sequence,133.0,-3.821928,-0.4447994044533334,3.377128595546667,3.377128595546667,11.404997550859003,3.821928,Low (-4 to -2)
Mutation + Sequence,133.0,0.0,-0.4622943098466669,-0.4622943098466669,0.4622943098466669,0.21371602891660607,0.0,Zero
Mutation + Sequence,135.0,-3.321928,-1.6267790704833371,1.695148929516663,1.695148929516663,2.8735298932414888,3.321928,Low (-4 to -2)
Mutation + Sequence,135.0,0.0,-1.149312963826669,-1.149312963826669,1.149312963826669,1.3209202888200422,0.0,Zero
Mutation + Sequence,135.0,-2.321928,-1.3105656570200026,1.0113623429799976,1.0113623429799976,1.0228537887979903,2.321928,Low (-4 to -2)
Mutation + Sequence,138.0,0.0,-0.4536458356700002,-0.4536458356700002,0.4536458356700002,0.20579454422073284,0.0,Zero
Mutation + Sequence,138.0,0.0,-0.46356898555,-0.46356898555,0.46356898555,0.2148962043638561,0.0,Zero
Mutation + Sequence,138.0,0.0,-1.631182626639999,-1.631182626639999,1.631182626639999,2.660756761452166,0.0,Zero
Mutation + Sequence,138.0,0.0,-2.0840179568466666,-2.0840179568466666,2.0840179568466666,4.343130844459354,0.0,Zero
Mutation + Sequence,139.0,0.333333333,-0.4452429971933335,-0.7785763301933335,0.7785763301933335,0.6061811019373187,0.333333333,Positive (0 to 1)
Mutation + Sequence,139.0,-0.5,-0.2595265462233334,0.24047345377666662,0.24047345377666662,0.05782748197127862,0.5,Mild negative (-2 to 0)
Mutation + Sequence,139.0,0.0,-0.503215286696667,-0.503215286696667,0.503215286696667,0.2532256247652088,0.0,Zero
Mutation + Sequence,141.0,-1.0,-1.8432690346433336,-0.8432690346433336,0.8432690346433336,0.7111026647882998,1.0,Mild negative (-2 to 0)
Mutation + Sequence,141.0,-0.666666667,-1.636852293306668,-0.970185626306668,0.970185626306668,0.9412601494920617,0.666666667,Mild negative (-2 to 0)
Mutation + Sequence,144.0,0.0,-0.6656086863500006,-0.6656086863500006,0.6656086863500006,0.44303492334457345,0.0,Zero
Mutation + Sequence,144.0,0.0,-0.3362076787300003,-0.3362076787300003,0.3362076787300003,0.11303560323701509,0.0,Zero
Mutation + Sequence,144.0,-1.107309333,-0.0341444463633333,1.0731648866366665,1.0731648866366665,1.1516828739098894,1.107309333,Mild negative (-2 to 0)
Mutation + Sequence,156.0,-0.5,-0.7955207851466669,-0.2955207851466669,0.2955207851466669,0.08733253445370247,0.5,Mild negative (-2 to 0)
Mutation + Sequence,156.0,0.25,-1.0434533711066685,-1.2934533711066685,1.2934533711066685,1.673021623227205,0.25,Positive (0 to 1)
Mutation + Sequence,156.0,1.0,-3.7695140356433248,-4.769514035643325,4.769514035643325,22.748264136198674,1.0,Positive (0 to 1)
Mutation + Sequence,160.0,-1.0,-0.7827768762133337,0.2172231237866663,0.2172231237866663,0.04718588550763735,1.0,Mild negative (-2 to 0)
Mutation + Sequence,160.0,-0.5,-1.2120435771433342,-0.7120435771433342,0.7120435771433342,0.5070060557510754,0.5,Mild negative (-2 to 0)
Mutation + Sequence,160.0,-0.5,-0.3961779400200001,0.10382205997999988,0.10382205997999988,0.010779020138490693,0.5,Mild negative (-2 to 0)
Mutation + Sequence,160.0,-1.0,-4.44448378666667,-3.4444837866666704,3.4444837866666704,11.864468556609564,1.0,Mild negative (-2 to 0)
Mutation + Sequence,165.0,-1.0,-0.0789726933299999,0.9210273066700001,0.9210273066700001,0.8482912996317944,1.0,Mild negative (-2 to 0)
Mutation + Sequence,165.0,-0.333333333,-0.2151200607166667,0.11821327228333331,0.11821327228333331,0.0139743777439335,0.333333333,Mild negative (-2 to 0)
Mutation + Sequence,165.0,-1.160964,-0.1065684945999999,1.0543955054000003,1.0543955054000003,1.111749881807722,1.160964,Mild negative (-2 to 0)
Mutation + Sequence,165.0,-1.0,-0.11359061104,0.88640938896,0.88640938896,0.7857216048364406,1.0,Mild negative (-2 to 0)
Mutation + Sequence,166.0,0.0,-1.1354542800033345,-1.1354542800033345,1.1354542800033345,1.2892564219778908,0.0,Zero
Mutation + Sequence,166.0,0.0,-0.8604599000066677,-0.8604599000066677,0.8604599000066677,0.7403912395194846,0.0,Zero
Mutation + Sequence,166.0,-0.666666667,-0.992853351113335,-0.32618668411333496,0.32618668411333496,0.10639775289285257,0.666666667,Mild negative (-2 to 0)
Mutation + Sequence,166.0,0.0,-1.0718007378533336,-1.0718007378533336,1.0718007378533336,1.1487568216629505,0.0,Zero
Mutation + Sequence,171.0,-0.166666667,-2.442144915119998,-2.275478248119998,2.275478248119998,5.177801257667255,0.166666667,Mild negative (-2 to 0)
Mutation + Sequence,171.0,0.0,-2.187951470686666,-2.187951470686666,2.187951470686666,4.787131638079945,0.0,Zero
Mutation + Sequence,171.0,0.0,-2.176913894546667,-2.176913894546667,2.176913894546667,4.738954104270337,0.0,Zero
Mutation + Sequence,171.0,-0.25,-2.2280784785566654,-1.9780784785566654,1.9780784785566654,3.9127944673290522,0.25,Mild negative (-2 to 0)
Mutation + Sequence,176.0,-0.5,-1.0550578583600008,-0.5550578583600008,0.5550578583600008,0.3080892261271907,0.5,Mild negative (-2 to 0)
Mutation + Sequence,176.0,-1.0,-0.956432496533334,0.04356750346666605,0.04356750346666605,0.001898127358317958,1.0,Mild negative (-2 to 0)
Mutation + Sequence,188.0,0.0,-0.3045314368233333,-0.3045314368233333,0.3045314368233333,0.09273939601368383,0.0,Zero
Mutation + Sequence,188.0,0.0,-0.8989877332866676,-0.8989877332866676,0.8989877332866676,0.8081789445999006,0.0,Zero
Mutation + Sequence,194.0,0.0,-1.449314490660001,-1.449314490660001,1.449314490660001,2.1005124928370584,0.0,Zero
Mutation + Sequence,194.0,0.0,-3.608679875553326,-3.608679875553326,3.608679875553326,13.022570444223566,0.0,Zero
Mutation + Sequence,194.0,0.0,-1.3836339555466683,-1.3836339555466683,1.3836339555466683,1.9144429229417197,0.0,Zero
Mutation + Sequence,194.0,-0.333333333,-2.0006204845000015,-1.6672871515000014,1.6672871515000014,2.7798464455569887,0.333333333,Mild negative (-2 to 0)
Mutation + Sequence,196.0,0.0,-1.088648782226668,-1.088648782226668,1.088648782226668,1.1851561710436072,0.0,Zero
Mutation + Sequence,196.0,-1.0,-4.395214720000003,-3.395214720000003,3.395214720000003,11.527482994904698,1.0,Mild negative (-2 to 0)
Mutation + Sequence,196.0,0.0,-1.7128950222566672,-1.7128950222566672,1.7128950222566672,2.9340093572716683,0.0,Zero
Mutation + Sequence,200.0,-2.321928,-1.3388990539666688,0.9830289460333315,0.9830289460333315,0.9663459087394025,2.321928,Low (-4 to -2)
Mutation + Sequence,200.0,0.0,-0.4145470584133333,-0.4145470584133333,0.4145470584133333,0.17184926363914754,0.0,Zero
Mutation + Sequence,200.0,0.0,-0.3671122152466669,-0.3671122152466669,0.3671122152466669,0.13477137858331506,0.0,Zero
Mutation + Sequence,200.0,0.0,-0.3771839920066664,-0.3771839920066664,0.3771839920066664,0.142267763826085,0.0,Zero
Mutation + Sequence,200.0,0.0,-0.3703525254066667,-0.3703525254066667,0.3703525254066667,0.1371609930750957,0.0,Zero
Mutation + Sequence,217.0,-0.2,-1.2044765866733356,-1.0044765866733356,1.0044765866733356,1.0089732131749152,0.2,Mild negative (-2 to 0)
Mutation + Sequence,217.0,0.0,-1.4306836031400014,-1.4306836031400014,1.4306836031400014,2.046855572293657,0.0,Zero
Mutation + Sequence,217.0,-0.924658667,-1.1247392977933353,-0.20008063079333527,0.20008063079333527,0.04003225881865894,0.924658667,Mild negative (-2 to 0)
Mutation + Sequence,218.0,-2.321928,-0.4740502333333334,1.8478777666666668,1.8478777666666668,3.4146522405409883,2.321928,Low (-4 to -2)
Mutation + Sequence,218.0,-3.321928,-1.3491876834933336,1.9727403165066666,1.9727403165066666,3.891704356370823,3.321928,Low (-4 to -2)
Mutation + Sequence,218.0,-4.321928,-0.5820259787233338,3.739902021276666,3.739902021276666,13.986867128749292,4.321928,Very low (<= -4)
Mutation + Sequence,218.0,-4.321928,-0.8755392509233341,3.446388749076666,3.446388749076666,11.877595409762225,4.321928,Very low (<= -4)
Mutation + Sequence,221.0,-0.666666667,-1.156037555553335,-0.4893708885533351,0.4893708885533351,0.23948386656348072,0.666666667,Mild negative (-2 to 0)
Mutation + Sequence,221.0,0.0,-0.4771852508066669,-0.4771852508066669,0.4771852508066669,0.2277057635874216,0.0,Zero
Mutation + Sequence,221.0,0.0,-0.8931990082533335,-0.8931990082533335,0.8931990082533335,0.7978044683447386,0.0,Zero
Mutation + Sequence,221.0,-1.0,-0.7924248952433337,0.2075751047566663,0.2075751047566663,0.04308742411474099,1.0,Mild negative (-2 to 0)
Mutation + Sequence,221.0,0.0,-0.4598841923899998,-0.4598841923899998,0.4598841923899998,0.21149347041020233,0.0,Zero
Mutation + Sequence,228.0,-1.0,-4.354814293336669,-3.354814293336669,3.354814293336669,11.254778942776014,1.0,Mild negative (-2 to 0)
Mutation + Sequence,228.0,-1.881285333,-2.002049867943334,-0.12076453494333417,0.12076453494333417,0.01458407290007978,1.881285333,Mild negative (-2 to 0)
Mutation + Sequence,228.0,-2.321928,-4.41611764221667,-2.0941896422166697,2.0941896422166697,4.385630257567583,2.321928,Low (-4 to -2)
Mutation + Sequence,233.0,-5.321928,-0.6060616024366668,4.715866397563333,4.715866397563333,22.239395879666965,5.321928,Very low (<= -4)
Mutation + Sequence,233.0,0.0,-0.45262634592,-0.45262634592,0.45262634592,0.20487060902089152,0.0,Zero
Mutation + Sequence,233.0,-5.321928,-1.3522442190300028,3.969683780969997,3.969683780969997,15.758389320896251,5.321928,Very low (<= -4)
Mutation + Sequence,233.0,-3.321928,-3.4153573689033223,-0.0934293689033221,0.0934293689033221,0.00872904697367305,3.321928,Low (-4 to -2)
Mutation + Sequence,239.0,-5.321928,-3.690135469316661,1.631792530683339,1.631792530683339,2.6627468631939357,5.321928,Very low (<= -4)
Mutation + Sequence,239.0,-5.321928,-3.6067189097699943,1.7152090902300055,1.7152090902300055,2.941942223207643,5.321928,Very low (<= -4)
Mutation + Sequence,239.0,-5.321928,-3.542221438656659,1.7797065613433407,1.7797065613433407,3.167355444488538,5.321928,Very low (<= -4)
Mutation + Sequence,239.0,-5.321928,-3.779699173779995,1.5422288262200046,1.5422288262200046,2.378469752423933,5.321928,Very low (<= -4)
Mutation + Sequence,240.0,0.0,-1.001290833030001,-1.001290833030001,1.001290833030001,1.0025833323099134,0.0,Zero
Mutation + Sequence,240.0,-4.321928,-1.3908486936633366,2.931079306336663,2.931079306336663,8.591225900035015,4.321928,Very low (<= -4)
Mutation + Sequence,240.0,-5.321928,-0.9692247316933345,4.352703268306666,4.352703268306666,18.94602574192753,5.321928,Very low (<= -4)
Mutation + Sequence,240.0,-1.0,-0.9702013955733338,0.029798604426666153,0.029798604426666153,0.0008879568257769277,1.0,Mild negative (-2 to 0)
Mutation + Sequence,247.0,-5.321928,-1.7855123096533343,3.5364156903466655,3.5364156903466655,12.506235934930082,5.321928,Very low (<= -4)
Mutation + Sequence,247.0,-5.321928,-2.225150214033333,3.0967777859666668,3.0967777859666668,9.59003265565661,5.321928,Very low (<= -4)
Mutation + Sequence,247.0,-0.25,-1.413066822356669,-1.163066822356669,1.163066822356669,1.3527244332668393,0.25,Mild negative (-2 to 0)
Mutation + Sequence,247.0,-5.321928,-3.8171769333333274,1.5047510666666724,1.5047510666666724,2.2642757726344884,5.321928,Very low (<= -4)
Mutation + Sequence,250.0,0.5,-1.0943762257233351,-1.5943762257233351,1.5943762257233351,2.5420355491517874,0.5,Positive (0 to 1)
Mutation + Sequence,250.0,1.0,-1.3663550939766669,-2.366355093976667,2.366355093976667,5.59963643078932,1.0,Positive (0 to 1)
Mutation + Sequence,250.0,0.0,-1.455084072043335,-1.455084072043335,1.455084072043335,2.117269656714213,0.0,Zero
Mutation + Sequence,250.0,0.0,-0.7539357739733339,-0.7539357739733339,0.7539357739733339,0.56841915127677,0.0,Zero
Mutation + Sequence,250.0,-0.333333333,-1.464770179646667,-1.1314368466466669,1.1314368466466669,1.2801493379497533,0.333333333,Mild negative (-2 to 0)
Mutation + Sequence,250.0,0.0,-1.1120440209400009,-1.1120440209400009,1.1120440209400009,1.2366419045084052,0.0,Zero
Mutation + Sequence,255.0,-3.321928,-1.6946632177300005,1.6272647822699997,1.6272647822699997,2.6479906716162294,3.321928,Low (-4 to -2)
Mutation + Sequence,255.0,-1.7414459999999998,-1.0961310392533343,0.6453149607466655,0.6453149607466655,0.41643139856347045,1.7414459999999998,Mild negative (-2 to 0)
Mutation + Sequence,255.0,-1.881285333,-1.1116599633766675,0.7696253696233324,0.7696253696233324,0.592323209567851,1.881285333,Mild negative (-2 to 0)
Mutation + Sequence,263.0,-3.321928,-2.300467016886668,1.0214609831133323,1.0214609831133323,1.0433825400228554,3.321928,Low (-4 to -2)
Mutation + Sequence,263.0,-3.988594667,-2.5906497670833297,1.3979448999166704,1.3979448999166704,1.9542499432030296,3.988594667,Low (-4 to -2)
Mutation + Sequence,273.0,0.0,-1.4356669343100024,-1.4356669343100024,1.4356669343100024,2.0611395462710806,0.0,Zero
Mutation + Sequence,273.0,0.5,-1.7073741668033358,-2.2073741668033358,2.2073741668033358,4.872500712270721,0.5,Positive (0 to 1)
Mutation + Sequence,273.0,0.0,-1.507592188110001,-1.507592188110001,1.507592188110001,2.2728342056503004,0.0,Zero
Mutation + Sequence,273.0,0.0,-1.6373485436433342,-1.6373485436433342,1.6373485436433342,2.6809102533709472,0.0,Zero
Mutation + Sequence,278.0,-5.321928,-1.138442728503335,4.183485271496664,4.183485271496664,17.501549016829518,5.321928,Very low (<= -4)
Mutation + Sequence,278.0,0.0,-0.631101402756667,-0.631101402756667,0.631101402756667,0.39828898056143286,0.0,Zero
Mutation + Sequence,278.0,-4.321928,-0.9862540218866668,3.335673978113333,3.335673978113333,11.126720888262428,4.321928,Very low (<= -4)
Mutation + Sequence,278.0,-1.0,-0.2100316151866667,0.7899683848133333,0.7899683848133333,0.6240500490045867,1.0,Mild negative (-2 to 0)
Mutation + Sequence,278.0,0.0,-0.5014640475466668,-0.5014640475466668,0.5014640475466668,0.2514661909818858,0.0,Zero
Mutation + Sequence,279.0,-1.0,-1.5842310662333348,-0.5842310662333348,0.5842310662333348,0.3413259387521392,1.0,Mild negative (-2 to 0)
Mutation + Sequence,279.0,-5.321928,-1.8320601515433357,3.4898678484566643,3.4898678484566643,12.179177599691547,5.321928,Very low (<= -4)
Mutation + Sequence,279.0,-1.660964,-1.2050017444400003,0.4559622555599998,0.4559622555599998,0.2079015784953626,1.660964,Mild negative (-2 to 0)
Mutation + Sequence,283.0,0.0,-0.8272657755333338,-0.8272657755333338,0.8272657755333338,0.6843686633687682,0.0,Zero
Mutation + Sequence,283.0,-0.333333333,-0.4784332247433334,-0.14509989174333338,0.14509989174333338,0.021053978583927064,0.333333333,Mild negative (-2 to 0)
Mutation + Sequence,283.0,0.0,-1.3287216727633355,-1.3287216727633355,1.3287216727633355,1.7655012836709965,0.0,Zero
Mutation + Sequence,283.0,-4.321928,-3.2919453669733247,1.029982633026675,1.029982633026675,1.0608642243365622,4.321928,Very low (<= -4)
Mutation + Local Context,30.0,-0.386988,-0.8433237520933335,-0.45633575209333355,0.45633575209333355,0.20824231863858836,0.386988,Mild negative (-2 to 0)
Mutation + Local Context,30.0,-1.0,-1.5352089593666682,-0.5352089593666682,0.5352089593666682,0.2864486301863519,1.0,Mild negative (-2 to 0)
Mutation + Local Context,30.0,-2.321928,-1.380944447626669,0.9409835523733312,0.9409835523733312,0.8854500458371337,2.321928,Low (-4 to -2)
Mutation + Local Context,30.0,1.0,-0.6185504199799996,-1.6185504199799996,1.6185504199799996,2.619705462017433,1.0,Positive (0 to 1)
Mutation + Local Context,30.0,0.0,-2.4004561155499973,-2.4004561155499973,2.4004561155499973,5.762189562681382,0.0,Zero
Mutation + Local Context,33.0,0.0,-2.6072836313199996,-2.6072836313199996,2.6072836313199996,6.797927934149204,0.0,Zero
Mutation + Local Context,33.0,-1.0,-2.050608409816666,-1.050608409816666,1.050608409816666,1.1037780307775034,1.0,Mild negative (-2 to 0)
Mutation + Local Context,33.0,-1.0,-1.9204563965033328,-0.9204563965033328,0.9204563965033328,0.8472399778639006,1.0,Mild negative (-2 to 0)
Mutation + Local Context,33.0,0.0,-1.5352151415966628,-1.5352151415966628,1.5352151415966628,2.3568855309876615,0.0,Zero
Mutation + Local Context,34.0,-1.0643856000000005,-1.6643788066633347,-0.5999932066633342,0.5999932066633342,0.3599918480421505,1.0643856000000005,Mild negative (-2 to 0)
Mutation + Local Context,34.0,0.0,-1.3712833529033353,-1.3712833529033353,1.3712833529033353,1.880418033949813,0.0,Zero
Mutation + Local Context,34.0,-5.321928,-2.386948500729999,2.9349794992700007,2.9349794992700007,8.614104661135183,5.321928,Very low (<= -4)
Mutation + Local Context,34.0,-1.0,-1.8321555186266665,-0.8321555186266665,0.8321555186266665,0.6924828071808162,1.0,Mild negative (-2 to 0)
Mutation + Local Context,34.0,-4.821928,-3.10656013556666,1.7153678644333397,1.7153678644333397,2.9424869103305964,4.821928,Very low (<= -4)
Mutation + Local Context,39.0,1.0,-0.7525822426800003,-1.7525822426800004,1.7525822426800004,3.07154451735726,1.0,Positive (0 to 1)
Mutation + Local Context,39.0,-0.5,-1.3338889476866698,-0.8338889476866698,0.8338889476866698,0.6953707770739814,0.5,Mild negative (-2 to 0)
Mutation + Local Context,39.0,0.0,-2.664901379369995,-2.664901379369995,2.664901379369995,7.101699361768102,0.0,Zero
Mutation + Local Context,39.0,0.0,-2.3311543674866653,-2.3311543674866653,2.3311543674866653,5.434280685052155,0.0,Zero
Mutation + Local Context,39.0,0.0,-1.003367979566668,-1.003367979566668,1.003367979566668,1.0067473024196973,0.0,Zero
Mutation + Local Context,42.0,-1.0,-1.1848278793933344,-0.18482787939333445,0.18482787939333445,0.034161345001036986,1.0,Mild negative (-2 to 0)
Mutation + Local Context,42.0,0.25,-0.8133130273066672,-1.063313027306667,1.063313027306667,1.130634594040069,0.25,Positive (0 to 1)
Mutation + Local Context,42.0,-5.321928,-0.874880451113335,4.4470475488866645,4.4470475488866645,19.776231902058893,5.321928,Very low (<= -4)
Mutation + Local Context,42.0,-5.321928,-1.8481358920666684,3.473792107933331,3.473792107933331,12.067231609139895,5.321928,Very low (<= -4)
Mutation + Local Context,43.0,-0.666666667,-0.9518874346566673,-0.28522076765666726,0.28522076765666726,0.08135088630265858,0.666666667,Mild negative (-2 to 0)
Mutation + Local Context,43.0,-3.321928,-1.5453658640533352,1.776562135946665,1.776562135946665,3.1561730228793765,3.321928,Low (-4 to -2)
Mutation + Local Context,43.0,-5.321928,-1.9393391360066667,3.382588863993333,3.382588863993333,11.441907422811708,5.321928,Very low (<= -4)
Mutation + Local Context,43.0,-1.0,-0.7930715564533339,0.20692844354666606,0.20692844354666606,0.04281938074864576,1.0,Mild negative (-2 to 0)
Mutation + Local Context,48.0,0.0,-1.7357666308033368,-1.7357666308033368,1.7357666308033368,3.0128857966103673,0.0,Zero
Mutation + Local Context,48.0,-1.0,-0.9969990417733348,0.00300095822666524,0.00300095822666524,9.005750278189783e-06,1.0,Mild negative (-2 to 0)
Mutation + Local Context,48.0,-1.0,-1.6104326196900032,-0.6104326196900032,0.6104326196900032,0.37262798318160006,1.0,Mild negative (-2 to 0)
Mutation + Local Context,48.0,-1.991446,-0.9385136349066676,1.0529323650933324,1.0529323650933324,1.1086665654610388,1.991446,Mild negative (-2 to 0)
Mutation + Local Context,49.0,0.0,-1.183892884993334,-1.183892884993334,1.183892884993334,1.4016023631378394,0.0,Zero
Mutation + Local Context,49.0,-2.321928,-1.8299539569633327,0.4919740430366675,0.4919740430366675,0.24203845902184473,2.321928,Low (-4 to -2)
Mutation + Local Context,49.0,0.0,-1.110803687130001,-1.110803687130001,1.110803687130001,1.2338848313416053,0.0,Zero
Mutation + Local Context,49.0,-2.321928,-3.268303582283328,-0.946375582283328,0.946375582283328,0.8956267427421081,2.321928,Low (-4 to -2)
Mutation + Local Context,49.0,-3.321928,-2.1466307822166666,1.1752972177833336,1.1752972177833336,1.3813235501292447,3.321928,Low (-4 to -2)
Mutation + Local Context,54.0,0.0,-0.9065615633233336,-0.9065615633233336,0.9065615633233336,0.8218538680952466,0.0,Zero
Mutation + Local Context,54.0,-1.370723,-2.365524908846666,-0.9948019088466662,0.9948019088466662,0.9896308378449707,1.370723,Mild negative (-2 to 0)
Mutation + Local Context,54.0,0.25,-1.1463925353266675,-1.3963925353266675,1.3963925353266675,1.9499121127160384,0.25,Positive (0 to 1)
Mutation + Local Context,54.0,0.333333333,-0.9384402369900005,-1.2717735699900006,1.2717735699900006,1.617408013325111,0.333333333,Positive (0 to 1)
Mutation + Local Context,57.0,0.0,-2.190416012393333,-2.190416012393333,2.190416012393333,4.7979223073491095,0.0,Zero
Mutation + Local Context,57.0,0.0,-2.8327603488899937,-2.8327603488899937,2.8327603488899937,8.024531194243359,0.0,Zero
Mutation + Local Context,57.0,0.0,-3.0685705822166582,-3.0685705822166582,3.0685705822166582,9.41612541804548,0.0,Zero
Mutation + Local Context,57.0,0.0,-2.050269792713333,-2.050269792713333,2.050269792713333,4.203606222912773,0.0,Zero
Mutation + Local Context,69.0,-5.321928,-1.8551150791266684,3.4668129208733314,3.4668129208733314,12.01879182833428,5.321928,Very low (<= -4)
Mutation + Local Context,69.0,-2.821928,-1.5132610603266703,1.30866693967333,1.30866693967333,1.712609158993959,2.821928,Low (-4 to -2)
Mutation + Local Context,69.0,-4.321928,-1.2571890151433356,3.064738984856664,3.064738984856664,9.392625045300255,4.321928,Very low (<= -4)
Mutation + Local Context,69.0,-1.214618667,-0.6914765285033331,0.523142138496667,0.523142138496667,0.2736776970708659,1.214618667,Mild negative (-2 to 0)
Mutation + Local Context,70.0,-1.0,-0.6797286739366671,0.32027132606333286,0.32027132606333286,0.10257372229836567,1.0,Mild negative (-2 to 0)
Mutation + Local Context,70.0,-1.5287712,-0.9207401550733352,0.6080310449266648,0.6080310449266648,0.3697017515946119,1.5287712,Mild negative (-2 to 0)
Mutation + Local Context,70.0,0.0,-0.872364926346668,-0.872364926346668,0.872364926346668,0.7610205647198274,0.0,Zero
Mutation + Local Context,70.0,-4.321928,-1.6311899386166695,2.69073806138333,2.69073806138333,7.240071314976921,4.321928,Very low (<= -4)
Mutation + Local Context,70.0,-0.666666667,-0.6978458206566674,-0.031179153656667458,0.031179153656667458,0.0009721396227460796,0.666666667,Mild negative (-2 to 0)
Mutation + Local Context,90.0,0.0,-1.544723380000002,-1.544723380000002,1.544723380000002,2.3861703207186307,0.0,Zero
Mutation + Local Context,90.0,-1.7739759999999998,-2.2294521649199983,-0.45547616491999854,0.45547616491999854,0.20745853681022972,1.7739759999999998,Mild negative (-2 to 0)
Mutation + Local Context,90.0,0.0,-1.5354884654033347,-1.5354884654033347,1.5354884654033347,2.3577248273866878,0.0,Zero
Mutation + Local Context,90.0,-0.4,-1.553140005336668,-1.153140005336668,1.153140005336668,1.3297318719078508,0.4,Mild negative (-2 to 0)
Mutation + Local Context,90.0,0.333333333,-2.02668815831,-2.36002149131,2.36002149131,5.569701439445076,0.333333333,Positive (0 to 1)
Mutation + Local Context,91.0,-3.321928,-1.2885562080100024,2.033371791989998,2.033371791989998,4.134600844460615,3.321928,Low (-4 to -2)
Mutation + Local Context,91.0,0.0,-0.8565225384433347,-0.8565225384433347,0.8565225384433347,0.7336308588614138,0.0,Zero
Mutation + Local Context,91.0,-2.321928,-0.7648693739866673,1.5570586260133328,1.5570586260133328,2.4244315648425276,2.321928,Low (-4 to -2)
Mutation + Local Context,91.0,-1.0,-0.2185723544200002,0.7814276455799998,0.7814276455799998,0.6106291652767017,1.0,Mild negative (-2 to 0)
Mutation + Local Context,92.0,-1.0,-2.0087427035766683,-1.0087427035766683,1.0087427035766683,1.017561842019166,1.0,Mild negative (-2 to 0)
Mutation + Local Context,92.0,-2.321928,-0.7764750267566672,1.545452973243333,1.545452973243333,2.3884248925066585,2.321928,Low (-4 to -2)
Mutation + Local Context,92.0,-0.428571429,-0.7253522600566672,-0.2967808310566672,0.2967808310566672,0.08807886168268604,0.428571429,Mild negative (-2 to 0)
Mutation + Local Context,92.0,0.2,-1.6128839098533374,-1.8128839098533374,1.8128839098533374,3.2865480706051233,0.2,Positive (0 to 1)
Mutation + Local Context,92.0,-1.0,-0.6544168511866673,0.34558314881333274,0.34558314881333274,0.11942771274373808,1.0,Mild negative (-2 to 0)
Mutation + Local Context,97.0,-1.107309333,-1.5303066319366687,-0.4229972989366688,0.4229972989366688,0.17892671490771755,1.107309333,Mild negative (-2 to 0)
Mutation + Local Context,97.0,0.0,-2.3871250053433313,-2.3871250053433313,2.3871250053433313,5.6983657911354,0.0,Zero
Mutation + Local Context,97.0,0.25,-2.1554211034799997,-2.4054211034799997,2.4054211034799997,5.7860506850669395,0.25,Positive (0 to 1)
Mutation + Local Context,97.0,0.0,-2.2290629689199988,-2.2290629689199988,2.2290629689199988,4.968721719410439,0.0,Zero
Mutation + Local Context,99.0,-0.5,-3.230476522529991,-2.730476522529991,2.730476522529991,7.455502040087474,0.5,Mild negative (-2 to 0)
Mutation + Local Context,99.0,0.0,-3.1623810555599894,-3.1623810555599894,3.1623810555599894,10.000653940564712,0.0,Zero
Mutation + Local Context,99.0,-2.321928,-3.416972479993323,-1.095044479993323,1.095044479993323,1.1991224131638472,2.321928,Low (-4 to -2)
Mutation + Local Context,99.0,0.0,-3.1355189987366567,-3.1355189987366567,3.1355189987366567,9.831479391438526,0.0,Zero
Mutation + Local Context,102.0,-0.5,-1.688261818350003,-1.188261818350003,1.188261818350003,1.4119661489484558,0.5,Mild negative (-2 to 0)
Mutation + Local Context,102.0,0.333333333,-0.9576739526566675,-1.2910072856566677,1.2910072856566677,1.6666998116185967,0.333333333,Positive (0 to 1)
Mutation + Local Context,102.0,-0.666666667,-2.266167957349999,-1.5995012903499992,1.5995012903499992,2.5584043778313124,0.666666667,Mild negative (-2 to 0)
Mutation + Local Context,102.0,0.0,-2.127520348903333,-2.127520348903333,2.127520348903333,4.5263428349977595,0.0,Zero
Mutation + Local Context,103.0,-0.666666667,-1.844452179073335,-1.177785512073335,1.177785512073335,1.3871787124498478,0.666666667,Mild negative (-2 to 0)
Mutation + Local Context,110.0,0.0,-0.8825820940400007,-0.8825820940400007,0.8825820940400007,0.7789511527200326,0.0,Zero
Mutation + Local Context,110.0,-0.5,-0.5821448196766668,-0.08214481967666676,0.08214481967666676,0.006747771399712098,0.5,Mild negative (-2 to 0)
Mutation + Local Context,110.0,-1.0,-0.4025835495866668,0.5974164504133332,0.5974164504133332,0.35690641522446664,1.0,Mild negative (-2 to 0)
Mutation + Local Context,110.0,-2.321928,-1.0363882990466675,1.2855397009533327,1.2855397009533327,1.652612322727184,2.321928,Low (-4 to -2)
Mutation + Local Context,120.0,-2.321928,-1.194001433506668,1.1279265664933322,1.1279265664933322,1.2722183394014375,2.321928,Low (-4 to -2)
Mutation + Local Context,120.0,-3.821928,-1.7111529977500015,2.1107750022499987,2.1107750022499987,4.455371110123482,3.821928,Low (-4 to -2)
Mutation + Local Context,125.0,0.0,-1.2778242475966684,-1.2778242475966684,1.2778242475966684,1.6328348077459915,0.0,Zero
Mutation + Local Context,125.0,0.0,-1.1925187711133352,-1.1925187711133352,1.1925187711133352,1.422101019457659,0.0,Zero
Mutation + Local Context,125.0,0.0,-1.387310792633336,-1.387310792633336,1.387310792633336,1.9246312353569348,0.0,Zero
Mutation + Local Context,125.0,-5.321928,-3.696781536513327,1.6251464634866726,1.6251464634866726,2.6411010277832387,5.321928,Very low (<= -4)
Mutation + Local Context,125.0,-2.321928,-2.2923488488599983,0.02957915114000187,0.02957915114000187,0.0008749261821630738,2.321928,Low (-4 to -2)
Mutation + Local Context,133.0,-3.821928,-0.883534178720001,2.938393821279999,2.938393821279999,8.634158248936476,3.821928,Low (-4 to -2)
Mutation + Local Context,133.0,0.0,-1.5210807403100035,-1.5210807403100035,1.5210807403100035,2.3136866185420284,0.0,Zero
Mutation + Local Context,135.0,-3.321928,-0.9357387558900012,2.3861892441099988,2.3861892441099988,5.693899108706248,3.321928,Low (-4 to -2)
Mutation + Local Context,135.0,0.0,-0.4061636369333334,-0.4061636369333334,0.4061636369333334,0.16496889996691266,0.0,Zero
Mutation + Local Context,135.0,-2.321928,-1.2225648121166697,1.0993631878833305,1.0993631878833305,1.2085994188729992,2.321928,Low (-4 to -2)
Mutation + Local Context,138.0,0.0,-1.6914427639366696,-1.6914427639366696,1.6914427639366696,2.86097862367372,0.0,Zero
Mutation + Local Context,138.0,0.0,-1.8077003416100008,-1.8077003416100008,1.8077003416100008,3.2677805250569136,0.0,Zero
Mutation + Local Context,138.0,0.0,-3.585595600013325,-3.585595600013325,3.585595600013325,12.856495806834916,0.0,Zero
Mutation + Local Context,138.0,0.0,-2.9763234666666594,-2.9763234666666594,2.9763234666666594,8.858501378230642,0.0,Zero
Mutation + Local Context,139.0,0.333333333,-0.9224844749066686,-1.2558178079066686,1.2558178079066686,1.5770783666555106,0.333333333,Positive (0 to 1)
Mutation + Local Context,139.0,-0.5,-0.7664906180266677,-0.26649061802666774,0.26649061802666774,0.07101724949623532,0.5,Mild negative (-2 to 0)
Mutation + Local Context,139.0,0.0,-1.0828987244366688,-1.0828987244366688,1.0828987244366688,1.1726696473865643,0.0,Zero
Mutation + Local Context,141.0,-1.0,-2.6253239955599943,-1.6253239955599943,1.6253239955599943,2.6416780905431043,1.0,Mild negative (-2 to 0)
Mutation + Local Context,141.0,-0.666666667,-2.845787333339993,-2.179120666339993,2.179120666339993,4.748566878470056,0.666666667,Mild negative (-2 to 0)
Mutation + Local Context,144.0,0.0,-1.434871257466669,-1.434871257466669,1.434871257466669,2.05885552550398,0.0,Zero
Mutation + Local Context,144.0,0.0,-2.0077445263566664,-2.0077445263566664,2.0077445263566664,4.031038083115155,0.0,Zero
Mutation + Local Context,144.0,-1.107309333,-0.9133492730333344,0.19396005996666554,0.19396005996666554,0.037620504862272496,1.107309333,Mild negative (-2 to 0)
Mutation + Local Context,156.0,-0.5,-0.8636097629166665,-0.36360976291666647,0.36360976291666647,0.1322120596883144,0.5,Mild negative (-2 to 0)
Mutation + Local Context,156.0,0.25,-2.281710152366664,-2.531710152366664,2.531710152366664,6.409556295596437,0.25,Positive (0 to 1)
Mutation + Local Context,156.0,1.0,-4.097402808893332,-5.097402808893332,5.097402808893332,25.983515396113628,1.0,Positive (0 to 1)
Mutation + Local Context,160.0,-1.0,-0.5235614733299999,0.4764385266700001,0.4764385266700001,0.22699366969548038,1.0,Mild negative (-2 to 0)
Mutation + Local Context,160.0,-0.5,-0.7259660166033335,-0.22596601660333349,0.22596601660333349,0.05106064065957799,0.5,Mild negative (-2 to 0)
Mutation + Local Context,160.0,-0.5,-0.4388858311166666,0.061114168883333375,0.061114168883333375,0.0037349416383005932,0.5,Mild negative (-2 to 0)
Mutation + Local Context,160.0,-1.0,-1.5513758311133352,-0.5513758311133352,0.5513758311133352,0.3040153071359212,1.0,Mild negative (-2 to 0)
Mutation + Local Context,165.0,-1.0,-1.255215048870001,-0.2552150488700009,0.2552150488700009,0.06513472116971696,1.0,Mild negative (-2 to 0)
Mutation + Local Context,165.0,-0.333333333,-1.2013679053266673,-0.8680345723266673,0.8680345723266673,0.7534840187543401,0.333333333,Mild negative (-2 to 0)
Mutation + Local Context,165.0,-1.160964,-1.5660818132933343,-0.4051178132933342,0.4051178132933342,0.16412044264757278,1.160964,Mild negative (-2 to 0)
Mutation + Local Context,165.0,-1.0,-1.4257359104733351,-0.42573591047333514,0.42573591047333514,0.18125106546655964,1.0,Mild negative (-2 to 0)
Mutation + Local Context,166.0,0.0,-0.6632941658500014,-0.6632941658500014,0.6632941658500014,0.4399591504506492,0.0,Zero
Mutation + Local Context,166.0,0.0,-0.3970950186666667,-0.3970950186666667,0.3970950186666667,0.15768445384988036,0.0,Zero
Mutation + Local Context,166.0,-0.666666667,-0.4114966364133331,0.2551700305866669,0.2551700305866669,0.06511174450960051,0.666666667,Mild negative (-2 to 0)
Mutation + Local Context,166.0,0.0,-1.1532562050833344,-1.1532562050833344,1.1532562050833344,1.3299998745632138,0.0,Zero
Mutation + Local Context,171.0,-0.166666667,-0.8000351044066671,-0.6333684374066672,0.6333684374066672,0.40115557750296327,0.166666667,Mild negative (-2 to 0)
Mutation + Local Context,171.0,0.0,-0.4406225498100002,-0.4406225498100002,0.4406225498100002,0.1941482314010661,0.0,Zero
Mutation + Local Context,171.0,0.0,-1.695958875563336,-1.695958875563336,1.695958875563336,2.876276507602055,0.0,Zero
Mutation + Local Context,171.0,-0.25,-1.472005767233335,-1.222005767233335,1.222005767233335,1.493298095151532,0.25,Mild negative (-2 to 0)
Mutation + Local Context,176.0,-0.5,-1.670086573256667,-1.170086573256667,1.170086573256667,1.3691025889155295,0.5,Mild negative (-2 to 0)
Mutation + Local Context,176.0,-1.0,-1.2023945962,-0.2023945962,0.2023945962,0.04096357257096105,1.0,Mild negative (-2 to 0)
Mutation + Local Context,188.0,0.0,-1.9668974355700004,-1.9668974355700004,1.9668974355700004,3.8686855220518437,0.0,Zero
Mutation + Local Context,188.0,0.0,-1.8369956866766677,-1.8369956866766677,1.8369956866766677,3.374553152868682,0.0,Zero
Mutation + Local Context,194.0,0.0,-1.1111754444233335,-1.1111754444233335,1.1111754444233335,1.2347108682893928,0.0,Zero
Mutation + Local Context,194.0,0.0,-2.944277918543327,-2.944277918543327,2.944277918543327,8.668772461621828,0.0,Zero
Mutation + Local Context,194.0,0.0,-0.7685046026633341,-0.7685046026633341,0.7685046026633341,0.5905993243147291,0.0,Zero
Mutation + Local Context,194.0,-0.333333333,-1.5073943280866704,-1.1740609950866703,1.1740609950866703,1.3784192201839025,0.333333333,Mild negative (-2 to 0)
Mutation + Local Context,196.0,0.0,-0.7669878879233343,-0.7669878879233343,0.7669878879233343,0.5882704202210972,0.0,Zero
Mutation + Local Context,196.0,-1.0,-4.601600551110006,-3.601600551110006,3.601600551110006,12.971526529755899,1.0,Mild negative (-2 to 0)
Mutation + Local Context,196.0,0.0,-1.4811736666666675,-1.4811736666666675,1.4811736666666675,2.1938754308267803,0.0,Zero
Mutation + Local Context,200.0,-2.321928,-1.836712702223335,0.4852152977766653,0.4852152977766653,0.23543388519649797,2.321928,Low (-4 to -2)
Mutation + Local Context,200.0,0.0,-0.5957393955600009,-0.5957393955600009,0.5957393955600009,0.3549054274221952,0.0,Zero
Mutation + Local Context,200.0,0.0,-0.6112018239966671,-0.6112018239966671,0.6112018239966671,0.37356766965685284,0.0,Zero
Mutation + Local Context,200.0,0.0,-0.5749852076133338,-0.5749852076133338,0.5749852076133338,0.3306079889741486,0.0,Zero
Mutation + Local Context,200.0,0.0,-0.37864554344,-0.37864554344,0.37864554344,0.14337244756697293,0.0,Zero
Mutation + Local Context,217.0,-0.2,-1.0308214066633337,-0.8308214066633337,0.8308214066633337,0.6902642097700405,0.2,Mild negative (-2 to 0)
Mutation + Local Context,217.0,0.0,-1.6240411222500006,-1.6240411222500006,1.6240411222500006,2.6375095667590416,0.0,Zero
Mutation + Local Context,217.0,-0.924658667,-1.659360682220003,-0.7347020152200031,0.7347020152200031,0.5397870511683337,0.924658667,Mild negative (-2 to 0)
Mutation + Local Context,218.0,-2.321928,-1.1237981393200025,1.1981298606799977,1.1981298606799977,1.4355151630530707,2.321928,Low (-4 to -2)
Mutation + Local Context,218.0,-3.321928,-1.7275835552433365,1.5943444447566637,1.5943444447566637,2.5419342085264343,3.321928,Low (-4 to -2)
Mutation + Local Context,218.0,-4.321928,-1.0753703186666683,3.2465576813333312,3.2465576813333312,10.540136778224456,4.321928,Very low (<= -4)
Mutation + Local Context,218.0,-4.321928,-1.283490176520003,3.0384378234799967,3.0384378234799967,9.232104407153859,4.321928,Very low (<= -4)
Mutation + Local Context,221.0,-0.666666667,-2.92230098666666,-2.25563431966666,2.25563431966666,5.087886184058076,0.666666667,Mild negative (-2 to 0)
Mutation + Local Context,221.0,0.0,-0.8308306133833331,-0.8308306133833331,0.8308306133833331,0.6902795081349254,0.0,Zero
Mutation + Local Context,221.0,0.0,-0.4694885878966667,-0.4694885878966667,0.4694885878966667,0.22041953416520613,0.0,Zero
Mutation + Local Context,221.0,-1.0,-2.3130228472566645,-1.3130228472566645,1.3130228472566645,1.724028997417998,1.0,Mild negative (-2 to 0)
Mutation + Local Context,221.0,0.0,-1.1144259910033345,-1.1144259910033345,1.1144259910033345,1.2419452894237641,0.0,Zero
Mutation + Local Context,228.0,-1.0,-0.3948640938433335,0.6051359061566666,0.6051359061566666,0.36618946492004995,1.0,Mild negative (-2 to 0)
Mutation + Local Context,228.0,-1.881285333,-0.7584238379933339,1.122861495006666,1.122861495006666,1.260817936968605,1.881285333,Mild negative (-2 to 0)
Mutation + Local Context,228.0,-2.321928,-0.4518729278033335,1.8700550721966667,1.8700550721966667,3.4971059730484804,2.321928,Low (-4 to -2)
Mutation + Local Context,233.0,-5.321928,-2.0970039068166666,3.224924093183333,3.224924093183333,10.400135406794345,5.321928,Very low (<= -4)
Mutation + Local Context,233.0,0.0,-1.4705542553033353,-1.4705542553033353,1.4705542553033353,2.162529817790747,0.0,Zero
Mutation + Local Context,233.0,-5.321928,-2.1111328603499997,3.21079513965,3.21079513965,10.309205428800064,5.321928,Very low (<= -4)
Mutation + Local Context,233.0,-3.321928,-2.905917040023328,0.41601095997667237,0.41601095997667237,0.1730651188207125,3.321928,Low (-4 to -2)
Mutation + Local Context,239.0,-5.321928,-1.6120051911100024,3.7099228088899974,3.7099228088899974,13.763527247922248,5.321928,Very low (<= -4)
Mutation + Local Context,239.0,-5.321928,-1.4890287730133351,3.8328992269866644,3.8328992269866644,14.69111648423497,5.321928,Very low (<= -4)
Mutation + Local Context,239.0,-5.321928,-1.3189023947666665,4.003025605233333,4.003025605233333,16.02421399615369,5.321928,Very low (<= -4)
Mutation + Local Context,239.0,-5.321928,-1.9369179551266664,3.3850100448733333,3.3850100448733333,11.458293003893367,5.321928,Very low (<= -4)
Mutation + Local Context,240.0,0.0,-1.1387153127100005,-1.1387153127100005,1.1387153127100005,1.2966725634002343,0.0,Zero
Mutation + Local Context,240.0,-4.321928,-1.5133161050433337,2.808611894956666,2.808611894956666,7.888300776492074,4.321928,Very low (<= -4)
Mutation + Local Context,240.0,-5.321928,-1.4620077924766677,3.859920207523332,3.859920207523332,14.898984008446963,5.321928,Very low (<= -4)
Mutation + Local Context,240.0,-1.0,-1.1206032593566668,-0.12060325935666683,0.12060325935666683,0.014545146167451443,1.0,Mild negative (-2 to 0)
Mutation + Local Context,247.0,-5.321928,-2.1718404800399984,3.1500875199600014,3.1500875199600014,9.923051383407753,5.321928,Very low (<= -4)
Mutation + Local Context,247.0,-5.321928,-2.737237343873326,2.5846906561266736,2.5846906561266736,6.680625787868534,5.321928,Very low (<= -4)
Mutation + Local Context,247.0,-0.25,-1.403820374706669,-1.153820374706669,1.153820374706669,1.3313014570882382,0.25,Mild negative (-2 to 0)
Mutation + Local Context,247.0,-5.321928,-2.7835222666666612,2.5384057333333385,2.5384057333333385,6.443503667019564,5.321928,Very low (<= -4)
Mutation + Local Context,250.0,0.5,-1.9742121806366677,-2.474212180636668,2.474212180636668,6.121725914810855,0.5,Positive (0 to 1)
Mutation + Local Context,250.0,1.0,-2.240112167943333,-3.240112167943333,3.240112167943333,10.498326860854444,1.0,Positive (0 to 1)
Mutation + Local Context,250.0,0.0,-2.997309995589993,-2.997309995589993,2.997309995589993,8.983867209663684,0.0,Zero
Mutation + Local Context,250.0,0.0,-2.3969227307933303,-2.3969227307933303,2.3969227307933303,5.7452385773937555,0.0,Zero
Mutation + Local Context,250.0,-0.333333333,-2.615566707619995,-2.2822333746199948,2.2822333746199948,5.20858917622937,0.333333333,Mild negative (-2 to 0)
Mutation + Local Context,250.0,0.0,-2.9613253182433263,-2.9613253182433263,2.9613253182433263,8.769447640468938,0.0,Zero
Mutation + Local Context,255.0,-3.321928,-2.7786541814733283,0.5432738185266719,0.5432738185266719,0.2951464418965512,3.321928,Low (-4 to -2)
Mutation + Local Context,255.0,-1.7414459999999998,-2.3719332222433303,-0.6304872222433304,0.6304872222433304,0.3975141374121107,1.7414459999999998,Mild negative (-2 to 0)
Mutation + Local Context,255.0,-1.881285333,-1.3486998043133365,0.5325855286866634,0.5325855286866634,0.2836473453664528,1.881285333,Mild negative (-2 to 0)
Mutation + Local Context,263.0,-3.321928,-3.434109556843322,-0.11218155684332176,0.11218155684332176,0.012584701695791432,3.321928,Low (-4 to -2)
Mutation + Local Context,263.0,-3.988594667,-3.3343283904899903,0.6542662765100098,0.6542662765100098,0.4280643605782726,3.988594667,Low (-4 to -2)
Mutation + Local Context,273.0,0.0,-1.2492935939866674,-1.2492935939866674,1.2492935939866674,1.5607344839761241,0.0,Zero
Mutation + Local Context,273.0,0.5,-1.7890332723833346,-2.2890332723833344,2.2890332723833344,5.239673322077956,0.5,Positive (0 to 1)
Mutation + Local Context,273.0,0.0,-1.3947056675600025,-1.3947056675600025,1.3947056675600025,1.9452038991239922,0.0,Zero
Mutation + Local Context,273.0,0.0,-1.5302705851033362,-1.5302705851033362,1.5302705851033362,2.341728063632507,0.0,Zero
Mutation + Local Context,278.0,-5.321928,-2.9003391273299957,2.421588872670004,2.421588872670004,5.864092668239182,5.321928,Very low (<= -4)
Mutation + Local Context,278.0,0.0,-0.9898506968666664,-0.9898506968666664,0.9898506968666664,0.979804402087425,0.0,Zero
Mutation + Local Context,278.0,-4.321928,-1.7028886111500008,2.619039388849999,2.619039388849999,6.859367320347777,4.321928,Very low (<= -4)
Mutation + Local Context,278.0,-1.0,-1.167303120543334,-0.16730312054333396,0.16730312054333396,0.027990334143537333,1.0,Mild negative (-2 to 0)
Mutation + Local Context,278.0,0.0,-0.9743687021900002,-0.9743687021900002,0.9743687021900002,0.9493943678074253,0.0,Zero
Mutation + Local Context,279.0,-1.0,-3.139870297406657,-2.139870297406657,2.139870297406657,4.579044889723254,1.0,Mild negative (-2 to 0)
Mutation + Local Context,279.0,-5.321928,-4.25419547956,1.0677325204399999,1.0677325204399999,1.1400527352051548,5.321928,Very low (<= -4)
Mutation + Local Context,279.0,-1.660964,-2.607965372439996,-0.9470013724399957,0.9470013724399957,0.8968115994032355,1.660964,Mild negative (-2 to 0)
Mutation + Local Context,283.0,0.0,-0.9677999396966682,-0.9677999396966682,0.9677999396966682,0.9366367232768746,0.0,Zero
Mutation + Local Context,283.0,-0.333333333,-0.6936482260100005,-0.3603148930100005,0.3603148930100005,0.12982682212480812,0.333333333,Mild negative (-2 to 0)
Mutation + Local Context,283.0,0.0,-1.2180740478533345,-1.2180740478533345,1.2180740478533345,1.4837043860538075,0.0,Zero
Mutation + Local Context,283.0,-4.321928,-2.76306508509333,1.55886291490667,1.55886291490667,2.4300535874713196,4.321928,Very low (<= -4)
All features,30.0,-0.386988,-0.6900315752466675,-0.3030435752466675,0.3030435752466675,0.09183540849828262,0.386988,Mild negative (-2 to 0)
All features,30.0,-1.0,-0.8496535828433336,0.1503464171566664,0.1503464171566664,0.022604045151846358,1.0,Mild negative (-2 to 0)
All features,30.0,-2.321928,-0.8811699411300009,1.4407580588699993,1.4407580588699993,2.0757837841988485,2.321928,Low (-4 to -2)
All features,30.0,1.0,-0.8273614027666673,-1.8273614027666674,1.8273614027666674,3.3392496963213625,1.0,Positive (0 to 1)
All features,30.0,0.0,-1.4085291161500024,-1.4085291161500024,1.4085291161500024,1.983954271042307,0.0,Zero
All features,33.0,0.0,-1.816017059576668,-1.816017059576668,1.816017059576668,3.2979179606734874,0.0,Zero
All features,33.0,-1.0,-1.218313887843335,-0.21831388784333505,0.21831388784333505,0.04766095362527228,1.0,Mild negative (-2 to 0)
All features,33.0,-1.0,-1.1434769751233338,-0.1434769751233338,0.1434769751233338,0.020585642390541746,1.0,Mild negative (-2 to 0)
All features,33.0,0.0,-0.8542226620333347,-0.8542226620333347,0.8542226620333347,0.7296963563313168,0.0,Zero
All features,34.0,-1.0643856000000005,-1.0020992964933342,0.06228630350666631,0.06228630350666631,0.0038795836045245513,1.0643856000000005,Mild negative (-2 to 0)
All features,34.0,0.0,-1.0767131929366662,-1.0767131929366662,1.0767131929366662,1.1593112998438706,0.0,Zero
All features,34.0,-5.321928,-2.4166023531699987,2.905325646830001,2.905325646830001,8.440917114128164,5.321928,Very low (<= -4)
All features,34.0,-1.0,-1.0207394345900007,-0.020739434590000716,0.020739434590000716,0.0004301241471129182,1.0,Mild negative (-2 to 0)
All features,34.0,-4.821928,-3.07940687131666,1.74252112868334,1.74252112868334,3.036379883907861,4.821928,Very low (<= -4)
All features,39.0,1.0,-0.6828365085166674,-1.6828365085166674,1.6828365085166674,2.8319387143965677,1.0,Positive (0 to 1)
All features,39.0,-0.5,-1.7693457894333378,-1.2693457894333378,1.2693457894333378,1.6112387331521434,0.5,Mild negative (-2 to 0)
All features,39.0,0.0,-3.6723467380933257,-3.6723467380933257,3.6723467380933257,13.48613056478469,0.0,Zero
All features,39.0,0.0,-3.6399759017733255,-3.6399759017733255,3.6399759017733255,13.249424565490534,0.0,Zero
All features,39.0,0.0,-0.9866264061466676,-0.9866264061466676,0.9866264061466676,0.9734316653058892,0.0,Zero
All features,42.0,-1.0,-0.8375242691900013,0.16247573080999866,0.16247573080999866,0.02639836310224315,1.0,Mild negative (-2 to 0)
All features,42.0,0.25,-0.4338235930233334,-0.6838235930233334,0.6838235930233334,0.4676147063753415,0.25,Positive (0 to 1)
All features,42.0,-5.321928,-2.6130301136533287,2.708897886346671,2.708897886346671,7.338127758653462,5.321928,Very low (<= -4)
All features,42.0,-5.321928,-3.2201460796799912,2.1017819203200085,2.1017819203200085,4.417487240584062,5.321928,Very low (<= -4)
All features,43.0,-0.666666667,-0.8310182902266673,-0.1643516232266673,0.1643516232266673,0.027011456057240407,0.666666667,Mild negative (-2 to 0)
All features,43.0,-3.321928,-1.6762248603900032,1.645703139609997,1.645703139609997,2.7083388237222015,3.321928,Low (-4 to -2)
All features,43.0,-5.321928,-3.419485495756657,1.9024425042433428,1.9024425042433428,3.6192874819516816,5.321928,Very low (<= -4)
All features,43.0,-1.0,-1.0982694234000006,-0.09826942340000056,0.09826942340000056,0.009656879575368576,1.0,Mild negative (-2 to 0)
All features,48.0,0.0,-2.2277629355699986,-2.2277629355699986,2.2277629355699986,4.962927697099458,0.0,Zero
All features,48.0,-1.0,-2.2627087022266648,-1.2627087022266648,1.2627087022266648,1.594433266678948,1.0,Mild negative (-2 to 0)
All features,48.0,-1.0,-1.9192859657233332,-0.9192859657233332,0.9192859657233332,0.8450866867758814,1.0,Mild negative (-2 to 0)
All features,48.0,-1.991446,-2.6019523800399975,-0.6105063800399975,0.6105063800399975,0.3727180400695418,1.991446,Mild negative (-2 to 0)
All features,49.0,0.0,-0.2235672644533333,-0.2235672644533333,0.2235672644533333,0.04998232173514667,0.0,Zero
All features,49.0,-2.321928,-2.157382538063332,0.1645454619366684,0.1645454619366684,0.027075209043951595,2.321928,Low (-4 to -2)
All features,49.0,0.0,-0.5736188321266669,-0.5736188321266669,0.5736188321266669,0.32903856457036124,0.0,Zero
All features,49.0,-2.321928,-3.2096799911266607,-0.8877519911266605,0.8877519911266605,0.7881035977493502,2.321928,Low (-4 to -2)
All features,49.0,-3.321928,-2.2756462201866663,1.046281779813334,1.046281779813334,1.0947055627693578,3.321928,Low (-4 to -2)
All features,54.0,0.0,-0.4581428514366668,-0.4581428514366668,0.4581428514366668,0.20989487232251972,0.0,Zero
All features,54.0,-1.370723,-3.700497490999995,-2.329774490999995,2.329774490999995,5.427849178914285,1.370723,Mild negative (-2 to 0)
All features,54.0,0.25,-2.6883170793633298,-2.9383170793633298,2.9383170793633298,8.633707258878248,0.25,Positive (0 to 1)
All features,54.0,0.333333333,-0.2247216815033333,-0.5580550145033333,0.5580550145033333,0.3114253992123155,0.333333333,Positive (0 to 1)
All features,57.0,0.0,-1.4761054162033356,-1.4761054162033356,1.4761054162033356,2.1788871997448225,0.0,Zero
All features,57.0,0.0,-1.6874310624166688,-1.6874310624166688,1.6874310624166688,2.847423590408648,0.0,Zero
All features,57.0,0.0,-1.3106755152400018,-1.3106755152400018,1.3106755152400018,1.7178703062496443,0.0,Zero
All features,57.0,0.0,-2.18972018392,-2.18972018392,2.18972018392,4.794874483866638,0.0,Zero
All features,69.0,-5.321928,-2.5230243776533303,2.7989036223466695,2.7989036223466695,7.833861487185308,5.321928,Very low (<= -4)
All features,69.0,-2.821928,-1.899867885760002,0.9220601142399982,0.9220601142399982,0.8501948542722786,2.821928,Low (-4 to -2)
All features,69.0,-4.321928,-1.090598596443334,3.231329403556666,3.231329403556666,10.44148971428988,4.321928,Very low (<= -4)
All features,69.0,-1.214618667,-0.8200605253766671,0.394558141623333,0.394558141623333,0.1556761271212581,1.214618667,Mild negative (-2 to 0)
All features,70.0,-1.0,-0.7985537188800007,0.2014462811199993,0.2014462811199993,0.04058060417707778,1.0,Mild negative (-2 to 0)
All features,70.0,-1.5287712,-0.8647039836733341,0.6640672163266659,0.6640672163266659,0.44098526779984687,1.5287712,Mild negative (-2 to 0)
All features,70.0,0.0,-2.1191694850966663,-2.1191694850966663,2.1191694850966663,4.49087930656487,0.0,Zero
All features,70.0,-4.321928,-1.4643075870766686,2.857620412923331,2.857620412923331,8.165994424356109,4.321928,Very low (<= -4)
All features,70.0,-0.666666667,-0.8637959748766675,-0.1971293078766675,0.1971293078766675,0.03885996402393396,0.666666667,Mild negative (-2 to 0)
All features,90.0,0.0,-0.8070934048200008,-0.8070934048200008,0.8070934048200008,0.6513997641039417,0.0,Zero
All features,90.0,-1.7739759999999998,-2.119889275086667,-0.34591327508666714,0.34591327508666714,0.11965599388118425,1.7739759999999998,Mild negative (-2 to 0)
All features,90.0,0.0,-2.809398576433329,-2.809398576433329,2.809398576433329,7.892720361265615,0.0,Zero
All features,90.0,-0.4,-1.1098207101566682,-0.7098207101566681,0.7098207101566681,0.5038454405673167,0.4,Mild negative (-2 to 0)
All features,90.0,0.333333333,-2.9842031415933263,-3.3175364745933265,3.3175364745933265,11.006048260257117,0.333333333,Positive (0 to 1)
All features,91.0,-3.321928,-1.6319755939800022,1.689952406019998,1.689952406019998,2.8559391346127803,3.321928,Low (-4 to -2)
All features,91.0,0.0,-0.8816155073600012,-0.8816155073600012,0.8816155073600012,0.7772459028176323,0.0,Zero
All features,91.0,-2.321928,-1.2680251562700022,1.053902843729998,1.053902843729998,1.1107112040221765,2.321928,Low (-4 to -2)
All features,91.0,-1.0,-1.070946763966668,-0.0709467639666681,0.0709467639666681,0.0050334433173421156,1.0,Mild negative (-2 to 0)
All features,92.0,-1.0,-1.6980071039300002,-0.6980071039300002,0.6980071039300002,0.4872139171367461,1.0,Mild negative (-2 to 0)
All features,92.0,-2.321928,-0.8458201856466673,1.476107814353333,1.476107814353333,2.178894279594974,2.321928,Low (-4 to -2)
All features,92.0,-0.428571429,-0.48857143592,-0.060000006920000015,0.060000006920000015,0.00360000083040005,0.428571429,Mild negative (-2 to 0)
All features,92.0,0.2,-1.297325685663335,-1.497325685663335,1.497325685663335,2.2419842089471764,0.2,Positive (0 to 1)
All features,92.0,-1.0,-0.8653605624833339,0.13463943751666607,0.13463943751666607,0.018127778134804227,1.0,Mild negative (-2 to 0)
All features,97.0,-1.107309333,-1.2897102839800023,-0.18240095098000242,0.18240095098000242,0.033270106918409245,1.107309333,Mild negative (-2 to 0)
All features,97.0,0.0,-0.69463918098,-0.69463918098,0.69463918098,0.4825235917525652,0.0,Zero
All features,97.0,0.25,-0.8771391361933346,-1.1271391361933345,1.1271391361933345,1.2704426323386562,0.25,Positive (0 to 1)
All features,97.0,0.0,-2.8323975022333268,-2.8323975022333268,2.8323975022333268,8.022475610657589,0.0,Zero
All features,99.0,-0.5,-2.261799784376666,-1.7617997843766662,1.7617997843766662,3.1039384802296675,0.5,Mild negative (-2 to 0)
All features,99.0,0.0,-1.432959078606669,-1.432959078606669,1.432959078606669,2.053371720961274,0.0,Zero
All features,99.0,-2.321928,-2.1373049697799997,0.18462303022000048,0.18462303022000048,0.03408566328761521,2.321928,Low (-4 to -2)
All features,99.0,0.0,-1.0269615200166675,-1.0269615200166675,1.0269615200166675,1.0546499635949442,0.0,Zero
All features,102.0,-0.5,-0.7499349119300005,-0.2499349119300005,0.2499349119300005,0.06246746020145711,0.5,Mild negative (-2 to 0)
All features,102.0,0.333333333,-0.5263476834833338,-0.8596810164833338,0.8596810164833338,0.739051450101818,0.333333333,Positive (0 to 1)
All features,102.0,-0.666666667,-0.9499892977766684,-0.2833226307766684,0.2833226307766684,0.08027171311021238,0.666666667,Mild negative (-2 to 0)
All features,102.0,0.0,-0.37022799111,-0.37022799111,0.37022799111,0.13706876540134624,0.0,Zero
All features,103.0,-0.666666667,-2.9361338787233264,-2.2694672117233265,2.2694672117233265,5.15048142508725,0.666666667,Mild negative (-2 to 0)
All features,110.0,0.0,-1.463379016770002,-1.463379016770002,1.463379016770002,2.1414781467227377,0.0,Zero
All features,110.0,-0.5,-0.8940083644633338,-0.39400836446333376,0.39400836446333376,0.15524259126707124,0.5,Mild negative (-2 to 0)
All features,110.0,-1.0,-0.7907192946200001,0.20928070537999988,0.20928070537999988,0.04379841364435031,1.0,Mild negative (-2 to 0)
All features,110.0,-2.321928,-1.2064872847833352,1.115440715216665,1.115440715216665,1.244207989163065,2.321928,Low (-4 to -2)
All features,120.0,-2.321928,-0.5167671349433335,1.8051608650566666,1.8051608650566666,3.258605748732133,2.321928,Low (-4 to -2)
All features,120.0,-3.821928,-3.301453272893324,0.5204747271066763,0.5204747271066763,0.27089394155676916,3.821928,Low (-4 to -2)
All features,125.0,0.0,-0.4765502711166668,-0.4765502711166668,0.4765502711166668,0.22710016090136864,0.0,Zero
All features,125.0,0.0,-0.4802306762066667,-0.4802306762066667,0.4802306762066667,0.23062150236991236,0.0,Zero
All features,125.0,0.0,-0.635021552386667,-0.635021552386667,0.635021552386667,0.4032523719955725,0.0,Zero
All features,125.0,-5.321928,-3.363450942229991,1.9584770577700086,1.9584770577700086,3.8356323858114694,5.321928,Very low (<= -4)
All features,125.0,-2.321928,-2.5155321983499985,-0.1936041983499983,0.1936041983499983,0.03748258561874549,2.321928,Low (-4 to -2)
All features,133.0,-3.821928,-0.907544281673334,2.914383718326666,2.914383718326666,8.493632457647564,3.821928,Low (-4 to -2)
All features,133.0,0.0,-0.6388999229733339,-0.6388999229733339,0.6388999229733339,0.40819311157533195,0.0,Zero
All features,135.0,-3.321928,-2.7791262039733273,0.5428017960266729,0.5428017960266729,0.2946337897697818,3.321928,Low (-4 to -2)
All features,135.0,0.0,-0.2657315174433334,-0.2657315174433334,0.2657315174433334,0.0706132393627366,0.0,Zero
All features,135.0,-2.321928,-1.0620052310100023,1.2599227689899979,1.2599227689899979,1.5874053838194235,2.321928,Low (-4 to -2)
All features,138.0,0.0,-1.402401468446668,-1.402401468446668,1.402401468446668,1.9667298787013705,0.0,Zero
All features,138.0,0.0,-1.3341823800933348,-1.3341823800933348,1.3341823800933348,1.7800426233515156,0.0,Zero
All features,138.0,0.0,-2.9257698912066603,-2.9257698912066603,2.9257698912066603,8.560129456291433,0.0,Zero
All features,138.0,0.0,-3.6827347533433255,-3.6827347533433255,3.6827347533433255,13.562535263482724,0.0,Zero
All features,139.0,0.333333333,-0.8102912025233339,-1.1436245355233339,1.1436245355233339,1.3078770782509612,0.333333333,Positive (0 to 1)
All features,139.0,-0.5,-0.7335647818633337,-0.23356478186333374,0.23356478186333374,0.05455250732686667,0.5,Mild negative (-2 to 0)
All features,139.0,0.0,-0.3227040777033333,-0.3227040777033333,0.3227040777033333,0.10413792176635898,0.0,Zero
All features,141.0,-1.0,-2.610622759456664,-1.610622759456664,1.610622759456664,2.594105673279799,1.0,Mild negative (-2 to 0)
All features,141.0,-0.666666667,-2.7634472180999956,-2.0967805510999957,2.0967805510999957,4.396488679471202,0.666666667,Mild negative (-2 to 0)
All features,144.0,0.0,-0.43958714953,-0.43958714953,0.43958714953,0.19323686203191057,0.0,Zero
All features,144.0,0.0,-0.6238749076233334,-0.6238749076233334,0.6238749076233334,0.3892199003620228,0.0,Zero
All features,144.0,-1.107309333,-0.8550456076233339,0.25226372537666597,0.25226372537666597,0.06363698714091395,1.107309333,Mild negative (-2 to 0)
All features,156.0,-0.5,-0.9306895627933336,-0.4306895627933336,0.4306895627933336,0.18549349949911284,0.5,Mild negative (-2 to 0)
All features,156.0,0.25,-0.8206274166633336,-1.0706274166633336,1.0706274166633336,1.1462430653112035,0.25,Positive (0 to 1)
All features,156.0,1.0,-3.061451112403323,-4.061451112403323,4.061451112403323,16.49538513844219,1.0,Positive (0 to 1)
All features,160.0,-1.0,-0.8541051314266673,0.14589486857333267,0.14589486857333267,0.021285312676030014,1.0,Mild negative (-2 to 0)
All features,160.0,-0.5,-2.2036388873600012,-1.7036388873600012,1.7036388873600012,2.902385458525223,0.5,Mild negative (-2 to 0)
All features,160.0,-0.5,-0.19513174002,0.30486825998,0.30486825998,0.09294465594323287,0.5,Mild negative (-2 to 0)
All features,160.0,-1.0,-2.417649558953332,-1.417649558953332,1.417649558953332,2.0097302720005765,1.0,Mild negative (-2 to 0)
All features,165.0,-1.0,-0.3078485452599999,0.6921514547400001,0.6921514547400001,0.47907363629869837,1.0,Mild negative (-2 to 0)
All features,165.0,-0.333333333,-0.9547931695200004,-0.6214598365200004,0.6214598365200004,0.38621232840746555,0.333333333,Mild negative (-2 to 0)
All features,165.0,-1.160964,-0.5578494710266672,0.603114528973333,0.603114528973333,0.36374713505872525,1.160964,Mild negative (-2 to 0)
All features,165.0,-1.0,-0.8104499487233342,0.1895500512766658,0.1895500512766658,0.035929221938986636,1.0,Mild negative (-2 to 0)
All features,166.0,0.0,-1.6369884466566678,-1.6369884466566678,1.6369884466566678,2.67973117448741,0.0,Zero
All features,166.0,0.0,-1.5191893247866697,-1.5191893247866697,1.5191893247866697,2.3079362045457774,0.0,Zero
All features,166.0,-0.666666667,-1.6225484155466685,-0.9558817485466685,0.9558817485466685,0.9137099172046365,0.666666667,Mild negative (-2 to 0)
All features,166.0,0.0,-1.854189254023335,-1.854189254023335,1.854189254023335,3.438017789735611,0.0,Zero
All features,171.0,-0.166666667,-1.302676311136668,-1.136009644136668,1.136009644136668,1.2905179115715193,0.166666667,Mild negative (-2 to 0)
All features,171.0,0.0,-1.0106032673300012,-1.0106032673300012,1.0106032673300012,1.0213189639380738,0.0,Zero
All features,171.0,0.0,-2.434321995556664,-2.434321995556664,2.434321995556664,5.925923578050979,0.0,Zero
All features,171.0,-0.25,-1.2293273870000017,-0.9793273870000017,0.9793273870000017,0.959082130928251,0.25,Mild negative (-2 to 0)
All features,176.0,-0.5,-0.7544184381300009,-0.25441843813000087,0.25441843813000087,0.06472874166050908,0.5,Mild negative (-2 to 0)
All features,176.0,-1.0,-1.6331761815766666,-0.6331761815766666,0.6331761815766666,0.40091207691600783,1.0,Mild negative (-2 to 0)
All features,188.0,0.0,-0.4397424450800001,-0.4397424450800001,0.4397424450800001,0.1933734180049369,0.0,Zero
All features,188.0,0.0,-1.1990272277833345,-1.1990272277833345,1.1990272277833345,1.4376662929657882,0.0,Zero
All features,194.0,0.0,-0.8392460829100014,-0.8392460829100014,0.8392460829100014,0.7043339876797808,0.0,Zero
All features,194.0,0.0,-2.6118715720433285,-2.6118715720433285,2.6118715720433285,6.821873108848088,0.0,Zero
All features,194.0,0.0,-0.6927141987500002,-0.6927141987500002,0.6927141987500002,0.47985296114985476,0.0,Zero
All features,194.0,-0.333333333,-1.2598483896600023,-0.9265150566600023,0.9265150566600023,0.8584301502176873,0.333333333,Mild negative (-2 to 0)
All features,196.0,0.0,-0.4238443173299999,-0.4238443173299999,0.4238443173299999,0.17964400533293365,0.0,Zero
All features,196.0,-1.0,-4.446504680000005,-3.4465046800000048,3.4465046800000048,11.878394509261936,1.0,Mild negative (-2 to 0)
All features,196.0,0.0,-2.9981358945466607,-2.9981358945466607,2.9981358945466607,8.988818842169106,0.0,Zero
All features,200.0,-2.321928,-3.1226222866566578,-0.8006942866566575,0.8006942866566575,0.6411113406846137,2.321928,Low (-4 to -2)
All features,200.0,0.0,-0.3648050186666666,-0.3648050186666666,0.3648050186666666,0.13308270164438696,0.0,Zero
All features,200.0,0.0,-0.6620757179300005,-0.6620757179300005,0.6620757179300005,0.4383442562725256,0.0,Zero
All features,200.0,0.0,-0.5402025524366669,-0.5402025524366669,0.5402025524366669,0.29181879765908986,0.0,Zero
All features,200.0,0.0,-0.661666830046667,-0.661666830046667,0.661666830046667,0.43780299398400496,0.0,Zero
All features,217.0,-0.2,-1.1918485480566685,-0.9918485480566686,0.9918485480566686,0.9837635422821216,0.2,Mild negative (-2 to 0)
All features,217.0,0.0,-1.5595771388533337,-1.5595771388533337,1.5595771388533337,2.4322808520339505,0.0,Zero
All features,217.0,-0.924658667,-1.303863810806669,-0.3792051438066689,0.3792051438066689,0.14379654108943646,0.924658667,Mild negative (-2 to 0)
All features,218.0,-2.321928,-0.4353589354266667,1.8865690645733335,1.8865690645733335,3.5591428354051025,2.321928,Low (-4 to -2)
All features,218.0,-3.321928,-3.056327868569993,0.2656001314300074,0.2656001314300074,0.07054342981563719,3.321928,Low (-4 to -2)
All features,218.0,-4.321928,-0.4134078236266667,3.908520176373333,3.908520176373333,15.27652996911743,4.321928,Very low (<= -4)
All features,218.0,-4.321928,-0.9749615460400016,3.346966453959998,3.346966453959998,11.202184443933564,4.321928,Very low (<= -4)
All features,221.0,-0.666666667,-3.3581424965266544,-2.6914758295266545,2.6914758295266545,7.244042140926193,0.666666667,Mild negative (-2 to 0)
All features,221.0,0.0,-0.4248785333633335,-0.4248785333633335,0.4248785333633335,0.18052176811297727,0.0,Zero
All features,221.0,0.0,-0.2743461792200001,-0.2743461792200001,0.2743461792200001,0.07526582605261241,0.0,Zero
All features,221.0,-1.0,-1.7833227035166686,-0.7833227035166686,0.7833227035166686,0.6135944578446626,1.0,Mild negative (-2 to 0)
All features,221.0,0.0,-0.9017806886666672,-0.9017806886666672,0.9017806886666672,0.8132084104521284,0.0,Zero
All features,228.0,-1.0,-4.120818966356666,-3.1208189663566657,3.1208189663566657,9.739511020771488,1.0,Mild negative (-2 to 0)
All features,228.0,-1.881285333,-2.8869131625499937,-1.0056278295499939,1.0056278295499939,1.0112873315654316,1.881285333,Mild negative (-2 to 0)
All features,228.0,-2.321928,-3.0193339511733255,-0.6974059511733253,0.6974059511733253,0.48637506073197057,2.321928,Low (-4 to -2)
All features,233.0,-5.321928,-2.406106758053331,2.9158212419466687,2.9158212419466687,8.502013514987414,5.321928,Very low (<= -4)
All features,233.0,0.0,-0.6454046146233335,-0.6454046146233335,0.6454046146233335,0.4165471165770937,0.0,Zero
All features,233.0,-5.321928,-2.4149689897266646,2.906959010273335,2.906959010273335,8.450410687409327,5.321928,Very low (<= -4)
All features,233.0,-3.321928,-3.035871022229991,0.28605697777000927,0.28605697777000927,0.08182859453091158,3.321928,Low (-4 to -2)
All features,239.0,-5.321928,-3.595597806646658,1.7263301933533417,1.7263301933533417,2.9802159364833862,5.321928,Very low (<= -4)
All features,239.0,-5.321928,-2.352042190683332,2.9698858093166676,2.9698858093166676,8.820221720380518,5.321928,Very low (<= -4)
All features,239.0,-5.321928,-2.762025653449995,2.559902346550005,2.559902346550005,6.553100023872221,5.321928,Very low (<= -4)
All features,239.0,-5.321928,-3.7029140155566607,1.619013984443339,1.619013984443339,2.621206281823097,5.321928,Very low (<= -4)
All features,240.0,0.0,-1.1289874430633344,-1.1289874430633344,1.1289874430633344,1.2746126465946859,0.0,Zero
All features,240.0,-4.321928,-2.572314611676662,1.7496133883233376,1.7496133883233376,3.06114700860027,4.321928,Very low (<= -4)
All features,240.0,-5.321928,-1.744587949660003,3.5773400503399966,3.5773400503399966,12.79736183576657,5.321928,Very low (<= -4)
All features,240.0,-1.0,-0.7092537609000004,0.29074623909999964,0.29074623909999964,0.08453337555079415,1.0,Mild negative (-2 to 0)
All features,247.0,-5.321928,-2.2168650028266663,3.1050629971733335,3.1050629971733335,9.641416216415045,5.321928,Very low (<= -4)
All features,247.0,-5.321928,-3.039945534159991,2.281982465840009,2.281982465840009,5.207443974401247,5.321928,Very low (<= -4)
All features,247.0,-0.25,-1.088163259946668,-0.838163259946668,0.838163259946668,0.7025176503244257,0.25,Mild negative (-2 to 0)
All features,247.0,-5.321928,-3.5963191024166576,1.7256088975833421,1.7256088975833421,2.9777260674187973,5.321928,Very low (<= -4)
All features,250.0,0.5,-1.78491494413667,-2.28491494413667,2.28491494413667,5.220836301939081,0.5,Positive (0 to 1)
All features,250.0,1.0,-2.0208844673166677,-3.0208844673166677,3.0208844673166677,9.125742964875107,1.0,Positive (0 to 1)
All features,250.0,0.0,-2.712345462873329,-2.712345462873329,2.712345462873329,7.356817909969533,0.0,Zero
All features,250.0,0.0,-1.8150385384300016,-1.8150385384300016,1.8150385384300016,3.2943648959861167,0.0,Zero
All features,250.0,-0.333333333,-1.8264642809433356,-1.4931309479433357,1.4931309479433357,2.2294400277061643,0.333333333,Mild negative (-2 to 0)
All features,250.0,0.0,-2.7667489967733276,-2.7667489967733276,2.7667489967733276,7.654900011146215,0.0,Zero
All features,255.0,-3.321928,-2.5947902330266657,0.7271377669733345,0.7271377669733345,0.5287293321589673,3.321928,Low (-4 to -2)
All features,255.0,-1.7414459999999998,-1.4120194502233352,0.32942654977666463,0.32942654977666463,0.1085218516977573,1.7414459999999998,Mild negative (-2 to 0)
All features,255.0,-1.881285333,-1.980267353583334,-0.09898202058333405,0.09898202058333405,0.009797440398759566,1.881285333,Mild negative (-2 to 0)
All features,263.0,-3.321928,-3.0979352624566587,0.22399273754334148,0.22399273754334148,0.05017274647216026,3.321928,Low (-4 to -2)
All features,263.0,-3.988594667,-3.150163518429991,0.8384311485700091,0.8384311485700091,0.7029667908924246,3.988594667,Low (-4 to -2)
All features,273.0,0.0,-1.0172493275000014,-1.0172493275000014,1.0172493275000014,1.0347961942992052,0.0,Zero
All features,273.0,0.5,-0.7280004620166669,-1.228000462016667,1.228000462016667,1.5079851347131474,0.5,Positive (0 to 1)
All features,273.0,0.0,-1.2840375841600016,-1.2840375841600016,1.2840375841600016,1.6487525175354532,0.0,Zero
All features,273.0,0.0,-1.0186171200033347,-1.0186171200033347,1.0186171200033347,1.037580837163888,0.0,Zero
All features,278.0,-5.321928,-3.0518758646566617,2.270052135343338,2.270052135343338,5.153136697176849,5.321928,Very low (<= -4)
All features,278.0,0.0,-0.4831133665000001,-0.4831133665000001,0.4831133665000001,0.2333985248909634,0.0,Zero
All features,278.0,-4.321928,-2.7264416076066627,1.5954863923933371,1.5954863923933371,2.545576828312306,4.321928,Very low (<= -4)
All features,278.0,-1.0,-0.6303494429533333,0.3696505570466667,0.3696505570466667,0.136641534324911,1.0,Mild negative (-2 to 0)
All features,278.0,0.0,-0.4369532042133335,-0.4369532042133335,0.4369532042133335,0.19092810267229912,0.0,Zero
All features,279.0,-1.0,-2.9412026387533245,-1.9412026387533245,1.9412026387533245,3.76826768470287,1.0,Mild negative (-2 to 0)
All features,279.0,-5.321928,-3.9576723098566617,1.364255690143338,1.364255690143338,1.8611935880884756,5.321928,Very low (<= -4)
All features,279.0,-1.660964,-1.7361127946066697,-0.07514879460666957,0.07514879460666957,0.005647341330835409,1.660964,Mild negative (-2 to 0)
All features,283.0,0.0,-0.39292386902,-0.39292386902,0.39292386902,0.1543891668456461,0.0,Zero
All features,283.0,-0.333333333,-0.1976342051899999,0.1356991278100001,0.1356991278100001,0.01841425328839474,0.333333333,Mild negative (-2 to 0)
All features,283.0,0.0,-2.4383856292099977,-2.4383856292099977,2.4383856292099977,5.945724476737836,0.0,Zero
All features,283.0,-4.321928,-3.2549665955499907,1.066961404450009,1.066961404450009,1.138406638585936,4.321928,Very low (<= -4)
