repeat,fold,global_index,position,actual,predicted,error,absolute_error
1,1,67,40.0,-0.2,-0.4475957100827346,-0.24759571008273457,0.24759571008273457
1,1,68,40.0,-2.321928,-0.4184224641397509,1.9035055358602493,1.9035055358602493
1,1,69,41.0,0.0,-0.18314817237981454,-0.18314817237981454,0.18314817237981454
1,1,70,41.0,-1.0,-0.5261864945241518,0.4738135054758482,0.4738135054758482
1,1,88,46.0,-0.333333333,-0.4786686646628366,-0.14533533166283658,0.14533533166283658
1,1,89,46.0,-0.75,-0.3920924528766833,0.3579075471233167,0.3579075471233167
1,1,90,46.0,-2.321928,-0.37285450163692374,1.9490734983630764,1.9490734983630764
1,1,91,46.0,0.333333333,-0.24912648984636662,-0.5824598228463667,0.5824598228463667
1,1,109,51.0,-1.160964,-1.2190165867684575,-0.05805258676845737,0.05805258676845737
1,1,110,51.0,-2.321928,-0.8922892675631487,1.4296387324368514,1.4296387324368514
1,1,111,51.0,0.0,-0.1740265577720517,-0.1740265577720517,0.1740265577720517
1,1,112,51.0,-0.5,-2.047057848352729,-1.547057848352729,1.547057848352729
1,1,113,51.0,-0.142857143,-1.2057346552974868,-1.0628775122974867,1.0628775122974867
1,1,155,62.0,-1.0,-1.5064627458176418,-0.5064627458176418,0.5064627458176418
1,1,156,62.0,0.0,-0.5653516123287514,-0.5653516123287514,0.5653516123287514
1,1,231,82.0,-2.321928,-2.9759014195028324,-0.6539734195028322,0.6539734195028322
1,1,232,82.0,0.0,-0.4259383980052134,-0.4259383980052134,0.4259383980052134
1,1,233,82.0,-3.321928,-3.981906260220065,-0.6599782602200648,0.6599782602200648
1,1,234,82.0,-2.321928,-0.34010447371629793,1.9818235262837023,1.9818235262837023
1,1,235,82.0,-1.0,-0.548597230481458,0.45140276951854197,0.45140276951854197
1,1,239,84.0,-3.321928,-4.673380199932018,-1.3514521999320182,1.3514521999320182
1,1,240,84.0,0.0,-4.077854954677038,-4.077854954677038,4.077854954677038
1,1,241,84.0,0.0,-0.6365206979293815,-0.6365206979293815,0.6365206979293815
1,1,242,84.0,0.0,-1.9533817595159353,-1.9533817595159353,1.9533817595159353
1,1,243,84.0,0.166666667,-2.074810521225552,-2.2414771882255518,2.2414771882255518
1,1,251,87.0,-0.25,-0.5123945979963493,-0.26239459799634934,0.26239459799634934
1,1,252,87.0,-1.0,-0.7470484651533712,0.2529515348466288,0.2529515348466288
1,1,253,87.0,0.0,0.09275742528387933,0.09275742528387933,0.09275742528387933
1,1,254,87.0,-4.321928,-0.09847177924191544,4.223456220758084,4.223456220758084
1,1,280,94.0,0.0,-0.711834635865305,-0.711834635865305,0.711834635865305
1,1,281,94.0,0.0,-0.5040230772129186,-0.5040230772129186,0.5040230772129186
1,1,282,94.0,0.0,-0.6400213896912659,-0.6400213896912659,0.6400213896912659
1,1,283,94.0,0.0,-1.1287262588363298,-1.1287262588363298,1.1287262588363298
1,1,284,94.0,-1.0,-1.6335507205415472,-0.6335507205415472,0.6335507205415472
1,1,293,98.0,0.0,-0.5037420888891164,-0.5037420888891164,0.5037420888891164
1,1,294,98.0,0.0,-0.795213524314658,-0.795213524314658,0.795213524314658
1,1,295,98.0,0.0,-1.1338929736018546,-1.1338929736018546,1.1338929736018546
1,1,313,104.0,-4.988594667,-4.817199122760588,0.17139554423941217,0.17139554423941217
1,1,314,104.0,-2.321928,-1.1465611264222395,1.1753668735777607,1.1753668735777607
1,1,315,104.0,-5.321928,-1.7562564857353824,3.5656715142646176,3.5656715142646176
1,1,332,109.0,0.0,0.2129380082897789,0.2129380082897789,0.2129380082897789
1,1,333,109.0,0.0,0.09038034284279062,0.09038034284279062,0.09038034284279062
1,1,334,109.0,0.0,-0.13817929948056173,-0.13817929948056173,0.13817929948056173
1,1,335,109.0,0.0,-0.1023550924407959,-0.1023550924407959,0.1023550924407959
1,1,336,109.0,-0.5,-0.03292973728491673,0.4670702627150833,0.4670702627150833
1,1,341,111.0,-0.5,-2.6081096882735304,-2.1081096882735304,2.1081096882735304
1,1,342,111.0,-0.333333333,-2.271708128314862,-1.938374795314862,1.938374795314862
1,1,343,111.0,0.0,-0.4285887073330637,-0.4285887073330637,0.4285887073330637
1,1,344,111.0,0.0,-0.12379969534166485,-0.12379969534166485,0.12379969534166485
1,1,351,114.0,0.0,-0.8743183345057874,-0.8743183345057874,0.8743183345057874
1,1,352,114.0,-1.660964,-0.7465367872193301,0.91442721278067,0.91442721278067
1,1,353,114.0,-2.321928,-2.1688478244008027,0.1530801755991975,0.1530801755991975
1,1,354,114.0,-3.321928,-3.588534312852141,-0.266606312852141,0.266606312852141
1,1,369,119.0,-1.0,-0.985098558117942,0.014901441882057997,0.014901441882057997
1,1,370,119.0,-2.321928,-0.20039313241908505,2.121534867580915,2.121534867580915
1,1,371,119.0,0.0,-0.5961558184496071,-0.5961558184496071,0.5961558184496071
1,1,374,121.0,-5.321928,-3.79005971094091,1.5318682890590898,1.5318682890590898
1,1,375,121.0,-5.321928,-2.657374185986434,2.6645538140135656,2.6645538140135656
1,1,376,121.0,-2.821928,-2.0654056663742164,0.7565223336257838,0.7565223336257838
1,1,377,121.0,-5.321928,-2.5992939805866926,2.722634019413307,2.722634019413307
1,1,378,122.0,0.0,-4.559484826627868,-4.559484826627868,4.559484826627868
1,1,379,122.0,-0.25,-2.1244835623431126,-1.8744835623431126,1.8744835623431126
1,1,380,122.0,0.0,-2.557420261153533,-2.557420261153533,2.557420261153533
1,1,381,122.0,0.0,-1.4800333387346085,-1.4800333387346085,1.4800333387346085
1,1,382,122.0,-0.666666667,-2.2559485992771298,-1.5892819322771299,1.5892819322771299
1,1,383,123.0,-4.321928,-4.417878952830318,-0.09595095283031796,0.09595095283031796
1,1,384,123.0,-1.0,-0.7598115841217215,0.24018841587827855,0.24018841587827855
1,1,385,123.0,-1.0,-0.6484395686924842,0.3515604313075158,0.3515604313075158
1,1,386,123.0,-2.321928,-1.1744454556812527,1.1474825443187475,1.1474825443187475
1,1,387,123.0,-1.045989714,-1.229149639211256,-0.1831599252112559,0.1831599252112559
1,1,436,136.0,-5.321928,-3.4098844727999116,1.9120435272000882,1.9120435272000882
1,1,437,136.0,-5.321928,-3.893179406328245,1.4287485936717546,1.4287485936717546
1,1,438,136.0,-5.321928,-3.4194762505398506,1.9024517494601492,1.9024517494601492
1,1,490,152.0,0.0,-0.38720861508396065,-0.38720861508396065,0.38720861508396065
1,1,491,152.0,0.0,-0.4487942543204913,-0.4487942543204913,0.4487942543204913
1,1,492,152.0,-2.321928,-0.27254890640280394,2.0493790935971963,2.0493790935971963
1,1,493,152.0,-0.5,-0.518712750848702,-0.018712750848702053,0.018712750848702053
1,1,494,152.0,0.333333333,-0.3679656847786985,-0.7012990177786985,0.7012990177786985
1,1,495,152.0,0.0,-0.30905810662096994,-0.30905810662096994,0.30905810662096994
1,1,500,154.0,-4.321928,-3.578750813322822,0.7431771866771779,0.7431771866771779
1,1,501,154.0,-3.321928,-1.9639847367655403,1.35794326323446,1.35794326323446
1,1,502,154.0,-1.0,-2.7361131170685895,-1.7361131170685895,1.7361131170685895
1,1,503,155.0,-2.321928,0.16036079354585453,2.482288793545855,2.482288793545855
1,1,504,155.0,-2.321928,-0.28522862304409274,2.0366993769559074,2.0366993769559074
1,1,505,155.0,-5.321928,-0.13212039363200923,5.1898076063679905,5.1898076063679905
1,1,506,155.0,-5.321928,-0.19427622743434964,5.12765177256565,5.12765177256565
1,1,525,161.0,-1.991446,-2.478421810536694,-0.48697581053669414,0.48697581053669414
1,1,526,161.0,-0.666666667,-1.5891491899054673,-0.9224825229054673,0.9224825229054673
1,1,527,161.0,-4.655261333,-2.2614062083484883,2.393855124651512,2.393855124651512
1,1,528,161.0,-0.5,-1.4109595711330594,-0.9109595711330594,0.9109595711330594
1,1,550,168.0,-5.321928,-0.25388512158893667,5.068042878411063,5.068042878411063
1,1,551,168.0,-4.821928,-0.15568696365276447,4.666241036347236,4.666241036347236
1,1,552,168.0,-3.321928,0.10881130686249181,3.430739306862492,3.430739306862492
1,1,553,168.0,-1.0,-0.15017802479663475,0.8498219752033652,0.8498219752033652
1,1,554,168.0,-5.321928,0.027750149917740313,5.34967814991774,5.34967814991774
1,1,636,190.0,0.0,-0.8502621899261078,-0.8502621899261078,0.8502621899261078
1,1,637,190.0,0.0,-1.6055687939147334,-1.6055687939147334,1.6055687939147334
1,1,638,190.0,0.0,-1.9752891224566993,-1.9752891224566993,1.9752891224566993
1,1,639,190.0,-0.2,-0.8353863474886241,-0.6353863474886241,0.6353863474886241
1,1,640,190.0,0.0,-2.494829848677201,-2.494829848677201,2.494829848677201
1,1,643,192.0,0.0,-1.921940071599231,-1.921940071599231,1.921940071599231
1,1,644,192.0,-2.321928,-1.8885647643669292,0.433363235633071,0.433363235633071
1,1,645,192.0,0.0,-1.1934978417283257,-1.1934978417283257,1.1934978417283257
1,1,661,197.0,-2.6552613330000003,-2.6839305110974845,-0.02866917809748415,0.02866917809748415
1,1,662,197.0,-1.944234286,-1.779313651836564,0.16492063416343594,0.16492063416343594
1,1,663,197.0,-2.321928,-0.08307127290212529,2.238856727097875,2.238856727097875
1,1,676,201.0,0.0,-2.165404748501419,-2.165404748501419,2.165404748501419
1,1,677,201.0,-3.321928,-2.4321487385126206,0.8897792614873796,0.8897792614873796
1,1,678,201.0,-3.571928,-3.4247207337663936,0.14720726623360658,0.14720726623360658
1,1,679,201.0,-1.0,-0.6737726319149235,0.32622736808507646,0.32622736808507646
1,1,701,208.0,-2.988594667,-2.565399095317243,0.4231955716827569,0.4231955716827569
1,1,702,208.0,-5.321928,-1.8633835939092918,3.458544406090708,3.458544406090708
1,1,712,212.0,-1.660964,-0.5095030893269484,1.1514609106730518,1.1514609106730518
1,1,713,212.0,-2.988594667,-0.5381222578639328,2.4504724091360672,2.4504724091360672
1,1,726,216.0,-2.160964,-2.330818626671369,-0.16985462667136897,0.16985462667136897
1,1,727,216.0,-1.0,-4.272729191213426,-3.2727291912134264,3.2727291912134264
1,1,728,216.0,-2.321928,-3.281985509472017,-0.960057509472017,0.960057509472017
1,1,798,236.0,-2.321928,-0.47403942238732577,1.8478885776126743,1.8478885776126743
1,1,799,236.0,0.0,-0.8214979290712724,-0.8214979290712724,0.8214979290712724
1,1,800,236.0,-3.321928,-1.1399939189262869,2.181934081073713,2.181934081073713
1,1,801,236.0,-5.321928,-2.6157028773701856,2.706225122629814,2.706225122629814
1,1,802,236.0,-5.321928,-1.6140082151816686,3.707919784818331,3.707919784818331
1,1,803,236.0,-4.321928,-1.8887837512674008,2.433144248732599,2.433144248732599
1,1,817,241.0,-3.321928,-0.2215697815278532,3.100358218472147,3.100358218472147
1,1,818,241.0,-3.988594667,-0.42943465637291783,3.559160010627082,3.559160010627082
1,1,819,241.0,-4.321928,-0.369948952168597,3.9519790478314025,3.9519790478314025
1,1,824,243.0,-4.988594667,-4.056393226408631,0.9322014405913688,0.9322014405913688
1,1,825,243.0,-3.321928,-3.165342490626871,0.1565855093731292,0.1565855093731292
1,1,826,243.0,-2.321928,-1.4874887364633467,0.8344392635366535,0.8344392635366535
1,1,827,244.0,-3.821928,-0.7617946448404749,3.0601333551595253,3.0601333551595253
1,1,828,244.0,0.0,-0.07785691892683702,-0.07785691892683702,0.07785691892683702
1,1,829,244.0,-5.321928,-3.2485467577108293,2.0733812422891704,2.0733812422891704
1,1,830,244.0,-1.220321333,-2.561754689193897,-1.3414333561938971,1.3414333561938971
1,1,831,244.0,0.25,-0.1657099352034231,-0.4157099352034231,0.4157099352034231
1,1,832,245.0,-1.0,0.00036678716008484326,1.0003667871600848,1.0003667871600848
1,1,833,245.0,-2.321928,-0.2105164824876066,2.1114115175123938,2.1114115175123938
1,1,834,245.0,-5.321928,-1.989141180753261,3.3327868192467385,3.3327868192467385
1,1,863,253.0,0.0,-0.9441042948440403,-0.9441042948440403,0.9441042948440403
1,1,864,253.0,-0.333333333,-0.23612623810444894,0.09720709489555107,0.09720709489555107
1,1,865,253.0,0.0,-1.9208562409137326,-1.9208562409137326,1.9208562409137326
1,1,866,253.0,0.0,-0.4735859618098245,-0.4735859618098245,0.4735859618098245
1,1,880,258.0,-5.321928,-0.7462352150486847,4.575692784951315,4.575692784951315
1,1,881,258.0,-5.321928,-4.325348351630631,0.9965796483693685,0.9965796483693685
1,1,882,258.0,-5.321928,-0.4115746386958542,4.9103533613041455,4.9103533613041455
1,1,883,258.0,0.0,-0.29948188563286526,-0.29948188563286526,0.29948188563286526
1,1,924,269.0,-0.25,-2.2007179848362495,-1.9507179848362495,1.9507179848362495
1,1,925,269.0,0.0,-2.426231029127618,-2.426231029127618,2.426231029127618
1,1,926,269.0,0.0,-1.929909094727157,-1.929909094727157,1.929909094727157
1,1,927,269.0,0.0,-2.404574618013002,-2.404574618013002,2.404574618013002
1,1,928,269.0,-0.5,-3.2517925399144576,-2.7517925399144576,2.7517925399144576
1,1,948,275.0,0.0,-0.20513421145619137,-0.20513421145619137,0.20513421145619137
1,1,949,275.0,-5.321928,-2.327149875183198,2.994778124816802,2.994778124816802
1,1,950,275.0,-4.321928,-1.713233030948917,2.608694969051083,2.608694969051083
1,1,951,276.0,-0.5,-0.6698011794169574,-0.16980117941695738,0.16980117941695738
1,1,981,285.0,0.0,-1.8687995998492177,-1.8687995998492177,1.8687995998492177
1,1,982,285.0,-0.333333333,-2.230367276636979,-1.8970339436369787,1.8970339436369787
1,1,983,285.0,-3.214618667,-3.252795980245988,-0.03817731324598794,0.03817731324598794
1,1,984,285.0,0.0,-3.32247342880613,-3.32247342880613,3.32247342880613
1,1,985,285.0,-1.0,-2.422175768097296,-1.4221757680972962,1.4221757680972962
1,2,4,25.0,0.0,-1.7343639705476273,-1.7343639705476273,1.7343639705476273
1,2,5,25.0,0.0,-0.8136389188375104,-0.8136389188375104,0.8136389188375104
1,2,6,25.0,0.0,-0.8000863160214453,-0.8000863160214453,0.8000863160214453
1,2,7,25.0,0.0,-0.9474513690048565,-0.9474513690048565,0.9474513690048565
1,2,8,25.0,-0.166666667,-1.8498653269999252,-1.6831986599999254,1.6831986599999254
1,2,9,26.0,-1.0,0.08742024409671313,1.0874202440967131,1.0874202440967131
1,2,10,26.0,0.0,-0.24803874366098186,-0.24803874366098186,0.24803874366098186
1,2,11,26.0,0.0,0.001293920891070594,0.001293920891070594,0.001293920891070594
1,2,12,27.0,0.0,-0.6594408615737918,-0.6594408615737918,0.6594408615737918
1,2,13,27.0,-1.0,-0.6245581405888653,0.3754418594111347,0.3754418594111347
1,2,14,27.0,-2.321928,-3.452516878806614,-1.1305888788066136,1.1305888788066136
1,2,15,27.0,-2.321928,-2.0498526134167645,0.2720753865832357,0.2720753865832357
1,2,16,27.0,-1.0,-0.22542308966096317,0.7745769103390369,0.7745769103390369
1,2,17,27.0,-2.321928,-3.0185185803972225,-0.6965905803972223,0.6965905803972223
1,2,31,32.0,0.0,-1.8011797037452106,-1.8011797037452106,1.8011797037452106
1,2,32,32.0,-0.5,-0.9792181135483052,-0.47921811354830524,0.47921811354830524
1,2,33,32.0,0.0,-0.8075026379581148,-0.8075026379581148,0.8075026379581148
1,2,34,32.0,-0.333333333,-1.4492962499104076,-1.1159629169104077,1.1159629169104077
1,2,35,32.0,0.0,-1.3833248583406919,-1.3833248583406919,1.3833248583406919
1,2,36,32.0,0.0,-1.1448993405793908,-1.1448993405793908,1.1448993405793908
1,2,58,38.0,0.0,-4.14666684173284,-4.14666684173284,4.14666684173284
1,2,59,38.0,1.0,-0.23019436323228684,-1.230194363232287,1.230194363232287
1,2,60,38.0,-1.0,-2.446953886399064,-1.446953886399064,1.446953886399064
1,2,61,38.0,-1.0,-1.4498612638863713,-0.44986126388637127,0.44986126388637127
1,2,83,45.0,0.0,-2.8200242411936056,-2.8200242411936056,2.8200242411936056
1,2,84,45.0,0.0,-0.09203117135532482,-0.09203117135532482,0.09203117135532482
1,2,85,45.0,-4.321928,-2.7096749318789675,1.6122530681210323,1.6122530681210323
1,2,86,45.0,0.0,-0.0634433104672269,-0.0634433104672269,0.0634433104672269
1,2,87,45.0,0.0,-0.559745948130386,-0.559745948130386,0.559745948130386
1,2,114,52.0,-0.5,-0.23998331088698083,0.2600166891130192,0.2600166891130192
1,2,115,52.0,-0.5,-0.7223863175184441,-0.22238631751844407,0.22238631751844407
1,2,116,52.0,-2.214618667,-1.577923084851648,0.636695582148352,0.636695582148352
1,2,117,52.0,-1.0,-3.840655491514758,-2.840655491514758,2.840655491514758
1,2,128,56.0,-0.5,-3.0334137885823367,-2.5334137885823367,2.5334137885823367
1,2,129,56.0,0.0,-3.765701938712019,-3.765701938712019,3.765701938712019
1,2,130,56.0,0.0,-2.7516108178412066,-2.7516108178412066,2.7516108178412066
1,2,165,65.0,-4.321928,-2.641807234281316,1.6801207657186836,1.6801207657186836
1,2,166,65.0,-2.741446,-0.9766281870720362,1.7648178129279635,1.7648178129279635
1,2,167,65.0,-4.321928,-1.006916001274323,3.3150119987256765,3.3150119987256765
1,2,179,68.0,-5.321928,-1.2930971251659449,4.028830874834055,4.028830874834055
1,2,180,68.0,-5.321928,-0.8970413708468333,4.424886629153167,4.424886629153167
1,2,181,68.0,-5.321928,-1.5524183932398823,3.7695096067601175,3.7695096067601175
1,2,182,68.0,-5.321928,-1.0193986257664391,4.30252937423356,4.30252937423356
1,2,223,80.0,-5.321928,-2.412130062963846,2.9097979370361537,2.9097979370361537
1,2,224,80.0,0.333333333,-0.7049330649474209,-1.038266397947421,1.038266397947421
1,2,225,80.0,0.0,-1.1502043971212,-1.1502043971212,1.1502043971212
1,2,288,96.0,0.0,-1.1824103868076206,-1.1824103868076206,1.1824103868076206
1,2,300,100.0,0.0,-0.29701405062046554,-0.29701405062046554,0.29701405062046554
1,2,301,100.0,0.0,0.22161604065002094,0.22161604065002094,0.22161604065002094
1,2,302,100.0,0.0,-0.03655906350349136,-0.03655906350349136,0.03655906350349136
1,2,303,100.0,-2.321928,-1.0774217773272794,1.2445062226727208,1.2445062226727208
1,2,316,105.0,-2.821928,-0.7438976956096596,2.0780303043903405,2.0780303043903405
1,2,317,105.0,-1.440642667,-1.2266375639327702,0.21400510306722986,0.21400510306722986
1,2,318,105.0,-2.321928,-1.8200984200735808,0.5018295799264194,0.5018295799264194
1,2,319,105.0,-2.321928,-0.6597787423065532,1.662149257693447,1.662149257693447
1,2,320,105.0,-2.6552613330000003,-0.6952275887667492,1.9600337442332512,1.9600337442332512
1,2,321,106.0,0.0,-0.06729109096262881,-0.06729109096262881,0.06729109096262881
1,2,322,106.0,0.25,0.07354570956934672,-0.17645429043065328,0.17645429043065328
1,2,323,106.0,-1.0,-0.6223874087028785,0.37761259129712155,0.37761259129712155
1,2,324,106.0,-0.660964,-0.07302565635386685,0.5879383436461332,0.5879383436461332
1,2,325,106.0,-1.0,-2.111615099328932,-1.1116150993289322,1.1116150993289322
1,2,326,106.0,-2.321928,-2.3146300224237297,0.007297977576270487,0.007297977576270487
1,2,327,107.0,-0.333333333,-0.3547436988870818,-0.021410365887081784,0.021410365887081784
1,2,328,107.0,-1.440642667,-1.5929625558110039,-0.15231988881100378,0.15231988881100378
1,2,329,107.0,-0.333333333,-0.5137251178200356,-0.1803917848200356,0.1803917848200356
1,2,403,127.0,0.5,-0.4523970625061315,-0.9523970625061315,0.9523970625061315
1,2,404,127.0,-0.5,-0.812163064953834,-0.31216306495383395,0.31216306495383395
1,2,405,127.0,0.0,-2.592082442651602,-2.592082442651602,2.592082442651602
1,2,406,127.0,0.0,-0.4352674684880047,-0.4352674684880047,0.4352674684880047
1,2,407,127.0,-0.333333333,-2.586314313062073,-2.252980980062073,2.252980980062073
1,2,408,127.0,0.0,-0.3316023568802545,-0.3316023568802545,0.3316023568802545
1,2,413,129.0,-5.321928,-1.0562614996352817,4.265666500364718,4.265666500364718
1,2,414,129.0,-5.321928,-1.2008710830655906,4.121056916934409,4.121056916934409
1,2,415,129.0,-5.321928,-0.8315465589443589,4.490381441055641,4.490381441055641
1,2,424,132.0,-5.321928,-0.6693053477460019,4.6526226522539975,4.6526226522539975
1,2,425,132.0,-5.321928,-3.2163967092717645,2.1055312907282353,2.1055312907282353
1,2,426,132.0,-5.321928,-0.9809060700079347,4.341021929992065,4.341021929992065
1,2,427,132.0,-2.321928,-0.023326264334923925,2.298601735665076,2.298601735665076
1,2,428,132.0,0.0,-0.19998125339682615,-0.19998125339682615,0.19998125339682615
1,2,439,137.0,0.0,-0.016621786988188607,-0.016621786988188607,0.016621786988188607
1,2,440,137.0,-5.321928,-1.990353260976647,3.3315747390233525,3.3315747390233525
1,2,441,137.0,-2.488594667,-1.790287443460797,0.6983072235392032,0.6983072235392032
1,2,442,137.0,-5.321928,-2.69947053268648,2.6224574673135197,2.6224574673135197
1,2,450,140.0,-0.428571429,-1.0352217690427383,-0.6066503400427383,0.6066503400427383
1,2,451,140.0,-1.660964,-1.4464962321905441,0.21446776780945598,0.21446776780945598
1,2,452,140.0,0.0,0.18737501694292708,0.18737501694292708,0.18737501694292708
1,2,453,140.0,-2.6552613330000003,-1.8028399711276921,0.8524213618723082,0.8524213618723082
1,2,459,143.0,-2.101606667,-0.31581658201283064,1.7857900849871693,1.7857900849871693
1,2,460,143.0,-1.0,-0.31874793310639266,0.6812520668936073,0.6812520668936073
1,2,461,143.0,-3.1552613330000003,-1.950568729260178,1.2046926037398222,1.2046926037398222
1,2,462,143.0,-1.0,-0.9391085274060124,0.06089147259398764,0.06089147259398764
1,2,470,146.0,-5.321928,-3.25177262273978,2.0701553772602197,2.0701553772602197
1,2,471,146.0,-3.321928,-2.3679722148715294,0.9539557851284708,0.9539557851284708
1,2,529,162.0,-1.0,-0.2080664899608765,0.7919335100391235,0.7919335100391235
1,2,530,162.0,-1.660964,-1.2297944691954497,0.43116953080455045,0.43116953080455045
1,2,531,162.0,-1.0,-0.7655262851511987,0.2344737148488013,0.2344737148488013
1,2,567,172.0,0.0,-1.6689072944028978,-1.6689072944028978,1.6689072944028978
1,2,568,172.0,0.0,-0.4920309056142041,-0.4920309056142041,0.4920309056142041
1,2,569,172.0,0.0,-0.7564640515804015,-0.7564640515804015,0.7564640515804015
1,2,570,172.0,-0.125,-0.8239891274262361,-0.6989891274262361,0.6989891274262361
1,2,611,183.0,0.0,-3.343767428957826,-3.343767428957826,3.343767428957826
1,2,612,183.0,0.0,-0.5274833167941319,-0.5274833167941319,0.5274833167941319
1,2,613,183.0,0.0,-0.6557475741073905,-0.6557475741073905,0.6557475741073905
1,2,614,183.0,0.0,-0.5040950194425426,-0.5040950194425426,0.5040950194425426
1,2,692,206.0,0.0,-0.23767189354356236,-0.23767189354356236,0.23767189354356236
1,2,693,206.0,-1.0,-4.208702989163827,-3.208702989163827,3.208702989163827
1,2,694,206.0,-0.333333333,-0.35461183504135296,-0.021278502041352954,0.021278502041352954
1,2,695,206.0,0.0,-0.45428025284398915,-0.45428025284398915,0.45428025284398915
1,2,696,206.0,0.0,-3.11198571561873,-3.11198571561873,3.11198571561873
1,2,703,209.0,-5.321928,-0.981830694977736,4.3400973050222635,4.3400973050222635
1,2,704,209.0,0.0,-0.871707638445172,-0.871707638445172,0.871707638445172
1,2,705,209.0,-5.321928,-0.8762787115915461,4.445649288408454,4.445649288408454
1,2,706,210.0,0.0,-0.4988008043155569,-0.4988008043155569,0.4988008043155569
1,2,707,210.0,-0.5,-1.56906480170092,-1.06906480170092,1.06906480170092
1,2,714,213.0,0.0,-0.9237901500859802,-0.9237901500859802,0.9237901500859802
1,2,715,213.0,0.0,-1.20068225103283,-1.20068225103283,1.20068225103283
1,2,716,213.0,-0.5,-1.6994807901979432,-1.1994807901979432,1.1994807901979432
1,2,723,215.0,-3.321928,-3.293543909465548,0.028384090534452344,0.028384090534452344
1,2,724,215.0,-1.660964,-0.5272307692013779,1.1337332307986223,1.1337332307986223
1,2,725,215.0,-3.321928,-0.510760819514352,2.811167180485648,2.811167180485648
1,2,760,225.0,0.0,0.16629632917532464,0.16629632917532464,0.16629632917532464
1,2,761,225.0,-1.0,0.1759308439479969,1.175930843947997,1.175930843947997
1,2,762,225.0,0.0,-1.1006948148703495,-1.1006948148703495,1.1006948148703495
1,2,763,225.0,0.0,0.03881752135712288,0.03881752135712288,0.03881752135712288
1,2,764,225.0,1.0,0.43991927919061485,-0.5600807208093852,0.5600807208093852
1,2,765,226.0,0.0,-5.072617395305095,-5.072617395305095,5.072617395305095
1,2,766,226.0,0.0,-0.9747478676758555,-0.9747478676758555,0.9747478676758555
1,2,794,235.0,-2.321928,-0.8313550174924642,1.490572982507536,1.490572982507536
1,2,795,235.0,-1.660964,-0.5869751773560397,1.0739888226439605,1.0739888226439605
1,2,796,235.0,-5.321928,-3.3088029265178966,2.013125073482103,2.013125073482103
1,2,797,235.0,-2.101606667,-0.7851298851223534,1.3164767818776466,1.3164767818776466
1,2,804,237.0,0.0,-2.3317985159158456,-2.3317985159158456,2.3317985159158456
1,2,805,237.0,0.5,-4.613702015952137,-5.113702015952137,5.113702015952137
1,2,806,237.0,-1.0,-2.729683950680229,-1.7296839506802288,1.7296839506802288
1,2,807,238.0,-0.285714286,-2.6065318737453826,-2.3208175877453825,2.3208175877453825
1,2,808,238.0,-0.5,-1.663746278589923,-1.163746278589923,1.163746278589923
1,2,842,248.0,-5.321928,-4.742824321412636,0.579103678587364,0.579103678587364
1,2,843,248.0,-5.321928,-3.4698007105731588,1.852127289426841,1.852127289426841
1,2,844,248.0,-5.321928,-3.5409749486913005,1.7809530513086993,1.7809530513086993
1,2,933,271.0,-1.0,-0.8990930333956081,0.10090696660439191,0.10090696660439191
1,2,934,271.0,0.0,-0.5491819730272381,-0.5491819730272381,0.5491819730272381
1,2,935,272.0,-3.321928,-0.8578899095653705,2.46403809043463,2.46403809043463
1,2,936,272.0,-5.321928,-0.8413689658912787,4.480559034108721,4.480559034108721
1,2,937,272.0,-5.321928,-0.41221334213277416,4.909714657867226,4.909714657867226
1,2,942,274.0,0.0,-0.7372991282666117,-0.7372991282666117,0.7372991282666117
1,2,943,274.0,-1.0,-0.8826818302824541,0.11731816971754594,0.11731816971754594
1,2,944,274.0,-3.321928,-1.4099020286800008,1.9120259713199994,1.9120259713199994
1,2,945,274.0,0.0,-0.7839253386270078,-0.7839253386270078,0.7839253386270078
1,2,946,274.0,0.0,-0.7127613205285077,-0.7127613205285077,0.7127613205285077
1,2,947,274.0,0.0,-0.33838252670816527,-0.33838252670816527,0.33838252670816527
1,2,970,282.0,0.0,-0.7662947679540734,-0.7662947679540734,0.7662947679540734
1,2,971,282.0,-5.321928,-5.642758428703637,-0.320830428703637,0.320830428703637
1,2,972,282.0,-1.160964,-2.939534974311124,-1.7785709743111238,1.7785709743111238
1,2,986,286.0,-5.250499429,-0.46439276029943644,4.786106668700564,4.786106668700564
1,2,987,286.0,-5.321928,-0.4063103820466333,4.915617617953367,4.915617617953367
1,2,988,286.0,-2.321928,-0.43253767781215235,1.8893903221878479,1.8893903221878479
1,3,0,24.0,-1.0,-0.838360197570934,0.16163980242906595,0.16163980242906595
1,3,1,24.0,-3.321928,-4.434252923266976,-1.1123249232669754,1.1123249232669754
1,3,2,24.0,-0.5,-2.3331607442123383,-1.8331607442123383,1.8331607442123383
1,3,3,24.0,-0.25,-0.5772062770032838,-0.32720627700328375,0.32720627700328375
1,3,50,36.0,0.0,-1.3725913225039623,-1.3725913225039623,1.3725913225039623
1,3,51,36.0,0.0,-0.7131386304337077,-0.7131386304337077,0.7131386304337077
1,3,52,36.0,0.0,-1.0054373187169385,-1.0054373187169385,1.0054373187169385
1,3,53,36.0,0.0,-1.5455457769086773,-1.5455457769086773,1.5455457769086773
1,3,54,37.0,0.0,-2.0498564531665733,-2.0498564531665733,2.0498564531665733
1,3,55,37.0,0.5,-2.6749299487436318,-3.1749299487436318,3.1749299487436318
1,3,56,37.0,0.333333333,-2.897245645535605,-3.230578978535605,3.230578978535605
1,3,57,37.0,0.0,-1.4800617266660805,-1.4800617266660805,1.4800617266660805
1,3,135,58.0,-0.25,-2.356200790998879,-2.106200790998879,2.106200790998879
1,3,136,58.0,-1.0,-2.1327392954570232,-1.1327392954570232,1.1327392954570232
1,3,137,58.0,0.0,-2.4896051535304005,-2.4896051535304005,2.4896051535304005
1,3,138,58.0,0.0,-3.385518652423744,-3.385518652423744,3.385518652423744
1,3,139,58.0,0.0,-2.1557368088765294,-2.1557368088765294,2.1557368088765294
1,3,196,72.0,0.0,0.08261038598302507,0.08261038598302507,0.08261038598302507
1,3,197,72.0,-3.321928,-3.0696710014254953,0.2522569985745049,0.2522569985745049
1,3,198,72.0,-5.321928,-2.2124764824873555,3.1094515175126443,3.1094515175126443
1,3,199,72.0,0.0,-0.9078065047710214,-0.9078065047710214,0.9078065047710214
1,3,202,74.0,-5.321928,-4.097797048361305,1.2241309516386947,1.2241309516386947
1,3,203,74.0,-4.321928,-2.275000321869067,2.046927678130933,2.046927678130933
1,3,204,74.0,-0.75,-0.6399467731523598,0.11005322684764018,0.11005322684764018
1,3,213,77.0,-5.321928,-4.9047286201618485,0.41719937983815125,0.41719937983815125
1,3,214,77.0,-1.0,-1.243540672057408,-0.24354067205740804,0.24354067205740804
1,3,215,77.0,-2.321928,-4.616133194244124,-2.294205194244124,2.294205194244124
1,3,216,77.0,0.0,-1.9288337913748332,-1.9288337913748332,1.9288337913748332
1,3,217,77.0,0.0,-3.3646059589865773,-3.3646059589865773,3.3646059589865773
1,3,221,79.0,-3.321928,-0.08659151445943969,3.2353364855405604,3.2353364855405604
1,3,222,79.0,-2.321928,0.23144438316404045,2.5533723831640405,2.5533723831640405
1,3,226,81.0,0.0,-2.2683907832088606,-2.2683907832088606,2.2683907832088606
1,3,227,81.0,0.0,-1.5087749919244224,-1.5087749919244224,1.5087749919244224
1,3,228,81.0,-4.321928,-3.3633752399884633,0.9585527600115364,0.9585527600115364
1,3,229,81.0,-0.610160667,-0.8072106098198328,-0.1970499428198328,0.1970499428198328
1,3,230,81.0,-1.5287712,-2.2208598184464208,-0.6920886184464208,0.6920886184464208
1,3,248,86.0,-1.0,-1.1416557430260925,-0.14165574302609252,0.14165574302609252
1,3,249,86.0,0.0,-0.6749680979553088,-0.6749680979553088,0.6749680979553088
1,3,250,86.0,0.5,-0.8219123244977485,-1.3219123244977484,1.3219123244977484
1,3,285,95.0,-2.321928,-1.9047288646541718,0.4171991353458284,0.4171991353458284
1,3,286,95.0,-2.821928,-1.2302193793538805,1.5917086206461197,1.5917086206461197
1,3,287,95.0,-5.321928,-1.8923675445292032,3.4295604554707966,3.4295604554707966
1,3,359,116.0,-0.666666667,-0.5352786551020939,0.13138801189790605,0.13138801189790605
1,3,360,116.0,0.0,-0.36171923221216606,-0.36171923221216606,0.36171923221216606
1,3,361,116.0,-1.660964,-2.469978737641093,-0.8090147376410928,0.8090147376410928
1,3,362,116.0,-1.0,-1.3771612973515697,-0.37716129735156967,0.37716129735156967
1,3,388,124.0,-5.321928,-2.325594856203925,2.996333143796075,2.996333143796075
1,3,389,124.0,-5.321928,-3.850273453754605,1.4716545462453947,1.4716545462453947
1,3,390,124.0,0.0,-0.5691356081438523,-0.5691356081438523,0.5691356081438523
1,3,391,124.0,-0.25,-0.8798690222264776,-0.6298690222264776,0.6298690222264776
1,3,392,124.0,-0.5,-0.8301322245631504,-0.3301322245631504,0.3301322245631504
1,3,398,126.0,-2.321928,-0.9324236688677526,1.3895043311322475,1.3895043311322475
1,3,399,126.0,-0.333333333,-0.09287690146499686,0.24045643153500315,0.24045643153500315
1,3,400,126.0,-0.333333333,-0.5455104259213831,-0.2121770929213831,0.2121770929213831
1,3,401,126.0,-4.321928,-2.320216145282944,2.0017118547170556,2.0017118547170556
1,3,402,126.0,-0.75,-0.16224249342583225,0.5877575065741678,0.5877575065741678
1,3,416,130.0,-5.321928,-1.031136361289885,4.290791638710115,4.290791638710115
1,3,417,130.0,-4.321928,-1.812093446308047,2.509834553691953,2.509834553691953
1,3,418,130.0,-3.321928,-0.6705997016417118,2.6513282983582886,2.6513282983582886
1,3,419,130.0,-5.321928,-0.7855190814058051,4.536408918594194,4.536408918594194
1,3,515,158.0,0.333333333,-0.031567525579327384,-0.3649008585793274,0.3649008585793274
1,3,516,158.0,-3.321928,-0.473839927261518,2.848088072738482,2.848088072738482
1,3,517,158.0,-1.0,-0.20970248374283815,0.7902975162571618,0.7902975162571618
1,3,546,167.0,0.0,-0.09238258660651594,-0.09238258660651594,0.09238258660651594
1,3,547,167.0,-5.321928,-0.7477977085032478,4.574130291496752,4.574130291496752
1,3,548,167.0,-5.321928,-1.6419194853886208,3.6800085146113792,3.6800085146113792
1,3,549,167.0,0.0,0.1501318844913913,0.1501318844913913,0.1501318844913913
1,3,571,173.0,0.25,-0.6518250190603972,-0.9018250190603972,0.9018250190603972
1,3,572,173.0,0.25,-0.8811641683735494,-1.1311641683735494,1.1311641683735494
1,3,573,173.0,0.333333333,-0.60639234972968,-0.93972568272968,0.93972568272968
1,3,574,173.0,0.0,-0.41730061542109487,-0.41730061542109487,0.41730061542109487
1,3,604,181.0,-3.321928,-1.650157837759268,1.6717701622407322,1.6717701622407322
1,3,605,181.0,-5.321928,-2.1186244002351646,3.203303599764835,3.203303599764835
1,3,606,182.0,-1.0,-2.5132013972126437,-1.5132013972126437,1.5132013972126437
1,3,607,182.0,1.0,-0.6484113111242169,-1.648411311124217,1.648411311124217
1,3,608,182.0,0.0,-0.6412006007104032,-0.6412006007104032,0.6412006007104032
1,3,609,182.0,0.0,-1.0658840688839486,-1.0658840688839486,1.0658840688839486
1,3,610,182.0,0.0,-1.5012940578922418,-1.5012940578922418,1.5012940578922418
1,3,615,184.0,0.333333333,-0.6195630128116684,-0.9528963458116684,0.9528963458116684
1,3,616,184.0,-5.321928,-3.7504432132822383,1.5714847867177615,1.5714847867177615
1,3,617,184.0,-0.8,-0.8393489988842471,-0.03934899888424703,0.03934899888424703
1,3,618,184.0,-3.821928,-1.2727000451747907,2.5492279548252093,2.5492279548252093
1,3,619,184.0,0.0,-1.176690314202785,-1.176690314202785,1.176690314202785
1,3,620,185.0,-3.321928,-1.1215416650910486,2.2003863349089516,2.2003863349089516
1,3,621,186.0,-0.2,-0.5981931577954016,-0.3981931577954016,0.3981931577954016
1,3,622,186.0,0.0,-0.5519907137982791,-0.5519907137982791,0.5519907137982791
1,3,623,186.0,0.25,-1.4811922086728715,-1.7311922086728715,1.7311922086728715
1,3,624,186.0,0.0,-2.5954119180540225,-2.5954119180540225,2.5954119180540225
1,3,625,186.0,0.0,-3.4421081799278843,-3.4421081799278843,3.4421081799278843
1,3,626,187.0,-0.6,-0.6018591805637544,-0.0018591805637544478,0.0018591805637544478
1,3,627,187.0,-5.321928,-2.439734757156115,2.8821932428438846,2.8821932428438846
1,3,628,187.0,-3.321928,-0.07510115634786152,3.246826843652139,3.246826843652139
1,3,629,187.0,-0.5,0.01882175442610829,0.5188217544261083,0.5188217544261083
1,3,654,195.0,0.0,-0.6098016544409214,-0.6098016544409214,0.6098016544409214
1,3,655,195.0,-2.321928,-1.0044324356725824,1.3174955643274178,1.3174955643274178
1,3,656,195.0,-1.0,-0.6594516547173209,0.3405483452826791,0.3405483452826791
1,3,657,195.0,0.0,-0.36299835137611075,-0.36299835137611075,0.36299835137611075
1,3,668,199.0,0.0,-0.1402803974211617,-0.1402803974211617,0.1402803974211617
1,3,669,199.0,0.0,-3.183308003808779,-3.183308003808779,3.183308003808779
1,3,670,199.0,0.166666667,-1.1190861241149108,-1.285752791114911,1.285752791114911
1,3,687,204.0,0.0,-0.7239113768438576,-0.7239113768438576,0.7239113768438576
1,3,688,204.0,-0.666666667,-0.3381781171799921,0.3284885498200079,0.3284885498200079
1,3,689,204.0,-0.4,-0.3792920593076647,0.020707940692335336,0.020707940692335336
1,3,697,207.0,0.0,-0.624614673147006,-0.624614673147006,0.624614673147006
1,3,698,207.0,-1.0,-1.2732792097923369,-0.2732792097923369,0.2732792097923369
1,3,699,207.0,-0.5,-0.8771914170491694,-0.37719141704916936,0.37719141704916936
1,3,700,207.0,0.0,-0.3567608133032994,-0.3567608133032994,0.3567608133032994
1,3,708,211.0,0.0,-0.48952478378245834,-0.48952478378245834,0.48952478378245834
1,3,709,211.0,-1.0,-0.6528646377279334,0.34713536227206665,0.34713536227206665
1,3,710,211.0,-1.0,-1.928840403663581,-0.9288404036635809,0.9288404036635809
1,3,711,211.0,-1.0,-0.3649270023499358,0.6350729976500642,0.6350729976500642
1,3,736,219.0,0.0,0.23698394599248146,0.23698394599248146,0.23698394599248146
1,3,737,219.0,-1.0,0.0861019919923871,1.086101991992387,1.086101991992387
1,3,738,219.0,-3.321928,-1.1872799158676997,2.1346480841323006,2.1346480841323006
1,3,739,219.0,-3.321928,-0.8983142604357556,2.4236137395642445,2.4236137395642445
1,3,740,219.0,-3.321928,-3.5853597461974522,-0.263431746197452,0.263431746197452
1,3,750,222.0,0.0,-1.4162447554969664,-1.4162447554969664,1.4162447554969664
1,3,751,222.0,0.125,-1.791496892334745,-1.916496892334745,1.916496892334745
1,3,767,227.0,-5.321928,-3.533786408899685,1.788141591100315,1.788141591100315
1,3,768,227.0,-5.321928,-2.340455395703708,2.981472604296292,2.981472604296292
1,3,769,227.0,-5.321928,-2.703179058796166,2.6187489412038336,2.6187489412038336
1,3,770,227.0,-5.321928,-5.082318669837059,0.23960933016294117,0.23960933016294117
1,3,777,230.0,-5.321928,-0.3396940657256398,4.98223393427436,4.98223393427436
1,3,778,230.0,-1.0,-0.19488904579452918,0.8051109542054709,0.8051109542054709
1,3,779,230.0,-5.321928,-1.7153168325452208,3.606611167454779,3.606611167454779
1,3,780,230.0,-1.991446,-0.9137517700774994,1.0776942299225007,1.0776942299225007
1,3,781,230.0,-5.321928,-3.3926435358851212,1.9292844641148785,1.9292844641148785
1,3,785,232.0,-5.321928,0.0291850465987138,5.351113046598714,5.351113046598714
1,3,786,232.0,-5.321928,0.3000841630375514,5.622012163037551,5.622012163037551
1,3,820,242.0,-0.666666667,-1.2816794862760406,-0.6150128192760406,0.6150128192760406
1,3,821,242.0,-5.321928,-1.8878029233453315,3.4341250766546683,3.4341250766546683
1,3,822,242.0,-1.0643856000000005,-0.23776593820107092,0.8266196617989295,0.8266196617989295
1,3,823,242.0,-0.5,-0.11199182777258386,0.3880081722274161,0.3880081722274161
1,3,835,246.0,0.0,-0.25208017034478625,-0.25208017034478625,0.25208017034478625
1,3,836,246.0,0.0,-0.426690997764,-0.426690997764,0.426690997764
1,3,837,246.0,0.0,-0.7290490097907767,-0.7290490097907767,0.7290490097907767
1,3,845,249.0,-1.0,-0.5909578536821665,0.40904214631783353,0.40904214631783353
1,3,846,249.0,-0.5,-0.9077022616779078,-0.4077022616779078,0.4077022616779078
1,3,847,249.0,-1.881285333,-0.9608971617657784,0.9203881712342215,0.9203881712342215
1,3,848,249.0,-1.0,-0.8464117440298826,0.15358825597011738,0.15358825597011738
1,3,867,254.0,-0.5,-4.203318174687152,-3.703318174687152,3.703318174687152
1,3,868,254.0,-1.0,-0.465599825702995,0.534400174297005,0.534400174297005
1,3,872,256.0,0.0,0.022476445686891038,0.022476445686891038,0.022476445686891038
1,3,873,256.0,-4.321928,-1.7458610951376294,2.5760669048623703,2.5760669048623703
1,3,874,256.0,-5.321928,-2.708086602861297,2.6138413971387027,2.6138413971387027
1,3,875,256.0,0.0,-0.10779841318660209,-0.10779841318660209,0.10779841318660209
1,3,884,259.0,-1.0,-0.5779602042653622,0.4220397957346378,0.4220397957346378
1,3,885,259.0,-1.0,-0.0006133725239002105,0.9993866274760997,0.9993866274760997
1,3,886,259.0,-3.321928,-2.4149766256270775,0.9069513743729227,0.9069513743729227
1,3,887,260.0,-5.321928,-1.9309630333096082,3.3909649666903916,3.3909649666903916
1,3,888,260.0,-5.321928,-1.7834927655374404,3.5384352344625594,3.5384352344625594
1,3,889,260.0,-5.321928,-1.7685894206547565,3.553338579345243,3.553338579345243
1,3,890,260.0,-5.321928,-1.9333504674635613,3.3885775325364387,3.3885775325364387
1,3,891,260.0,0.0,-0.33554258089296796,-0.33554258089296796,0.33554258089296796
1,3,908,265.0,0.0,-4.4276122194601735,-4.4276122194601735,4.4276122194601735
1,3,909,265.0,0.0,-2.9111008749681617,-2.9111008749681617,2.9111008749681617
1,3,910,265.0,0.0,-2.3875290760538808,-2.3875290760538808,2.3875290760538808
1,3,911,265.0,-0.25,-1.9788449588646861,-1.7288449588646861,1.7288449588646861
1,4,18,28.0,-2.101606667,-3.1585019048487846,-1.0568952378487846,1.0568952378487846
1,4,19,28.0,0.0,-0.8474962309153481,-0.8474962309153481,0.8474962309153481
1,4,20,28.0,0.0,-1.5439841484716645,-1.5439841484716645,1.5439841484716645
1,4,21,29.0,0.0,-1.0239956660962763,-1.0239956660962763,1.0239956660962763
1,4,22,29.0,-0.5,-5.127548914821776,-4.627548914821776,4.627548914821776
1,4,28,31.0,0.0,-0.6226055599186198,-0.6226055599186198,0.6226055599186198
1,4,29,31.0,-0.333333333,-0.31817710614086364,0.015156226859136368,0.015156226859136368
1,4,30,31.0,0.0,-0.46882279934790955,-0.46882279934790955,0.46882279934790955
1,4,46,35.0,-2.321928,-0.3435531928275371,1.9783748071724632,1.9783748071724632
1,4,47,35.0,-3.321928,-0.16064803078264864,3.1612799692173517,3.1612799692173517
1,4,48,35.0,-1.0,-0.3189335461715878,0.6810664538284121,0.6810664538284121
1,4,49,35.0,-2.160964,0.05399362437176232,2.2149576243717624,2.2149576243717624
1,4,92,47.0,0.0,-0.2958553303491619,-0.2958553303491619,0.2958553303491619
1,4,93,47.0,0.0,-0.410430069072666,-0.410430069072666,0.410430069072666
1,4,94,47.0,-5.321928,-4.255168092494445,1.0667599075055545,1.0667599075055545
1,4,95,47.0,-0.5,-3.3498626010583865,-2.8498626010583865,2.8498626010583865
1,4,144,60.0,0.0,-1.5843154161690112,-1.5843154161690112,1.5843154161690112
1,4,145,60.0,0.0,-0.9314159172301807,-0.9314159172301807,0.9314159172301807
1,4,146,60.0,0.0,-1.1913205373534306,-1.1913205373534306,1.1913205373534306
1,4,147,60.0,0.0,-0.9769976413174859,-0.9769976413174859,0.9769976413174859
1,4,148,60.0,-0.5,-2.537986959039159,-2.037986959039159,2.037986959039159
1,4,149,60.0,0.333333333,-1.8198239026513359,-2.153157235651336,2.153157235651336
1,4,150,61.0,0.0,-0.6106697759791425,-0.6106697759791425,0.6106697759791425
1,4,151,61.0,0.0,-0.8010303329168453,-0.8010303329168453,0.8010303329168453
1,4,152,61.0,0.0,-0.4103020500744563,-0.4103020500744563,0.4103020500744563
1,4,153,61.0,0.0,-0.29014575322074504,-0.29014575322074504,0.29014575322074504
1,4,154,61.0,0.0,-0.2543870968156703,-0.2543870968156703,0.2543870968156703
1,4,168,66.0,-0.331704,-0.144954509834494,0.186749490165506,0.186749490165506
1,4,169,66.0,-5.321928,-3.2351041364984394,2.0868238635015603,2.0868238635015603
1,4,170,66.0,0.0,-0.23142308197158423,-0.23142308197158423,0.23142308197158423
1,4,171,66.0,-1.5287712,-1.6236603884254035,-0.0948891884254035,0.0948891884254035
1,4,172,66.0,0.0,-0.5643575925118535,-0.5643575925118535,0.5643575925118535
1,4,173,66.0,-5.321928,-2.5561312745200175,2.7657967254799822,2.7657967254799822
1,4,174,67.0,-1.0,-0.8478115882103751,0.15218841178962494,0.15218841178962494
1,4,175,67.0,-0.5,-1.5464375558843684,-1.0464375558843684,1.0464375558843684
1,4,176,67.0,-2.321928,-0.42591409509347355,1.8960139049065265,1.8960139049065265
1,4,177,67.0,-5.321928,-3.6705718444605133,1.6513561555394864,1.6513561555394864
1,4,178,67.0,-0.666666667,-0.6127338628655521,0.0539328041344479,0.0539328041344479
1,4,192,71.0,-5.321928,-0.46581483087189457,4.856113169128105,4.856113169128105
1,4,193,71.0,-5.321928,-0.45477328374509873,4.867154716254901,4.867154716254901
1,4,194,71.0,-4.821928,-0.13097020962390746,4.690957790376093,4.690957790376093
1,4,195,71.0,-5.321928,-0.4522840431946508,4.869643956805349,4.869643956805349
1,4,200,73.0,-1.0,-4.142975326681102,-3.1429753266811016,3.1429753266811016
1,4,201,73.0,-1.0,-5.223227184725548,-4.223227184725548,4.223227184725548
1,4,208,76.0,-4.321928,-0.9999424627669785,3.3219855372330214,3.3219855372330214
1,4,209,76.0,-0.5,-0.9287135817935295,-0.4287135817935295,0.4287135817935295
1,4,210,76.0,-2.321928,-2.7560959867246,-0.4341679867245998,0.4341679867245998
1,4,211,76.0,-1.0,-2.2800783774919076,-1.2800783774919076,1.2800783774919076
1,4,212,76.0,-5.321928,-3.0221152718760305,2.2998127281239693,2.2998127281239693
1,4,218,78.0,-1.410964,-0.5587203027225569,0.8522436972774432,0.8522436972774432
1,4,219,78.0,0.0,-0.17371144322013668,-0.17371144322013668,0.17371144322013668
1,4,220,78.0,-0.5,-0.14719171524197858,0.3528082847580214,0.3528082847580214
1,4,255,88.0,-0.25,0.5706163200720548,0.8206163200720548,0.8206163200720548
1,4,256,88.0,0.0,0.4683315040127561,0.4683315040127561,0.4683315040127561
1,4,257,88.0,-0.4643855999999999,-0.08875794546301209,0.3756276545369878,0.3756276545369878
1,4,258,89.0,-1.330482,-1.457561212949279,-0.12707921294927904,0.12707921294927904
1,4,259,89.0,-2.721928,-2.346390041070954,0.37553795892904596,0.37553795892904596
1,4,260,89.0,-1.0,-1.189314975840363,-0.18931497584036294,0.18931497584036294
1,4,261,89.0,-1.0,-3.652960998664496,-2.652960998664496,2.652960998664496
1,4,276,93.0,0.333333333,-0.6848282981312781,-1.018161631131278,1.018161631131278
1,4,277,93.0,0.0,-0.8382507030899552,-0.8382507030899552,0.8382507030899552
1,4,278,93.0,0.0,-0.7447335588852998,-0.7447335588852998,0.7447335588852998
1,4,279,93.0,-2.821928,-4.5981766084535955,-1.7762486084535953,1.7762486084535953
1,4,304,101.0,-1.0,-2.394147546433085,-1.3941475464330848,1.3941475464330848
1,4,305,101.0,-5.321928,-2.172263302321275,3.1496646976787246,3.1496646976787246
1,4,306,101.0,-0.5,-0.4103150202278103,0.0896849797721897,0.0896849797721897
1,4,307,101.0,-0.833333333,-0.6096579037930151,0.2236754292069849,0.2236754292069849
1,4,348,113.0,-0.2,-0.21007541973869845,-0.010075419738698438,0.010075419738698438
1,4,349,113.0,0.0,-1.3952011860183966,-1.3952011860183966,1.3952011860183966
1,4,350,113.0,-0.333333333,-1.2223349988090373,-0.8890016658090373,0.8890016658090373
1,4,363,117.0,0.0,-0.5838735468668229,-0.5838735468668229,0.5838735468668229
1,4,364,117.0,-5.321928,-2.0827681280434023,3.2391598719565975,3.2391598719565975
1,4,365,117.0,0.0,-0.6243671070241621,-0.6243671070241621,0.6243671070241621
1,4,477,149.0,0.0,-1.1403231002334175,-1.1403231002334175,1.1403231002334175
1,4,478,149.0,-1.0,-3.1773886973010415,-2.1773886973010415,2.1773886973010415
1,4,479,149.0,-0.428571429,-1.3639218595624218,-0.9353504305624218,0.9353504305624218
1,4,480,149.0,-0.25,-1.0404717974375337,-0.7904717974375337,0.7904717974375337
1,4,481,149.0,-0.5,-1.1087634041603782,-0.6087634041603782,0.6087634041603782
1,4,482,150.0,0.333333333,-0.33036741795071756,-0.6637007509507176,0.6637007509507176
1,4,483,150.0,-1.0,-2.698951715083435,-1.6989517150834348,1.6989517150834348
1,4,484,150.0,0.0,-0.860841749160961,-0.860841749160961,0.860841749160961
1,4,485,150.0,-1.0,-2.5766948974268775,-1.5766948974268775,1.5766948974268775
1,4,496,153.0,-0.333333333,-0.9943715177555139,-0.6610381847555139,0.6610381847555139
1,4,497,153.0,0.0,0.028504443763882406,0.028504443763882406,0.028504443763882406
1,4,498,153.0,0.0,-0.3647173272997012,-0.3647173272997012,0.3647173272997012
1,4,499,153.0,0.333333333,0.011553288936715695,-0.3217800440632843,0.3217800440632843
1,4,510,157.0,0.0,-0.4090527188732255,-0.4090527188732255,0.4090527188732255
1,4,511,157.0,0.0,-0.7341706536246457,-0.7341706536246457,0.7341706536246457
1,4,512,157.0,0.0,-3.133409412407602,-3.133409412407602,3.133409412407602
1,4,513,157.0,-1.0,-2.4984666746540363,-1.4984666746540363,1.4984666746540363
1,4,514,157.0,0.0,-0.47714093834453847,-0.47714093834453847,0.47714093834453847
1,4,534,164.0,-5.321928,-1.0656339273875404,4.25629407261246,4.25629407261246
1,4,535,164.0,-5.321928,-1.597782213523359,3.7241457864766407,3.7241457864766407
1,4,536,164.0,-5.321928,-0.9191212284969721,4.402806771503028,4.402806771503028
1,4,537,164.0,-5.321928,-2.352379451957268,2.9695485480427317,2.9695485480427317
1,4,555,169.0,0.0,-0.35993044960013476,-0.35993044960013476,0.35993044960013476
1,4,556,169.0,0.0,-0.04540619243273423,-0.04540619243273423,0.04540619243273423
1,4,557,169.0,0.0,-0.468636126884528,-0.468636126884528,0.468636126884528
1,4,558,169.0,0.0,0.01833474672050993,0.01833474672050993,0.01833474672050993
1,4,559,170.0,-0.833333333,0.014309311635163401,0.8476426446351634,0.8476426446351634
1,4,560,170.0,-1.045989714,0.02240055448765965,1.0683902684876596,1.0683902684876596
1,4,561,170.0,0.0,0.14785850500645206,0.14785850500645206,0.14785850500645206
1,4,562,170.0,0.0,0.06739857037542255,0.06739857037542255,0.06739857037542255
1,4,575,174.0,0.0,-0.5090122257758556,-0.5090122257758556,0.5090122257758556
1,4,576,174.0,-3.821928,-0.9254796422125007,2.8964483577874995,2.8964483577874995
1,4,577,175.0,0.5,-0.5227986117247198,-1.0227986117247196,1.0227986117247196
1,4,578,175.0,0.0,-0.3114810680660227,-0.3114810680660227,0.3114810680660227
1,4,579,175.0,-3.160964,-0.2320516947639727,2.928912305236027,2.928912305236027
1,4,588,178.0,-3.321928,-0.7312464033030888,2.5906815966969114,2.5906815966969114
1,4,589,178.0,-3.121928,-1.5393514592212356,1.5825765407787644,1.5825765407787644
1,4,590,178.0,0.0,-0.16881380712621305,-0.16881380712621305,0.16881380712621305
1,4,591,178.0,-5.321928,-2.1791577794299894,3.1427702205700103,3.1427702205700103
1,4,592,178.0,-3.321928,-1.4240478718691787,1.8978801281308215,1.8978801281308215
1,4,593,179.0,0.0,0.2670240946911989,0.2670240946911989,0.2670240946911989
1,4,594,179.0,-5.321928,-0.5852735320933322,4.736654467906668,4.736654467906668
1,4,595,179.0,-2.988594667,-0.003053645647805647,2.9855410213521942,2.9855410213521942
1,4,596,179.0,-5.321928,-0.05754541342841016,5.26438258657159,5.26438258657159
1,4,597,179.0,-5.321928,-0.9952729216158029,4.326655078384197,4.326655078384197
1,4,598,179.0,-5.321928,-0.23782272643685534,5.084105273563145,5.084105273563145
1,4,599,180.0,0.0,-0.4763917136692944,-0.4763917136692944,0.4763917136692944
1,4,600,180.0,0.0,-0.7444989312246691,-0.7444989312246691,0.7444989312246691
1,4,601,180.0,0.0,-1.0474216609652878,-1.0474216609652878,1.0474216609652878
1,4,602,180.0,1.0,-0.5131625293256509,-1.5131625293256508,1.5131625293256508
1,4,603,180.0,-0.25,-2.4229012473179283,-2.1729012473179283,2.1729012473179283
1,4,632,189.0,-0.5,-1.2540079204372647,-0.7540079204372647,0.7540079204372647
1,4,633,189.0,0.0,-0.326493837846759,-0.326493837846759,0.326493837846759
1,4,634,189.0,0.0,-0.6783288806626797,-0.6783288806626797,0.6783288806626797
1,4,635,189.0,-5.321928,-2.2543217312881385,3.0676062687118613,3.0676062687118613
1,4,646,193.0,0.333333333,-0.8842332152655078,-1.2175665482655078,1.2175665482655078
1,4,647,193.0,0.0,-0.23079167387708016,-0.23079167387708016,0.23079167387708016
1,4,648,193.0,0.0,-1.1446335235521747,-1.1446335235521747,1.1446335235521747
1,4,649,193.0,-0.333333333,-0.16336916490527487,0.16996416809472514,0.16996416809472514
1,4,690,205.0,-0.666666667,-0.9750671106520252,-0.30840044365202524,0.30840044365202524
1,4,691,205.0,-5.321928,-1.7264937585194078,3.595434241480592,3.595434241480592
1,4,741,220.0,-3.821928,-1.5401007793618597,2.2818272206381405,2.2818272206381405
1,4,742,220.0,-3.446928,0.02327988731223579,3.470207887312236,3.470207887312236
1,4,743,220.0,-4.321928,-0.8663119292396488,3.455616070760351,3.455616070760351
1,4,744,220.0,-3.321928,-0.5452662720867786,2.7766617279132215,2.7766617279132215
1,4,752,223.0,-2.321928,-5.945086944164428,-3.623158944164428,3.623158944164428
1,4,753,223.0,-4.571928,-4.521934499383785,0.04999350061621488,0.04999350061621488
1,4,754,223.0,0.0,-1.017288437021383,-1.017288437021383,1.017288437021383
1,4,755,223.0,-4.821928,-5.24659246813663,-0.42466446813662984,0.42466446813662984
1,4,756,223.0,-2.4575424,-2.395434787869745,0.06210761213025506,0.06210761213025506
1,4,757,224.0,-5.321928,-1.169009382985188,4.152918617014812,4.152918617014812
1,4,758,224.0,-2.160964,-1.874001517966385,0.28696248203361496,0.28696248203361496
1,4,759,224.0,-1.107309333,-3.089031226117158,-1.9817218931171583,1.9817218931171583
1,4,876,257.0,-0.25,-0.052792669501203426,0.19720733049879657,0.19720733049879657
1,4,877,257.0,-5.321928,-5.031065289591587,0.2908627104084127,0.2908627104084127
1,4,878,257.0,-1.0,-0.8798260561340846,0.1201739438659154,0.1201739438659154
1,4,879,257.0,-1.0,-0.1817006976396937,0.8182993023603062,0.8182993023603062
1,4,903,264.0,-2.821928,-2.3662813563354606,0.45564664366453966,0.45564664366453966
1,4,904,264.0,-0.75,-0.7906036995945193,-0.04060369959451926,0.04060369959451926
1,4,905,264.0,-1.0,-1.5582797523947802,-0.5582797523947802,0.5582797523947802
1,4,906,264.0,0.0,-0.7010651892613149,-0.7010651892613149,0.7010651892613149
1,4,907,264.0,-2.521928,-2.5973258455583905,-0.07539784555839057,0.07539784555839057
1,4,912,266.0,0.0,-1.7216841784621215,-1.7216841784621215,1.7216841784621215
1,4,913,266.0,-0.5,-1.7783757269673703,-1.2783757269673703,1.2783757269673703
1,4,914,266.0,0.0,-1.2088644709744452,-1.2088644709744452,1.2088644709744452
1,4,915,266.0,0.0,-0.8241190491971516,-0.8241190491971516,0.8241190491971516
1,4,916,267.0,-0.333333333,0.19995358415184944,0.5332869171518495,0.5332869171518495
1,4,917,267.0,0.0,-0.024456301162636553,-0.024456301162636553,0.024456301162636553
1,4,918,267.0,-1.0,-0.9230220871751004,0.07697791282489963,0.07697791282489963
1,4,929,270.0,-0.5,-1.4528514038146934,-0.9528514038146934,0.9528514038146934
1,4,930,270.0,0.0,-0.9413322233568933,-0.9413322233568933,0.9413322233568933
1,4,931,270.0,-0.25,-1.461308486881536,-1.211308486881536,1.211308486881536
1,4,932,270.0,-0.5,-1.2829538007288837,-0.7829538007288837,0.7829538007288837
1,5,79,44.0,0.0,-1.8158608610414724,-1.8158608610414724,1.8158608610414724
1,5,80,44.0,-3.321928,-4.500166514127353,-1.178238514127353,1.178238514127353
1,5,81,44.0,-5.321928,-2.811305545843857,2.5106224541561426,2.5106224541561426
1,5,82,44.0,-2.660964,-4.805692245450297,-2.144728245450297,2.144728245450297
1,5,105,50.0,0.5,-1.6243658735919129,-2.1243658735919126,2.1243658735919126
1,5,106,50.0,0.0,-1.4720083108304338,-1.4720083108304338,1.4720083108304338
1,5,107,50.0,0.0,-1.544020651502749,-1.544020651502749,1.544020651502749
1,5,108,50.0,0.0,-1.7432192465056366,-1.7432192465056366,1.7432192465056366
1,5,118,53.0,0.0,-0.1030186499283687,-0.1030186499283687,0.1030186499283687
1,5,119,53.0,0.0,-0.829491505121567,-0.829491505121567,0.829491505121567
1,5,120,53.0,1.0,-0.39286752191350177,-1.3928675219135018,1.3928675219135018
1,5,125,55.0,0.25,-0.09954032330991411,-0.34954032330991414,0.34954032330991414
1,5,126,55.0,-1.660964,-2.1596061462857628,-0.49864214628576264,0.49864214628576264
1,5,127,55.0,-5.321928,-2.574211247309646,2.7477167526903536,2.7477167526903536
1,5,140,59.0,-3.321928,-1.5522983792892704,1.7696296207107298,1.7696296207107298
1,5,141,59.0,-3.655261333,-1.5552638058466413,2.0999975271533584,2.0999975271533584
1,5,142,59.0,-0.285714286,-1.2934005414878849,-1.007686255487885,1.007686255487885
1,5,143,59.0,-5.321928,-4.846437714543241,0.4754902854567584,0.4754902854567584
1,5,157,63.0,-1.607309333,-2.7712510527911505,-1.1639417197911506,1.1639417197911506
1,5,158,63.0,0.0,-2.125017962408445,-2.125017962408445,2.125017962408445
1,5,159,64.0,-5.321928,-2.41514811217585,2.90677988782415,2.90677988782415
1,5,160,64.0,-4.821928,-0.7816854837959676,4.0402425162040325,4.0402425162040325
1,5,161,64.0,-5.321928,-0.5600493985424829,4.761878601457517,4.761878601457517
1,5,162,64.0,-2.821928,-0.7466356821861522,2.0752923178138483,2.0752923178138483
1,5,163,64.0,-4.821928,-0.7134056434867342,4.108522356513266,4.108522356513266
1,5,164,64.0,-0.666666667,-0.21329802848854595,0.45336863851145404,0.45336863851145404
1,5,205,75.0,-5.321928,-1.4063097317588997,3.9156182682411,3.9156182682411
1,5,206,75.0,-1.330482,-1.982534998858106,-0.6520529988581061,0.6520529988581061
1,5,207,75.0,-5.321928,-0.3332448164619259,4.988683183538074,4.988683183538074
1,5,236,83.0,-2.321928,-2.070660651961316,0.251267348038684,0.251267348038684
1,5,237,83.0,-3.821928,-1.697759448187999,2.1241685518120015,2.1241685518120015
1,5,238,83.0,-2.321928,-1.5558134226218139,0.7661145773781863,0.7661145773781863
1,5,244,85.0,-1.660964,-2.55049376825268,-0.8895297682526799,0.8895297682526799
1,5,245,85.0,-0.333333333,-3.858013494071293,-3.524680161071293,3.524680161071293
1,5,246,85.0,-0.333333333,-2.7656826229669007,-2.4323492899669006,2.4323492899669006
1,5,247,85.0,-1.881285333,-3.493665244837717,-1.612379911837717,1.612379911837717
1,5,330,108.0,0.0,-0.09400046239762726,-0.09400046239762726,0.09400046239762726
1,5,331,108.0,0.0,-0.5603978958026068,-0.5603978958026068,0.5603978958026068
1,5,345,112.0,0.0,-1.2435796173830094,-1.2435796173830094,1.2435796173830094
1,5,346,112.0,0.0,-1.6649603640222363,-1.6649603640222363,1.6649603640222363
1,5,347,112.0,0.0,-0.16750599504816482,-0.16750599504816482,0.16750599504816482
1,5,355,115.0,-1.0,-0.7489219698302031,0.2510780301697969,0.2510780301697969
1,5,356,115.0,-2.988594667,-1.3975424416339026,1.5910522253660975,1.5910522253660975
1,5,357,115.0,-1.0,-0.726695060793502,0.273304939206498,0.273304939206498
1,5,358,115.0,-1.0,-1.0107986640756492,-0.010798664075649222,0.010798664075649222
1,5,366,118.0,0.0,-0.3374031433998525,-0.3374031433998525,0.3374031433998525
1,5,367,118.0,0.0,-0.41296934616911285,-0.41296934616911285,0.41296934616911285
1,5,368,118.0,0.0,-0.28597170952425466,-0.28597170952425466,0.28597170952425466
1,5,409,128.0,-5.321928,-1.2820544714850504,4.039873528514949,4.039873528514949
1,5,410,128.0,-3.160964,-3.0406643371920308,0.12029966280796911,0.12029966280796911
1,5,411,128.0,-5.321928,-1.081058914265034,4.240869085734966,4.240869085734966
1,5,412,128.0,-5.321928,-1.1642807650578328,4.157647234942167,4.157647234942167
1,5,420,131.0,-1.160964,-0.4331192389249758,0.7278447610750243,0.7278447610750243
1,5,421,131.0,0.0,-0.4429272799660096,-0.4429272799660096,0.4429272799660096
1,5,422,131.0,-5.321928,-1.221749509173752,4.100178490826248,4.100178490826248
1,5,423,131.0,-3.321928,-1.6869958407562053,1.6349321592437949,1.6349321592437949
1,5,431,134.0,-4.321928,-0.7052364371011407,3.616691562898859,3.616691562898859
1,5,432,134.0,-4.321928,-0.19422601998414896,4.127701980015851,4.127701980015851
1,5,456,142.0,-3.321928,-1.136640619525214,2.1852873804747865,2.1852873804747865
1,5,457,142.0,-3.321928,-3.2707167223511253,0.0512112776488749,0.0512112776488749
1,5,458,142.0,-5.321928,-2.999707726794054,2.3222202732059456,2.3222202732059456
1,5,466,145.0,0.0,-0.9280769872491326,-0.9280769872491326,0.9280769872491326
1,5,467,145.0,0.0,-0.4931477219384187,-0.4931477219384187,0.4931477219384187
1,5,468,145.0,-1.0,-0.480271698574198,0.5197283014258021,0.5197283014258021
1,5,469,145.0,0.2,-0.7593587987744211,-0.9593587987744212,0.9593587987744212
1,5,472,147.0,0.0,-1.6272344046921356,-1.6272344046921356,1.6272344046921356
1,5,473,147.0,-1.0,-1.1883407455437431,-0.18834074554374314,0.18834074554374314
1,5,474,147.0,-0.75,-0.7909232494997454,-0.04092324949974535,0.04092324949974535
1,5,475,148.0,0.0,-1.6809606544032247,-1.6809606544032247,1.6809606544032247
1,5,476,148.0,0.25,-1.7784816641171688,-2.0284816641171686,2.0284816641171686
1,5,486,151.0,-0.5,-0.410407099746884,0.089592900253116,0.089592900253116
1,5,487,151.0,0.0,-0.05057076910975069,-0.05057076910975069,0.05057076910975069
1,5,488,151.0,0.0,-0.38043357484113527,-0.38043357484113527,0.38043357484113527
1,5,489,151.0,0.0,-0.017586158560478238,-0.017586158560478238,0.017586158560478238
1,5,518,159.0,-1.7931568,-0.9164791486530127,0.8766776513469873,0.8766776513469873
1,5,519,159.0,0.0,-0.3076781136122741,-0.3076781136122741,0.3076781136122741
1,5,520,159.0,-2.321928,-0.41387344085601796,1.9080545591439821,1.9080545591439821
1,5,532,163.0,-1.0,-4.669422594971585,-3.669422594971585,3.669422594971585
1,5,533,163.0,-0.444444444,-5.120712877852678,-4.676268433852678,4.676268433852678
1,5,582,177.0,-4.321928,-1.8269194416152836,2.495008558384716,2.495008558384716
1,5,583,177.0,-5.321928,-1.9254170025054835,3.3965109974945165,3.3965109974945165
1,5,584,177.0,-5.321928,-1.7227430303432267,3.599184969656773,3.599184969656773
1,5,585,177.0,-5.321928,-2.071264640356849,3.2506633596431507,3.2506633596431507
1,5,586,177.0,-5.321928,-3.1919272103934477,2.130000789606552,2.130000789606552
1,5,587,177.0,-5.321928,-2.103180040700951,3.2187479592990487,3.2187479592990487
1,5,641,191.0,-0.5,-0.40010780422456016,0.09989219577543984,0.09989219577543984
1,5,642,191.0,-5.321928,-3.1138849908695856,2.208043009130414,2.208043009130414
1,5,664,198.0,0.0,-1.2723910274497723,-1.2723910274497723,1.2723910274497723
1,5,665,198.0,-1.0,-4.4998884648019315,-3.4998884648019315,3.4998884648019315
1,5,666,198.0,-0.25,-1.7460283747703995,-1.4960283747703995,1.4960283747703995
1,5,667,198.0,-1.881285333,-1.0867961130865469,0.794489219913453,0.794489219913453
1,5,680,202.0,-4.321928,-1.3224569115604696,2.99947108843953,2.99947108843953
1,5,681,202.0,0.2,-0.8475825959144162,-1.0475825959144163,1.0475825959144163
1,5,682,202.0,-1.440642667,-0.9238136892261375,0.5168289777738626,0.5168289777738626
1,5,683,203.0,0.0,-0.35855117328281505,-0.35855117328281505,0.35855117328281505
1,5,684,203.0,0.166666667,-0.06934708894154651,-0.2360137559415465,0.2360137559415465
1,5,685,203.0,0.0,-0.1779829916601518,-0.1779829916601518,0.1779829916601518
1,5,686,203.0,-1.160964,-0.14342210080283466,1.0175418991971654,1.0175418991971654
1,5,717,214.0,-1.0,-0.35985529443791786,0.6401447055620821,0.6401447055620821
1,5,718,214.0,-1.0,-0.47824937517462934,0.5217506248253707,0.5217506248253707
1,5,719,214.0,-2.321928,-1.3849004691085416,0.9370275308914586,0.9370275308914586
1,5,720,214.0,-1.0,-1.3367773812322645,-0.3367773812322645,0.3367773812322645
1,5,721,214.0,-5.071928,-2.630673644368355,2.441254355631645,2.441254355631645
1,5,722,214.0,-0.666666667,-0.3686788082778193,0.2979878587221807,0.2979878587221807
1,5,774,229.0,-4.821928,-2.5972335044820976,2.224694495517902,2.224694495517902
1,5,775,229.0,-1.0,-0.17575614816895938,0.8242438518310407,0.8242438518310407
1,5,776,229.0,-1.0,-0.04970150812713209,0.9502984918728679,0.9502984918728679
1,5,782,231.0,-2.821928,-0.3584561177260878,2.4634718822739123,2.4634718822739123
1,5,783,231.0,-3.821928,-0.21253316831336472,3.6093948316866356,3.6093948316866356
1,5,784,231.0,-4.321928,-0.8273787672263213,3.4945492327736787,3.4945492327736787
1,5,791,234.0,-5.321928,-1.5752481452717606,3.746679854728239,3.746679854728239
1,5,792,234.0,-5.321928,-1.5156368618199907,3.806291138180009,3.806291138180009
1,5,793,234.0,-5.321928,-1.4633812755963782,3.8585467244036216,3.8585467244036216
1,5,855,251.0,0.0,-1.8966482381684442,-1.8966482381684442,1.8966482381684442
1,5,856,251.0,-3.321928,-2.833139974258553,0.4887880257414472,0.4887880257414472
1,5,857,251.0,-1.0,-2.5965326134602504,-1.5965326134602504,1.5965326134602504
1,5,858,252.0,0.333333333,-1.4808433530395901,-1.8141766860395903,1.8141766860395903
1,5,859,252.0,-1.0,-1.6626893327646246,-0.6626893327646246,0.6626893327646246
1,5,860,252.0,0.0,-1.581462859853537,-1.581462859853537,1.581462859853537
1,5,861,252.0,0.0,-1.326420357499611,-1.326420357499611,1.326420357499611
1,5,862,252.0,-0.428571429,-0.6968476587647738,-0.26827622976477383,0.26827622976477383
1,5,892,261.0,0.0,-0.776470846518657,-0.776470846518657,0.776470846518657
1,5,893,261.0,0.0,-0.9163692090905116,-0.9163692090905116,0.9163692090905116
1,5,894,261.0,0.181818182,-0.9482254091278491,-1.130043591127849,1.130043591127849
1,5,895,261.0,-5.321928,-2.413430590563743,2.9084974094362566,2.9084974094362566
1,5,896,261.0,-4.988594667,-2.3713774121794633,2.617217254820537,2.617217254820537
1,5,897,262.0,0.0,-1.3824933477673347,-1.3824933477673347,1.3824933477673347
1,5,898,262.0,0.0,-2.2208710764946393,-2.2208710764946393,2.2208710764946393
1,5,899,262.0,0.0,-0.8218588040098375,-0.8218588040098375,0.8218588040098375
1,5,900,262.0,-1.0,-3.3187365604044134,-2.3187365604044134,2.3187365604044134
1,5,919,268.0,-0.5,0.02723530973299304,0.527235309732993,0.527235309732993
1,5,920,268.0,-1.660964,-0.9055631696167765,0.7554008303832236,0.7554008303832236
1,5,921,268.0,-0.666666667,-0.4422872844558678,0.2243793825441322,0.2243793825441322
1,5,922,268.0,-1.547952,-0.4652663037671813,1.0826856962328186,1.0826856962328186
1,5,923,268.0,-0.166666667,-0.5496869957671731,-0.38302032876717307,0.38302032876717307
1,5,952,277.0,-0.7602754290000001,-0.21623595129407738,0.5440394777059228,0.5440394777059228
1,5,953,277.0,-0.5,0.35637395850964115,0.8563739585096412,0.8563739585096412
1,5,954,277.0,0.0,-0.11073550362747096,-0.11073550362747096,0.11073550362747096
1,5,955,277.0,0.0,-0.3921322174648653,-0.3921322174648653,0.3921322174648653
1,5,964,280.0,0.0,-0.21643020718316017,-0.21643020718316017,0.21643020718316017
1,5,965,280.0,0.0,-0.3694982851379227,-0.3694982851379227,0.3694982851379227
1,5,966,280.0,-0.166666667,-0.37456762206372435,-0.20790095506372436,0.20790095506372436
1,5,967,281.0,0.0,0.07944856890093863,0.07944856890093863,0.07944856890093863
1,5,968,281.0,-3.321928,-1.8278803285149592,1.494047671485041,1.494047671485041
1,5,969,281.0,0.0,-0.05667320223183846,-0.05667320223183846,0.05667320223183846
1,5,977,284.0,0.0,-0.5238821025228992,-0.5238821025228992,0.5238821025228992
1,5,978,284.0,-1.0,-0.41109406612453303,0.588905933875467,0.588905933875467
1,5,979,284.0,0.5,-0.6633700324495687,-1.1633700324495688,1.1633700324495688
1,5,980,284.0,0.0,-0.6531349178031133,-0.6531349178031133,0.6531349178031133
2,1,50,36.0,0.0,-1.3187176934520772,-1.3187176934520772,1.3187176934520772
2,1,51,36.0,0.0,-1.2157416270620154,-1.2157416270620154,1.2157416270620154
2,1,52,36.0,0.0,-1.3547069029564995,-1.3547069029564995,1.3547069029564995
2,1,53,36.0,0.0,-1.3031572032408327,-1.3031572032408327,1.3031572032408327
2,1,54,37.0,0.0,-0.569316945663358,-0.569316945663358,0.569316945663358
2,1,55,37.0,0.5,-0.855631844978089,-1.355631844978089,1.355631844978089
2,1,56,37.0,0.333333333,-0.5014127528973077,-0.8347460858973077,0.8347460858973077
2,1,57,37.0,0.0,-0.5290984858005002,-0.5290984858005002,0.5290984858005002
2,1,79,44.0,0.0,-1.7748688292245962,-1.7748688292245962,1.7748688292245962
2,1,80,44.0,-3.321928,-3.292511864755092,0.029416135244908048,0.029416135244908048
2,1,81,44.0,-5.321928,-3.135791636288916,2.1861363637110838,2.1861363637110838
2,1,82,44.0,-2.660964,-3.8682661375528844,-1.2073021375528845,1.2073021375528845
2,1,140,59.0,-3.321928,-1.4005814022960255,1.9213465977039748,1.9213465977039748
2,1,141,59.0,-3.655261333,-1.7448823818279062,1.9103789511720937,1.9103789511720937
2,1,142,59.0,-0.285714286,-1.166813403497736,-0.8810991174977361,0.8810991174977361
2,1,143,59.0,-5.321928,-4.754210598510272,0.5677174014897277,0.5677174014897277
2,1,165,65.0,-4.321928,-2.6323249273216462,1.6896030726783535,1.6896030726783535
2,1,166,65.0,-2.741446,-2.117330338497041,0.6241156615029588,0.6241156615029588
2,1,167,65.0,-4.321928,-1.565804832630198,2.7561231673698017,2.7561231673698017
2,1,168,66.0,-0.331704,-0.008053427140172962,0.323650572859827,0.323650572859827
2,1,169,66.0,-5.321928,-3.011121922665027,2.3108060773349726,2.3108060773349726
2,1,170,66.0,0.0,-0.09187923302540583,-0.09187923302540583,0.09187923302540583
2,1,171,66.0,-1.5287712,-0.37289036556720545,1.1558808344327947,1.1558808344327947
2,1,172,66.0,0.0,-0.16634538032954074,-0.16634538032954074,0.16634538032954074
2,1,173,66.0,-5.321928,-3.364666161613625,1.957261838386375,1.957261838386375
2,1,192,71.0,-5.321928,-0.10085445688492707,5.2210735431150725,5.2210735431150725
2,1,193,71.0,-5.321928,-0.016254354039293217,5.305673645960707,5.305673645960707
2,1,194,71.0,-4.821928,0.050273607510109904,4.872201607510109,4.872201607510109
2,1,195,71.0,-5.321928,-0.12988061930997633,5.192047380690023,5.192047380690023
2,1,196,72.0,0.0,-0.2729887222954566,-0.2729887222954566,0.2729887222954566
2,1,197,72.0,-3.321928,-3.673452696924322,-0.35152469692432176,0.35152469692432176
2,1,198,72.0,-5.321928,-2.5007477956138415,2.8211802043861582,2.8211802043861582
2,1,199,72.0,0.0,-1.1584981675413073,-1.1584981675413073,1.1584981675413073
2,1,276,93.0,0.333333333,-2.3478426224035047,-2.681175955403505,2.681175955403505
2,1,277,93.0,0.0,-1.7269200328784688,-1.7269200328784688,1.7269200328784688
2,1,278,93.0,0.0,-2.3875500351797294,-2.3875500351797294,2.3875500351797294
2,1,279,93.0,-2.821928,-4.6962304115293385,-1.8743024115293383,1.8743024115293383
2,1,280,94.0,0.0,-0.33368354753273677,-0.33368354753273677,0.33368354753273677
2,1,281,94.0,0.0,-0.5892939864150493,-0.5892939864150493,0.5892939864150493
2,1,282,94.0,0.0,-0.4418909211059071,-0.4418909211059071,0.4418909211059071
2,1,283,94.0,0.0,-0.962869812608098,-0.962869812608098,0.962869812608098
2,1,284,94.0,-1.0,-0.6138591719108152,0.3861408280891848,0.3861408280891848
2,1,285,95.0,-2.321928,-1.3667435248366893,0.955184475163311,0.955184475163311
2,1,286,95.0,-2.821928,-2.154149158973607,0.6677788410263932,0.6677788410263932
2,1,287,95.0,-5.321928,-3.0692198593380313,2.2527081406619685,2.2527081406619685
2,1,293,98.0,0.0,-0.1865666817797615,-0.1865666817797615,0.1865666817797615
2,1,294,98.0,0.0,-0.014716443038832601,-0.014716443038832601,0.014716443038832601
2,1,295,98.0,0.0,-0.5465043878301161,-0.5465043878301161,0.5465043878301161
2,1,313,104.0,-4.988594667,-3.8202635706643475,1.1683310963356526,1.1683310963356526
2,1,314,104.0,-2.321928,-2.0929232243206295,0.22900477567937072,0.22900477567937072
2,1,315,104.0,-5.321928,-2.185279533358238,3.136648466641762,3.136648466641762
2,1,316,105.0,-2.821928,-0.2099506904454034,2.6119773095545966,2.6119773095545966
2,1,317,105.0,-1.440642667,-0.6604610257543553,0.7801816412456448,0.7801816412456448
2,1,318,105.0,-2.321928,-1.4166706879742967,0.9052573120257035,0.9052573120257035
2,1,319,105.0,-2.321928,-0.15890424531021663,2.1630237546897835,2.1630237546897835
2,1,320,105.0,-2.6552613330000003,-0.5967265355506539,2.0585347974493464,2.0585347974493464
2,1,383,123.0,-4.321928,-4.380898983076806,-0.05897098307680615,0.05897098307680615
2,1,384,123.0,-1.0,-0.48734612153395707,0.5126538784660429,0.5126538784660429
2,1,385,123.0,-1.0,-0.544212558147151,0.45578744185284903,0.45578744185284903
2,1,386,123.0,-2.321928,-0.844650806729665,1.4772771932703352,1.4772771932703352
2,1,387,123.0,-1.045989714,-0.8645227421725951,0.181466971827405,0.181466971827405
2,1,388,124.0,-5.321928,-1.2926690932729705,4.029258906727029,4.029258906727029
2,1,389,124.0,-5.321928,-2.284018309547563,3.037909690452437,3.037909690452437
2,1,390,124.0,0.0,-0.02703315286487862,-0.02703315286487862,0.02703315286487862
2,1,391,124.0,-0.25,-0.17553001121698264,0.07446998878301736,0.07446998878301736
2,1,392,124.0,-0.5,-0.056488866936311874,0.4435111330636881,0.4435111330636881
2,1,416,130.0,-5.321928,-1.2844592865263542,4.037468713473645,4.037468713473645
2,1,417,130.0,-4.321928,-1.9017092048352868,2.420218795164713,2.420218795164713
2,1,418,130.0,-3.321928,-0.6464853543859705,2.6754426456140297,2.6754426456140297
2,1,419,130.0,-5.321928,-0.5295734653980333,4.792354534601967,4.792354534601967
2,1,431,134.0,-4.321928,-0.22075023032439245,4.1011777696756075,4.1011777696756075
2,1,432,134.0,-4.321928,0.17918080870825892,4.501108808708259,4.501108808708259
2,1,436,136.0,-5.321928,-4.099791794035507,1.2221362059644925,1.2221362059644925
2,1,437,136.0,-5.321928,-2.675712426489637,2.646215573510363,2.646215573510363
2,1,438,136.0,-5.321928,-2.678081916360367,2.643846083639633,2.643846083639633
2,1,459,143.0,-2.101606667,-0.22579484010667605,1.875811826893324,1.875811826893324
2,1,460,143.0,-1.0,-0.3002564957290139,0.6997435042709861,0.6997435042709861
2,1,461,143.0,-3.1552613330000003,-2.3084517837029117,0.8468095492970886,0.8468095492970886
2,1,462,143.0,-1.0,-0.8228322371996316,0.1771677628003684,0.1771677628003684
2,1,470,146.0,-5.321928,-2.9692807709168956,2.352647229083104,2.352647229083104
2,1,471,146.0,-3.321928,-1.9459990244592413,1.3759289755407589,1.3759289755407589
2,1,475,148.0,0.0,-0.45152824078324677,-0.45152824078324677,0.45152824078324677
2,1,476,148.0,0.25,-0.2733178634122531,-0.5233178634122531,0.5233178634122531
2,1,477,149.0,0.0,-0.6649025982699518,-0.6649025982699518,0.6649025982699518
2,1,478,149.0,-1.0,-1.6919175879389643,-0.6919175879389643,0.6919175879389643
2,1,479,149.0,-0.428571429,-0.34915028268036286,0.07942114631963715,0.07942114631963715
2,1,480,149.0,-0.25,-0.3701080990591371,-0.12010809905913711,0.12010809905913711
2,1,481,149.0,-0.5,-0.26441898660219176,0.23558101339780824,0.23558101339780824
2,1,482,150.0,0.333333333,-0.5957120927626571,-0.9290454257626571,0.9290454257626571
2,1,483,150.0,-1.0,-4.2403515146991175,-3.2403515146991175,3.2403515146991175
2,1,484,150.0,0.0,-1.728558870043623,-1.728558870043623,1.728558870043623
2,1,485,150.0,-1.0,-3.146756170698101,-2.146756170698101,2.146756170698101
2,1,550,168.0,-5.321928,-0.5399621501243584,4.781965849875641,4.781965849875641
2,1,551,168.0,-4.821928,-0.6303234862535648,4.191604513746435,4.191604513746435
2,1,552,168.0,-3.321928,-0.31187257407504626,3.010055425924954,3.010055425924954
2,1,553,168.0,-1.0,-0.31525339406395997,0.6847466059360401,0.6847466059360401
2,1,554,168.0,-5.321928,-0.2384003605972353,5.083527639402765,5.083527639402765
2,1,577,175.0,0.5,-0.9360567416201858,-1.436056741620186,1.436056741620186
2,1,578,175.0,0.0,-0.44099225732683545,-0.44099225732683545,0.44099225732683545
2,1,579,175.0,-3.160964,-0.48559848063836486,2.675365519361635,2.675365519361635
2,1,626,187.0,-0.6,-0.9232771847615304,-0.32327718476153045,0.32327718476153045
2,1,627,187.0,-5.321928,-2.564331725842004,2.757596274157996,2.757596274157996
2,1,628,187.0,-3.321928,-0.3199024110793738,3.0020255889206267,3.0020255889206267
2,1,629,187.0,-0.5,-0.18092423389097526,0.31907576610902477,0.31907576610902477
2,1,636,190.0,0.0,-0.13684756058945133,-0.13684756058945133,0.13684756058945133
2,1,637,190.0,0.0,-0.16896251214461996,-0.16896251214461996,0.16896251214461996
2,1,638,190.0,0.0,-0.24121074912575097,-0.24121074912575097,0.24121074912575097
2,1,639,190.0,-0.2,-0.10357294095669732,0.09642705904330269,0.09642705904330269
2,1,640,190.0,0.0,-0.643525125733694,-0.643525125733694,0.643525125733694
2,1,641,191.0,-0.5,-1.516581255760475,-1.016581255760475,1.016581255760475
2,1,642,191.0,-5.321928,-3.9599718726605952,1.3619561273394045,1.3619561273394045
2,1,683,203.0,0.0,-0.37536001846970546,-0.37536001846970546,0.37536001846970546
2,1,684,203.0,0.166666667,-0.14480495232239132,-0.3114716193223913,0.3114716193223913
2,1,685,203.0,0.0,-0.32325379214736516,-0.32325379214736516,0.32325379214736516
2,1,686,203.0,-1.160964,-0.26077274273933715,0.900191257260663,0.900191257260663
2,1,741,220.0,-3.821928,-1.3498796724791438,2.4720483275208567,2.4720483275208567
2,1,742,220.0,-3.446928,-0.4591810146002727,2.9877469853997276,2.9877469853997276
2,1,743,220.0,-4.321928,-1.048726936162281,3.2732010638377185,3.2732010638377185
2,1,744,220.0,-3.321928,-0.6704154735031915,2.6515125264968087,2.6515125264968087
2,1,752,223.0,-2.321928,-3.833939472917512,-1.5120114729175116,1.5120114729175116
2,1,753,223.0,-4.571928,-3.0081713315589065,1.5637566684410933,1.5637566684410933
2,1,754,223.0,0.0,-0.4141270986805287,-0.4141270986805287,0.4141270986805287
2,1,755,223.0,-4.821928,-3.573838882714487,1.2480891172855126,1.2480891172855126
2,1,756,223.0,-2.4575424,-1.5792180110774914,0.8783243889225085,0.8783243889225085
2,1,782,231.0,-2.821928,-1.0192504381435554,1.8026775618564448,1.8026775618564448
2,1,783,231.0,-3.821928,-0.6442245625956906,3.1777034374043094,3.1777034374043094
2,1,784,231.0,-4.321928,-1.4792489656691035,2.8426790343308963,2.8426790343308963
2,1,832,245.0,-1.0,-0.3061540811279281,0.6938459188720719,0.6938459188720719
2,1,833,245.0,-2.321928,-0.6516829624080797,1.6702450375919207,1.6702450375919207
2,1,834,245.0,-5.321928,-2.3634360726313903,2.9584919273686094,2.9584919273686094
2,1,842,248.0,-5.321928,-2.600400462839069,2.721527537160931,2.721527537160931
2,1,843,248.0,-5.321928,-2.4040773150980312,2.9178506849019685,2.9178506849019685
2,1,844,248.0,-5.321928,-2.340270078901827,2.9816579210981726,2.9816579210981726
2,1,863,253.0,0.0,-0.5967513313665376,-0.5967513313665376,0.5967513313665376
2,1,864,253.0,-0.333333333,-0.035927624970340695,0.2974057080296593,0.2974057080296593
2,1,865,253.0,0.0,-0.8015182824258023,-0.8015182824258023,0.8015182824258023
2,1,866,253.0,0.0,-0.039030974412639266,-0.039030974412639266,0.039030974412639266
2,1,872,256.0,0.0,-0.28365329522566013,-0.28365329522566013,0.28365329522566013
2,1,873,256.0,-4.321928,-2.14809327844742,2.1738347215525797,2.1738347215525797
2,1,874,256.0,-5.321928,-2.7642049909512116,2.557723009048788,2.557723009048788
2,1,875,256.0,0.0,-0.5090220879096052,-0.5090220879096052,0.5090220879096052
2,1,884,259.0,-1.0,-1.113298781565066,-0.1132987815650659,0.1132987815650659
2,1,885,259.0,-1.0,-0.1976717102639398,0.8023282897360602,0.8023282897360602
2,1,886,259.0,-3.321928,-3.0197158805798976,0.3022121194201026,0.3022121194201026
2,1,933,271.0,-1.0,-0.7127549365840491,0.2872450634159509,0.2872450634159509
2,1,934,271.0,0.0,-0.5942144963805089,-0.5942144963805089,0.5942144963805089
2,1,942,274.0,0.0,-0.375857139510132,-0.375857139510132,0.375857139510132
2,1,943,274.0,-1.0,-0.4331218341950319,0.5668781658049681,0.5668781658049681
2,1,944,274.0,-3.321928,-1.927476586774921,1.3944514132250792,1.3944514132250792
2,1,945,274.0,0.0,-0.22325922688971767,-0.22325922688971767,0.22325922688971767
2,1,946,274.0,0.0,-0.11518728666328763,-0.11518728666328763,0.11518728666328763
2,1,947,274.0,0.0,-0.16649160733104684,-0.16649160733104684,0.16649160733104684
2,1,977,284.0,0.0,0.245939829856696,0.245939829856696,0.245939829856696
2,1,978,284.0,-1.0,0.13405260025650753,1.1340526002565074,1.1340526002565074
2,1,979,284.0,0.5,-0.0025269243616691966,-0.5025269243616692,0.5025269243616692
2,1,980,284.0,0.0,-0.3140743302745083,-0.3140743302745083,0.3140743302745083
2,1,986,286.0,-5.250499429,-0.45788764754926126,4.79261178145074,4.79261178145074
2,1,987,286.0,-5.321928,-0.5090597616719335,4.8128682383280665,4.8128682383280665
2,1,988,286.0,-2.321928,-0.54706009846044,1.7748679015395603,1.7748679015395603
2,2,4,25.0,0.0,-2.183881973042727,-2.183881973042727,2.183881973042727
2,2,5,25.0,0.0,-2.2311347319875336,-2.2311347319875336,2.2311347319875336
2,2,6,25.0,0.0,-1.6164272560216293,-1.6164272560216293,1.6164272560216293
2,2,7,25.0,0.0,-1.4015367123492417,-1.4015367123492417,1.4015367123492417
2,2,8,25.0,-0.166666667,-1.796072544842981,-1.6294058778429812,1.6294058778429812
2,2,46,35.0,-2.321928,-0.05639302129308197,2.2655349787069183,2.2655349787069183
2,2,47,35.0,-3.321928,0.3133137955233071,3.6352417955233074,3.6352417955233074
2,2,48,35.0,-1.0,0.05222350269041826,1.0522235026904183,1.0522235026904183
2,2,49,35.0,-2.160964,-0.09800110562769498,2.062962894372305,2.062962894372305
2,2,58,38.0,0.0,-3.705030189122392,-3.705030189122392,3.705030189122392
2,2,59,38.0,1.0,-0.6144644961132741,-1.6144644961132741,1.6144644961132741
2,2,60,38.0,-1.0,-2.2080677571868232,-1.2080677571868232,1.2080677571868232
2,2,61,38.0,-1.0,-1.470513386381761,-0.470513386381761,0.470513386381761
2,2,67,40.0,-0.2,-0.4694141450197477,-0.2694141450197477,0.2694141450197477
2,2,68,40.0,-2.321928,-0.3802704988825361,1.9416575011174642,1.9416575011174642
2,2,69,41.0,0.0,0.10533419850359321,0.10533419850359321,0.10533419850359321
2,2,70,41.0,-1.0,-0.49158892414149613,0.5084110758585039,0.5084110758585039
2,2,83,45.0,0.0,-1.917197514203437,-1.917197514203437,1.917197514203437
2,2,84,45.0,0.0,0.05396043510934882,0.05396043510934882,0.05396043510934882
2,2,85,45.0,-4.321928,-2.4600960141260297,1.86183198587397,1.86183198587397
2,2,86,45.0,0.0,-0.08021949283902766,-0.08021949283902766,0.08021949283902766
2,2,87,45.0,0.0,-0.42377912062435175,-0.42377912062435175,0.42377912062435175
2,2,125,55.0,0.25,-0.24719062784100568,-0.49719062784100565,0.49719062784100565
2,2,126,55.0,-1.660964,-2.182434632935925,-0.5214706329359251,0.5214706329359251
2,2,127,55.0,-5.321928,-2.590167141978396,2.731760858021604,2.731760858021604
2,2,135,58.0,-0.25,-0.9109244088250398,-0.6609244088250398,0.6609244088250398
2,2,136,58.0,-1.0,-0.9381714597803994,0.0618285402196006,0.0618285402196006
2,2,137,58.0,0.0,-0.7990428054202926,-0.7990428054202926,0.7990428054202926
2,2,138,58.0,0.0,-1.762423253990665,-1.762423253990665,1.762423253990665
2,2,139,58.0,0.0,-0.7603167057430201,-0.7603167057430201,0.7603167057430201
2,2,155,62.0,-1.0,0.016192373728745258,1.0161923737287453,1.0161923737287453
2,2,156,62.0,0.0,0.15762177713339906,0.15762177713339906,0.15762177713339906
2,2,159,64.0,-5.321928,-1.7845906120189041,3.5373373879810956,3.5373373879810956
2,2,160,64.0,-4.821928,-1.1590287523750982,3.6628992476249014,3.6628992476249014
2,2,161,64.0,-5.321928,-0.8866197669590296,4.4353082330409705,4.4353082330409705
2,2,162,64.0,-2.821928,-0.9583378564317822,1.863590143568218,1.863590143568218
2,2,163,64.0,-4.821928,-0.8687855289039416,3.9531424710960583,3.9531424710960583
2,2,164,64.0,-0.666666667,-0.6327263497206288,0.03394031727937119,0.03394031727937119
2,2,174,67.0,-1.0,-0.7217253969327556,0.2782746030672444,0.2782746030672444
2,2,175,67.0,-0.5,-1.737552969448974,-1.237552969448974,1.237552969448974
2,2,176,67.0,-2.321928,-0.37554172005481007,1.94638627994519,1.94638627994519
2,2,177,67.0,-5.321928,-3.5064546783185238,1.815473321681476,1.815473321681476
2,2,178,67.0,-0.666666667,-0.4496270779881899,0.21703958901181009,0.21703958901181009
2,2,218,78.0,-1.410964,-0.32182599968576364,1.0891380003142364,1.0891380003142364
2,2,219,78.0,0.0,0.09697095271880207,0.09697095271880207,0.09697095271880207
2,2,220,78.0,-0.5,0.05234366666385136,0.5523436666638514,0.5523436666638514
2,2,244,85.0,-1.660964,-1.62104429527684,0.03991970472316009,0.03991970472316009
2,2,245,85.0,-0.333333333,-1.8566136293680826,-1.5232802963680827,1.5232802963680827
2,2,246,85.0,-0.333333333,-1.406517567125553,-1.073184234125553,1.073184234125553
2,2,247,85.0,-1.881285333,-1.1499602123037589,0.731325120696241,0.731325120696241
2,2,251,87.0,-0.25,0.1008137284095981,0.3508137284095981,0.3508137284095981
2,2,252,87.0,-1.0,0.12851264731712442,1.1285126473171245,1.1285126473171245
2,2,253,87.0,0.0,0.2917405346947269,0.2917405346947269,0.2917405346947269
2,2,254,87.0,-4.321928,0.2894776211984032,4.611405621198403,4.611405621198403
2,2,304,101.0,-1.0,-1.3313511503505826,-0.3313511503505826,0.3313511503505826
2,2,305,101.0,-5.321928,-1.5640696057998715,3.7578583942001282,3.7578583942001282
2,2,306,101.0,-0.5,0.2044900247231827,0.7044900247231827,0.7044900247231827
2,2,307,101.0,-0.833333333,-0.1733531871015006,0.6599801458984994,0.6599801458984994
2,2,332,109.0,0.0,0.3016232233337514,0.3016232233337514,0.3016232233337514
2,2,333,109.0,0.0,0.30812850695597044,0.30812850695597044,0.30812850695597044
2,2,334,109.0,0.0,-0.015018745633129897,-0.015018745633129897,0.015018745633129897
2,2,335,109.0,0.0,0.1921065445969679,0.1921065445969679,0.1921065445969679
2,2,336,109.0,-0.5,0.13855919254693416,0.6385591925469342,0.6385591925469342
2,2,345,112.0,0.0,-0.21890455451096494,-0.21890455451096494,0.21890455451096494
2,2,346,112.0,0.0,-1.844374849685029,-1.844374849685029,1.844374849685029
2,2,347,112.0,0.0,0.00563866940428545,0.00563866940428545,0.00563866940428545
2,2,366,118.0,0.0,-0.4626466285012288,-0.4626466285012288,0.4626466285012288
2,2,367,118.0,0.0,-0.9167259819745993,-0.9167259819745993,0.9167259819745993
2,2,368,118.0,0.0,-0.404944898032383,-0.404944898032383,0.404944898032383
2,2,374,121.0,-5.321928,-4.939034942726877,0.3828930572731224,0.3828930572731224
2,2,375,121.0,-5.321928,-4.18870035894238,1.13322764105762,1.13322764105762
2,2,376,121.0,-2.821928,-2.592835110457735,0.22909288954226525,0.22909288954226525
2,2,377,121.0,-5.321928,-4.19527190440026,1.1266560955997393,1.1266560955997393
2,2,403,127.0,0.5,-0.47783873191355924,-0.9778387319135593,0.9778387319135593
2,2,404,127.0,-0.5,-0.8203161991481771,-0.3203161991481771,0.3203161991481771
2,2,405,127.0,0.0,-2.90693155337254,-2.90693155337254,2.90693155337254
2,2,406,127.0,0.0,-0.28775304049406164,-0.28775304049406164,0.28775304049406164
2,2,407,127.0,-0.333333333,-2.074780872581078,-1.741447539581078,1.741447539581078
2,2,408,127.0,0.0,-0.4608515792678024,-0.4608515792678024,0.4608515792678024
2,2,490,152.0,0.0,-0.3871329783305401,-0.3871329783305401,0.3871329783305401
2,2,491,152.0,0.0,-0.5049681568019699,-0.5049681568019699,0.5049681568019699
2,2,492,152.0,-2.321928,-0.11724250465800101,2.204685495341999,2.204685495341999
2,2,493,152.0,-0.5,-0.3701808221151479,0.1298191778848521,0.1298191778848521
2,2,494,152.0,0.333333333,-0.126983679911307,-0.460317012911307,0.460317012911307
2,2,495,152.0,0.0,-0.50430074533697,-0.50430074533697,0.50430074533697
2,2,515,158.0,0.333333333,-0.399654956387351,-0.7329882893873509,0.7329882893873509
2,2,516,158.0,-3.321928,-0.6871519111085851,2.634776088891415,2.634776088891415
2,2,517,158.0,-1.0,-0.6627566184316592,0.33724338156834077,0.33724338156834077
2,2,525,161.0,-1.991446,-0.6831116130656102,1.3083343869343897,1.3083343869343897
2,2,526,161.0,-0.666666667,-0.17659789342159923,0.49006877357840073,0.49006877357840073
2,2,527,161.0,-4.655261333,-0.48570323836124213,4.1695580946387585,4.1695580946387585
2,2,528,161.0,-0.5,-0.11490698569188465,0.3850930143081154,0.3850930143081154
2,2,529,162.0,-1.0,-0.05659120486158314,0.9434087951384169,0.9434087951384169
2,2,530,162.0,-1.660964,-0.7101928922817482,0.9507711077182519,0.9507711077182519
2,2,531,162.0,-1.0,-0.15309270790389984,0.8469072920961002,0.8469072920961002
2,2,534,164.0,-5.321928,0.28939184116330013,5.6113198411633,5.6113198411633
2,2,535,164.0,-5.321928,-0.02226976403234637,5.299658235967653,5.299658235967653
2,2,536,164.0,-5.321928,0.05551231464514029,5.37744031464514,5.37744031464514
2,2,537,164.0,-5.321928,-0.1791568489413439,5.142771151058656,5.142771151058656
2,2,559,170.0,-0.833333333,-0.09638909988812662,0.7369442331118734,0.7369442331118734
2,2,560,170.0,-1.045989714,-0.12922988522955084,0.9167598287704493,0.9167598287704493
2,2,561,170.0,0.0,-0.07604233262843839,-0.07604233262843839,0.07604233262843839
2,2,562,170.0,0.0,-0.026491259165813665,-0.026491259165813665,0.026491259165813665
2,2,567,172.0,0.0,-1.50217252890143,-1.50217252890143,1.50217252890143
2,2,568,172.0,0.0,-2.107085643821561,-2.107085643821561,2.107085643821561
2,2,569,172.0,0.0,-1.3359649104404796,-1.3359649104404796,1.3359649104404796
2,2,570,172.0,-0.125,-1.1733591732410757,-1.0483591732410757,1.0483591732410757
2,2,593,179.0,0.0,0.17152871797927033,0.17152871797927033,0.17152871797927033
2,2,594,179.0,-5.321928,-0.9900156319128722,4.331912368087128,4.331912368087128
2,2,595,179.0,-2.988594667,0.09643427198598335,3.0850289389859835,3.0850289389859835
2,2,596,179.0,-5.321928,-0.02824807652445368,5.293679923475546,5.293679923475546
2,2,597,179.0,-5.321928,-1.7102397551273383,3.6116882448726617,3.6116882448726617
2,2,598,179.0,-5.321928,-1.096395335733616,4.2255326642663835,4.2255326642663835
2,2,606,182.0,-1.0,-3.668791611600649,-2.668791611600649,2.668791611600649
2,2,607,182.0,1.0,-1.5914067316968847,-2.5914067316968845,2.5914067316968845
2,2,608,182.0,0.0,-1.581613564145611,-1.581613564145611,1.581613564145611
2,2,609,182.0,0.0,-2.3368498964808753,-2.3368498964808753,2.3368498964808753
2,2,610,182.0,0.0,-2.1490443986874195,-2.1490443986874195,2.1490443986874195
2,2,621,186.0,-0.2,-1.7100452832502753,-1.5100452832502753,1.5100452832502753
2,2,622,186.0,0.0,-1.484239827965713,-1.484239827965713,1.484239827965713
2,2,623,186.0,0.25,-2.510186758801575,-2.760186758801575,2.760186758801575
2,2,624,186.0,0.0,-3.605886175522351,-3.605886175522351,3.605886175522351
2,2,625,186.0,0.0,-3.527432224682079,-3.527432224682079,3.527432224682079
2,2,690,205.0,-0.666666667,-1.5040333506994152,-0.8373666836994152,0.8373666836994152
2,2,691,205.0,-5.321928,-2.3519589949183874,2.9699690050816123,2.9699690050816123
2,2,708,211.0,0.0,-0.893567013143709,-0.893567013143709,0.893567013143709
2,2,709,211.0,-1.0,-1.4657090874861356,-0.4657090874861356,0.4657090874861356
2,2,710,211.0,-1.0,-1.7388979442482482,-0.7388979442482482,0.7388979442482482
2,2,711,211.0,-1.0,-1.2016409069963379,-0.20164090699633785,0.20164090699633785
2,2,712,212.0,-1.660964,-3.0323518517859873,-1.3713878517859872,1.3713878517859872
2,2,713,212.0,-2.988594667,-3.4857711796670525,-0.49717651266705243,0.49717651266705243
2,2,714,213.0,0.0,-0.9163393898851695,-0.9163393898851695,0.9163393898851695
2,2,715,213.0,0.0,-1.051424992695546,-1.051424992695546,1.051424992695546
2,2,716,213.0,-0.5,-1.2907150529562497,-0.7907150529562497,0.7907150529562497
2,2,760,225.0,0.0,-0.07745909288866294,-0.07745909288866294,0.07745909288866294
2,2,761,225.0,-1.0,0.10016928081665567,1.1001692808166557,1.1001692808166557
2,2,762,225.0,0.0,-3.1888191340636127,-3.1888191340636127,3.1888191340636127
2,2,763,225.0,0.0,-0.05053269022527204,-0.05053269022527204,0.05053269022527204
2,2,764,225.0,1.0,0.016577064229100966,-0.983422935770899,0.983422935770899
2,2,777,230.0,-5.321928,-0.5616825895457495,4.76024541045425,4.76024541045425
2,2,778,230.0,-1.0,-0.30569479094526797,0.694305209054732,0.694305209054732
2,2,779,230.0,-5.321928,-2.14167861282277,3.1802493871772297,3.1802493871772297
2,2,780,230.0,-1.991446,-0.42518058755881893,1.5662654124411812,1.5662654124411812
2,2,781,230.0,-5.321928,-4.88067774606631,0.44125025393368933,0.44125025393368933
2,2,817,241.0,-3.321928,-0.41153948646684185,2.9103885135331584,2.9103885135331584
2,2,818,241.0,-3.988594667,-0.3540578045523874,3.6345368624476126,3.6345368624476126
2,2,819,241.0,-4.321928,-0.7447063041384565,3.5772216958615433,3.5772216958615433
2,2,845,249.0,-1.0,-0.6997667782149402,0.30023322178505985,0.30023322178505985
2,2,846,249.0,-0.5,-0.7787765535666946,-0.2787765535666946,0.2787765535666946
2,2,847,249.0,-1.881285333,-0.9662827003346401,0.9150026326653597,0.9150026326653597
2,2,848,249.0,-1.0,-0.8304975714643378,0.16950242853566222,0.16950242853566222
2,2,903,264.0,-2.821928,-1.080879442766124,1.7410485572338763,1.7410485572338763
2,2,904,264.0,-0.75,-0.06801717125601489,0.6819828287439851,0.6819828287439851
2,2,905,264.0,-1.0,-0.5821230377463116,0.4178769622536884,0.4178769622536884
2,2,906,264.0,0.0,-0.02491957611759353,-0.02491957611759353,0.02491957611759353
2,2,907,264.0,-2.521928,-1.773248580404943,0.748679419595057,0.748679419595057
2,2,929,270.0,-0.5,-1.642273010721057,-1.142273010721057,1.142273010721057
2,2,930,270.0,0.0,-1.7539844332495114,-1.7539844332495114,1.7539844332495114
2,2,931,270.0,-0.25,-1.2628430450272734,-1.0128430450272734,1.0128430450272734
2,2,932,270.0,-0.5,-1.0640547731166647,-0.5640547731166647,0.5640547731166647
2,2,951,276.0,-0.5,-0.6824439929591123,-0.1824439929591123,0.1824439929591123
2,2,970,282.0,0.0,-1.1462290349678201,-1.1462290349678201,1.1462290349678201
2,2,971,282.0,-5.321928,-5.413929344050189,-0.092001344050189,0.092001344050189
2,2,972,282.0,-1.160964,-3.8667749090573853,-2.7058109090573854,2.7058109090573854
2,3,0,24.0,-1.0,-0.6028518402544961,0.3971481597455039,0.3971481597455039
2,3,1,24.0,-3.321928,-3.985259555822247,-0.6633315558222468,0.6633315558222468
2,3,2,24.0,-0.5,-1.7881871762403045,-1.2881871762403045,1.2881871762403045
2,3,3,24.0,-0.25,-0.34189618617827544,-0.09189618617827544,0.09189618617827544
2,3,12,27.0,0.0,-0.6918766677905769,-0.6918766677905769,0.6918766677905769
2,3,13,27.0,-1.0,-0.5181973666854466,0.4818026333145534,0.4818026333145534
2,3,14,27.0,-2.321928,-2.3553462372793192,-0.03341823727931903,0.03341823727931903
2,3,15,27.0,-2.321928,-2.65090895463516,-0.32898095463515986,0.32898095463515986
2,3,16,27.0,-1.0,-0.35964113668196657,0.6403588633180335,0.6403588633180335
2,3,17,27.0,-2.321928,-3.329744737965182,-1.007816737965182,1.007816737965182
2,3,28,31.0,0.0,-0.18028250057275338,-0.18028250057275338,0.18028250057275338
2,3,29,31.0,-0.333333333,-0.20617416940920993,0.12715916359079008,0.12715916359079008
2,3,30,31.0,0.0,-0.6254811023015877,-0.6254811023015877,0.6254811023015877
2,3,31,32.0,0.0,-1.4168671690510997,-1.4168671690510997,1.4168671690510997
2,3,32,32.0,-0.5,-0.4846305790670187,0.015369420932981326,0.015369420932981326
2,3,33,32.0,0.0,-0.38132044714352,-0.38132044714352,0.38132044714352
2,3,34,32.0,-0.333333333,-0.7788869552602735,-0.4455536222602735,0.4455536222602735
2,3,35,32.0,0.0,-1.1135856191255387,-1.1135856191255387,1.1135856191255387
2,3,36,32.0,0.0,-0.6446891876388816,-0.6446891876388816,0.6446891876388816
2,3,105,50.0,0.5,-1.0442555472687722,-1.5442555472687722,1.5442555472687722
2,3,106,50.0,0.0,-2.0255677375342853,-2.0255677375342853,2.0255677375342853
2,3,107,50.0,0.0,-1.3441954972513979,-1.3441954972513979,1.3441954972513979
2,3,108,50.0,0.0,-1.3466281507599487,-1.3466281507599487,1.3466281507599487
2,3,118,53.0,0.0,-0.4469063776514987,-0.4469063776514987,0.4469063776514987
2,3,119,53.0,0.0,-0.3633384997214556,-0.3633384997214556,0.3633384997214556
2,3,120,53.0,1.0,-0.3685869090511504,-1.3685869090511504,1.3685869090511504
2,3,150,61.0,0.0,-1.04115914580839,-1.04115914580839,1.04115914580839
2,3,151,61.0,0.0,-0.9754034597926636,-0.9754034597926636,0.9754034597926636
2,3,152,61.0,0.0,-0.8403419656419533,-0.8403419656419533,0.8403419656419533
2,3,153,61.0,0.0,-0.899389876857765,-0.899389876857765,0.899389876857765
2,3,154,61.0,0.0,-0.5647487431054712,-0.5647487431054712,0.5647487431054712
2,3,200,73.0,-1.0,-2.2528761776434405,-1.2528761776434405,1.2528761776434405
2,3,201,73.0,-1.0,-4.0866122583376585,-3.0866122583376585,3.0866122583376585
2,3,226,81.0,0.0,-0.8040492882267493,-0.8040492882267493,0.8040492882267493
2,3,227,81.0,0.0,-0.7267633586480469,-0.7267633586480469,0.7267633586480469
2,3,228,81.0,-4.321928,-2.0794033797354414,2.2425246202645583,2.2425246202645583
2,3,229,81.0,-0.610160667,-0.07490439120681823,0.5352562757931818,0.5352562757931818
2,3,230,81.0,-1.5287712,-1.3321399389022188,0.19663126109778117,0.19663126109778117
2,3,231,82.0,-2.321928,-2.69866800998499,-0.3767400099849896,0.3767400099849896
2,3,232,82.0,0.0,-0.5367962308542745,-0.5367962308542745,0.5367962308542745
2,3,233,82.0,-3.321928,-3.0398008659892253,0.28212713401077494,0.28212713401077494
2,3,234,82.0,-2.321928,-0.5910682011476646,1.7308597988523355,1.7308597988523355
2,3,235,82.0,-1.0,-0.8125125732861421,0.18748742671385787,0.18748742671385787
2,3,236,83.0,-2.321928,-3.496786797883313,-1.1748587978833127,1.1748587978833127
2,3,237,83.0,-3.821928,-3.019148516633065,0.802779483366935,0.802779483366935
2,3,238,83.0,-2.321928,-2.6001478720087805,-0.2782198720087803,0.2782198720087803
2,3,248,86.0,-1.0,-0.5612591324120597,0.4387408675879403,0.4387408675879403
2,3,249,86.0,0.0,-0.3608805861567052,-0.3608805861567052,0.3608805861567052
2,3,250,86.0,0.5,-0.41212534439107795,-0.912125344391078,0.912125344391078
2,3,330,108.0,0.0,-0.14897362509233028,-0.14897362509233028,0.14897362509233028
2,3,331,108.0,0.0,-0.4343552944863111,-0.4343552944863111,0.4343552944863111
2,3,341,111.0,-0.5,-1.516309420370767,-1.016309420370767,1.016309420370767
2,3,342,111.0,-0.333333333,-1.2157922764807019,-0.8824589434807019,0.8824589434807019
2,3,343,111.0,0.0,-0.5695541670884201,-0.5695541670884201,0.5695541670884201
2,3,344,111.0,0.0,-0.22903255895105212,-0.22903255895105212,0.22903255895105212
2,3,348,113.0,-0.2,-0.3999955897978162,-0.19999558979781618,0.19999558979781618
2,3,349,113.0,0.0,-1.700384116563639,-1.700384116563639,1.700384116563639
2,3,350,113.0,-0.333333333,-1.1799541242009233,-0.8466207912009233,0.8466207912009233
2,3,359,116.0,-0.666666667,-2.1967036676572045,-1.5300370006572046,1.5300370006572046
2,3,360,116.0,0.0,-1.4610072349878138,-1.4610072349878138,1.4610072349878138
2,3,361,116.0,-1.660964,-4.44448632520271,-2.7835223252027097,2.7835223252027097
2,3,362,116.0,-1.0,-2.491231910814004,-1.4912319108140042,1.4912319108140042
2,3,369,119.0,-1.0,-0.8521049628767123,0.14789503712328766,0.14789503712328766
2,3,370,119.0,-2.321928,-0.05335419991689555,2.2685738000831046,2.2685738000831046
2,3,371,119.0,0.0,-0.4292923369931175,-0.4292923369931175,0.4292923369931175
2,3,378,122.0,0.0,-2.9909764096715703,-2.9909764096715703,2.9909764096715703
2,3,379,122.0,-0.25,-1.8350920371820614,-1.5850920371820614,1.5850920371820614
2,3,380,122.0,0.0,-1.7506573713913152,-1.7506573713913152,1.7506573713913152
2,3,381,122.0,0.0,-0.8528297689566433,-0.8528297689566433,0.8528297689566433
2,3,382,122.0,-0.666666667,-1.7586403735230691,-1.0919737065230692,1.0919737065230692
2,3,409,128.0,-5.321928,-2.4776108551302745,2.8443171448697253,2.8443171448697253
2,3,410,128.0,-3.160964,-2.6477782484285517,0.5131857515714482,0.5131857515714482
2,3,411,128.0,-5.321928,-1.5878498980995681,3.7340781019004314,3.7340781019004314
2,3,412,128.0,-5.321928,-1.8144236601572918,3.5075043398427077,3.5075043398427077
2,3,439,137.0,0.0,-0.15250339764809595,-0.15250339764809595,0.15250339764809595
2,3,440,137.0,-5.321928,-2.6167005330487734,2.7052274669512264,2.7052274669512264
2,3,441,137.0,-2.488594667,-2.5124965952892686,-0.023901928289268515,0.023901928289268515
2,3,442,137.0,-5.321928,-3.9747929439396676,1.3471350560603321,1.3471350560603321
2,3,466,145.0,0.0,-0.6373210246377986,-0.6373210246377986,0.6373210246377986
2,3,467,145.0,0.0,-0.725434549850285,-0.725434549850285,0.725434549850285
2,3,468,145.0,-1.0,-0.439159325336823,0.560840674663177,0.560840674663177
2,3,469,145.0,0.2,-1.0382459503203108,-1.2382459503203107,1.2382459503203107
2,3,546,167.0,0.0,-0.061439538847408666,-0.061439538847408666,0.061439538847408666
2,3,547,167.0,-5.321928,-0.27351756991938,5.04841043008062,5.04841043008062
2,3,548,167.0,-5.321928,-1.2853509213357506,4.03657707866425,4.03657707866425
2,3,549,167.0,0.0,0.24180607016566308,0.24180607016566308,0.24180607016566308
2,3,555,169.0,0.0,-0.7416310352436203,-0.7416310352436203,0.7416310352436203
2,3,556,169.0,0.0,-0.30052164797276354,-0.30052164797276354,0.30052164797276354
2,3,557,169.0,0.0,-0.7653376122802771,-0.7653376122802771,0.7653376122802771
2,3,558,169.0,0.0,-0.07140805561470837,-0.07140805561470837,0.07140805561470837
2,3,571,173.0,0.25,-1.2345157393219577,-1.4845157393219577,1.4845157393219577
2,3,572,173.0,0.25,-1.2314933004304613,-1.4814933004304613,1.4814933004304613
2,3,573,173.0,0.333333333,-1.616969346129659,-1.950302679129659,1.950302679129659
2,3,574,173.0,0.0,-0.5555184027718542,-0.5555184027718542,0.5555184027718542
2,3,582,177.0,-4.321928,-2.1921406201111595,2.1297873798888403,2.1297873798888403
2,3,583,177.0,-5.321928,-2.049629381347565,3.2722986186524348,3.2722986186524348
2,3,584,177.0,-5.321928,-1.373144107003827,3.9487838929961727,3.9487838929961727
2,3,585,177.0,-5.321928,-1.6732601569851755,3.6486678430148243,3.6486678430148243
2,3,586,177.0,-5.321928,-2.3768359393048315,2.9450920606951683,2.9450920606951683
2,3,587,177.0,-5.321928,-1.8740350325843134,3.4478929674156866,3.4478929674156866
2,3,611,183.0,0.0,-4.170446911987169,-4.170446911987169,4.170446911987169
2,3,612,183.0,0.0,-0.44646090653897347,-0.44646090653897347,0.44646090653897347
2,3,613,183.0,0.0,-0.8262572938492107,-0.8262572938492107,0.8262572938492107
2,3,614,183.0,0.0,-0.7799023802112931,-0.7799023802112931,0.7799023802112931
2,3,632,189.0,-0.5,-1.5907407441717885,-1.0907407441717885,1.0907407441717885
2,3,633,189.0,0.0,-0.4577232797885658,-0.4577232797885658,0.4577232797885658
2,3,634,189.0,0.0,-1.302246215438807,-1.302246215438807,1.302246215438807
2,3,635,189.0,-5.321928,-2.3375502843784446,2.984377715621555,2.984377715621555
2,3,680,202.0,-4.321928,-0.7152744285391774,3.6066535714608223,3.6066535714608223
2,3,681,202.0,0.2,-0.5812424606382842,-0.7812424606382842,0.7812424606382842
2,3,682,202.0,-1.440642667,-1.2773342361010869,0.16330843089891323,0.16330843089891323
2,3,687,204.0,0.0,-0.7153008746646052,-0.7153008746646052,0.7153008746646052
2,3,688,204.0,-0.666666667,-0.31282690235849203,0.35383976464150796,0.35383976464150796
2,3,689,204.0,-0.4,-0.2024307614443335,0.19756923855566652,0.19756923855566652
2,3,692,206.0,0.0,-0.17638466521811857,-0.17638466521811857,0.17638466521811857
2,3,693,206.0,-1.0,-2.63641938647267,-1.63641938647267,1.63641938647267
2,3,694,206.0,-0.333333333,-0.27258723194106665,0.060746101058933355,0.060746101058933355
2,3,695,206.0,0.0,-0.5735315754928153,-0.5735315754928153,0.5735315754928153
2,3,696,206.0,0.0,-3.4036039992414553,-3.4036039992414553,3.4036039992414553
2,3,701,208.0,-2.988594667,-2.421931054222397,0.566663612777603,0.566663612777603
2,3,702,208.0,-5.321928,-3.3465638948352936,1.9753641051647062,1.9753641051647062
2,3,703,209.0,-5.321928,-0.3859632175364361,4.9359647824635635,4.9359647824635635
2,3,704,209.0,0.0,-0.37295328937402394,-0.37295328937402394,0.37295328937402394
2,3,705,209.0,-5.321928,-0.3482231133532726,4.973704886646727,4.973704886646727
2,3,717,214.0,-1.0,-1.0159500443907488,-0.015950044390748763,0.015950044390748763
2,3,718,214.0,-1.0,-1.0701444667491098,-0.07014446674910979,0.07014446674910979
2,3,719,214.0,-2.321928,-2.6615356720785366,-0.33960767207853637,0.33960767207853637
2,3,720,214.0,-1.0,-1.2473132127771172,-0.24731321277711715,0.24731321277711715
2,3,721,214.0,-5.071928,-3.078061811210242,1.9938661887897577,1.9938661887897577
2,3,722,214.0,-0.666666667,-0.9698744077040784,-0.3032077407040784,0.3032077407040784
2,3,723,215.0,-3.321928,-2.4229930547261795,0.8989349452738207,0.8989349452738207
2,3,724,215.0,-1.660964,-0.6972376668966783,0.9637263331033218,0.9637263331033218
2,3,725,215.0,-3.321928,-0.7590479495267384,2.562880050473262,2.562880050473262
2,3,765,226.0,0.0,-4.266780285455899,-4.266780285455899,4.266780285455899
2,3,766,226.0,0.0,-0.9386890005618247,-0.9386890005618247,0.9386890005618247
2,3,774,229.0,-4.821928,-3.6179034148810545,1.2040245851189453,1.2040245851189453
2,3,775,229.0,-1.0,-0.8589480262842532,0.14105197371574685,0.14105197371574685
2,3,776,229.0,-1.0,-1.141175750129302,-0.14117575012930206,0.14117575012930206
2,3,785,232.0,-5.321928,0.045719890376267176,5.367647890376267,5.367647890376267
2,3,786,232.0,-5.321928,0.11165842415061063,5.433586424150611,5.433586424150611
2,3,855,251.0,0.0,-1.3945198143551039,-1.3945198143551039,1.3945198143551039
2,3,856,251.0,-3.321928,-1.3799999199417627,1.9419280800582375,1.9419280800582375
2,3,857,251.0,-1.0,-1.9348846993326032,-0.9348846993326032,0.9348846993326032
2,3,916,267.0,-0.333333333,-0.41006250596509985,-0.07672917296509985,0.07672917296509985
2,3,917,267.0,0.0,-1.0737460488730646,-1.0737460488730646,1.0737460488730646
2,3,918,267.0,-1.0,-1.8784440972397074,-0.8784440972397074,0.8784440972397074
2,3,919,268.0,-0.5,-0.08270979951794533,0.4172902004820547,0.4172902004820547
2,3,920,268.0,-1.660964,-0.614899619210351,1.046064380789649,1.046064380789649
2,3,921,268.0,-0.666666667,-0.5841471395965894,0.08251952740341062,0.08251952740341062
2,3,922,268.0,-1.547952,-0.23155660121638025,1.3163953987836197,1.3163953987836197
2,3,923,268.0,-0.166666667,-0.13927719507074948,0.02738947192925051,0.02738947192925051
2,3,924,269.0,-0.25,-1.5438035627910531,-1.2938035627910531,1.2938035627910531
2,3,925,269.0,0.0,-2.382072760009741,-2.382072760009741,2.382072760009741
2,3,926,269.0,0.0,-2.2688848196208373,-2.2688848196208373,2.2688848196208373
2,3,927,269.0,0.0,-3.62313491839687,-3.62313491839687,3.62313491839687
2,3,928,269.0,-0.5,-3.0481513480082865,-2.5481513480082865,2.5481513480082865
2,3,948,275.0,0.0,-0.19210000116612486,-0.19210000116612486,0.19210000116612486
2,3,949,275.0,-5.321928,-2.3673679753882797,2.95456002461172,2.95456002461172
2,3,950,275.0,-4.321928,-1.4603071318453427,2.861620868154657,2.861620868154657
2,4,18,28.0,-2.101606667,-3.5684433872882715,-1.4668367202882715,1.4668367202882715
2,4,19,28.0,0.0,-0.6031525264404084,-0.6031525264404084,0.6031525264404084
2,4,20,28.0,0.0,-1.7903020821879576,-1.7903020821879576,1.7903020821879576
2,4,21,29.0,0.0,-1.0021500079840777,-1.0021500079840777,1.0021500079840777
2,4,22,29.0,-0.5,-4.544612919504127,-4.044612919504127,4.044612919504127
2,4,88,46.0,-0.333333333,-0.4422955026950343,-0.1089621696950343,0.1089621696950343
2,4,89,46.0,-0.75,-0.13807411025112953,0.6119258897488704,0.6119258897488704
2,4,90,46.0,-2.321928,-0.4437554677745556,1.8781725322254446,1.8781725322254446
2,4,91,46.0,0.333333333,-0.3150872366146489,-0.6484205696146489,0.6484205696146489
2,4,92,47.0,0.0,-0.23495325014585974,-0.23495325014585974,0.23495325014585974
2,4,93,47.0,0.0,-0.2438301828498005,-0.2438301828498005,0.2438301828498005
2,4,94,47.0,-5.321928,-4.01593122274544,1.3059967772545598,1.3059967772545598
2,4,95,47.0,-0.5,-3.1652305403163314,-2.6652305403163314,2.6652305403163314
2,4,109,51.0,-1.160964,-0.47284925169163927,0.6881147483083608,0.6881147483083608
2,4,110,51.0,-2.321928,-0.5539681723242088,1.7679598276757913,1.7679598276757913
2,4,111,51.0,0.0,-0.05746495945559035,-0.05746495945559035,0.05746495945559035
2,4,112,51.0,-0.5,-0.920414335542098,-0.42041433554209795,0.42041433554209795
2,4,113,51.0,-0.142857143,-0.4307218320077046,-0.28786468900770457,0.28786468900770457
2,4,114,52.0,-0.5,-0.1304729359152162,0.3695270640847838,0.3695270640847838
2,4,115,52.0,-0.5,-0.272879253965228,0.227120746034772,0.227120746034772
2,4,116,52.0,-2.214618667,-1.1128821444335524,1.1017365225664475,1.1017365225664475
2,4,117,52.0,-1.0,-2.7892845688067953,-1.7892845688067953,1.7892845688067953
2,4,128,56.0,-0.5,-2.7764855756686724,-2.2764855756686724,2.2764855756686724
2,4,129,56.0,0.0,-3.78822886304711,-3.78822886304711,3.78822886304711
2,4,130,56.0,0.0,-2.2953731005928413,-2.2953731005928413,2.2953731005928413
2,4,157,63.0,-1.607309333,-3.290083231508874,-1.682773898508874,1.682773898508874
2,4,158,63.0,0.0,-3.019863802616943,-3.019863802616943,3.019863802616943
2,4,179,68.0,-5.321928,-0.7319760884597292,4.589951911540271,4.589951911540271
2,4,180,68.0,-5.321928,-0.2758468732477632,5.046081126752236,5.046081126752236
2,4,181,68.0,-5.321928,-0.7451795344300929,4.576748465569906,4.576748465569906
2,4,182,68.0,-5.321928,-0.4099425497174156,4.911985450282584,4.911985450282584
2,4,202,74.0,-5.321928,-4.032340167707322,1.2895878322926775,1.2895878322926775
2,4,203,74.0,-4.321928,-3.8105408982174596,0.5113871017825402,0.5113871017825402
2,4,204,74.0,-0.75,-1.3460429262061238,-0.5960429262061238,0.5960429262061238
2,4,213,77.0,-5.321928,-5.619018567979975,-0.2970905679799749,0.2970905679799749
2,4,214,77.0,-1.0,-2.1828474613039606,-1.1828474613039606,1.1828474613039606
2,4,215,77.0,-2.321928,-4.927936411898525,-2.6060084118985247,2.6060084118985247
2,4,216,77.0,0.0,-3.3521564092518146,-3.3521564092518146,3.3521564092518146
2,4,217,77.0,0.0,-4.789399461925071,-4.789399461925071,4.789399461925071
2,4,223,80.0,-5.321928,-1.7264790124202882,3.5954489875797115,3.5954489875797115
2,4,224,80.0,0.333333333,-0.24116996620485234,-0.5745032992048523,0.5745032992048523
2,4,225,80.0,0.0,-1.0519283232746006,-1.0519283232746006,1.0519283232746006
2,4,300,100.0,0.0,-0.7931362516016972,-0.7931362516016972,0.7931362516016972
2,4,301,100.0,0.0,-0.2613363040301413,-0.2613363040301413,0.2613363040301413
2,4,302,100.0,0.0,-0.5507511820036208,-0.5507511820036208,0.5507511820036208
2,4,303,100.0,-2.321928,-2.6894399940092404,-0.3675119940092402,0.3675119940092402
2,4,327,107.0,-0.333333333,-0.19207499646561366,0.14125833653438635,0.14125833653438635
2,4,328,107.0,-1.440642667,-0.795908727334787,0.6447339396652131,0.6447339396652131
2,4,329,107.0,-0.333333333,-0.3657234928520986,-0.03239015985209859,0.03239015985209859
2,4,398,126.0,-2.321928,-2.224585592726409,0.09734240727359111,0.09734240727359111
2,4,399,126.0,-0.333333333,-0.5170675247362048,-0.18373419173620475,0.18373419173620475
2,4,400,126.0,-0.333333333,-0.5137457321529014,-0.18041239915290141,0.18041239915290141
2,4,401,126.0,-4.321928,-1.8901443643608145,2.431783635639185,2.431783635639185
2,4,402,126.0,-0.75,-0.16895949182952236,0.5810405081704777,0.5810405081704777
2,4,413,129.0,-5.321928,-0.8124161971623859,4.509511802837614,4.509511802837614
2,4,414,129.0,-5.321928,-1.019791358745993,4.302136641254007,4.302136641254007
2,4,415,129.0,-5.321928,-0.7139749185147123,4.607953081485287,4.607953081485287
2,4,420,131.0,-1.160964,-0.6149125774837989,0.5460514225162012,0.5460514225162012
2,4,421,131.0,0.0,-0.1360376379250424,-0.1360376379250424,0.1360376379250424
2,4,422,131.0,-5.321928,-0.9409876837263972,4.380940316273603,4.380940316273603
2,4,423,131.0,-3.321928,-1.2705740012958915,2.0513539987041085,2.0513539987041085
2,4,456,142.0,-3.321928,-2.1462401701043636,1.1756878298956366,1.1756878298956366
2,4,457,142.0,-3.321928,-2.386558346594907,0.9353696534050933,0.9353696534050933
2,4,458,142.0,-5.321928,-3.184500491495455,2.137427508504545,2.137427508504545
2,4,472,147.0,0.0,-2.0807313215373524,-2.0807313215373524,2.0807313215373524
2,4,473,147.0,-1.0,-2.046225580830748,-1.0462255808307481,1.0462255808307481
2,4,474,147.0,-0.75,-1.8933631888082758,-1.1433631888082758,1.1433631888082758
2,4,510,157.0,0.0,-0.4264939073810116,-0.4264939073810116,0.4264939073810116
2,4,511,157.0,0.0,-0.8018042616644451,-0.8018042616644451,0.8018042616644451
2,4,512,157.0,0.0,-3.957709132533734,-3.957709132533734,3.957709132533734
2,4,513,157.0,-1.0,-2.5958973750349874,-1.5958973750349874,1.5958973750349874
2,4,514,157.0,0.0,-0.6687245476555019,-0.6687245476555019,0.6687245476555019
2,4,532,163.0,-1.0,-3.4136461136475975,-2.4136461136475975,2.4136461136475975
2,4,533,163.0,-0.444444444,-4.078764944873202,-3.6343205008732022,3.6343205008732022
2,4,620,185.0,-3.321928,-1.1761135826508051,2.145814417349195,2.145814417349195
2,4,646,193.0,0.333333333,-0.3637907899527545,-0.6971241229527545,0.6971241229527545
2,4,647,193.0,0.0,-0.26974281363296265,-0.26974281363296265,0.26974281363296265
2,4,648,193.0,0.0,-2.2368523945128156,-2.2368523945128156,2.2368523945128156
2,4,649,193.0,-0.333333333,-0.06125697617156831,0.2720763568284317,0.2720763568284317
2,4,664,198.0,0.0,-1.7518536529666446,-1.7518536529666446,1.7518536529666446
2,4,665,198.0,-1.0,-4.075020441834288,-3.0750204418342877,3.0750204418342877
2,4,666,198.0,-0.25,-2.8258215598733702,-2.5758215598733702,2.5758215598733702
2,4,667,198.0,-1.881285333,-2.343561532044626,-0.462276199044626,0.462276199044626
2,4,668,199.0,0.0,-0.021450698920955025,-0.021450698920955025,0.021450698920955025
2,4,669,199.0,0.0,-3.8754259918483736,-3.8754259918483736,3.8754259918483736
2,4,670,199.0,0.166666667,-2.475707444728574,-2.6423741117285737,2.6423741117285737
2,4,676,201.0,0.0,-0.6998496336597366,-0.6998496336597366,0.6998496336597366
2,4,677,201.0,-3.321928,-0.5197294383887988,2.8021985616112013,2.8021985616112013
2,4,678,201.0,-3.571928,-1.9186437354163608,1.6532842645836394,1.6532842645836394
2,4,679,201.0,-1.0,-0.09297269696231841,0.9070273030376816,0.9070273030376816
2,4,726,216.0,-2.160964,-1.4842581578847904,0.6767058421152095,0.6767058421152095
2,4,727,216.0,-1.0,-1.4080159602826958,-0.4080159602826958,0.4080159602826958
2,4,728,216.0,-2.321928,-0.7196030312261202,1.60232496877388,1.60232496877388
2,4,736,219.0,0.0,0.13679506570961597,0.13679506570961597,0.13679506570961597
2,4,737,219.0,-1.0,0.047334926383969966,1.04733492638397,1.04733492638397
2,4,738,219.0,-3.321928,-2.421535956076836,0.9003920439231643,0.9003920439231643
2,4,739,219.0,-3.321928,-2.1770975619157715,1.1448304380842287,1.1448304380842287
2,4,740,219.0,-3.321928,-3.866330066605163,-0.544402066605163,0.544402066605163
2,4,757,224.0,-5.321928,-1.3930151955540824,3.9289128044459174,3.9289128044459174
2,4,758,224.0,-2.160964,-1.442728016417558,0.7182359835824419,0.7182359835824419
2,4,759,224.0,-1.107309333,-3.31890069549515,-2.21159136249515,2.21159136249515
2,4,767,227.0,-5.321928,-2.2815701425018085,3.0403578574981913,3.0403578574981913
2,4,768,227.0,-5.321928,-3.3260170953102994,1.9959109046897003,1.9959109046897003
2,4,769,227.0,-5.321928,-3.9998185842444482,1.3221094157555515,1.3221094157555515
2,4,770,227.0,-5.321928,-2.9117095176495718,2.410218482350428,2.410218482350428
2,4,791,234.0,-5.321928,-3.7637314554609564,1.5581965445390433,1.5581965445390433
2,4,792,234.0,-5.321928,-2.383129048526858,2.938798951473142,2.938798951473142
2,4,793,234.0,-5.321928,-1.318718403290898,4.003209596709102,4.003209596709102
2,4,798,236.0,-2.321928,-0.14364275759280673,2.1782852424071937,2.1782852424071937
2,4,799,236.0,0.0,-0.39217877473510304,-0.39217877473510304,0.39217877473510304
2,4,800,236.0,-3.321928,-0.9379612499971992,2.3839667500028012,2.3839667500028012
2,4,801,236.0,-5.321928,-1.3054989464486306,4.016429053551369,4.016429053551369
2,4,802,236.0,-5.321928,-0.6012264501303618,4.720701549869638,4.720701549869638
2,4,803,236.0,-4.321928,-1.5145760591693562,2.8073519408306433,2.8073519408306433
2,4,804,237.0,0.0,-1.3726732655376412,-1.3726732655376412,1.3726732655376412
2,4,805,237.0,0.5,-1.6358152672439448,-2.1358152672439448,2.1358152672439448
2,4,806,237.0,-1.0,-1.5696226224948417,-0.5696226224948417,0.5696226224948417
2,4,807,238.0,-0.285714286,-3.540416233096686,-3.254701947096686,3.254701947096686
2,4,808,238.0,-0.5,-2.3887337586734785,-1.8887337586734785,1.8887337586734785
2,4,820,242.0,-0.666666667,-0.5739215202457263,0.0927451467542737,0.0927451467542737
2,4,821,242.0,-5.321928,-2.5787734997492797,2.74315450025072,2.74315450025072
2,4,822,242.0,-1.0643856000000005,0.035300136761071375,1.099685736761072,1.099685736761072
2,4,823,242.0,-0.5,0.018361128031486363,0.5183611280314864,0.5183611280314864
2,4,827,244.0,-3.821928,-2.311212627657774,1.5107153723422262,1.5107153723422262
2,4,828,244.0,0.0,-1.220921339612709,-1.220921339612709,1.220921339612709
2,4,829,244.0,-5.321928,-3.426226321163836,1.8957016788361636,1.8957016788361636
2,4,830,244.0,-1.220321333,-4.10630820768169,-2.8859868746816897,2.8859868746816897
2,4,831,244.0,0.25,-0.6162498804783548,-0.8662498804783548,0.8662498804783548
2,4,835,246.0,0.0,0.11181455121309225,0.11181455121309225,0.11181455121309225
2,4,836,246.0,0.0,0.01603617247931766,0.01603617247931766,0.01603617247931766
2,4,837,246.0,0.0,-0.05270054607942258,-0.05270054607942258,0.05270054607942258
2,4,867,254.0,-0.5,-1.3674651694906923,-0.8674651694906923,0.8674651694906923
2,4,868,254.0,-1.0,-0.14021196030024857,0.8597880396997515,0.8597880396997515
2,4,876,257.0,-0.25,-0.023105074744776317,0.22689492525522367,0.22689492525522367
2,4,877,257.0,-5.321928,-3.765535887760489,1.5563921122395108,1.5563921122395108
2,4,878,257.0,-1.0,-0.3620074009986168,0.6379925990013833,0.6379925990013833
2,4,879,257.0,-1.0,-0.16075601131887846,0.8392439886811216,0.8392439886811216
2,4,897,262.0,0.0,-0.3773178234809263,-0.3773178234809263,0.3773178234809263
2,4,898,262.0,0.0,-0.7080730997522588,-0.7080730997522588,0.7080730997522588
2,4,899,262.0,0.0,0.008592334068375168,0.008592334068375168,0.008592334068375168
2,4,900,262.0,-1.0,-2.0710406411373468,-1.0710406411373468,1.0710406411373468
2,4,908,265.0,0.0,-3.8734039046038067,-3.8734039046038067,3.8734039046038067
2,4,909,265.0,0.0,-2.6260723929073575,-2.6260723929073575,2.6260723929073575
2,4,910,265.0,0.0,-2.5531544297864124,-2.5531544297864124,2.5531544297864124
2,4,911,265.0,-0.25,-1.7484437820657845,-1.4984437820657845,1.4984437820657845
2,4,964,280.0,0.0,-0.08669580011292971,-0.08669580011292971,0.08669580011292971
2,4,965,280.0,0.0,-0.24094962800400738,-0.24094962800400738,0.24094962800400738
2,4,966,280.0,-0.166666667,-0.6869928161146507,-0.5203261491146507,0.5203261491146507
2,5,9,26.0,-1.0,-0.5447352656745058,0.4552647343254942,0.4552647343254942
2,5,10,26.0,0.0,-1.8427029448598227,-1.8427029448598227,1.8427029448598227
2,5,11,26.0,0.0,-0.8428029975956347,-0.8428029975956347,0.8428029975956347
2,5,144,60.0,0.0,-1.6567088331405615,-1.6567088331405615,1.6567088331405615
2,5,145,60.0,0.0,-1.1111194711507053,-1.1111194711507053,1.1111194711507053
2,5,146,60.0,0.0,-1.1535574921556349,-1.1535574921556349,1.1535574921556349
2,5,147,60.0,0.0,-1.1398900076765772,-1.1398900076765772,1.1398900076765772
2,5,148,60.0,-0.5,-2.283995486646139,-1.783995486646139,1.783995486646139
2,5,149,60.0,0.333333333,-1.9919862522040546,-2.3253195852040545,2.3253195852040545
2,5,205,75.0,-5.321928,-1.897109313849011,3.4248186861509886,3.4248186861509886
2,5,206,75.0,-1.330482,-2.143899796653942,-0.8134177966539422,0.8134177966539422
2,5,207,75.0,-5.321928,-0.8254915575743248,4.496436442425675,4.496436442425675
2,5,208,76.0,-4.321928,-0.9906994998112753,3.3312285001887245,3.3312285001887245
2,5,209,76.0,-0.5,-1.0782220513640206,-0.5782220513640206,0.5782220513640206
2,5,210,76.0,-2.321928,-1.8798724861467513,0.4420555138532489,0.4420555138532489
2,5,211,76.0,-1.0,-1.0367235285688277,-0.03672352856882766,0.03672352856882766
2,5,212,76.0,-5.321928,-2.6394752835617683,2.6824527164382315,2.6824527164382315
2,5,221,79.0,-3.321928,-0.255842916396335,3.066085083603665,3.066085083603665
2,5,222,79.0,-2.321928,-0.013959964832335964,2.307968035167664,2.307968035167664
2,5,239,84.0,-3.321928,-3.3959418074738186,-0.07401380747381836,0.07401380747381836
2,5,240,84.0,0.0,-3.848680373880725,-3.848680373880725,3.848680373880725
2,5,241,84.0,0.0,-0.1565461090949449,-0.1565461090949449,0.1565461090949449
2,5,242,84.0,0.0,-0.6165140342524397,-0.6165140342524397,0.6165140342524397
2,5,243,84.0,0.166666667,-1.4188585644518077,-1.5855252314518076,1.5855252314518076
2,5,255,88.0,-0.25,0.3365719138625563,0.5865719138625562,0.5865719138625562
2,5,256,88.0,0.0,0.2236608812787533,0.2236608812787533,0.2236608812787533
2,5,257,88.0,-0.4643855999999999,-0.16108982763098253,0.3032957723690174,0.3032957723690174
2,5,258,89.0,-1.330482,-0.2794069240044153,1.0510750759955847,1.0510750759955847
2,5,259,89.0,-2.721928,-1.3961764210199,1.3257515789801002,1.3257515789801002
2,5,260,89.0,-1.0,-0.09215182321832364,0.9078481767816764,0.9078481767816764
2,5,261,89.0,-1.0,-2.6963549958600392,-1.6963549958600392,1.6963549958600392
2,5,288,96.0,0.0,-3.3389124105788905,-3.3389124105788905,3.3389124105788905
2,5,321,106.0,0.0,-0.06333136405974149,-0.06333136405974149,0.06333136405974149
2,5,322,106.0,0.25,-0.097497127146914,-0.347497127146914,0.347497127146914
2,5,323,106.0,-1.0,-0.16775096657990704,0.8322490334200929,0.8322490334200929
2,5,324,106.0,-0.660964,-0.2081613849218589,0.4528026150781411,0.4528026150781411
2,5,325,106.0,-1.0,-2.6393240631957533,-1.6393240631957533,1.6393240631957533
2,5,326,106.0,-2.321928,-2.242025546171441,0.07990245382855932,0.07990245382855932
2,5,351,114.0,0.0,-0.7667407713858136,-0.7667407713858136,0.7667407713858136
2,5,352,114.0,-1.660964,-1.1243857341749688,0.5365782658250313,0.5365782658250313
2,5,353,114.0,-2.321928,-2.954493014966635,-0.6325650149666346,0.6325650149666346
2,5,354,114.0,-3.321928,-3.827627312703176,-0.5056993127031757,0.5056993127031757
2,5,355,115.0,-1.0,-0.8957476636704199,0.10425233632958009,0.10425233632958009
2,5,356,115.0,-2.988594667,-1.6826974940027193,1.3058971729972808,1.3058971729972808
2,5,357,115.0,-1.0,-0.927216100964566,0.07278389903543403,0.07278389903543403
2,5,358,115.0,-1.0,-0.9624837998278721,0.03751620017212787,0.03751620017212787
2,5,363,117.0,0.0,-0.42079341735037873,-0.42079341735037873,0.42079341735037873
2,5,364,117.0,-5.321928,-1.3863923234101934,3.935535676589806,3.935535676589806
2,5,365,117.0,0.0,-0.4336275839727709,-0.4336275839727709,0.4336275839727709
2,5,424,132.0,-5.321928,-1.228566991123732,4.0933610088762675,4.0933610088762675
2,5,425,132.0,-5.321928,-3.3411567763284213,1.9807712236715784,1.9807712236715784
2,5,426,132.0,-5.321928,-2.1006217614199496,3.22130623858005,3.22130623858005
2,5,427,132.0,-2.321928,-0.49202016597888537,1.8299078340211148,1.8299078340211148
2,5,428,132.0,0.0,-0.5745291870275326,-0.5745291870275326,0.5745291870275326
2,5,450,140.0,-0.428571429,-0.8812614757473599,-0.4526900467473599,0.4526900467473599
2,5,451,140.0,-1.660964,-1.6286396757779884,0.0323243242220117,0.0323243242220117
2,5,452,140.0,0.0,-0.0942492187366643,-0.0942492187366643,0.0942492187366643
2,5,453,140.0,-2.6552613330000003,-2.7749213312888896,-0.11965999828888929,0.11965999828888929
2,5,486,151.0,-0.5,-0.5582332609279276,-0.05823326092792758,0.05823326092792758
2,5,487,151.0,0.0,-0.05646992119460103,-0.05646992119460103,0.05646992119460103
2,5,488,151.0,0.0,-0.23185774082041952,-0.23185774082041952,0.23185774082041952
2,5,489,151.0,0.0,-0.40644576306948516,-0.40644576306948516,0.40644576306948516
2,5,496,153.0,-0.333333333,-1.1271233573664636,-0.7937900243664636,0.7937900243664636
2,5,497,153.0,0.0,0.014228228714366305,0.014228228714366305,0.014228228714366305
2,5,498,153.0,0.0,-0.1300900515178487,-0.1300900515178487,0.1300900515178487
2,5,499,153.0,0.333333333,-0.020716107877205618,-0.35404944087720563,0.35404944087720563
2,5,500,154.0,-4.321928,-3.6273550145184825,0.6945729854815172,0.6945729854815172
2,5,501,154.0,-3.321928,-1.5839448244789256,1.7379831755210746,1.7379831755210746
2,5,502,154.0,-1.0,-2.3079314862848253,-1.3079314862848253,1.3079314862848253
2,5,503,155.0,-2.321928,-0.6461050326302399,1.6758229673697604,1.6758229673697604
2,5,504,155.0,-2.321928,-0.9528702599593036,1.3690577400406965,1.3690577400406965
2,5,505,155.0,-5.321928,-0.8085542480688073,4.5133737519311925,4.5133737519311925
2,5,506,155.0,-5.321928,-0.8567223403998486,4.4652056596001515,4.4652056596001515
2,5,518,159.0,-1.7931568,-0.9592467881025842,0.8339100118974158,0.8339100118974158
2,5,519,159.0,0.0,0.07251628957714355,0.07251628957714355,0.07251628957714355
2,5,520,159.0,-2.321928,-0.16580795701434597,2.156120042985654,2.156120042985654
2,5,575,174.0,0.0,-0.3274441205376055,-0.3274441205376055,0.3274441205376055
2,5,576,174.0,-3.821928,-0.16206835464036343,3.659859645359637,3.659859645359637
2,5,588,178.0,-3.321928,-1.461976354561326,1.8599516454386742,1.8599516454386742
2,5,589,178.0,-3.121928,-2.343523988325525,0.7784040116744748,0.7784040116744748
2,5,590,178.0,0.0,-1.006551491887047,-1.006551491887047,1.006551491887047
2,5,591,178.0,-5.321928,-2.58784724978664,2.73408075021336,2.73408075021336
2,5,592,178.0,-3.321928,-2.2570462869800334,1.0648817130199668,1.0648817130199668
2,5,599,180.0,0.0,-1.6001638744969675,-1.6001638744969675,1.6001638744969675
2,5,600,180.0,0.0,-1.6876809626726048,-1.6876809626726048,1.6876809626726048
2,5,601,180.0,0.0,-1.403579470976432,-1.403579470976432,1.403579470976432
2,5,602,180.0,1.0,-1.541660817174985,-2.541660817174985,2.541660817174985
2,5,603,180.0,-0.25,-2.343541864655258,-2.093541864655258,2.093541864655258
2,5,604,181.0,-3.321928,-0.9787086972045849,2.3432193027954153,2.3432193027954153
2,5,605,181.0,-5.321928,-1.5369389114010692,3.7849890885989304,3.7849890885989304
2,5,615,184.0,0.333333333,-0.46503237066621433,-0.7983657036662144,0.7983657036662144
2,5,616,184.0,-5.321928,-3.629047328076412,1.6928806719235876,1.6928806719235876
2,5,617,184.0,-0.8,-0.584745904684615,0.21525409531538509,0.21525409531538509
2,5,618,184.0,-3.821928,-1.061365899697358,2.760562100302642,2.760562100302642
2,5,619,184.0,0.0,-1.1687690340879955,-1.1687690340879955,1.1687690340879955
2,5,643,192.0,0.0,-0.536719928823582,-0.536719928823582,0.536719928823582
2,5,644,192.0,-2.321928,-2.627978469612555,-0.306050469612555,0.306050469612555
2,5,645,192.0,0.0,-0.268258919391476,-0.268258919391476,0.268258919391476
2,5,654,195.0,0.0,-0.3641231294854432,-0.3641231294854432,0.3641231294854432
2,5,655,195.0,-2.321928,-0.48678208116997024,1.83514591883003,1.83514591883003
2,5,656,195.0,-1.0,-0.3526122072706751,0.6473877927293249,0.6473877927293249
2,5,657,195.0,0.0,-0.16700898083713006,-0.16700898083713006,0.16700898083713006
2,5,661,197.0,-2.6552613330000003,-3.736116641692283,-1.0808553086922825,1.0808553086922825
2,5,662,197.0,-1.944234286,-2.877611644315948,-0.9333773583159481,0.9333773583159481
2,5,663,197.0,-2.321928,-0.4282739983689227,1.8936540016310774,1.8936540016310774
2,5,697,207.0,0.0,-0.9729371616137498,-0.9729371616137498,0.9729371616137498
2,5,698,207.0,-1.0,-1.511710741514661,-0.5117107415146609,0.5117107415146609
2,5,699,207.0,-0.5,-1.0268469011316517,-0.5268469011316517,0.5268469011316517
2,5,700,207.0,0.0,-0.7040526275968917,-0.7040526275968917,0.7040526275968917
2,5,706,210.0,0.0,-0.8959006187590244,-0.8959006187590244,0.8959006187590244
2,5,707,210.0,-0.5,-1.1475842907782292,-0.6475842907782292,0.6475842907782292
2,5,750,222.0,0.0,-1.2884938683184015,-1.2884938683184015,1.2884938683184015
2,5,751,222.0,0.125,-1.7804564752027905,-1.9054564752027905,1.9054564752027905
2,5,794,235.0,-2.321928,-0.7388115053484678,1.5831164946515324,1.5831164946515324
2,5,795,235.0,-1.660964,-0.3065239935183108,1.3544400064816893,1.3544400064816893
2,5,796,235.0,-5.321928,-2.981852969870638,2.340075030129362,2.340075030129362
2,5,797,235.0,-2.101606667,-1.3465268150748333,0.7550798519251667,0.7550798519251667
2,5,824,243.0,-4.988594667,-5.222550807086934,-0.2339561400869341,0.2339561400869341
2,5,825,243.0,-3.321928,-3.6136845734346115,-0.29175657343461125,0.29175657343461125
2,5,826,243.0,-2.321928,-1.0561270122840805,1.2658009877159198,1.2658009877159198
2,5,858,252.0,0.333333333,-2.200433867358617,-2.533767200358617,2.533767200358617
2,5,859,252.0,-1.0,-2.3219689360035454,-1.3219689360035454,1.3219689360035454
2,5,860,252.0,0.0,-2.798411570376356,-2.798411570376356,2.798411570376356
2,5,861,252.0,0.0,-2.313406823982333,-2.313406823982333,2.313406823982333
2,5,862,252.0,-0.428571429,-2.79461073732434,-2.36603930832434,2.36603930832434
2,5,880,258.0,-5.321928,-0.7026438290895658,4.619284170910434,4.619284170910434
2,5,881,258.0,-5.321928,-4.726506372410736,0.5954216275892641,0.5954216275892641
2,5,882,258.0,-5.321928,-0.6199798033306851,4.701948196669314,4.701948196669314
2,5,883,258.0,0.0,-0.7744988860463433,-0.7744988860463433,0.7744988860463433
2,5,887,260.0,-5.321928,-3.870669573586452,1.4512584264135477,1.4512584264135477
2,5,888,260.0,-5.321928,-2.5797703251300708,2.742157674869929,2.742157674869929
2,5,889,260.0,-5.321928,-2.7398135338622787,2.582114466137721,2.582114466137721
2,5,890,260.0,-5.321928,-3.5817406015593196,1.7401873984406802,1.7401873984406802
2,5,891,260.0,0.0,-1.2735733203774255,-1.2735733203774255,1.2735733203774255
2,5,892,261.0,0.0,-1.1158366836194953,-1.1158366836194953,1.1158366836194953
2,5,893,261.0,0.0,-1.5104476793090027,-1.5104476793090027,1.5104476793090027
2,5,894,261.0,0.181818182,-1.174030668696975,-1.355848850696975,1.355848850696975
2,5,895,261.0,-5.321928,-3.3513220522605276,1.9706059477394722,1.9706059477394722
2,5,896,261.0,-4.988594667,-2.1153254467470504,2.8732692202529497,2.8732692202529497
2,5,912,266.0,0.0,-2.102745076438398,-2.102745076438398,2.102745076438398
2,5,913,266.0,-0.5,-1.8151565003240138,-1.3151565003240138,1.3151565003240138
2,5,914,266.0,0.0,-0.9469995358635523,-0.9469995358635523,0.9469995358635523
2,5,915,266.0,0.0,-0.9280022970598845,-0.9280022970598845,0.9280022970598845
2,5,935,272.0,-3.321928,-1.1064021253781378,2.2155258746218625,2.2155258746218625
2,5,936,272.0,-5.321928,-1.0511825172615605,4.270745482738439,4.270745482738439
2,5,937,272.0,-5.321928,-1.249312045222033,4.072615954777967,4.072615954777967
2,5,952,277.0,-0.7602754290000001,-0.9904800263922285,-0.23020459739222843,0.23020459739222843
2,5,953,277.0,-0.5,-0.6157204083325544,-0.11572040833255437,0.11572040833255437
2,5,954,277.0,0.0,-0.8848511949154142,-0.8848511949154142,0.8848511949154142
2,5,955,277.0,0.0,-1.3494135321117169,-1.3494135321117169,1.3494135321117169
2,5,967,281.0,0.0,-0.3143499465140866,-0.3143499465140866,0.3143499465140866
2,5,968,281.0,-3.321928,-2.3862958141455777,0.9356321858544225,0.9356321858544225
2,5,969,281.0,0.0,-0.41768220035201764,-0.41768220035201764,0.41768220035201764
2,5,981,285.0,0.0,-0.9156402002133373,-0.9156402002133373,0.9156402002133373
2,5,982,285.0,-0.333333333,-0.6639698675557651,-0.33063653455576514,0.33063653455576514
2,5,983,285.0,-3.214618667,-3.8476944975102336,-0.6330758305102338,0.6330758305102338
2,5,984,285.0,0.0,-1.2180279541036028,-1.2180279541036028,1.2180279541036028
2,5,985,285.0,-1.0,-1.1290898879125177,-0.12908988791251774,0.12908988791251774
3,1,4,25.0,0.0,-1.052296987156841,-1.052296987156841,1.052296987156841
3,1,5,25.0,0.0,-0.7302879109455592,-0.7302879109455592,0.7302879109455592
3,1,6,25.0,0.0,-0.3976967983674414,-0.3976967983674414,0.3976967983674414
3,1,7,25.0,0.0,-0.40076559072561857,-0.40076559072561857,0.40076559072561857
3,1,8,25.0,-0.166666667,-0.7928835346455507,-0.6262168676455507,0.6262168676455507
3,1,50,36.0,0.0,-2.1886497561749723,-2.1886497561749723,2.1886497561749723
3,1,51,36.0,0.0,-1.983483310095908,-1.983483310095908,1.983483310095908
3,1,52,36.0,0.0,-2.5075799778734402,-2.5075799778734402,2.5075799778734402
3,1,53,36.0,0.0,-2.2671975128108617,-2.2671975128108617,2.2671975128108617
3,1,58,38.0,0.0,-3.242546227110864,-3.242546227110864,3.242546227110864
3,1,59,38.0,1.0,-0.5960261420720858,-1.5960261420720858,1.5960261420720858
3,1,60,38.0,-1.0,-2.9680317520076347,-1.9680317520076347,1.9680317520076347
3,1,61,38.0,-1.0,-1.4656578624846193,-0.46565786248461927,0.46565786248461927
3,1,69,41.0,0.0,-0.6910585936697126,-0.6910585936697126,0.6910585936697126
3,1,70,41.0,-1.0,-0.9023436441562496,0.09765635584375043,0.09765635584375043
3,1,79,44.0,0.0,-4.725268332139103,-4.725268332139103,4.725268332139103
3,1,80,44.0,-3.321928,-4.741364623940131,-1.4194366239401304,1.4194366239401304
3,1,81,44.0,-5.321928,-3.847769545384705,1.4741584546152948,1.4741584546152948
3,1,82,44.0,-2.660964,-4.672556679978255,-2.0115926799782553,2.0115926799782553
3,1,109,51.0,-1.160964,-0.6173235576609557,0.5436404423390444,0.5436404423390444
3,1,110,51.0,-2.321928,-0.6415372703868285,1.6803907296131717,1.6803907296131717
3,1,111,51.0,0.0,-0.4419464102334883,-0.4419464102334883,0.4419464102334883
3,1,112,51.0,-0.5,-1.6720129987732342,-1.1720129987732342,1.1720129987732342
3,1,113,51.0,-0.142857143,-0.8152635298553458,-0.6724063868553458,0.6724063868553458
3,1,118,53.0,0.0,-0.04629671775978304,-0.04629671775978304,0.04629671775978304
3,1,119,53.0,0.0,-0.3440571805122214,-0.3440571805122214,0.3440571805122214
3,1,120,53.0,1.0,0.10420391784482777,-0.8957960821551723,0.8957960821551723
3,1,140,59.0,-3.321928,-1.1532964638316276,2.1686315361683723,2.1686315361683723
3,1,141,59.0,-3.655261333,-1.052527647747668,2.602733685252332,2.602733685252332
3,1,142,59.0,-0.285714286,-0.7047971988472411,-0.41908291284724114,0.41908291284724114
3,1,143,59.0,-5.321928,-4.822968317319996,0.49895968268000335,0.49895968268000335
3,1,159,64.0,-5.321928,-1.9993836345037428,3.322544365496257,3.322544365496257
3,1,160,64.0,-4.821928,-0.862723367066268,3.959204632933732,3.959204632933732
3,1,161,64.0,-5.321928,-0.6983922483692453,4.6235357516307545,4.6235357516307545
3,1,162,64.0,-2.821928,-0.8832019401765006,1.9387260598234997,1.9387260598234997
3,1,163,64.0,-4.821928,-1.04261657421777,3.77931142578223,3.77931142578223
3,1,164,64.0,-0.666666667,-1.5104452468094292,-0.8437785798094292,0.8437785798094292
3,1,168,66.0,-0.331704,-0.1424516069854401,0.1892523930145599,0.1892523930145599
3,1,169,66.0,-5.321928,-3.207097813183126,2.114830186816874,2.114830186816874
3,1,170,66.0,0.0,-0.06613157030741483,-0.06613157030741483,0.06613157030741483
3,1,171,66.0,-1.5287712,-0.43503237363591535,1.0937388263640846,1.0937388263640846
3,1,172,66.0,0.0,-0.14942423114262784,-0.14942423114262784,0.14942423114262784
3,1,173,66.0,-5.321928,-2.58133053690445,2.7405974630955496,2.7405974630955496
3,1,200,73.0,-1.0,-2.7397046433751293,-1.7397046433751293,1.7397046433751293
3,1,201,73.0,-1.0,-4.055850367652977,-3.055850367652977,3.055850367652977
3,1,221,79.0,-3.321928,-0.3406900767321914,2.981237923267809,2.981237923267809
3,1,222,79.0,-2.321928,0.22345392623318353,2.545381926233184,2.545381926233184
3,1,276,93.0,0.333333333,-2.447725913836726,-2.781059246836726,2.781059246836726
3,1,277,93.0,0.0,-1.8048280484161878,-1.8048280484161878,1.8048280484161878
3,1,278,93.0,0.0,-2.382299500964426,-2.382299500964426,2.382299500964426
3,1,279,93.0,-2.821928,-3.0348447150266478,-0.21291671502664755,0.21291671502664755
3,1,300,100.0,0.0,-0.3671640502730689,-0.3671640502730689,0.3671640502730689
3,1,301,100.0,0.0,0.1647481954164216,0.1647481954164216,0.1647481954164216
3,1,302,100.0,0.0,-0.04461432730290697,-0.04461432730290697,0.04461432730290697
3,1,303,100.0,-2.321928,-1.8719961191720307,0.44993188082796953,0.44993188082796953
3,1,313,104.0,-4.988594667,-4.253643087170017,0.7349515798299828,0.7349515798299828
3,1,314,104.0,-2.321928,-0.47298415619864764,1.8489438438013526,1.8489438438013526
3,1,315,104.0,-5.321928,-1.4971954775861833,3.8247325224138162,3.8247325224138162
3,1,321,106.0,0.0,0.18377654932914017,0.18377654932914017,0.18377654932914017
3,1,322,106.0,0.25,0.12008930561484622,-0.1299106943851538,0.1299106943851538
3,1,323,106.0,-1.0,-0.09134326255318365,0.9086567374468164,0.9086567374468164
3,1,324,106.0,-0.660964,0.00995434875824806,0.6709183487582481,0.6709183487582481
3,1,325,106.0,-1.0,-2.257974720355481,-1.257974720355481,1.257974720355481
3,1,326,106.0,-2.321928,-1.6188443680298992,0.703083631970101,0.703083631970101
3,1,332,109.0,0.0,-0.14715141280813687,-0.14715141280813687,0.14715141280813687
3,1,333,109.0,0.0,-0.17542552817010876,-0.17542552817010876,0.17542552817010876
3,1,334,109.0,0.0,-0.42785783439268027,-0.42785783439268027,0.42785783439268027
3,1,335,109.0,0.0,-0.49790491006098786,-0.49790491006098786,0.49790491006098786
3,1,336,109.0,-0.5,-0.21756866467657499,0.282431335323425,0.282431335323425
3,1,351,114.0,0.0,-0.8646708685565977,-0.8646708685565977,0.8646708685565977
3,1,352,114.0,-1.660964,-0.6425416362826938,1.0184223637173062,1.0184223637173062
3,1,353,114.0,-2.321928,-1.7696237311128704,0.5523042688871298,0.5523042688871298
3,1,354,114.0,-3.321928,-2.8524942333226586,0.4694337666773416,0.4694337666773416
3,1,450,140.0,-0.428571429,-1.8399372805128633,-1.4113658515128633,1.4113658515128633
3,1,451,140.0,-1.660964,-2.4494498745660525,-0.7884858745660523,0.7884858745660523
3,1,452,140.0,0.0,-0.5030330103263644,-0.5030330103263644,0.5030330103263644
3,1,453,140.0,-2.6552613330000003,-3.6831694165173707,-1.0279080835173704,1.0279080835173704
3,1,459,143.0,-2.101606667,-0.3958704797663478,1.705736187233652,1.705736187233652
3,1,460,143.0,-1.0,-0.4401309441312152,0.5598690558687849,0.5598690558687849
3,1,461,143.0,-3.1552613330000003,-2.245156443418339,0.9101048895816612,0.9101048895816612
3,1,462,143.0,-1.0,-0.9588968110730037,0.04110318892699627,0.04110318892699627
3,1,472,147.0,0.0,-1.6476335844443664,-1.6476335844443664,1.6476335844443664
3,1,473,147.0,-1.0,-1.041405796864052,-0.04140579686405199,0.04140579686405199
3,1,474,147.0,-0.75,-0.4551758003811621,0.2948241996188379,0.2948241996188379
3,1,475,148.0,0.0,-1.4362901414295082,-1.4362901414295082,1.4362901414295082
3,1,476,148.0,0.25,-1.2907478668786716,-1.5407478668786716,1.5407478668786716
3,1,529,162.0,-1.0,-0.1292082911463173,0.8707917088536827,0.8707917088536827
3,1,530,162.0,-1.660964,-0.44209681786036736,1.2188671821396326,1.2188671821396326
3,1,531,162.0,-1.0,-0.19000521778281448,0.8099947822171856,0.8099947822171856
3,1,559,170.0,-0.833333333,-0.6678509043385322,0.16548242866146778,0.16548242866146778
3,1,560,170.0,-1.045989714,-0.535623323092421,0.5103663909075791,0.5103663909075791
3,1,561,170.0,0.0,-0.2220659846036393,-0.2220659846036393,0.2220659846036393
3,1,562,170.0,0.0,-0.11162534950236368,-0.11162534950236368,0.11162534950236368
3,1,599,180.0,0.0,-0.5107566743370948,-0.5107566743370948,0.5107566743370948
3,1,600,180.0,0.0,-0.5215827233990347,-0.5215827233990347,0.5215827233990347
3,1,601,180.0,0.0,-0.35762214628309746,-0.35762214628309746,0.35762214628309746
3,1,602,180.0,1.0,-0.4944648104217263,-1.4944648104217264,1.4944648104217264
3,1,603,180.0,-0.25,-2.0306379442412426,-1.7806379442412426,1.7806379442412426
3,1,626,187.0,-0.6,-0.7703488172317906,-0.17034881723179063,0.17034881723179063
3,1,627,187.0,-5.321928,-2.3793205211913135,2.9426074788086862,2.9426074788086862
3,1,628,187.0,-3.321928,-0.14102175268803685,3.180906247311963,3.180906247311963
3,1,629,187.0,-0.5,0.019712119802026477,0.5197121198020265,0.5197121198020265
3,1,636,190.0,0.0,-1.304246978170956,-1.304246978170956,1.304246978170956
3,1,637,190.0,0.0,-1.3697328226402508,-1.3697328226402508,1.3697328226402508
3,1,638,190.0,0.0,-0.9264035710991267,-0.9264035710991267,0.9264035710991267
3,1,639,190.0,-0.2,-1.2207782927613116,-1.0207782927613116,1.0207782927613116
3,1,640,190.0,0.0,-1.640313357209416,-1.640313357209416,1.640313357209416
3,1,741,220.0,-3.821928,-0.7176495432776034,3.1042784567223967,3.1042784567223967
3,1,742,220.0,-3.446928,-0.18601418578479118,3.260913814215209,3.260913814215209
3,1,743,220.0,-4.321928,-0.5849444523437719,3.736983547656228,3.736983547656228
3,1,744,220.0,-3.321928,-0.13918804647465885,3.1827399535253416,3.1827399535253416
3,1,760,225.0,0.0,-0.007380101974153809,-0.007380101974153809,0.007380101974153809
3,1,761,225.0,-1.0,0.13651042904485547,1.1365104290448556,1.1365104290448556
3,1,762,225.0,0.0,-2.2982963952519078,-2.2982963952519078,2.2982963952519078
3,1,763,225.0,0.0,-0.031919356166770226,-0.031919356166770226,0.031919356166770226
3,1,764,225.0,1.0,0.14608090970048296,-0.8539190902995171,0.8539190902995171
3,1,785,232.0,-5.321928,-0.3009110963502516,5.021016903649748,5.021016903649748
3,1,786,232.0,-5.321928,-0.08281867302615535,5.2391093269738445,5.2391093269738445
3,1,798,236.0,-2.321928,0.026936338763476952,2.348864338763477,2.348864338763477
3,1,799,236.0,0.0,-0.0641794862767185,-0.0641794862767185,0.0641794862767185
3,1,800,236.0,-3.321928,-0.6908445658816307,2.6310834341183695,2.6310834341183695
3,1,801,236.0,-5.321928,-1.2300707342217503,4.091857265778249,4.091857265778249
3,1,802,236.0,-5.321928,-0.6186198904126661,4.703308109587334,4.703308109587334
3,1,803,236.0,-4.321928,-1.2120581598194071,3.1098698401805924,3.1098698401805924
3,1,842,248.0,-5.321928,-2.9318703981235834,2.3900576018764164,2.3900576018764164
3,1,843,248.0,-5.321928,-2.550305652191979,2.771622347808021,2.771622347808021
3,1,844,248.0,-5.321928,-2.21514566954351,3.1067823304564897,3.1067823304564897
3,1,845,249.0,-1.0,-0.49070758023408717,0.5092924197659128,0.5092924197659128
3,1,846,249.0,-0.5,-0.5992055584647712,-0.09920555846477119,0.09920555846477119
3,1,847,249.0,-1.881285333,-0.545803685922381,1.3354816470776187,1.3354816470776187
3,1,848,249.0,-1.0,-0.801127558732048,0.198872441267952,0.198872441267952
3,1,863,253.0,0.0,-0.5191704050345048,-0.5191704050345048,0.5191704050345048
3,1,864,253.0,-0.333333333,-0.02967218182292535,0.30366115117707465,0.30366115117707465
3,1,865,253.0,0.0,-1.1910646443844952,-1.1910646443844952,1.1910646443844952
3,1,866,253.0,0.0,-0.2721366072375189,-0.2721366072375189,0.2721366072375189
3,1,876,257.0,-0.25,0.0038180917435577067,0.2538180917435577,0.2538180917435577
3,1,877,257.0,-5.321928,-3.5284840695212543,1.7934439304787455,1.7934439304787455
3,1,878,257.0,-1.0,-0.30797379199864033,0.6920262080013597,0.6920262080013597
3,1,879,257.0,-1.0,-0.08475402139541982,0.9152459786045801,0.9152459786045801
3,1,887,260.0,-5.321928,-5.871369159941263,-0.5494411599412636,0.5494411599412636
3,1,888,260.0,-5.321928,-4.174387872580858,1.1475401274191421,1.1475401274191421
3,1,889,260.0,-5.321928,-4.560259277002048,0.7616687229979515,0.7616687229979515
3,1,890,260.0,-5.321928,-5.454870889781266,-0.13294288978126634,0.13294288978126634
3,1,891,260.0,0.0,-3.823592523344489,-3.823592523344489,3.823592523344489
3,1,908,265.0,0.0,-5.087610484947023,-5.087610484947023,5.087610484947023
3,1,909,265.0,0.0,-2.600216772212848,-2.600216772212848,2.600216772212848
3,1,910,265.0,0.0,-2.018240251360311,-2.018240251360311,2.018240251360311
3,1,911,265.0,-0.25,-1.6396240751716338,-1.3896240751716338,1.3896240751716338
3,1,933,271.0,-1.0,-0.46942775074492876,0.5305722492550713,0.5305722492550713
3,1,934,271.0,0.0,-0.5958756318885313,-0.5958756318885313,0.5958756318885313
3,1,952,277.0,-0.7602754290000001,-1.1277865772853306,-0.3675111482853305,0.3675111482853305
3,1,953,277.0,-0.5,-0.19541215234527237,0.30458784765472763,0.30458784765472763
3,1,954,277.0,0.0,-0.915261310238006,-0.915261310238006,0.915261310238006
3,1,955,277.0,0.0,-1.1219985308058322,-1.1219985308058322,1.1219985308058322
3,1,970,282.0,0.0,-1.3614330168840605,-1.3614330168840605,1.3614330168840605
3,1,971,282.0,-5.321928,-5.89537662589377,-0.5734486258937705,0.5734486258937705
3,1,972,282.0,-1.160964,-3.114814376752659,-1.9538503767526587,1.9538503767526587
3,1,977,284.0,0.0,-0.20433608940725345,-0.20433608940725345,0.20433608940725345
3,1,978,284.0,-1.0,-0.5501947387785887,0.4498052612214113,0.4498052612214113
3,1,979,284.0,0.5,-0.46396153584951233,-0.9639615358495124,0.9639615358495124
3,1,980,284.0,0.0,-0.665014208114154,-0.665014208114154,0.665014208114154
3,1,981,285.0,0.0,-2.4067095887348526,-2.4067095887348526,2.4067095887348526
3,1,982,285.0,-0.333333333,-1.535653776786901,-1.2023204437869008,1.2023204437869008
3,1,983,285.0,-3.214618667,-3.9433008561316143,-0.7286821891316144,0.7286821891316144
3,1,984,285.0,0.0,-2.2180782841036986,-2.2180782841036986,2.2180782841036986
3,1,985,285.0,-1.0,-2.090640347391919,-1.0906403473919188,1.0906403473919188
3,2,28,31.0,0.0,-0.5013187943004083,-0.5013187943004083,0.5013187943004083
3,2,29,31.0,-0.333333333,-0.21297061820902008,0.12036271479097993,0.12036271479097993
3,2,30,31.0,0.0,-0.6786111043905804,-0.6786111043905804,0.6786111043905804
3,2,83,45.0,0.0,-1.684053182063984,-1.684053182063984,1.684053182063984
3,2,84,45.0,0.0,0.07968058667990283,0.07968058667990283,0.07968058667990283
3,2,85,45.0,-4.321928,-2.0582335901366315,2.2636944098633682,2.2636944098633682
3,2,86,45.0,0.0,0.019138217813197942,0.019138217813197942,0.019138217813197942
3,2,87,45.0,0.0,-0.34995065036374434,-0.34995065036374434,0.34995065036374434
3,2,125,55.0,0.25,0.01855638543751553,-0.23144361456248447,0.23144361456248447
3,2,126,55.0,-1.660964,-1.3944847012581914,0.26647929874180876,0.26647929874180876
3,2,127,55.0,-5.321928,-2.8769972802726267,2.444930719727373,2.444930719727373
3,2,144,60.0,0.0,-1.9916570747470688,-1.9916570747470688,1.9916570747470688
3,2,145,60.0,0.0,-0.9654113945302292,-0.9654113945302292,0.9654113945302292
3,2,146,60.0,0.0,-1.0397023387129993,-1.0397023387129993,1.0397023387129993
3,2,147,60.0,0.0,-1.2965113144279232,-1.2965113144279232,1.2965113144279232
3,2,148,60.0,-0.5,-1.872832329312825,-1.372832329312825,1.372832329312825
3,2,149,60.0,0.333333333,-2.353121438065946,-2.686454771065946,2.686454771065946
3,2,150,61.0,0.0,-0.603301021502972,-0.603301021502972,0.603301021502972
3,2,151,61.0,0.0,-0.5995346784839383,-0.5995346784839383,0.5995346784839383
3,2,152,61.0,0.0,-0.3711863337014261,-0.3711863337014261,0.3711863337014261
3,2,153,61.0,0.0,-0.6162576076382782,-0.6162576076382782,0.6162576076382782
3,2,154,61.0,0.0,-0.4014452407109086,-0.4014452407109086,0.4014452407109086
3,2,155,62.0,-1.0,-1.0323862228756604,-0.0323862228756604,0.0323862228756604
3,2,156,62.0,0.0,-0.30399194169453575,-0.30399194169453575,0.30399194169453575
3,2,179,68.0,-5.321928,-0.6153833994916359,4.706544600508364,4.706544600508364
3,2,180,68.0,-5.321928,-0.4950836435469008,4.826844356453099,4.826844356453099
3,2,181,68.0,-5.321928,-0.9765932147913948,4.345334785208605,4.345334785208605
3,2,182,68.0,-5.321928,-0.4727253815625791,4.84920261843742,4.84920261843742
3,2,202,74.0,-5.321928,-4.052571863509659,1.269356136490341,1.269356136490341
3,2,203,74.0,-4.321928,-2.2940437418978434,2.0278842581021563,2.0278842581021563
3,2,204,74.0,-0.75,-0.8379780014219051,-0.08797800142190515,0.08797800142190515
3,2,208,76.0,-4.321928,-1.4919790550454435,2.8299489449545563,2.8299489449545563
3,2,209,76.0,-0.5,-1.164926141046665,-0.6649261410466649,0.6649261410466649
3,2,210,76.0,-2.321928,-3.112630827406884,-0.7907028274068839,0.7907028274068839
3,2,211,76.0,-1.0,-2.8636347970402567,-1.8636347970402567,1.8636347970402567
3,2,212,76.0,-5.321928,-3.5491375286800078,1.772790471319992,1.772790471319992
3,2,213,77.0,-5.321928,-3.3428220457099935,1.9791059542900062,1.9791059542900062
3,2,214,77.0,-1.0,-0.7301388121260178,0.26986118787398217,0.26986118787398217
3,2,215,77.0,-2.321928,-4.152680666455843,-1.8307526664558424,1.8307526664558424
3,2,216,77.0,0.0,-0.975667668310846,-0.975667668310846,0.975667668310846
3,2,217,77.0,0.0,-1.245284195611834,-1.245284195611834,1.245284195611834
3,2,223,80.0,-5.321928,-1.5813460147925427,3.740581985207457,3.740581985207457
3,2,224,80.0,0.333333333,-0.23044241454545036,-0.5637757475454503,0.5637757475454503
3,2,225,80.0,0.0,-1.3499380999223642,-1.3499380999223642,1.3499380999223642
3,2,288,96.0,0.0,-3.026107128874217,-3.026107128874217,3.026107128874217
3,2,293,98.0,0.0,-0.8612808029265778,-0.8612808029265778,0.8612808029265778
3,2,294,98.0,0.0,-0.5574158293650862,-0.5574158293650862,0.5574158293650862
3,2,295,98.0,0.0,-2.1923409467708166,-2.1923409467708166,2.1923409467708166
3,2,327,107.0,-0.333333333,-0.34624633112972836,-0.012912998129728348,0.012912998129728348
3,2,328,107.0,-1.440642667,-1.7732186597648385,-0.3325759927648384,0.3325759927648384
3,2,329,107.0,-0.333333333,-0.45141103000800714,-0.11807769700800713,0.11807769700800713
3,2,330,108.0,0.0,-0.3363875311563968,-0.3363875311563968,0.3363875311563968
3,2,331,108.0,0.0,-0.9026040260580463,-0.9026040260580463,0.9026040260580463
3,2,341,111.0,-0.5,-2.9649862098136075,-2.4649862098136075,2.4649862098136075
3,2,342,111.0,-0.333333333,-2.5976372520660025,-2.2643039190660024,2.2643039190660024
3,2,343,111.0,0.0,-0.24534950025484245,-0.24534950025484245,0.24534950025484245
3,2,344,111.0,0.0,-0.05393130527658365,-0.05393130527658365,0.05393130527658365
3,2,359,116.0,-0.666666667,-0.9118321100496004,-0.24516544304960042,0.24516544304960042
3,2,360,116.0,0.0,-0.5518821259852686,-0.5518821259852686,0.5518821259852686
3,2,361,116.0,-1.660964,-3.5748300726248776,-1.9138660726248775,1.9138660726248775
3,2,362,116.0,-1.0,-1.6790152983426236,-0.6790152983426236,0.6790152983426236
3,2,424,132.0,-5.321928,-0.9360582593367239,4.385869740663276,4.385869740663276
3,2,425,132.0,-5.321928,-3.574869114632705,1.7470588853672946,1.7470588853672946
3,2,426,132.0,-5.321928,-1.4566963341291803,3.8652316658708195,3.8652316658708195
3,2,427,132.0,-2.321928,-0.3027827284277781,2.019145271572222,2.019145271572222
3,2,428,132.0,0.0,-0.43115856702763017,-0.43115856702763017,0.43115856702763017
3,2,431,134.0,-4.321928,-0.3630969125249024,3.9588310874750974,3.9588310874750974
3,2,432,134.0,-4.321928,-0.3402278239893276,3.9817001760106723,3.9817001760106723
3,2,456,142.0,-3.321928,-1.2923359007141242,2.029592099285876,2.029592099285876
3,2,457,142.0,-3.321928,-2.968977893861941,0.3529501061380591,0.3529501061380591
3,2,458,142.0,-5.321928,-3.8603181172550216,1.4616098827449782,1.4616098827449782
3,2,490,152.0,0.0,-1.652367079896253,-1.652367079896253,1.652367079896253
3,2,491,152.0,0.0,-2.014062353946397,-2.014062353946397,2.014062353946397
3,2,492,152.0,-2.321928,-1.4784019646843412,0.8435260353156591,0.8435260353156591
3,2,493,152.0,-0.5,-1.1041194732937136,-0.6041194732937136,0.6041194732937136
3,2,494,152.0,0.333333333,-1.0160421309556382,-1.3493754639556381,1.3493754639556381
3,2,495,152.0,0.0,-2.217729799323538,-2.217729799323538,2.217729799323538
3,2,496,153.0,-0.333333333,-1.9622372914810355,-1.6289039584810356,1.6289039584810356
3,2,497,153.0,0.0,-0.22023516569687113,-0.22023516569687113,0.22023516569687113
3,2,498,153.0,0.0,-0.5764883464207251,-0.5764883464207251,0.5764883464207251
3,2,499,153.0,0.333333333,-0.3030077731835368,-0.6363411061835368,0.6363411061835368
3,2,515,158.0,0.333333333,-0.15655596674331557,-0.4898892997433156,0.4898892997433156
3,2,516,158.0,-3.321928,-0.8003096878148861,2.5216183121851143,2.5216183121851143
3,2,517,158.0,-1.0,-0.7239039296566316,0.27609607034336836,0.27609607034336836
3,2,532,163.0,-1.0,-4.102370056868032,-3.1023700568680317,3.1023700568680317
3,2,533,163.0,-0.444444444,-3.2617946615878943,-2.817350217587894,2.817350217587894
3,2,555,169.0,0.0,-0.4495602549442637,-0.4495602549442637,0.4495602549442637
3,2,556,169.0,0.0,-0.39998795881589877,-0.39998795881589877,0.39998795881589877
3,2,557,169.0,0.0,-0.515877091010742,-0.515877091010742,0.515877091010742
3,2,558,169.0,0.0,-0.1544802567341763,-0.1544802567341763,0.1544802567341763
3,2,575,174.0,0.0,-0.5864378696851463,-0.5864378696851463,0.5864378696851463
3,2,576,174.0,-3.821928,-0.582370681622294,3.239557318377706,3.239557318377706
3,2,611,183.0,0.0,-2.909388658942251,-2.909388658942251,2.909388658942251
3,2,612,183.0,0.0,-0.3461371973554396,-0.3461371973554396,0.3461371973554396
3,2,613,183.0,0.0,-0.4666692351935025,-0.4666692351935025,0.4666692351935025
3,2,614,183.0,0.0,-0.6336172586344948,-0.6336172586344948,0.6336172586344948
3,2,620,185.0,-3.321928,-1.0369405460779795,2.284987453922021,2.284987453922021
3,2,641,191.0,-0.5,-0.06741489999951361,0.4325851000004864,0.4325851000004864
3,2,642,191.0,-5.321928,-3.026325108900278,2.2956028910997217,2.2956028910997217
3,2,646,193.0,0.333333333,-0.5022006206158336,-0.8355339536158336,0.8355339536158336
3,2,647,193.0,0.0,-0.24405168474248326,-0.24405168474248326,0.24405168474248326
3,2,648,193.0,0.0,-1.2693594081840895,-1.2693594081840895,1.2693594081840895
3,2,649,193.0,-0.333333333,-0.16141018169835475,0.17192315130164526,0.17192315130164526
3,2,654,195.0,0.0,-0.19649355036324706,-0.19649355036324706,0.19649355036324706
3,2,655,195.0,-2.321928,-0.258978441347532,2.062949558652468,2.062949558652468
3,2,656,195.0,-1.0,-0.2819889145128544,0.7180110854871455,0.7180110854871455
3,2,657,195.0,0.0,0.004113119779448974,0.004113119779448974,0.004113119779448974
3,2,668,199.0,0.0,0.030186116191419532,0.030186116191419532,0.030186116191419532
3,2,669,199.0,0.0,-3.054463121644091,-3.054463121644091,3.054463121644091
3,2,670,199.0,0.166666667,-1.5038074350713222,-1.670474102071322,1.670474102071322
3,2,676,201.0,0.0,-1.6736691473728256,-1.6736691473728256,1.6736691473728256
3,2,677,201.0,-3.321928,-1.62103222752316,1.7008957724768403,1.7008957724768403
3,2,678,201.0,-3.571928,-2.204500691042329,1.3674273089576712,1.3674273089576712
3,2,679,201.0,-1.0,-0.2439860779993246,0.7560139220006754,0.7560139220006754
3,2,690,205.0,-0.666666667,-0.25721264610361005,0.40945402089638994,0.40945402089638994
3,2,691,205.0,-5.321928,-2.244720503757216,3.077207496242784,3.077207496242784
3,2,736,219.0,0.0,0.2949078584472815,0.2949078584472815,0.2949078584472815
3,2,737,219.0,-1.0,0.3368238759086523,1.3368238759086524,1.3368238759086524
3,2,738,219.0,-3.321928,-1.772014452583159,1.5499135474168413,1.5499135474168413
3,2,739,219.0,-3.321928,-1.0963593521372406,2.22556864786276,2.22556864786276
3,2,740,219.0,-3.321928,-2.2397799194387393,1.0821480805612609,1.0821480805612609
3,2,752,223.0,-2.321928,-5.629231998357316,-3.3073039983573156,3.3073039983573156
3,2,753,223.0,-4.571928,-4.285935642660289,0.28599235733971096,0.28599235733971096
3,2,754,223.0,0.0,-0.8575187649622644,-0.8575187649622644,0.8575187649622644
3,2,755,223.0,-4.821928,-4.690759973975481,0.13116802602451916,0.13116802602451916
3,2,756,223.0,-2.4575424,-1.66520796017948,0.7923344398205199,0.7923344398205199
3,2,767,227.0,-5.321928,-2.4115092334495056,2.910418766550494,2.910418766550494
3,2,768,227.0,-5.321928,-3.7950083443257685,1.5269196556742313,1.5269196556742313
3,2,769,227.0,-5.321928,-3.528778901324795,1.7931490986752046,1.7931490986752046
3,2,770,227.0,-5.321928,-3.280982691625507,2.040945308374493,2.040945308374493
3,2,774,229.0,-4.821928,-2.9762298253657957,1.845698174634204,1.845698174634204
3,2,775,229.0,-1.0,-0.6868515091925202,0.31314849080747975,0.31314849080747975
3,2,776,229.0,-1.0,-0.43427865842989655,0.5657213415701035,0.5657213415701035
3,2,807,238.0,-0.285714286,-2.656947202989738,-2.371232916989738,2.371232916989738
3,2,808,238.0,-0.5,-1.8839045485479362,-1.3839045485479362,1.3839045485479362
3,2,912,266.0,0.0,-1.5353374455736561,-1.5353374455736561,1.5353374455736561
3,2,913,266.0,-0.5,-1.2733480704586253,-0.7733480704586253,0.7733480704586253
3,2,914,266.0,0.0,-0.8853879522682392,-0.8853879522682392,0.8853879522682392
3,2,915,266.0,0.0,-0.6730823950056297,-0.6730823950056297,0.6730823950056297
3,2,919,268.0,-0.5,-0.3182014207728217,0.1817985792271783,0.1817985792271783
3,2,920,268.0,-1.660964,-1.4251609205379543,0.23580307946204582,0.23580307946204582
3,2,921,268.0,-0.666666667,-0.9457375111918966,-0.27907084419189665,0.27907084419189665
3,2,922,268.0,-1.547952,-0.5937124495125553,0.9542395504874447,0.9542395504874447
3,2,923,268.0,-0.166666667,-0.6778126014310667,-0.5111459344310667,0.5111459344310667
3,2,967,281.0,0.0,0.010327777841058127,0.010327777841058127,0.010327777841058127
3,2,968,281.0,-3.321928,-1.27992043700318,2.04200756299682,2.04200756299682
3,2,969,281.0,0.0,0.0271613298881222,0.0271613298881222,0.0271613298881222
3,3,9,26.0,-1.0,0.25554827213377956,1.2555482721337796,1.2555482721337796
3,3,10,26.0,0.0,-0.4374615085807699,-0.4374615085807699,0.4374615085807699
3,3,11,26.0,0.0,0.01118081615501961,0.01118081615501961,0.01118081615501961
3,3,67,40.0,-0.2,-0.8429336064092966,-0.6429336064092965,0.6429336064092965
3,3,68,40.0,-2.321928,-0.8936029390503343,1.4283250609496658,1.4283250609496658
3,3,88,46.0,-0.333333333,-0.6457882291464706,-0.3124548961464706,0.3124548961464706
3,3,89,46.0,-0.75,0.012511785489729362,0.7625117854897293,0.7625117854897293
3,3,90,46.0,-2.321928,-0.625281146405816,1.696646853594184,1.696646853594184
3,3,91,46.0,0.333333333,-0.1700628283803927,-0.5033961613803927,0.5033961613803927
3,3,92,47.0,0.0,-0.16763548056210725,-0.16763548056210725,0.16763548056210725
3,3,93,47.0,0.0,-0.043687278935559876,-0.043687278935559876,0.043687278935559876
3,3,94,47.0,-5.321928,-3.046219978804079,2.275708021195921,2.275708021195921
3,3,95,47.0,-0.5,-1.9506651240223283,-1.4506651240223283,1.4506651240223283
3,3,114,52.0,-0.5,-0.2512468693100774,0.2487531306899226,0.2487531306899226
3,3,115,52.0,-0.5,-0.3360419449067248,0.1639580550932752,0.1639580550932752
3,3,116,52.0,-2.214618667,-1.2102310263904357,1.0043876406095642,1.0043876406095642
3,3,117,52.0,-1.0,-3.366556315143411,-2.366556315143411,2.366556315143411
3,3,128,56.0,-0.5,-1.792715218505014,-1.292715218505014,1.292715218505014
3,3,129,56.0,0.0,-2.5843332446884264,-2.5843332446884264,2.5843332446884264
3,3,130,56.0,0.0,-1.2611624053892154,-1.2611624053892154,1.2611624053892154
3,3,218,78.0,-1.410964,-0.2443272409023661,1.166636759097634,1.166636759097634
3,3,219,78.0,0.0,-0.28717614354183524,-0.28717614354183524,0.28717614354183524
3,3,220,78.0,-0.5,-0.3790867615386037,0.12091323846139629,0.12091323846139629
3,3,231,82.0,-2.321928,-3.7896557079689615,-1.4677277079689612,1.4677277079689612
3,3,232,82.0,0.0,-0.8838231324326195,-0.8838231324326195,0.8838231324326195
3,3,233,82.0,-3.321928,-4.720003676209411,-1.398075676209411,1.398075676209411
3,3,234,82.0,-2.321928,-0.5837634985766602,1.73816450142334,1.73816450142334
3,3,235,82.0,-1.0,-0.9456514044638559,0.05434859553614413,0.05434859553614413
3,3,280,94.0,0.0,-0.3158648916216036,-0.3158648916216036,0.3158648916216036
3,3,281,94.0,0.0,-0.3457696938043455,-0.3457696938043455,0.3457696938043455
3,3,282,94.0,0.0,-0.6285206602961249,-0.6285206602961249,0.6285206602961249
3,3,283,94.0,0.0,-0.660381333290224,-0.660381333290224,0.660381333290224
3,3,284,94.0,-1.0,-0.7161440483120665,0.28385595168793354,0.28385595168793354
3,3,316,105.0,-2.821928,-1.016658197703238,1.8052698022967621,1.8052698022967621
3,3,317,105.0,-1.440642667,-0.8607782023623711,0.579864464637629,0.579864464637629
3,3,318,105.0,-2.321928,-1.6782480995397357,0.6436799004602645,0.6436799004602645
3,3,319,105.0,-2.321928,-0.35302424330753174,1.9689037566924685,1.9689037566924685
3,3,320,105.0,-2.6552613330000003,-0.6503377027071913,2.004923630292809,2.004923630292809
3,3,366,118.0,0.0,-0.7235987018610699,-0.7235987018610699,0.7235987018610699
3,3,367,118.0,0.0,-0.9545838365636201,-0.9545838365636201,0.9545838365636201
3,3,368,118.0,0.0,-0.5765064503378184,-0.5765064503378184,0.5765064503378184
3,3,369,119.0,-1.0,-0.7091412173967175,0.29085878260328246,0.29085878260328246
3,3,370,119.0,-2.321928,-0.4119031776623889,1.9100248223376113,1.9100248223376113
3,3,371,119.0,0.0,-0.5184630534477168,-0.5184630534477168,0.5184630534477168
3,3,420,131.0,-1.160964,-0.4877411394378235,0.6732228605621766,0.6732228605621766
3,3,421,131.0,0.0,-0.18643399975547315,-0.18643399975547315,0.18643399975547315
3,3,422,131.0,-5.321928,-0.7714600624843209,4.550467937515679,4.550467937515679
3,3,423,131.0,-3.321928,-0.2923407170452604,3.02958728295474,3.02958728295474
3,3,510,157.0,0.0,-0.5335128489807429,-0.5335128489807429,0.5335128489807429
3,3,511,157.0,0.0,-0.4307733736992762,-0.4307733736992762,0.4307733736992762
3,3,512,157.0,0.0,-2.4507911069636115,-2.4507911069636115,2.4507911069636115
3,3,513,157.0,-1.0,-1.9890939810588744,-0.9890939810588744,0.9890939810588744
3,3,514,157.0,0.0,-0.6216644474157171,-0.6216644474157171,0.6216644474157171
3,3,518,159.0,-1.7931568,-1.2136477057488144,0.5795090942511856,0.5795090942511856
3,3,519,159.0,0.0,-0.0557230746368291,-0.0557230746368291,0.0557230746368291
3,3,520,159.0,-2.321928,-0.5180282394863295,1.8038997605136706,1.8038997605136706
3,3,534,164.0,-5.321928,-0.4113515227733858,4.910576477226614,4.910576477226614
3,3,535,164.0,-5.321928,-0.5591192340874108,4.762808765912589,4.762808765912589
3,3,536,164.0,-5.321928,0.044860881440715386,5.366788881440715,5.366788881440715
3,3,537,164.0,-5.321928,-0.936822685752266,4.385105314247734,4.385105314247734
3,3,546,167.0,0.0,-0.17479389261335737,-0.17479389261335737,0.17479389261335737
3,3,547,167.0,-5.321928,-0.414054333612527,4.907873666387473,4.907873666387473
3,3,548,167.0,-5.321928,-1.104258678615925,4.217669321384075,4.217669321384075
3,3,549,167.0,0.0,0.1439609536703229,0.1439609536703229,0.1439609536703229
3,3,577,175.0,0.5,-0.6861248900119233,-1.1861248900119232,1.1861248900119232
3,3,578,175.0,0.0,-0.30176114131031856,-0.30176114131031856,0.30176114131031856
3,3,579,175.0,-3.160964,-0.06292297097693168,3.098041029023068,3.098041029023068
3,3,582,177.0,-4.321928,-0.5384455035745712,3.7834824964254286,3.7834824964254286
3,3,583,177.0,-5.321928,-0.7740264400167242,4.547901559983275,4.547901559983275
3,3,584,177.0,-5.321928,-0.6108155700261239,4.711112429973876,4.711112429973876
3,3,585,177.0,-5.321928,-0.5363358040485997,4.7855921959514,4.7855921959514
3,3,586,177.0,-5.321928,-1.2818769422444338,4.040051057755566,4.040051057755566
3,3,587,177.0,-5.321928,-1.1492397073342593,4.1726882926657405,4.1726882926657405
3,3,604,181.0,-3.321928,-2.2104171811603583,1.1115108188396419,1.1115108188396419
3,3,605,181.0,-5.321928,-2.4669953806849483,2.8549326193150515,2.8549326193150515
3,3,606,182.0,-1.0,-1.7993640140425025,-0.7993640140425025,0.7993640140425025
3,3,607,182.0,1.0,-0.6287178580384197,-1.6287178580384198,1.6287178580384198
3,3,608,182.0,0.0,-0.7147712777697609,-0.7147712777697609,0.7147712777697609
3,3,609,182.0,0.0,-0.9572166404466609,-0.9572166404466609,0.9572166404466609
3,3,610,182.0,0.0,-0.674580905989519,-0.674580905989519,0.674580905989519
3,3,615,184.0,0.333333333,-0.7891968582044079,-1.122530191204408,1.122530191204408
3,3,616,184.0,-5.321928,-3.5626271861690832,1.7593008138309165,1.7593008138309165
3,3,617,184.0,-0.8,-0.7068855001787584,0.09311449982124165,0.09311449982124165
3,3,618,184.0,-3.821928,-1.3714298181642024,2.4504981818357976,2.4504981818357976
3,3,619,184.0,0.0,-1.0506740614710124,-1.0506740614710124,1.0506740614710124
3,3,632,189.0,-0.5,-1.2804576693849594,-0.7804576693849594,0.7804576693849594
3,3,633,189.0,0.0,-0.2839096333921265,-0.2839096333921265,0.2839096333921265
3,3,634,189.0,0.0,-1.1002507625139408,-1.1002507625139408,1.1002507625139408
3,3,635,189.0,-5.321928,-2.719833194459953,2.602094805540047,2.602094805540047
3,3,664,198.0,0.0,-1.770974042133824,-1.770974042133824,1.770974042133824
3,3,665,198.0,-1.0,-4.221615237643951,-3.2216152376439506,3.2216152376439506
3,3,666,198.0,-0.25,-2.1006933222833366,-1.8506933222833366,1.8506933222833366
3,3,667,198.0,-1.881285333,-1.2742072849490815,0.6070780480509184,0.6070780480509184
3,3,701,208.0,-2.988594667,-2.1787405595399956,0.8098541074600045,0.8098541074600045
3,3,702,208.0,-5.321928,-2.0854606840405694,3.2364673159594304,3.2364673159594304
3,3,726,216.0,-2.160964,-1.88018921667582,0.2807747833241798,0.2807747833241798
3,3,727,216.0,-1.0,-2.505710845107792,-1.5057108451077919,1.5057108451077919
3,3,728,216.0,-2.321928,-1.5446161844710375,0.7773118155289627,0.7773118155289627
3,3,782,231.0,-2.821928,-1.0139409357925724,1.8079870642074278,1.8079870642074278
3,3,783,231.0,-3.821928,-0.3192711801031778,3.5026568198968224,3.5026568198968224
3,3,784,231.0,-4.321928,-1.7606724133897893,2.5612555866102102,2.5612555866102102
3,3,791,234.0,-5.321928,-2.4875363481269885,2.8343916518730112,2.8343916518730112
3,3,792,234.0,-5.321928,-1.4784446977891124,3.8434833022108874,3.8434833022108874
3,3,793,234.0,-5.321928,-1.4664750722396056,3.8554529277603944,3.8554529277603944
3,3,794,235.0,-2.321928,-0.62556218525653,1.6963658147434701,1.6963658147434701
3,3,795,235.0,-1.660964,-0.4496088730455786,1.2113551269544214,1.2113551269544214
3,3,796,235.0,-5.321928,-1.6287558599144314,3.6931721400855686,3.6931721400855686
3,3,797,235.0,-2.101606667,-0.8674112418081005,1.2341954251918996,1.2341954251918996
3,3,804,237.0,0.0,-0.8481172261788765,-0.8481172261788765,0.8481172261788765
3,3,805,237.0,0.5,-2.0788580016903655,-2.5788580016903655,2.5788580016903655
3,3,806,237.0,-1.0,-1.551035250684495,-0.5510352506844951,0.5510352506844951
3,3,817,241.0,-3.321928,-0.6961141602981212,2.625813839701879,2.625813839701879
3,3,818,241.0,-3.988594667,-0.555768166957041,3.432826500042959,3.432826500042959
3,3,819,241.0,-4.321928,-0.8559861629636737,3.465941837036326,3.465941837036326
3,3,824,243.0,-4.988594667,-4.592008637500685,0.3965860294993151,0.3965860294993151
3,3,825,243.0,-3.321928,-4.048475233284348,-0.7265472332843479,0.7265472332843479
3,3,826,243.0,-2.321928,-1.4728987717668631,0.8490292282331371,0.8490292282331371
3,3,832,245.0,-1.0,-1.3392037110331145,-0.33920371103311453,0.33920371103311453
3,3,833,245.0,-2.321928,-0.9951838795148336,1.3267441204851667,1.3267441204851667
3,3,834,245.0,-5.321928,-2.7391215400458724,2.5828064599541274,2.5828064599541274
3,3,867,254.0,-0.5,-3.337483610276469,-2.837483610276469,2.837483610276469
3,3,868,254.0,-1.0,-0.6985316458223975,0.30146835417760254,0.30146835417760254
3,3,880,258.0,-5.321928,-1.8416840362536768,3.480243963746323,3.480243963746323
3,3,881,258.0,-5.321928,-5.135661524969929,0.1862664750300711,0.1862664750300711
3,3,882,258.0,-5.321928,-1.4438242988248657,3.8781037011751343,3.8781037011751343
3,3,883,258.0,0.0,-1.3189892017062348,-1.3189892017062348,1.3189892017062348
3,3,897,262.0,0.0,-0.6847408224186957,-0.6847408224186957,0.6847408224186957
3,3,898,262.0,0.0,-1.2664665129818315,-1.2664665129818315,1.2664665129818315
3,3,899,262.0,0.0,0.0012909097144636486,0.0012909097144636486,0.0012909097144636486
3,3,900,262.0,-1.0,-3.1882543164276442,-2.1882543164276442,2.1882543164276442
3,3,916,267.0,-0.333333333,-0.03336882545867981,0.2999645075413202,0.2999645075413202
3,3,917,267.0,0.0,-0.5466445781157488,-0.5466445781157488,0.5466445781157488
3,3,918,267.0,-1.0,-1.1192966485605935,-0.11929664856059352,0.11929664856059352
3,3,924,269.0,-0.25,-2.0281301583851934,-1.7781301583851934,1.7781301583851934
3,3,925,269.0,0.0,-2.998326914087664,-2.998326914087664,2.998326914087664
3,3,926,269.0,0.0,-1.961948692022968,-1.961948692022968,1.961948692022968
3,3,927,269.0,0.0,-3.9093486968200795,-3.9093486968200795,3.9093486968200795
3,3,928,269.0,-0.5,-3.5037760499001527,-3.0037760499001527,3.0037760499001527
3,3,935,272.0,-3.321928,-1.5965858442819234,1.7253421557180768,1.7253421557180768
3,3,936,272.0,-5.321928,-0.9300298275046261,4.391898172495374,4.391898172495374
3,3,937,272.0,-5.321928,-0.14008037652304453,5.181847623476955,5.181847623476955
3,3,942,274.0,0.0,-0.48513447352116834,-0.48513447352116834,0.48513447352116834
3,3,943,274.0,-1.0,-0.5135571219364998,0.4864428780635002,0.4864428780635002
3,3,944,274.0,-3.321928,-1.8035301300478372,1.518397869952163,1.518397869952163
3,3,945,274.0,0.0,-0.32318339888551995,-0.32318339888551995,0.32318339888551995
3,3,946,274.0,0.0,-0.8625533364785384,-0.8625533364785384,0.8625533364785384
3,3,947,274.0,0.0,-0.2922128558358351,-0.2922128558358351,0.2922128558358351
3,3,948,275.0,0.0,0.13343952046053528,0.13343952046053528,0.13343952046053528
3,3,949,275.0,-5.321928,-1.3770207744374783,3.9449072255625213,3.9449072255625213
3,3,950,275.0,-4.321928,-0.9209252779592156,3.401002722040784,3.401002722040784
3,3,951,276.0,-0.5,-1.1337681081110813,-0.6337681081110813,0.6337681081110813
3,4,0,24.0,-1.0,-0.7261406522558271,0.27385934774417287,0.27385934774417287
3,4,1,24.0,-3.321928,-4.844643809967365,-1.5227158099673646,1.5227158099673646
3,4,2,24.0,-0.5,-1.9446345042091289,-1.4446345042091289,1.4446345042091289
3,4,3,24.0,-0.25,-0.9427236081532575,-0.6927236081532575,0.6927236081532575
3,4,18,28.0,-2.101606667,-3.7482197211308006,-1.6466130541308006,1.6466130541308006
3,4,19,28.0,0.0,-0.6007795138438262,-0.6007795138438262,0.6007795138438262
3,4,20,28.0,0.0,-1.5917612345564098,-1.5917612345564098,1.5917612345564098
3,4,46,35.0,-2.321928,-0.636689770511501,1.6852382294884993,1.6852382294884993
3,4,47,35.0,-3.321928,-0.6268848103952591,2.695043189604741,2.695043189604741
3,4,48,35.0,-1.0,-0.9485816137677013,0.05141838623229866,0.05141838623229866
3,4,49,35.0,-2.160964,-1.0451929490285023,1.1157710509714975,1.1157710509714975
3,4,54,37.0,0.0,-1.3947749244760892,-1.3947749244760892,1.3947749244760892
3,4,55,37.0,0.5,-1.8052995738010484,-2.305299573801048,2.305299573801048
3,4,56,37.0,0.333333333,-1.1297641383295558,-1.4630974713295557,1.4630974713295557
3,4,57,37.0,0.0,-1.1101775796036237,-1.1101775796036237,1.1101775796036237
3,4,105,50.0,0.5,-1.0354138293863258,-1.5354138293863258,1.5354138293863258
3,4,106,50.0,0.0,-1.6636323982500836,-1.6636323982500836,1.6636323982500836
3,4,107,50.0,0.0,-1.990285004179131,-1.990285004179131,1.990285004179131
3,4,108,50.0,0.0,-2.5455705209905513,-2.5455705209905513,2.5455705209905513
3,4,165,65.0,-4.321928,-3.146222998815404,1.1757050011845958,1.1757050011845958
3,4,166,65.0,-2.741446,-1.3172444032637056,1.4242015967362942,1.4242015967362942
3,4,167,65.0,-4.321928,-2.075642817285015,2.246285182714985,2.246285182714985
3,4,205,75.0,-5.321928,-1.9167081713072238,3.405219828692776,3.405219828692776
3,4,206,75.0,-1.330482,-1.7074221783117347,-0.37694017831173476,0.37694017831173476
3,4,207,75.0,-5.321928,-0.2381685990454394,5.083759400954561,5.083759400954561
3,4,236,83.0,-2.321928,-3.692323788660369,-1.3703957886603688,1.3703957886603688
3,4,237,83.0,-3.821928,-3.5278724993111257,0.29405550068887454,0.29405550068887454
3,4,238,83.0,-2.321928,-3.2087312226819447,-0.8868032226819444,0.8868032226819444
3,4,239,84.0,-3.321928,-3.703885872661725,-0.381957872661725,0.381957872661725
3,4,240,84.0,0.0,-3.4676679782076945,-3.4676679782076945,3.4676679782076945
3,4,241,84.0,0.0,-0.7756142167452728,-0.7756142167452728,0.7756142167452728
3,4,242,84.0,0.0,-1.8305990780217214,-1.8305990780217214,1.8305990780217214
3,4,243,84.0,0.166666667,-2.532642827484772,-2.6993094944847718,2.6993094944847718
3,4,244,85.0,-1.660964,-3.3277480632400542,-1.6667840632400541,1.6667840632400541
3,4,245,85.0,-0.333333333,-4.039827437731413,-3.7064941047314126,3.7064941047314126
3,4,246,85.0,-0.333333333,-3.6219042248668507,-3.2885708918668506,3.2885708918668506
3,4,247,85.0,-1.881285333,-3.234973736797934,-1.353688403797934,1.353688403797934
3,4,251,87.0,-0.25,0.14083927508459118,0.39083927508459115,0.39083927508459115
3,4,252,87.0,-1.0,-0.02011750908812755,0.9798824909118724,0.9798824909118724
3,4,253,87.0,0.0,0.07178598940842504,0.07178598940842504,0.07178598940842504
3,4,254,87.0,-4.321928,0.26314093117183174,4.585068931171832,4.585068931171832
3,4,255,88.0,-0.25,0.29291231510974497,0.542912315109745,0.542912315109745
3,4,256,88.0,0.0,0.1305276589287606,0.1305276589287606,0.1305276589287606
3,4,257,88.0,-0.4643855999999999,0.031847051873597994,0.4962326518735979,0.4962326518735979
3,4,258,89.0,-1.330482,-0.8049793870683446,0.5255026129316553,0.5255026129316553
3,4,259,89.0,-2.721928,-1.0319372334991543,1.6899907665008458,1.6899907665008458
3,4,260,89.0,-1.0,-0.6406789240500617,0.35932107594993834,0.35932107594993834
3,4,261,89.0,-1.0,-2.2523679925374185,-1.2523679925374185,1.2523679925374185
3,4,285,95.0,-2.321928,-0.7641171644958533,1.557810835504147,1.557810835504147
3,4,286,95.0,-2.821928,-1.3367443510053076,1.4851836489946926,1.4851836489946926
3,4,287,95.0,-5.321928,-1.642838282539222,3.6790897174607777,3.6790897174607777
3,4,363,117.0,0.0,-1.0105977715854173,-1.0105977715854173,1.0105977715854173
3,4,364,117.0,-5.321928,-1.6810474223445353,3.6408805776554645,3.6408805776554645
3,4,365,117.0,0.0,-0.9488744784211385,-0.9488744784211385,0.9488744784211385
3,4,374,121.0,-5.321928,-3.7120865019340514,1.6098414980659483,1.6098414980659483
3,4,375,121.0,-5.321928,-1.9105015282885534,3.4114264717114464,3.4114264717114464
3,4,376,121.0,-2.821928,-2.629637870535438,0.19229012946456203,0.19229012946456203
3,4,377,121.0,-5.321928,-2.9337423745750355,2.3881856254249643,2.3881856254249643
3,4,383,123.0,-4.321928,-2.937937307087681,1.383990692912319,1.383990692912319
3,4,384,123.0,-1.0,-0.35581317170832905,0.644186828291671,0.644186828291671
3,4,385,123.0,-1.0,-0.4973506922957859,0.5026493077042141,0.5026493077042141
3,4,386,123.0,-2.321928,-0.5935537337244174,1.7283742662755828,1.7283742662755828
3,4,387,123.0,-1.045989714,-1.1560453245516351,-0.11005561055163504,0.11005561055163504
3,4,388,124.0,-5.321928,-1.3126217437506704,4.00930625624933,4.00930625624933
3,4,389,124.0,-5.321928,-1.8105379960375059,3.511390003962494,3.511390003962494
3,4,390,124.0,0.0,-0.14356826681563079,-0.14356826681563079,0.14356826681563079
3,4,391,124.0,-0.25,-0.2352027646662087,0.014797235333791292,0.014797235333791292
3,4,392,124.0,-0.5,-0.29489978017076524,0.20510021982923476,0.20510021982923476
3,4,416,130.0,-5.321928,-3.0281448609819397,2.29378313901806,2.29378313901806
3,4,417,130.0,-4.321928,-3.385682279058686,0.9362457209413138,0.9362457209413138
3,4,418,130.0,-3.321928,-2.412457948726708,0.9094700512732921,0.9094700512732921
3,4,419,130.0,-5.321928,-2.241002478415667,3.0809255215843327,3.0809255215843327
3,4,436,136.0,-5.321928,-3.3463766311422596,1.9755513688577402,1.9755513688577402
3,4,437,136.0,-5.321928,-2.80169803954243,2.52022996045757,2.52022996045757
3,4,438,136.0,-5.321928,-3.956427262759908,1.3655007372400916,1.3655007372400916
3,4,477,149.0,0.0,-0.5704228850949935,-0.5704228850949935,0.5704228850949935
3,4,478,149.0,-1.0,-3.3217910692860473,-2.3217910692860473,2.3217910692860473
3,4,479,149.0,-0.428571429,-0.6785629533273256,-0.24999152432732563,0.24999152432732563
3,4,480,149.0,-0.25,-0.587659868477438,-0.337659868477438,0.337659868477438
3,4,481,149.0,-0.5,-0.6519342314772422,-0.15193423147724217,0.15193423147724217
3,4,482,150.0,0.333333333,-0.9331782289831094,-1.2665115619831093,1.2665115619831093
3,4,483,150.0,-1.0,-2.321069588173514,-1.321069588173514,1.321069588173514
3,4,484,150.0,0.0,-1.66856336485436,-1.66856336485436,1.66856336485436
3,4,485,150.0,-1.0,-3.5045316996077744,-2.5045316996077744,2.5045316996077744
3,4,500,154.0,-4.321928,-4.317962142112146,0.003965857887854085,0.003965857887854085
3,4,501,154.0,-3.321928,-2.7165790356595876,0.6053489643404126,0.6053489643404126
3,4,502,154.0,-1.0,-2.9529405427739217,-1.9529405427739217,1.9529405427739217
3,4,567,172.0,0.0,-0.824967542291801,-0.824967542291801,0.824967542291801
3,4,568,172.0,0.0,-0.852299309470522,-0.852299309470522,0.852299309470522
3,4,569,172.0,0.0,-0.29164771374783943,-0.29164771374783943,0.29164771374783943
3,4,570,172.0,-0.125,-0.4418209683800861,-0.3168209683800861,0.3168209683800861
3,4,571,173.0,0.25,-1.200524827355011,-1.450524827355011,1.450524827355011
3,4,572,173.0,0.25,-0.4030093561558905,-0.6530093561558905,0.6530093561558905
3,4,573,173.0,0.333333333,-0.6936504465483905,-1.0269837795483905,1.0269837795483905
3,4,574,173.0,0.0,-1.1130864710489872,-1.1130864710489872,1.1130864710489872
3,4,621,186.0,-0.2,-1.3000140362167423,-1.1000140362167423,1.1000140362167423
3,4,622,186.0,0.0,-0.7476246295507122,-0.7476246295507122,0.7476246295507122
3,4,623,186.0,0.25,-1.6702313381071037,-1.9202313381071037,1.9202313381071037
3,4,624,186.0,0.0,-2.9739346247522627,-2.9739346247522627,2.9739346247522627
3,4,625,186.0,0.0,-2.5657108938923985,-2.5657108938923985,2.5657108938923985
3,4,697,207.0,0.0,-0.21422103507386142,-0.21422103507386142,0.21422103507386142
3,4,698,207.0,-1.0,-0.9388464821463376,0.06115351785366241,0.06115351785366241
3,4,699,207.0,-0.5,-0.5966267926073823,-0.09662679260738227,0.09662679260738227
3,4,700,207.0,0.0,-0.07495263720112559,-0.07495263720112559,0.07495263720112559
3,4,706,210.0,0.0,-0.8500992997355549,-0.8500992997355549,0.8500992997355549
3,4,707,210.0,-0.5,-1.2048119494141176,-0.7048119494141176,0.7048119494141176
3,4,708,211.0,0.0,-0.4289008717001199,-0.4289008717001199,0.4289008717001199
3,4,709,211.0,-1.0,-1.0685460590401934,-0.0685460590401934,0.0685460590401934
3,4,710,211.0,-1.0,-2.1805591187465443,-1.1805591187465443,1.1805591187465443
3,4,711,211.0,-1.0,-0.7436010022122703,0.2563989977877297,0.2563989977877297
3,4,712,212.0,-1.660964,-2.004843533073744,-0.34387953307374386,0.34387953307374386
3,4,713,212.0,-2.988594667,-2.82939261438162,0.15920205261837994,0.15920205261837994
3,4,717,214.0,-1.0,-0.6220263272686222,0.37797367273137783,0.37797367273137783
3,4,718,214.0,-1.0,-0.7905892450550933,0.20941075494490669,0.20941075494490669
3,4,719,214.0,-2.321928,-1.7288161984202246,0.5931118015797756,0.5931118015797756
3,4,720,214.0,-1.0,-0.9978863876322521,0.0021136123677478746,0.0021136123677478746
3,4,721,214.0,-5.071928,-2.854268950747931,2.217659049252069,2.217659049252069
3,4,722,214.0,-0.666666667,-0.48569209638067723,0.18097457061932276,0.18097457061932276
3,4,750,222.0,0.0,-0.7620574346629672,-0.7620574346629672,0.7620574346629672
3,4,751,222.0,0.125,-0.6268701370780855,-0.7518701370780855,0.7518701370780855
3,4,757,224.0,-5.321928,-1.3394588259609639,3.9824691740390357,3.9824691740390357
3,4,758,224.0,-2.160964,-1.2609776958063128,0.8999863041936871,0.8999863041936871
3,4,759,224.0,-1.107309333,-2.2255005902181786,-1.1181912572181787,1.1181912572181787
3,4,777,230.0,-5.321928,-0.3501550908615855,4.971772909138414,4.971772909138414
3,4,778,230.0,-1.0,0.022393301836374058,1.022393301836374,1.022393301836374
3,4,779,230.0,-5.321928,-1.3774515058335164,3.9444764941664836,3.9444764941664836
3,4,780,230.0,-1.991446,-0.8506776488666559,1.1407683511333442,1.1407683511333442
3,4,781,230.0,-5.321928,-2.5287921012396084,2.7931358987603914,2.7931358987603914
3,4,820,242.0,-0.666666667,-1.2412628454550516,-0.5745961784550516,0.5745961784550516
3,4,821,242.0,-5.321928,-0.9948343474308549,4.327093652569145,4.327093652569145
3,4,822,242.0,-1.0643856000000005,-0.03667683641733202,1.0277087635826685,1.0277087635826685
3,4,823,242.0,-0.5,0.03134809687538098,0.531348096875381,0.531348096875381
3,4,827,244.0,-3.821928,-0.8809694759812298,2.9409585240187703,2.9409585240187703
3,4,828,244.0,0.0,-0.28834103212428014,-0.28834103212428014,0.28834103212428014
3,4,829,244.0,-5.321928,-3.4052433134481426,1.9166846865518572,1.9166846865518572
3,4,830,244.0,-1.220321333,-2.928315432406064,-1.7079940994060638,1.7079940994060638
3,4,831,244.0,0.25,-0.19871486295754445,-0.4487148629575445,0.4487148629575445
3,4,855,251.0,0.0,-3.0767952328614294,-3.0767952328614294,3.0767952328614294
3,4,856,251.0,-3.321928,-1.9644169135754368,1.3575110864245634,1.3575110864245634
3,4,857,251.0,-1.0,-3.3883657843475214,-2.3883657843475214,2.3883657843475214
3,4,858,252.0,0.333333333,-1.8909594839635457,-2.224292816963546,2.224292816963546
3,4,859,252.0,-1.0,-2.6926229032807694,-1.6926229032807694,1.6926229032807694
3,4,860,252.0,0.0,-1.4591422673354926,-1.4591422673354926,1.4591422673354926
3,4,861,252.0,0.0,-1.5027577173538076,-1.5027577173538076,1.5027577173538076
3,4,862,252.0,-0.428571429,-1.5607561578084423,-1.1321847288084423,1.1321847288084423
3,4,872,256.0,0.0,-0.24310688381704498,-0.24310688381704498,0.24310688381704498
3,4,873,256.0,-4.321928,-1.8679608568794888,2.453967143120511,2.453967143120511
3,4,874,256.0,-5.321928,-2.465191471837594,2.856736528162406,2.856736528162406
3,4,875,256.0,0.0,-0.40283109387595084,-0.40283109387595084,0.40283109387595084
3,4,892,261.0,0.0,-0.309132887652368,-0.309132887652368,0.309132887652368
3,4,893,261.0,0.0,-0.5583402965600841,-0.5583402965600841,0.5583402965600841
3,4,894,261.0,0.181818182,-0.6207786672874023,-0.8025968492874023,0.8025968492874023
3,4,895,261.0,-5.321928,-2.8311674591354765,2.4907605408645233,2.4907605408645233
3,4,896,261.0,-4.988594667,-2.2808798745770775,2.7077147924229226,2.7077147924229226
3,4,929,270.0,-0.5,-2.195791357573985,-1.695791357573985,1.695791357573985
3,4,930,270.0,0.0,-1.9216588498656657,-1.9216588498656657,1.9216588498656657
3,4,931,270.0,-0.25,-1.5921504912566191,-1.3421504912566191,1.3421504912566191
3,4,932,270.0,-0.5,-1.954491211850504,-1.454491211850504,1.454491211850504
3,4,986,286.0,-5.250499429,-0.3622529205875513,4.888246508412449,4.888246508412449
3,4,987,286.0,-5.321928,-0.2832450436089082,5.038682956391091,5.038682956391091
3,4,988,286.0,-2.321928,-0.3437019756684297,1.9782260243315706,1.9782260243315706
3,5,12,27.0,0.0,-0.3604730150821153,-0.3604730150821153,0.3604730150821153
3,5,13,27.0,-1.0,-0.15154522250313635,0.8484547774968636,0.8484547774968636
3,5,14,27.0,-2.321928,-1.3176743581062262,1.004253641893774,1.004253641893774
3,5,15,27.0,-2.321928,-2.3054626627310686,0.016465337268931624,0.016465337268931624
3,5,16,27.0,-1.0,-0.15664498880369054,0.8433550111963095,0.8433550111963095
3,5,17,27.0,-2.321928,-2.4730046157547982,-0.15107661575479803,0.15107661575479803
3,5,21,29.0,0.0,-0.37071316514853725,-0.37071316514853725,0.37071316514853725
3,5,22,29.0,-0.5,-4.652642189712454,-4.152642189712454,4.152642189712454
3,5,31,32.0,0.0,-0.4697868908025092,-0.4697868908025092,0.4697868908025092
3,5,32,32.0,-0.5,-0.26413872182854,0.23586127817146002,0.23586127817146002
3,5,33,32.0,0.0,-0.11359098013638924,-0.11359098013638924,0.11359098013638924
3,5,34,32.0,-0.333333333,-0.21539726784660387,0.11793606515339614,0.11793606515339614
3,5,35,32.0,0.0,-0.26994296290518444,-0.26994296290518444,0.26994296290518444
3,5,36,32.0,0.0,-0.08901006358317158,-0.08901006358317158,0.08901006358317158
3,5,135,58.0,-0.25,-1.5469708052607263,-1.2969708052607263,1.2969708052607263
3,5,136,58.0,-1.0,-1.4117931651523836,-0.4117931651523836,0.4117931651523836
3,5,137,58.0,0.0,-1.332038746523765,-1.332038746523765,1.332038746523765
3,5,138,58.0,0.0,-2.851414832245008,-2.851414832245008,2.851414832245008
3,5,139,58.0,0.0,-1.3387281113840173,-1.3387281113840173,1.3387281113840173
3,5,157,63.0,-1.607309333,-2.7134706967259783,-1.1061613637259784,1.1061613637259784
3,5,158,63.0,0.0,-2.885930761522072,-2.885930761522072,2.885930761522072
3,5,174,67.0,-1.0,-0.3469325516235668,0.6530674483764332,0.6530674483764332
3,5,175,67.0,-0.5,-0.6500683278168432,-0.1500683278168432,0.1500683278168432
3,5,176,67.0,-2.321928,0.07294969399186851,2.3948776939918686,2.3948776939918686
3,5,177,67.0,-5.321928,-2.8993469515038695,2.4225810484961303,2.4225810484961303
3,5,178,67.0,-0.666666667,-0.12731999109869113,0.5393466759013088,0.5393466759013088
3,5,192,71.0,-5.321928,0.03131246915205429,5.353240469152054,5.353240469152054
3,5,193,71.0,-5.321928,-0.1087691508592584,5.213158849140742,5.213158849140742
3,5,194,71.0,-4.821928,0.16687168650393838,4.988799686503938,4.988799686503938
3,5,195,71.0,-5.321928,0.02243905922824265,5.344367059228243,5.344367059228243
3,5,196,72.0,0.0,-0.5142675145613379,-0.5142675145613379,0.5142675145613379
3,5,197,72.0,-3.321928,-4.142033881047112,-0.820105881047112,0.820105881047112
3,5,198,72.0,-5.321928,-3.5324501302165188,1.789477869783481,1.789477869783481
3,5,199,72.0,0.0,-1.7749019329027438,-1.7749019329027438,1.7749019329027438
3,5,226,81.0,0.0,-1.0532043000747988,-1.0532043000747988,1.0532043000747988
3,5,227,81.0,0.0,-1.1759692719750892,-1.1759692719750892,1.1759692719750892
3,5,228,81.0,-4.321928,-2.5385542274870256,1.7833737725129741,1.7833737725129741
3,5,229,81.0,-0.610160667,-0.16678645400203512,0.4433742129979649,0.4433742129979649
3,5,230,81.0,-1.5287712,-1.4178358888814502,0.11093531111854982,0.11093531111854982
3,5,248,86.0,-1.0,-1.5622497328964617,-0.5622497328964617,0.5622497328964617
3,5,249,86.0,0.0,-1.24675293183884,-1.24675293183884,1.24675293183884
3,5,250,86.0,0.5,-1.4096611054155481,-1.9096611054155481,1.9096611054155481
3,5,304,101.0,-1.0,-2.4423002043157447,-1.4423002043157447,1.4423002043157447
3,5,305,101.0,-5.321928,-2.3582187442518547,2.963709255748145,2.963709255748145
3,5,306,101.0,-0.5,-0.1728093663160627,0.3271906336839373,0.3271906336839373
3,5,307,101.0,-0.833333333,-0.10233229287720362,0.7310010401227964,0.7310010401227964
3,5,345,112.0,0.0,-0.14562344207055303,-0.14562344207055303,0.14562344207055303
3,5,346,112.0,0.0,-1.5642700773928746,-1.5642700773928746,1.5642700773928746
3,5,347,112.0,0.0,-0.1350574157062282,-0.1350574157062282,0.1350574157062282
3,5,348,113.0,-0.2,-0.04621177821920241,0.1537882217807976,0.1537882217807976
3,5,349,113.0,0.0,-0.8059495812646111,-0.8059495812646111,0.8059495812646111
3,5,350,113.0,-0.333333333,-0.9223300321367648,-0.5889966991367648,0.5889966991367648
3,5,355,115.0,-1.0,-0.05767949412003856,0.9423205058799614,0.9423205058799614
3,5,356,115.0,-2.988594667,-1.7253332220525794,1.2632614449474207,1.2632614449474207
3,5,357,115.0,-1.0,0.08978025934344759,1.0897802593434476,1.0897802593434476
3,5,358,115.0,-1.0,-0.2899314206905718,0.7100685793094281,0.7100685793094281
3,5,378,122.0,0.0,-3.1794370559179357,-3.1794370559179357,3.1794370559179357
3,5,379,122.0,-0.25,-1.797211666704888,-1.547211666704888,1.547211666704888
3,5,380,122.0,0.0,-2.1967290459053674,-2.1967290459053674,2.1967290459053674
3,5,381,122.0,0.0,-1.0114714442261898,-1.0114714442261898,1.0114714442261898
3,5,382,122.0,-0.666666667,-1.903287413361712,-1.2366207463617118,1.2366207463617118
3,5,398,126.0,-2.321928,-1.7498460404503735,0.5720819595496267,0.5720819595496267
3,5,399,126.0,-0.333333333,-1.53554184248125,-1.2022085094812498,1.2022085094812498
3,5,400,126.0,-0.333333333,-1.8067003696365531,-1.473367036636553,1.473367036636553
3,5,401,126.0,-4.321928,-1.953406626067622,2.368521373932378,2.368521373932378
3,5,402,126.0,-0.75,-0.6151237928693913,0.13487620713060866,0.13487620713060866
3,5,403,127.0,0.5,-0.27176539385379855,-0.7717653938537985,0.7717653938537985
3,5,404,127.0,-0.5,-0.6498266725240638,-0.1498266725240638,0.1498266725240638
3,5,405,127.0,0.0,-1.7062377891807379,-1.7062377891807379,1.7062377891807379
3,5,406,127.0,0.0,-0.014457441765961941,-0.014457441765961941,0.014457441765961941
3,5,407,127.0,-0.333333333,-1.6001278036743232,-1.266794470674323,1.266794470674323
3,5,408,127.0,0.0,-0.14610628226292344,-0.14610628226292344,0.14610628226292344
3,5,409,128.0,-5.321928,-0.7271034464183533,4.594824553581646,4.594824553581646
3,5,410,128.0,-3.160964,-1.3721436242108476,1.7888203757891523,1.7888203757891523
3,5,411,128.0,-5.321928,-0.46836858981979385,4.853559410180206,4.853559410180206
3,5,412,128.0,-5.321928,-0.7763004835954448,4.545627516404555,4.545627516404555
3,5,413,129.0,-5.321928,-0.6549025815013815,4.667025418498619,4.667025418498619
3,5,414,129.0,-5.321928,-0.8989333584756268,4.422994641524373,4.422994641524373
3,5,415,129.0,-5.321928,-0.41699285372066114,4.904935146279339,4.904935146279339
3,5,439,137.0,0.0,-0.1966872801217724,-0.1966872801217724,0.1966872801217724
3,5,440,137.0,-5.321928,-3.533183791637641,1.7887442083623588,1.7887442083623588
3,5,441,137.0,-2.488594667,-2.879454642684906,-0.39085997568490605,0.39085997568490605
3,5,442,137.0,-5.321928,-4.628791416442802,0.6931365835571981,0.6931365835571981
3,5,466,145.0,0.0,-0.5939106636876003,-0.5939106636876003,0.5939106636876003
3,5,467,145.0,0.0,-0.5039572783033835,-0.5039572783033835,0.5039572783033835
3,5,468,145.0,-1.0,-0.10310043238620585,0.8968995676137942,0.8968995676137942
3,5,469,145.0,0.2,-0.5798363685128862,-0.7798363685128862,0.7798363685128862
3,5,470,146.0,-5.321928,-3.044039344158008,2.2778886558419917,2.2778886558419917
3,5,471,146.0,-3.321928,-1.532192023525821,1.7897359764741791,1.7897359764741791
3,5,486,151.0,-0.5,-0.30597046094544245,0.19402953905455755,0.19402953905455755
3,5,487,151.0,0.0,0.2677487706115381,0.2677487706115381,0.2677487706115381
3,5,488,151.0,0.0,0.029238729397177695,0.029238729397177695,0.029238729397177695
3,5,489,151.0,0.0,0.13649067261718256,0.13649067261718256,0.13649067261718256
3,5,503,155.0,-2.321928,-0.2765186817008525,2.0454093182991477,2.0454093182991477
3,5,504,155.0,-2.321928,-0.4826878329115462,1.839240167088454,1.839240167088454
3,5,505,155.0,-5.321928,-0.48591902846834284,4.8360089715316565,4.8360089715316565
3,5,506,155.0,-5.321928,-0.7353406031173708,4.586587396882629,4.586587396882629
3,5,525,161.0,-1.991446,-1.8443539577360932,0.14709204226390682,0.14709204226390682
3,5,526,161.0,-0.666666667,-1.4722391552899168,-0.8055724882899168,0.8055724882899168
3,5,527,161.0,-4.655261333,-2.1671816971399127,2.4880796358600876,2.4880796358600876
3,5,528,161.0,-0.5,-1.1666503711703986,-0.6666503711703986,0.6666503711703986
3,5,550,168.0,-5.321928,-1.000306735231144,4.321621264768856,4.321621264768856
3,5,551,168.0,-4.821928,-1.2992529015867593,3.5226750984132407,3.5226750984132407
3,5,552,168.0,-3.321928,-0.17068947948774837,3.1512385205122517,3.1512385205122517
3,5,553,168.0,-1.0,-0.5796151121576227,0.42038488784237726,0.42038488784237726
3,5,554,168.0,-5.321928,-0.599863631157539,4.722064368842461,4.722064368842461
3,5,588,178.0,-3.321928,-0.47635115036535725,2.845576849634643,2.845576849634643
3,5,589,178.0,-3.121928,-1.3996449413320384,1.7222830586679616,1.7222830586679616
3,5,590,178.0,0.0,-0.26823828413064665,-0.26823828413064665,0.26823828413064665
3,5,591,178.0,-5.321928,-1.486528699318881,3.835399300681119,3.835399300681119
3,5,592,178.0,-3.321928,-0.9733429650831372,2.348585034916863,2.348585034916863
3,5,593,179.0,0.0,0.26252246922569794,0.26252246922569794,0.26252246922569794
3,5,594,179.0,-5.321928,-1.1195607376069847,4.202367262393015,4.202367262393015
3,5,595,179.0,-2.988594667,-0.04941460829307687,2.9391800587069232,2.9391800587069232
3,5,596,179.0,-5.321928,0.08315058162648044,5.40507858162648,5.40507858162648
3,5,597,179.0,-5.321928,-0.37402310030885866,4.9479048996911414,4.9479048996911414
3,5,598,179.0,-5.321928,-0.3258719745885923,4.9960560254114075,4.9960560254114075
3,5,643,192.0,0.0,-1.841006499075032,-1.841006499075032,1.841006499075032
3,5,644,192.0,-2.321928,-2.3459851785584234,-0.024057178558423153,0.024057178558423153
3,5,645,192.0,0.0,-0.859698295006316,-0.859698295006316,0.859698295006316
3,5,661,197.0,-2.6552613330000003,-4.595202443991089,-1.9399411109910885,1.9399411109910885
3,5,662,197.0,-1.944234286,-3.125368831074607,-1.181134545074607,1.181134545074607
3,5,663,197.0,-2.321928,-1.0517509901360746,1.2701770098639256,1.2701770098639256
3,5,680,202.0,-4.321928,-0.6588779460600618,3.663050053939938,3.663050053939938
3,5,681,202.0,0.2,-0.6875654014325523,-0.8875654014325522,0.8875654014325522
3,5,682,202.0,-1.440642667,-1.6513619007863802,-0.21071923378638013,0.21071923378638013
3,5,683,203.0,0.0,-0.4204907359441839,-0.4204907359441839,0.4204907359441839
3,5,684,203.0,0.166666667,0.26029180942853675,0.09362514242853676,0.09362514242853676
3,5,685,203.0,0.0,-0.021084954206513244,-0.021084954206513244,0.021084954206513244
3,5,686,203.0,-1.160964,-0.20691154925551195,0.9540524507444882,0.9540524507444882
3,5,687,204.0,0.0,-1.309664294579711,-1.309664294579711,1.309664294579711
3,5,688,204.0,-0.666666667,-0.427188678089775,0.23947798891022498,0.23947798891022498
3,5,689,204.0,-0.4,-0.3030469899641223,0.0969530100358777,0.0969530100358777
3,5,692,206.0,0.0,-0.14618252954206268,-0.14618252954206268,0.14618252954206268
3,5,693,206.0,-1.0,-3.4334282377368837,-2.4334282377368837,2.4334282377368837
3,5,694,206.0,-0.333333333,-0.32566943964876566,0.007663893351234352,0.007663893351234352
3,5,695,206.0,0.0,-0.4854807811163213,-0.4854807811163213,0.4854807811163213
3,5,696,206.0,0.0,-4.613566886829794,-4.613566886829794,4.613566886829794
3,5,703,209.0,-5.321928,-0.3131478702005226,5.008780129799478,5.008780129799478
3,5,704,209.0,0.0,-0.10770173912024114,-0.10770173912024114,0.10770173912024114
3,5,705,209.0,-5.321928,-0.10261602248246866,5.219311977517531,5.219311977517531
3,5,714,213.0,0.0,-0.7789501975420291,-0.7789501975420291,0.7789501975420291
3,5,715,213.0,0.0,-0.40114300123104113,-0.40114300123104113,0.40114300123104113
3,5,716,213.0,-0.5,-0.96072646303915,-0.46072646303915,0.46072646303915
3,5,723,215.0,-3.321928,-1.5277573160868196,1.7941706839131806,1.7941706839131806
3,5,724,215.0,-1.660964,-0.38327798671993274,1.2776860132800674,1.2776860132800674
3,5,725,215.0,-3.321928,-0.7492410604386682,2.572686939561332,2.572686939561332
3,5,765,226.0,0.0,-4.950720386685021,-4.950720386685021,4.950720386685021
3,5,766,226.0,0.0,-2.2496948444768057,-2.2496948444768057,2.2496948444768057
3,5,835,246.0,0.0,-0.2636942608874204,-0.2636942608874204,0.2636942608874204
3,5,836,246.0,0.0,-0.2085175476345657,-0.2085175476345657,0.2085175476345657
3,5,837,246.0,0.0,-0.349016837386771,-0.349016837386771,0.349016837386771
3,5,884,259.0,-1.0,-0.7430092666868312,0.2569907333131688,0.2569907333131688
3,5,885,259.0,-1.0,-0.23637530125651193,0.763624698743488,0.763624698743488
3,5,886,259.0,-3.321928,-3.6784639597407836,-0.35653595974078334,0.35653595974078334
3,5,903,264.0,-2.821928,-2.4295831039506885,0.39234489604931166,0.39234489604931166
3,5,904,264.0,-0.75,-0.5131673083005422,0.23683269169945775,0.23683269169945775
3,5,905,264.0,-1.0,-1.192448543390101,-0.1924485433901011,0.1924485433901011
3,5,906,264.0,0.0,-0.46831270713056405,-0.46831270713056405,0.46831270713056405
3,5,907,264.0,-2.521928,-2.4201428232205737,0.10178517677942622,0.10178517677942622
3,5,964,280.0,0.0,-0.08709461912412905,-0.08709461912412905,0.08709461912412905
3,5,965,280.0,0.0,-0.21424681396973155,-0.21424681396973155,0.21424681396973155
3,5,966,280.0,-0.166666667,-0.3355583775231777,-0.1688917105231777,0.1688917105231777
