experiment,model,weighting,target_transform,position,actual,predicted,error,absolute_error
Random Forest Baseline,Random Forest,baseline,none,30.0,-0.386988,-1.000604654798212,-0.6136166547982119,0.6136166547982119
Random Forest Baseline,Random Forest,baseline,none,30.0,-1.0,-0.8426819714961683,0.1573180285038317,0.1573180285038317
Random Forest Baseline,Random Forest,baseline,none,30.0,-2.321928,-1.0059024039139204,1.3160255960860798,1.3160255960860798
Random Forest Baseline,Random Forest,baseline,none,30.0,1.0,-0.9412969295385646,-1.9412969295385647,1.9412969295385647
Random Forest Baseline,Random Forest,baseline,none,30.0,0.0,-1.2062922995357268,-1.2062922995357268,1.2062922995357268
Random Forest Baseline,Random Forest,baseline,none,33.0,0.0,-2.1182101049307134,-2.1182101049307134,2.1182101049307134
Random Forest Baseline,Random Forest,baseline,none,33.0,-1.0,-1.8945647024599204,-0.8945647024599204,0.8945647024599204
Random Forest Baseline,Random Forest,baseline,none,33.0,-1.0,-1.7298020423506726,-0.7298020423506726,0.7298020423506726
Random Forest Baseline,Random Forest,baseline,none,33.0,0.0,-1.38183612626379,-1.38183612626379,1.38183612626379
Random Forest Baseline,Random Forest,baseline,none,34.0,-1.0643856000000005,-0.936403842518654,0.12798175748134644,0.12798175748134644
Random Forest Baseline,Random Forest,baseline,none,34.0,0.0,-1.1369234712490226,-1.1369234712490226,1.1369234712490226
Random Forest Baseline,Random Forest,baseline,none,34.0,-5.321928,-2.561905861871862,2.7600221381281376,2.7600221381281376
Random Forest Baseline,Random Forest,baseline,none,34.0,-1.0,-0.8444259139818241,0.1555740860181759,0.1555740860181759
Random Forest Baseline,Random Forest,baseline,none,34.0,-4.821928,-2.5952363404794383,2.2266916595205615,2.2266916595205615
Random Forest Baseline,Random Forest,baseline,none,39.0,1.0,-1.0945989821718312,-2.0945989821718314,2.0945989821718314
Random Forest Baseline,Random Forest,baseline,none,39.0,-0.5,-2.0391711524963974,-1.5391711524963974,1.5391711524963974
Random Forest Baseline,Random Forest,baseline,none,39.0,0.0,-3.3268421120469727,-3.3268421120469727,3.3268421120469727
Random Forest Baseline,Random Forest,baseline,none,39.0,0.0,-3.2411219224622996,-3.2411219224622996,3.2411219224622996
Random Forest Baseline,Random Forest,baseline,none,39.0,0.0,-1.0473765220596982,-1.0473765220596982,1.0473765220596982
Random Forest Baseline,Random Forest,baseline,none,42.0,-1.0,-0.9861243788869206,0.013875621113079384,0.013875621113079384
Random Forest Baseline,Random Forest,baseline,none,42.0,0.25,-0.5986966530665014,-0.8486966530665014,0.8486966530665014
Random Forest Baseline,Random Forest,baseline,none,42.0,-5.321928,-2.3745443208091515,2.9473836791908483,2.9473836791908483
Random Forest Baseline,Random Forest,baseline,none,42.0,-5.321928,-2.889028977367529,2.432899022632471,2.432899022632471
Random Forest Baseline,Random Forest,baseline,none,43.0,-0.666666667,-1.1799173404800913,-0.5132506734800913,0.5132506734800913
Random Forest Baseline,Random Forest,baseline,none,43.0,-3.321928,-1.7896937794323549,1.5322342205676454,1.5322342205676454
Random Forest Baseline,Random Forest,baseline,none,43.0,-5.321928,-3.2771365478154855,2.0447914521845143,2.0447914521845143
Random Forest Baseline,Random Forest,baseline,none,43.0,-1.0,-1.0919271321721744,-0.09192713217217441,0.09192713217217441
Random Forest Baseline,Random Forest,baseline,none,48.0,0.0,-1.6594907297389696,-1.6594907297389696,1.6594907297389696
Random Forest Baseline,Random Forest,baseline,none,48.0,-1.0,-2.0345191188320486,-1.0345191188320486,1.0345191188320486
Random Forest Baseline,Random Forest,baseline,none,48.0,-1.0,-1.712968221188438,-0.7129682211884381,0.7129682211884381
Random Forest Baseline,Random Forest,baseline,none,48.0,-1.991446,-2.212402473960881,-0.22095647396088114,0.22095647396088114
Random Forest Baseline,Random Forest,baseline,none,49.0,0.0,-0.448949526056755,-0.448949526056755,0.448949526056755
Random Forest Baseline,Random Forest,baseline,none,49.0,-2.321928,-2.2064170473323177,0.11551095266768252,0.11551095266768252
Random Forest Baseline,Random Forest,baseline,none,49.0,0.0,-0.7341270308595584,-0.7341270308595584,0.7341270308595584
Random Forest Baseline,Random Forest,baseline,none,49.0,-2.321928,-3.362620121196724,-1.0406921211967237,1.0406921211967237
Random Forest Baseline,Random Forest,baseline,none,49.0,-3.321928,-2.597956212793887,0.7239717872061133,0.7239717872061133
Random Forest Baseline,Random Forest,baseline,none,54.0,0.0,-0.7879531773440368,-0.7879531773440368,0.7879531773440368
Random Forest Baseline,Random Forest,baseline,none,54.0,-1.370723,-3.573007556654146,-2.202284556654146,2.202284556654146
Random Forest Baseline,Random Forest,baseline,none,54.0,0.25,-2.5036949282354866,-2.7536949282354866,2.7536949282354866
Random Forest Baseline,Random Forest,baseline,none,54.0,0.333333333,-0.42095225041255036,-0.7542855834125504,0.7542855834125504
Random Forest Baseline,Random Forest,baseline,none,57.0,0.0,-1.8854488783528542,-1.8854488783528542,1.8854488783528542
Random Forest Baseline,Random Forest,baseline,none,57.0,0.0,-1.8780951847090492,-1.8780951847090492,1.8780951847090492
Random Forest Baseline,Random Forest,baseline,none,57.0,0.0,-1.2623510591444913,-1.2623510591444913,1.2623510591444913
Random Forest Baseline,Random Forest,baseline,none,57.0,0.0,-2.0853409573817103,-2.0853409573817103,2.0853409573817103
Random Forest Baseline,Random Forest,baseline,none,69.0,-5.321928,-2.5748211143699846,2.747106885630015,2.747106885630015
Random Forest Baseline,Random Forest,baseline,none,69.0,-2.821928,-1.8549034539509224,0.9670245460490778,0.9670245460490778
Random Forest Baseline,Random Forest,baseline,none,69.0,-4.321928,-1.3156835121603176,3.006244487839682,3.006244487839682
Random Forest Baseline,Random Forest,baseline,none,69.0,-1.214618667,-0.8211073817283296,0.39351128527167045,0.39351128527167045
Random Forest Baseline,Random Forest,baseline,none,70.0,-1.0,-0.6866029083945755,0.3133970916054245,0.3133970916054245
Random Forest Baseline,Random Forest,baseline,none,70.0,-1.5287712,-0.686116202342945,0.842654997657055,0.842654997657055
Random Forest Baseline,Random Forest,baseline,none,70.0,0.0,-2.0014374307501797,-2.0014374307501797,2.0014374307501797
Random Forest Baseline,Random Forest,baseline,none,70.0,-4.321928,-1.6403574669356409,2.6815705330643587,2.6815705330643587
Random Forest Baseline,Random Forest,baseline,none,70.0,-0.666666667,-0.7823802005003044,-0.11571353350030444,0.11571353350030444
Random Forest Baseline,Random Forest,baseline,none,90.0,0.0,-1.1222070467492573,-1.1222070467492573,1.1222070467492573
Random Forest Baseline,Random Forest,baseline,none,90.0,-1.7739759999999998,-2.105033752764772,-0.33105775276477223,0.33105775276477223
Random Forest Baseline,Random Forest,baseline,none,90.0,0.0,-2.4781849214464855,-2.4781849214464855,2.4781849214464855
Random Forest Baseline,Random Forest,baseline,none,90.0,-0.4,-1.0539465393816496,-0.6539465393816496,0.6539465393816496
Random Forest Baseline,Random Forest,baseline,none,90.0,0.333333333,-3.009690051871613,-3.3430233848716133,3.3430233848716133
Random Forest Baseline,Random Forest,baseline,none,91.0,-3.321928,-1.6553502071100725,1.6665777928899277,1.6665777928899277
Random Forest Baseline,Random Forest,baseline,none,91.0,0.0,-0.6518303735244135,-0.6518303735244135,0.6518303735244135
Random Forest Baseline,Random Forest,baseline,none,91.0,-2.321928,-1.392904803072943,0.9290231969270573,0.9290231969270573
Random Forest Baseline,Random Forest,baseline,none,91.0,-1.0,-1.0709840628907568,-0.07098406289075676,0.07098406289075676
Random Forest Baseline,Random Forest,baseline,none,92.0,-1.0,-1.6421887911175073,-0.6421887911175073,0.6421887911175073
Random Forest Baseline,Random Forest,baseline,none,92.0,-2.321928,-1.0205506029442275,1.3013773970557727,1.3013773970557727
Random Forest Baseline,Random Forest,baseline,none,92.0,-0.428571429,-0.6076993025156034,-0.17912787351560344,0.17912787351560344
Random Forest Baseline,Random Forest,baseline,none,92.0,0.2,-1.3528284990317196,-1.5528284990317196,1.5528284990317196
Random Forest Baseline,Random Forest,baseline,none,92.0,-1.0,-1.0713346551208274,-0.07133465512082737,0.07133465512082737
Random Forest Baseline,Random Forest,baseline,none,97.0,-1.107309333,-1.2319421162048212,-0.1246327832048213,0.1246327832048213
Random Forest Baseline,Random Forest,baseline,none,97.0,0.0,-0.8426642047887575,-0.8426642047887575,0.8426642047887575
Random Forest Baseline,Random Forest,baseline,none,97.0,0.25,-0.7939106101548358,-1.0439106101548359,1.0439106101548359
Random Forest Baseline,Random Forest,baseline,none,97.0,0.0,-2.1986055793011734,-2.1986055793011734,2.1986055793011734
Random Forest Baseline,Random Forest,baseline,none,99.0,-0.5,-2.197419584135541,-1.6974195841355408,1.6974195841355408
Random Forest Baseline,Random Forest,baseline,none,99.0,0.0,-1.8160170562934141,-1.8160170562934141,1.8160170562934141
Random Forest Baseline,Random Forest,baseline,none,99.0,-2.321928,-2.2549544630166163,0.06697353698338393,0.06697353698338393
Random Forest Baseline,Random Forest,baseline,none,99.0,0.0,-1.4165135927866945,-1.4165135927866945,1.4165135927866945
Random Forest Baseline,Random Forest,baseline,none,102.0,-0.5,-1.059368809562039,-0.559368809562039,0.559368809562039
Random Forest Baseline,Random Forest,baseline,none,102.0,0.333333333,-0.8391569977066,-1.1724903307066001,1.1724903307066001
Random Forest Baseline,Random Forest,baseline,none,102.0,-0.666666667,-0.9237447120759157,-0.2570780450759157,0.2570780450759157
Random Forest Baseline,Random Forest,baseline,none,102.0,0.0,-0.650825620291095,-0.650825620291095,0.650825620291095
Random Forest Baseline,Random Forest,baseline,none,103.0,-0.666666667,-2.7884944565727126,-2.1218277895727127,2.1218277895727127
Random Forest Baseline,Random Forest,baseline,none,110.0,0.0,-1.6997074434671284,-1.6997074434671284,1.6997074434671284
Random Forest Baseline,Random Forest,baseline,none,110.0,-0.5,-0.8868136880207944,-0.3868136880207944,0.3868136880207944
Random Forest Baseline,Random Forest,baseline,none,110.0,-1.0,-1.0783060111980722,-0.07830601119807223,0.07830601119807223
Random Forest Baseline,Random Forest,baseline,none,110.0,-2.321928,-1.3886361833837964,0.9332918166162039,0.9332918166162039
Random Forest Baseline,Random Forest,baseline,none,120.0,-2.321928,-0.6254392818045067,1.6964887181954935,1.6964887181954935
Random Forest Baseline,Random Forest,baseline,none,120.0,-3.821928,-2.5620082107199624,1.2599197892800378,1.2599197892800378
Random Forest Baseline,Random Forest,baseline,none,125.0,0.0,-0.6947035200481797,-0.6947035200481797,0.6947035200481797
Random Forest Baseline,Random Forest,baseline,none,125.0,0.0,-0.650296886897594,-0.650296886897594,0.650296886897594
Random Forest Baseline,Random Forest,baseline,none,125.0,0.0,-0.8611112364161236,-0.8611112364161236,0.8611112364161236
Random Forest Baseline,Random Forest,baseline,none,125.0,-5.321928,-3.535662755600394,1.7862652443996057,1.7862652443996057
Random Forest Baseline,Random Forest,baseline,none,125.0,-2.321928,-2.5389878455786556,-0.21705984557865543,0.21705984557865543
Random Forest Baseline,Random Forest,baseline,none,133.0,-3.821928,-0.7915134985004887,3.0304145014995116,3.0304145014995116
Random Forest Baseline,Random Forest,baseline,none,133.0,0.0,-0.8615635636349729,-0.8615635636349729,0.8615635636349729
Random Forest Baseline,Random Forest,baseline,none,135.0,-3.321928,-2.4253437921610024,0.8965842078389978,0.8965842078389978
Random Forest Baseline,Random Forest,baseline,none,135.0,0.0,-0.5314035442515377,-0.5314035442515377,0.5314035442515377
Random Forest Baseline,Random Forest,baseline,none,135.0,-2.321928,-1.2629748372180456,1.0589531627819546,1.0589531627819546
Random Forest Baseline,Random Forest,baseline,none,138.0,0.0,-1.1875121410644374,-1.1875121410644374,1.1875121410644374
Random Forest Baseline,Random Forest,baseline,none,138.0,0.0,-1.4846803427774606,-1.4846803427774606,1.4846803427774606
Random Forest Baseline,Random Forest,baseline,none,138.0,0.0,-2.715586476686796,-2.715586476686796,2.715586476686796
Random Forest Baseline,Random Forest,baseline,none,138.0,0.0,-2.7974345391186186,-2.7974345391186186,2.7974345391186186
Random Forest Baseline,Random Forest,baseline,none,139.0,0.333333333,-0.6097758740470174,-0.9431092070470174,0.9431092070470174
Random Forest Baseline,Random Forest,baseline,none,139.0,-0.5,-0.6911163527753987,-0.19111635277539873,0.19111635277539873
Random Forest Baseline,Random Forest,baseline,none,139.0,0.0,-0.5924820620294968,-0.5924820620294968,0.5924820620294968
Random Forest Baseline,Random Forest,baseline,none,141.0,-1.0,-3.098837413694285,-2.098837413694285,2.098837413694285
Random Forest Baseline,Random Forest,baseline,none,141.0,-0.666666667,-2.9488234927300208,-2.282156825730021,2.282156825730021
Random Forest Baseline,Random Forest,baseline,none,144.0,0.0,-0.46889747863031067,-0.46889747863031067,0.46889747863031067
Random Forest Baseline,Random Forest,baseline,none,144.0,0.0,-0.5483481878222876,-0.5483481878222876,0.5483481878222876
Random Forest Baseline,Random Forest,baseline,none,144.0,-1.107309333,-0.5027159810797466,0.6045933519202533,0.6045933519202533
Random Forest Baseline,Random Forest,baseline,none,156.0,-0.5,-1.0194510215358827,-0.5194510215358827,0.5194510215358827
Random Forest Baseline,Random Forest,baseline,none,156.0,0.25,-0.9122089792600692,-1.1622089792600692,1.1622089792600692
Random Forest Baseline,Random Forest,baseline,none,156.0,1.0,-2.726873091854999,-3.726873091854999,3.726873091854999
Random Forest Baseline,Random Forest,baseline,none,160.0,-1.0,-0.7220763007973463,0.2779236992026537,0.2779236992026537
Random Forest Baseline,Random Forest,baseline,none,160.0,-0.5,-1.9914195337998293,-1.4914195337998293,1.4914195337998293
Random Forest Baseline,Random Forest,baseline,none,160.0,-0.5,-0.6186016492109394,-0.11860164921093941,0.11860164921093941
Random Forest Baseline,Random Forest,baseline,none,160.0,-1.0,-2.478405825685031,-1.478405825685031,1.478405825685031
Random Forest Baseline,Random Forest,baseline,none,165.0,-1.0,-0.6064488152673035,0.39355118473269646,0.39355118473269646
Random Forest Baseline,Random Forest,baseline,none,165.0,-0.333333333,-1.1840715679557972,-0.8507382349557971,0.8507382349557971
Random Forest Baseline,Random Forest,baseline,none,165.0,-1.160964,-0.7928594800198978,0.3681045199801023,0.3681045199801023
Random Forest Baseline,Random Forest,baseline,none,165.0,-1.0,-1.0915270556864094,-0.0915270556864094,0.0915270556864094
Random Forest Baseline,Random Forest,baseline,none,166.0,0.0,-1.1714544284359887,-1.1714544284359887,1.1714544284359887
Random Forest Baseline,Random Forest,baseline,none,166.0,0.0,-0.8468493380014966,-0.8468493380014966,0.8468493380014966
Random Forest Baseline,Random Forest,baseline,none,166.0,-0.666666667,-1.1527193872829762,-0.4860527202829762,0.4860527202829762
Random Forest Baseline,Random Forest,baseline,none,166.0,0.0,-1.2042968216758838,-1.2042968216758838,1.2042968216758838
Random Forest Baseline,Random Forest,baseline,none,171.0,-0.166666667,-1.5065573647164319,-1.3398906977164318,1.3398906977164318
Random Forest Baseline,Random Forest,baseline,none,171.0,0.0,-1.1328693434042132,-1.1328693434042132,1.1328693434042132
Random Forest Baseline,Random Forest,baseline,none,171.0,0.0,-2.322821775085916,-2.322821775085916,2.322821775085916
Random Forest Baseline,Random Forest,baseline,none,171.0,-0.25,-1.512584095046359,-1.262584095046359,1.262584095046359
Random Forest Baseline,Random Forest,baseline,none,176.0,-0.5,-1.1616686128759692,-0.6616686128759692,0.6616686128759692
Random Forest Baseline,Random Forest,baseline,none,176.0,-1.0,-1.6464245802853708,-0.6464245802853708,0.6464245802853708
Random Forest Baseline,Random Forest,baseline,none,188.0,0.0,-0.2719455852990861,-0.2719455852990861,0.2719455852990861
Random Forest Baseline,Random Forest,baseline,none,188.0,0.0,-0.732888514937924,-0.732888514937924,0.732888514937924
Random Forest Baseline,Random Forest,baseline,none,194.0,0.0,-0.8268436038662355,-0.8268436038662355,0.8268436038662355
Random Forest Baseline,Random Forest,baseline,none,194.0,0.0,-2.9129985927282442,-2.9129985927282442,2.9129985927282442
Random Forest Baseline,Random Forest,baseline,none,194.0,0.0,-0.8381332727663947,-0.8381332727663947,0.8381332727663947
Random Forest Baseline,Random Forest,baseline,none,194.0,-0.333333333,-1.5773155454848549,-1.243982212484855,1.243982212484855
Random Forest Baseline,Random Forest,baseline,none,196.0,0.0,-0.42959115265456943,-0.42959115265456943,0.42959115265456943
Random Forest Baseline,Random Forest,baseline,none,196.0,-1.0,-4.201852949479877,-3.2018529494798766,3.2018529494798766
Random Forest Baseline,Random Forest,baseline,none,196.0,0.0,-2.7496881819257823,-2.7496881819257823,2.7496881819257823
Random Forest Baseline,Random Forest,baseline,none,200.0,-2.321928,-3.084199108557593,-0.7622711085575928,0.7622711085575928
Random Forest Baseline,Random Forest,baseline,none,200.0,0.0,-0.5651514622238142,-0.5651514622238142,0.5651514622238142
Random Forest Baseline,Random Forest,baseline,none,200.0,0.0,-0.7502333655066394,-0.7502333655066394,0.7502333655066394
Random Forest Baseline,Random Forest,baseline,none,200.0,0.0,-0.6128069331820314,-0.6128069331820314,0.6128069331820314
Random Forest Baseline,Random Forest,baseline,none,200.0,0.0,-0.8315521034290843,-0.8315521034290843,0.8315521034290843
Random Forest Baseline,Random Forest,baseline,none,217.0,-0.2,-1.2809224395204752,-1.0809224395204753,1.0809224395204753
Random Forest Baseline,Random Forest,baseline,none,217.0,0.0,-1.7900869846062872,-1.7900869846062872,1.7900869846062872
Random Forest Baseline,Random Forest,baseline,none,217.0,-0.924658667,-1.8541375483701552,-0.9294788813701552,0.9294788813701552
Random Forest Baseline,Random Forest,baseline,none,218.0,-2.321928,-0.5934251761659547,1.7285028238340456,1.7285028238340456
Random Forest Baseline,Random Forest,baseline,none,218.0,-3.321928,-2.5175555867435886,0.8043724132564116,0.8043724132564116
Random Forest Baseline,Random Forest,baseline,none,218.0,-4.321928,-0.5271696741076356,3.794758325892364,3.794758325892364
Random Forest Baseline,Random Forest,baseline,none,218.0,-4.321928,-0.9024873743095355,3.419440625690464,3.419440625690464
Random Forest Baseline,Random Forest,baseline,none,221.0,-0.666666667,-2.4811485603918784,-1.8144818933918785,1.8144818933918785
Random Forest Baseline,Random Forest,baseline,none,221.0,0.0,-0.701587546345657,-0.701587546345657,0.701587546345657
Random Forest Baseline,Random Forest,baseline,none,221.0,0.0,-0.5704150713478537,-0.5704150713478537,0.5704150713478537
Random Forest Baseline,Random Forest,baseline,none,221.0,-1.0,-1.8769335506466174,-0.8769335506466174,0.8769335506466174
Random Forest Baseline,Random Forest,baseline,none,221.0,0.0,-1.1997291816258335,-1.1997291816258335,1.1997291816258335
Random Forest Baseline,Random Forest,baseline,none,228.0,-1.0,-1.7627297677363216,-0.7627297677363216,0.7627297677363216
Random Forest Baseline,Random Forest,baseline,none,228.0,-1.881285333,-1.8528501908195592,0.028435142180440742,0.028435142180440742
Random Forest Baseline,Random Forest,baseline,none,228.0,-2.321928,-2.8220977797135274,-0.5001697797135272,0.5001697797135272
Random Forest Baseline,Random Forest,baseline,none,233.0,-5.321928,-2.1172313969376635,3.2046966030623363,3.2046966030623363
Random Forest Baseline,Random Forest,baseline,none,233.0,0.0,-0.9507487687444647,-0.9507487687444647,0.9507487687444647
Random Forest Baseline,Random Forest,baseline,none,233.0,-5.321928,-2.207561426520269,3.114366573479731,3.114366573479731
Random Forest Baseline,Random Forest,baseline,none,233.0,-3.321928,-2.5870782186262837,0.7348497813737165,0.7348497813737165
Random Forest Baseline,Random Forest,baseline,none,239.0,-5.321928,-2.6393165551698967,2.682611444830103,2.682611444830103
Random Forest Baseline,Random Forest,baseline,none,239.0,-5.321928,-2.6595956701236565,2.6623323298763433,2.6623323298763433
Random Forest Baseline,Random Forest,baseline,none,239.0,-5.321928,-2.36551321073959,2.9564147892604096,2.9564147892604096
Random Forest Baseline,Random Forest,baseline,none,239.0,-5.321928,-2.6108691055034736,2.711058894496526,2.711058894496526
Random Forest Baseline,Random Forest,baseline,none,240.0,0.0,-1.0622662446027047,-1.0622662446027047,1.0622662446027047
Random Forest Baseline,Random Forest,baseline,none,240.0,-4.321928,-2.0942963842407214,2.2276316157592784,2.2276316157592784
Random Forest Baseline,Random Forest,baseline,none,240.0,-5.321928,-1.7879954204383823,3.5339325795616174,3.5339325795616174
Random Forest Baseline,Random Forest,baseline,none,240.0,-1.0,-0.8637303124862113,0.13626968751378865,0.13626968751378865
Random Forest Baseline,Random Forest,baseline,none,247.0,-5.321928,-2.5619659275839446,2.759962072416055,2.759962072416055
Random Forest Baseline,Random Forest,baseline,none,247.0,-5.321928,-3.322207906879263,1.9997200931207368,1.9997200931207368
Random Forest Baseline,Random Forest,baseline,none,247.0,-0.25,-0.819839112204654,-0.569839112204654,0.569839112204654
Random Forest Baseline,Random Forest,baseline,none,247.0,-5.321928,-3.6385906281881786,1.6833373718118212,1.6833373718118212
Random Forest Baseline,Random Forest,baseline,none,250.0,0.5,-1.4640390908653587,-1.9640390908653587,1.9640390908653587
Random Forest Baseline,Random Forest,baseline,none,250.0,1.0,-1.5517173944228195,-2.5517173944228198,2.5517173944228198
Random Forest Baseline,Random Forest,baseline,none,250.0,0.0,-2.2886807478809197,-2.2886807478809197,2.2886807478809197
Random Forest Baseline,Random Forest,baseline,none,250.0,0.0,-1.381210731307734,-1.381210731307734,1.381210731307734
Random Forest Baseline,Random Forest,baseline,none,250.0,-0.333333333,-1.9652985377213363,-1.6319652047213364,1.6319652047213364
Random Forest Baseline,Random Forest,baseline,none,250.0,0.0,-2.18127555469989,-2.18127555469989,2.18127555469989
Random Forest Baseline,Random Forest,baseline,none,255.0,-3.321928,-2.171537900770927,1.1503900992290732,1.1503900992290732
Random Forest Baseline,Random Forest,baseline,none,255.0,-1.7414459999999998,-1.187927624763059,0.5535183752369408,0.5535183752369408
Random Forest Baseline,Random Forest,baseline,none,255.0,-1.881285333,-1.635391183214216,0.24589414978578383,0.24589414978578383
Random Forest Baseline,Random Forest,baseline,none,263.0,-3.321928,-2.760630010432839,0.5612979895671613,0.5612979895671613
Random Forest Baseline,Random Forest,baseline,none,263.0,-3.988594667,-2.8840542128892803,1.1045404541107198,1.1045404541107198
Random Forest Baseline,Random Forest,baseline,none,273.0,0.0,-1.167436721001154,-1.167436721001154,1.167436721001154
Random Forest Baseline,Random Forest,baseline,none,273.0,0.5,-0.7898053795455481,-1.2898053795455482,1.2898053795455482
Random Forest Baseline,Random Forest,baseline,none,273.0,0.0,-1.4705700962850967,-1.4705700962850967,1.4705700962850967
Random Forest Baseline,Random Forest,baseline,none,273.0,0.0,-1.1616003454833326,-1.1616003454833326,1.1616003454833326
Random Forest Baseline,Random Forest,baseline,none,278.0,-5.321928,-2.8633026727232394,2.4586253272767604,2.4586253272767604
Random Forest Baseline,Random Forest,baseline,none,278.0,0.0,-0.7479565566848131,-0.7479565566848131,0.7479565566848131
Random Forest Baseline,Random Forest,baseline,none,278.0,-4.321928,-2.3121020434162234,2.0098259565837764,2.0098259565837764
Random Forest Baseline,Random Forest,baseline,none,278.0,-1.0,-0.7252845336270921,0.2747154663729079,0.2747154663729079
Random Forest Baseline,Random Forest,baseline,none,278.0,0.0,-0.6222072868090378,-0.6222072868090378,0.6222072868090378
Random Forest Baseline,Random Forest,baseline,none,279.0,-1.0,-2.7074721287161587,-1.7074721287161587,1.7074721287161587
Random Forest Baseline,Random Forest,baseline,none,279.0,-5.321928,-3.584207342458848,1.7377206575411517,1.7377206575411517
Random Forest Baseline,Random Forest,baseline,none,279.0,-1.660964,-1.6111208956604937,0.04984310433950645,0.04984310433950645
Random Forest Baseline,Random Forest,baseline,none,283.0,0.0,-0.6282270648214109,-0.6282270648214109,0.6282270648214109
Random Forest Baseline,Random Forest,baseline,none,283.0,-0.333333333,-0.34428055714600136,-0.010947224146001355,0.010947224146001355
Random Forest Baseline,Random Forest,baseline,none,283.0,0.0,-2.4388812672017495,-2.4388812672017495,2.4388812672017495
Random Forest Baseline,Random Forest,baseline,none,283.0,-4.321928,-3.506879282994691,0.8150487170053089,0.8150487170053089
Random Forest Mild Extreme,Random Forest,mild_extreme,none,30.0,-0.386988,-1.1158290096674173,-0.7288410096674173,0.7288410096674173
Random Forest Mild Extreme,Random Forest,mild_extreme,none,30.0,-1.0,-0.902705307999908,0.097294692000092,0.097294692000092
Random Forest Mild Extreme,Random Forest,mild_extreme,none,30.0,-2.321928,-1.1908790713278803,1.13104892867212,1.13104892867212
Random Forest Mild Extreme,Random Forest,mild_extreme,none,30.0,1.0,-1.1634975147613955,-2.1634975147613957,2.1634975147613957
Random Forest Mild Extreme,Random Forest,mild_extreme,none,30.0,0.0,-1.3476249692428133,-1.3476249692428133,1.3476249692428133
Random Forest Mild Extreme,Random Forest,mild_extreme,none,33.0,0.0,-2.4629981019392737,-2.4629981019392737,2.4629981019392737
Random Forest Mild Extreme,Random Forest,mild_extreme,none,33.0,-1.0,-2.2492158282874817,-1.2492158282874817,1.2492158282874817
Random Forest Mild Extreme,Random Forest,mild_extreme,none,33.0,-1.0,-1.9355891798264022,-0.9355891798264022,0.9355891798264022
Random Forest Mild Extreme,Random Forest,mild_extreme,none,33.0,0.0,-1.5950407947383898,-1.5950407947383898,1.5950407947383898
Random Forest Mild Extreme,Random Forest,mild_extreme,none,34.0,-1.0643856000000005,-1.360258280382928,-0.29587268038292747,0.29587268038292747
Random Forest Mild Extreme,Random Forest,mild_extreme,none,34.0,0.0,-1.4647658181095766,-1.4647658181095766,1.4647658181095766
Random Forest Mild Extreme,Random Forest,mild_extreme,none,34.0,-5.321928,-2.897140409782141,2.424787590217859,2.424787590217859
Random Forest Mild Extreme,Random Forest,mild_extreme,none,34.0,-1.0,-1.1388928992119312,-0.13889289921193115,0.13889289921193115
Random Forest Mild Extreme,Random Forest,mild_extreme,none,34.0,-4.821928,-3.195993835833932,1.6259341641660678,1.6259341641660678
Random Forest Mild Extreme,Random Forest,mild_extreme,none,39.0,1.0,-1.238937968921776,-2.238937968921776,2.238937968921776
Random Forest Mild Extreme,Random Forest,mild_extreme,none,39.0,-0.5,-2.4105280647488008,-1.9105280647488008,1.9105280647488008
Random Forest Mild Extreme,Random Forest,mild_extreme,none,39.0,0.0,-3.7674057542175747,-3.7674057542175747,3.7674057542175747
Random Forest Mild Extreme,Random Forest,mild_extreme,none,39.0,0.0,-3.669029672302335,-3.669029672302335,3.669029672302335
Random Forest Mild Extreme,Random Forest,mild_extreme,none,39.0,0.0,-1.2257177804327648,-1.2257177804327648,1.2257177804327648
Random Forest Mild Extreme,Random Forest,mild_extreme,none,42.0,-1.0,-0.9728365435096105,0.027163456490389537,0.027163456490389537
Random Forest Mild Extreme,Random Forest,mild_extreme,none,42.0,0.25,-0.6968258382611837,-0.9468258382611837,0.9468258382611837
Random Forest Mild Extreme,Random Forest,mild_extreme,none,42.0,-5.321928,-2.6286890739196354,2.6932389260803644,2.6932389260803644
Random Forest Mild Extreme,Random Forest,mild_extreme,none,42.0,-5.321928,-3.376206101511038,1.9457218984889617,1.9457218984889617
Random Forest Mild Extreme,Random Forest,mild_extreme,none,43.0,-0.666666667,-1.3465039073368819,-0.6798372403368819,0.6798372403368819
Random Forest Mild Extreme,Random Forest,mild_extreme,none,43.0,-3.321928,-2.065283208871423,1.2566447911285774,1.2566447911285774
Random Forest Mild Extreme,Random Forest,mild_extreme,none,43.0,-5.321928,-3.6568206251009245,1.6651073748990752,1.6651073748990752
Random Forest Mild Extreme,Random Forest,mild_extreme,none,43.0,-1.0,-1.286666068495558,-0.286666068495558,0.286666068495558
Random Forest Mild Extreme,Random Forest,mild_extreme,none,48.0,0.0,-1.8901686571263432,-1.8901686571263432,1.8901686571263432
Random Forest Mild Extreme,Random Forest,mild_extreme,none,48.0,-1.0,-2.553732120891513,-1.553732120891513,1.553732120891513
Random Forest Mild Extreme,Random Forest,mild_extreme,none,48.0,-1.0,-1.987300400528144,-0.987300400528144,0.987300400528144
Random Forest Mild Extreme,Random Forest,mild_extreme,none,48.0,-1.991446,-2.605887140873358,-0.6144411408733579,0.6144411408733579
Random Forest Mild Extreme,Random Forest,mild_extreme,none,49.0,0.0,-0.6067774941959394,-0.6067774941959394,0.6067774941959394
Random Forest Mild Extreme,Random Forest,mild_extreme,none,49.0,-2.321928,-2.427188181673184,-0.10526018167318396,0.10526018167318396
Random Forest Mild Extreme,Random Forest,mild_extreme,none,49.0,0.0,-0.8524436460709676,-0.8524436460709676,0.8524436460709676
Random Forest Mild Extreme,Random Forest,mild_extreme,none,49.0,-2.321928,-3.654516508183395,-1.3325885081833948,1.3325885081833948
Random Forest Mild Extreme,Random Forest,mild_extreme,none,49.0,-3.321928,-2.8820747359856105,0.43985326401438973,0.43985326401438973
Random Forest Mild Extreme,Random Forest,mild_extreme,none,54.0,0.0,-0.8713731807246107,-0.8713731807246107,0.8713731807246107
Random Forest Mild Extreme,Random Forest,mild_extreme,none,54.0,-1.370723,-3.842522800272725,-2.4717998002727253,2.4717998002727253
Random Forest Mild Extreme,Random Forest,mild_extreme,none,54.0,0.25,-2.793986850171375,-3.043986850171375,3.043986850171375
Random Forest Mild Extreme,Random Forest,mild_extreme,none,54.0,0.333333333,-0.39883010331931806,-0.7321634363193181,0.7321634363193181
Random Forest Mild Extreme,Random Forest,mild_extreme,none,57.0,0.0,-2.3368323259981847,-2.3368323259981847,2.3368323259981847
Random Forest Mild Extreme,Random Forest,mild_extreme,none,57.0,0.0,-2.159810925793893,-2.159810925793893,2.159810925793893
Random Forest Mild Extreme,Random Forest,mild_extreme,none,57.0,0.0,-1.4753959033074697,-1.4753959033074697,1.4753959033074697
Random Forest Mild Extreme,Random Forest,mild_extreme,none,57.0,0.0,-2.6849549382129596,-2.6849549382129596,2.6849549382129596
Random Forest Mild Extreme,Random Forest,mild_extreme,none,69.0,-5.321928,-2.9435867468057144,2.3783412531942854,2.3783412531942854
Random Forest Mild Extreme,Random Forest,mild_extreme,none,69.0,-2.821928,-1.9522247912839639,0.8697032087160363,0.8697032087160363
Random Forest Mild Extreme,Random Forest,mild_extreme,none,69.0,-4.321928,-1.4583320734809249,2.863595926519075,2.863595926519075
Random Forest Mild Extreme,Random Forest,mild_extreme,none,69.0,-1.214618667,-1.0131062480046755,0.20151241899532457,0.20151241899532457
Random Forest Mild Extreme,Random Forest,mild_extreme,none,70.0,-1.0,-0.7494567018548609,0.2505432981451391,0.2505432981451391
Random Forest Mild Extreme,Random Forest,mild_extreme,none,70.0,-1.5287712,-0.7887845844644786,0.7399866155355214,0.7399866155355214
Random Forest Mild Extreme,Random Forest,mild_extreme,none,70.0,0.0,-2.163969891833814,-2.163969891833814,2.163969891833814
Random Forest Mild Extreme,Random Forest,mild_extreme,none,70.0,-4.321928,-1.9810683464607959,2.340859653539204,2.340859653539204
Random Forest Mild Extreme,Random Forest,mild_extreme,none,70.0,-0.666666667,-0.8427086672743058,-0.17604200027430583,0.17604200027430583
Random Forest Mild Extreme,Random Forest,mild_extreme,none,90.0,0.0,-1.3077563010265298,-1.3077563010265298,1.3077563010265298
Random Forest Mild Extreme,Random Forest,mild_extreme,none,90.0,-1.7739759999999998,-2.486838265184721,-0.7128622651847212,0.7128622651847212
Random Forest Mild Extreme,Random Forest,mild_extreme,none,90.0,0.0,-2.98109412708634,-2.98109412708634,2.98109412708634
Random Forest Mild Extreme,Random Forest,mild_extreme,none,90.0,-0.4,-1.3513153679233416,-0.9513153679233416,0.9513153679233416
Random Forest Mild Extreme,Random Forest,mild_extreme,none,90.0,0.333333333,-3.2820027354285135,-3.6153360684285136,3.6153360684285136
Random Forest Mild Extreme,Random Forest,mild_extreme,none,91.0,-3.321928,-1.8053517011227436,1.5165762988772566,1.5165762988772566
Random Forest Mild Extreme,Random Forest,mild_extreme,none,91.0,0.0,-0.7943155408167294,-0.7943155408167294,0.7943155408167294
Random Forest Mild Extreme,Random Forest,mild_extreme,none,91.0,-2.321928,-1.4587725166445056,0.8631554833554946,0.8631554833554946
Random Forest Mild Extreme,Random Forest,mild_extreme,none,91.0,-1.0,-1.084941368759495,-0.0849413687594951,0.0849413687594951
Random Forest Mild Extreme,Random Forest,mild_extreme,none,92.0,-1.0,-1.8100589552755755,-0.8100589552755755,0.8100589552755755
Random Forest Mild Extreme,Random Forest,mild_extreme,none,92.0,-2.321928,-1.1779046001664193,1.144023399833581,1.144023399833581
Random Forest Mild Extreme,Random Forest,mild_extreme,none,92.0,-0.428571429,-0.6743553405812228,-0.2457839115812228,0.2457839115812228
Random Forest Mild Extreme,Random Forest,mild_extreme,none,92.0,0.2,-1.3155874425221497,-1.5155874425221496,1.5155874425221496
Random Forest Mild Extreme,Random Forest,mild_extreme,none,92.0,-1.0,-1.1729144132749965,-0.17291441327499646,0.17291441327499646
Random Forest Mild Extreme,Random Forest,mild_extreme,none,97.0,-1.107309333,-1.4762735802601847,-0.36896424726018484,0.36896424726018484
Random Forest Mild Extreme,Random Forest,mild_extreme,none,97.0,0.0,-1.0609574766893102,-1.0609574766893102,1.0609574766893102
Random Forest Mild Extreme,Random Forest,mild_extreme,none,97.0,0.25,-1.0519149008628725,-1.3019149008628725,1.3019149008628725
Random Forest Mild Extreme,Random Forest,mild_extreme,none,97.0,0.0,-2.5102352376761616,-2.5102352376761616,2.5102352376761616
Random Forest Mild Extreme,Random Forest,mild_extreme,none,99.0,-0.5,-2.6229718069892893,-2.1229718069892893,2.1229718069892893
Random Forest Mild Extreme,Random Forest,mild_extreme,none,99.0,0.0,-1.8925561131772117,-1.8925561131772117,1.8925561131772117
Random Forest Mild Extreme,Random Forest,mild_extreme,none,99.0,-2.321928,-2.678969486874632,-0.3570414868746319,0.3570414868746319
Random Forest Mild Extreme,Random Forest,mild_extreme,none,99.0,0.0,-1.475588659404626,-1.475588659404626,1.475588659404626
Random Forest Mild Extreme,Random Forest,mild_extreme,none,102.0,-0.5,-1.1523505175587807,-0.6523505175587807,0.6523505175587807
Random Forest Mild Extreme,Random Forest,mild_extreme,none,102.0,0.333333333,-0.9948891181887307,-1.3282224511887306,1.3282224511887306
Random Forest Mild Extreme,Random Forest,mild_extreme,none,102.0,-0.666666667,-1.143606768852377,-0.476940101852377,0.476940101852377
Random Forest Mild Extreme,Random Forest,mild_extreme,none,102.0,0.0,-0.7023438651940067,-0.7023438651940067,0.7023438651940067
Random Forest Mild Extreme,Random Forest,mild_extreme,none,103.0,-0.666666667,-3.049626454302984,-2.382959787302984,2.382959787302984
Random Forest Mild Extreme,Random Forest,mild_extreme,none,110.0,0.0,-1.791772477208872,-1.791772477208872,1.791772477208872
Random Forest Mild Extreme,Random Forest,mild_extreme,none,110.0,-0.5,-1.2182213035073859,-0.7182213035073859,0.7182213035073859
Random Forest Mild Extreme,Random Forest,mild_extreme,none,110.0,-1.0,-1.1561271884848565,-0.15612718848485652,0.15612718848485652
Random Forest Mild Extreme,Random Forest,mild_extreme,none,110.0,-2.321928,-1.4136267478677018,0.9083012521322984,0.9083012521322984
Random Forest Mild Extreme,Random Forest,mild_extreme,none,120.0,-2.321928,-0.8129304794777981,1.5089975205222022,1.5089975205222022
Random Forest Mild Extreme,Random Forest,mild_extreme,none,120.0,-3.821928,-2.722168320572758,1.0997596794272422,1.0997596794272422
Random Forest Mild Extreme,Random Forest,mild_extreme,none,125.0,0.0,-0.6111586537604041,-0.6111586537604041,0.6111586537604041
Random Forest Mild Extreme,Random Forest,mild_extreme,none,125.0,0.0,-0.7736185421213236,-0.7736185421213236,0.7736185421213236
Random Forest Mild Extreme,Random Forest,mild_extreme,none,125.0,0.0,-0.819369130458003,-0.819369130458003,0.819369130458003
Random Forest Mild Extreme,Random Forest,mild_extreme,none,125.0,-5.321928,-3.8746013863959514,1.4473266136040484,1.4473266136040484
Random Forest Mild Extreme,Random Forest,mild_extreme,none,125.0,-2.321928,-2.767356348168108,-0.44542834816810783,0.44542834816810783
Random Forest Mild Extreme,Random Forest,mild_extreme,none,133.0,-3.821928,-0.7786712747901554,3.0432567252098446,3.0432567252098446
Random Forest Mild Extreme,Random Forest,mild_extreme,none,133.0,0.0,-0.9010864029117366,-0.9010864029117366,0.9010864029117366
Random Forest Mild Extreme,Random Forest,mild_extreme,none,135.0,-3.321928,-2.6515275707010333,0.6704004292989669,0.6704004292989669
Random Forest Mild Extreme,Random Forest,mild_extreme,none,135.0,0.0,-0.5407093121884987,-0.5407093121884987,0.5407093121884987
Random Forest Mild Extreme,Random Forest,mild_extreme,none,135.0,-2.321928,-1.2973573437008286,1.0245706562991717,1.0245706562991717
Random Forest Mild Extreme,Random Forest,mild_extreme,none,138.0,0.0,-1.53042134569285,-1.53042134569285,1.53042134569285
Random Forest Mild Extreme,Random Forest,mild_extreme,none,138.0,0.0,-1.7153391562590647,-1.7153391562590647,1.7153391562590647
Random Forest Mild Extreme,Random Forest,mild_extreme,none,138.0,0.0,-3.303791852461966,-3.303791852461966,3.303791852461966
Random Forest Mild Extreme,Random Forest,mild_extreme,none,138.0,0.0,-3.353126845161236,-3.353126845161236,3.353126845161236
Random Forest Mild Extreme,Random Forest,mild_extreme,none,139.0,0.333333333,-0.7252528897049038,-1.0585862227049039,1.0585862227049039
Random Forest Mild Extreme,Random Forest,mild_extreme,none,139.0,-0.5,-0.8714150936619373,-0.37141509366193726,0.37141509366193726
Random Forest Mild Extreme,Random Forest,mild_extreme,none,139.0,0.0,-0.635657913752592,-0.635657913752592,0.635657913752592
Random Forest Mild Extreme,Random Forest,mild_extreme,none,141.0,-1.0,-3.465306360686179,-2.465306360686179,2.465306360686179
Random Forest Mild Extreme,Random Forest,mild_extreme,none,141.0,-0.666666667,-3.4542673629763505,-2.7876006959763506,2.7876006959763506
Random Forest Mild Extreme,Random Forest,mild_extreme,none,144.0,0.0,-0.8349984243266437,-0.8349984243266437,0.8349984243266437
Random Forest Mild Extreme,Random Forest,mild_extreme,none,144.0,0.0,-0.7755648042424559,-0.7755648042424559,0.7755648042424559
Random Forest Mild Extreme,Random Forest,mild_extreme,none,144.0,-1.107309333,-0.6749843255931702,0.43232500740682966,0.43232500740682966
Random Forest Mild Extreme,Random Forest,mild_extreme,none,156.0,-0.5,-1.1529301186324445,-0.6529301186324445,0.6529301186324445
Random Forest Mild Extreme,Random Forest,mild_extreme,none,156.0,0.25,-1.1600457229497299,-1.4100457229497299,1.4100457229497299
Random Forest Mild Extreme,Random Forest,mild_extreme,none,156.0,1.0,-2.817095902046844,-3.817095902046844,3.817095902046844
Random Forest Mild Extreme,Random Forest,mild_extreme,none,160.0,-1.0,-0.8459348708092841,0.1540651291907159,0.1540651291907159
Random Forest Mild Extreme,Random Forest,mild_extreme,none,160.0,-0.5,-2.294503998923916,-1.7945039989239162,1.7945039989239162
Random Forest Mild Extreme,Random Forest,mild_extreme,none,160.0,-0.5,-0.7104725932496011,-0.2104725932496011,0.2104725932496011
Random Forest Mild Extreme,Random Forest,mild_extreme,none,160.0,-1.0,-2.8995148086377984,-1.8995148086377984,1.8995148086377984
Random Forest Mild Extreme,Random Forest,mild_extreme,none,165.0,-1.0,-0.932258431567965,0.06774156843203505,0.06774156843203505
Random Forest Mild Extreme,Random Forest,mild_extreme,none,165.0,-0.333333333,-1.497095701033441,-1.1637623680334408,1.1637623680334408
Random Forest Mild Extreme,Random Forest,mild_extreme,none,165.0,-1.160964,-1.00777845553001,0.1531855444699901,0.1531855444699901
Random Forest Mild Extreme,Random Forest,mild_extreme,none,165.0,-1.0,-1.3975104977076898,-0.39751049770768976,0.39751049770768976
Random Forest Mild Extreme,Random Forest,mild_extreme,none,166.0,0.0,-1.399220103070837,-1.399220103070837,1.399220103070837
Random Forest Mild Extreme,Random Forest,mild_extreme,none,166.0,0.0,-1.1022716563988797,-1.1022716563988797,1.1022716563988797
Random Forest Mild Extreme,Random Forest,mild_extreme,none,166.0,-0.666666667,-1.3463003570967302,-0.6796336900967302,0.6796336900967302
Random Forest Mild Extreme,Random Forest,mild_extreme,none,166.0,0.0,-1.5209564946109182,-1.5209564946109182,1.5209564946109182
Random Forest Mild Extreme,Random Forest,mild_extreme,none,171.0,-0.166666667,-1.6367932848040225,-1.4701266178040227,1.4701266178040227
Random Forest Mild Extreme,Random Forest,mild_extreme,none,171.0,0.0,-1.4371164077043894,-1.4371164077043894,1.4371164077043894
Random Forest Mild Extreme,Random Forest,mild_extreme,none,171.0,0.0,-2.674581256726668,-2.674581256726668,2.674581256726668
Random Forest Mild Extreme,Random Forest,mild_extreme,none,171.0,-0.25,-1.7713105391503612,-1.5213105391503612,1.5213105391503612
Random Forest Mild Extreme,Random Forest,mild_extreme,none,176.0,-0.5,-1.2270519242609115,-0.7270519242609115,0.7270519242609115
Random Forest Mild Extreme,Random Forest,mild_extreme,none,176.0,-1.0,-1.6984644438522556,-0.6984644438522556,0.6984644438522556
Random Forest Mild Extreme,Random Forest,mild_extreme,none,188.0,0.0,-0.5577103718917737,-0.5577103718917737,0.5577103718917737
Random Forest Mild Extreme,Random Forest,mild_extreme,none,188.0,0.0,-0.9655597725039371,-0.9655597725039371,0.9655597725039371
Random Forest Mild Extreme,Random Forest,mild_extreme,none,194.0,0.0,-0.9177538034404537,-0.9177538034404537,0.9177538034404537
Random Forest Mild Extreme,Random Forest,mild_extreme,none,194.0,0.0,-3.378911506883321,-3.378911506883321,3.378911506883321
Random Forest Mild Extreme,Random Forest,mild_extreme,none,194.0,0.0,-0.9744345078146021,-0.9744345078146021,0.9744345078146021
Random Forest Mild Extreme,Random Forest,mild_extreme,none,194.0,-0.333333333,-1.8054092385447291,-1.4720759055447292,1.4720759055447292
Random Forest Mild Extreme,Random Forest,mild_extreme,none,196.0,0.0,-0.4716539745638858,-0.4716539745638858,0.4716539745638858
Random Forest Mild Extreme,Random Forest,mild_extreme,none,196.0,-1.0,-4.405837843399838,-3.405837843399838,3.405837843399838
Random Forest Mild Extreme,Random Forest,mild_extreme,none,196.0,0.0,-2.8855715840789236,-2.8855715840789236,2.8855715840789236
Random Forest Mild Extreme,Random Forest,mild_extreme,none,200.0,-2.321928,-3.4893382142137876,-1.1674102142137874,1.1674102142137874
Random Forest Mild Extreme,Random Forest,mild_extreme,none,200.0,0.0,-0.7076890080983187,-0.7076890080983187,0.7076890080983187
Random Forest Mild Extreme,Random Forest,mild_extreme,none,200.0,0.0,-0.8521228044720113,-0.8521228044720113,0.8521228044720113
Random Forest Mild Extreme,Random Forest,mild_extreme,none,200.0,0.0,-0.6654152706406806,-0.6654152706406806,0.6654152706406806
Random Forest Mild Extreme,Random Forest,mild_extreme,none,200.0,0.0,-0.9213746880314525,-0.9213746880314525,0.9213746880314525
Random Forest Mild Extreme,Random Forest,mild_extreme,none,217.0,-0.2,-1.4265133594997612,-1.2265133594997613,1.2265133594997613
Random Forest Mild Extreme,Random Forest,mild_extreme,none,217.0,0.0,-1.9838094070674992,-1.9838094070674992,1.9838094070674992
Random Forest Mild Extreme,Random Forest,mild_extreme,none,217.0,-0.924658667,-2.0813045869360156,-1.1566459199360155,1.1566459199360155
Random Forest Mild Extreme,Random Forest,mild_extreme,none,218.0,-2.321928,-0.5656360506362681,1.7562919493637321,1.7562919493637321
Random Forest Mild Extreme,Random Forest,mild_extreme,none,218.0,-3.321928,-2.7746663408830137,0.5472616591169865,0.5472616591169865
Random Forest Mild Extreme,Random Forest,mild_extreme,none,218.0,-4.321928,-0.525092528119376,3.7968354718806236,3.7968354718806236
Random Forest Mild Extreme,Random Forest,mild_extreme,none,218.0,-4.321928,-0.9594564837189712,3.362471516281029,3.362471516281029
Random Forest Mild Extreme,Random Forest,mild_extreme,none,221.0,-0.666666667,-2.999465906379169,-2.332799239379169,2.332799239379169
Random Forest Mild Extreme,Random Forest,mild_extreme,none,221.0,0.0,-0.8222504651877155,-0.8222504651877155,0.8222504651877155
Random Forest Mild Extreme,Random Forest,mild_extreme,none,221.0,0.0,-0.6426118729980453,-0.6426118729980453,0.6426118729980453
Random Forest Mild Extreme,Random Forest,mild_extreme,none,221.0,-1.0,-2.025767400694162,-1.025767400694162,1.025767400694162
Random Forest Mild Extreme,Random Forest,mild_extreme,none,221.0,0.0,-1.5213491169063622,-1.5213491169063622,1.5213491169063622
Random Forest Mild Extreme,Random Forest,mild_extreme,none,228.0,-1.0,-1.735014674022875,-0.7350146740228749,0.7350146740228749
Random Forest Mild Extreme,Random Forest,mild_extreme,none,228.0,-1.881285333,-1.8097378867616902,0.07154744623830966,0.07154744623830966
Random Forest Mild Extreme,Random Forest,mild_extreme,none,228.0,-2.321928,-3.0372298775612547,-0.7153018775612545,0.7153018775612545
Random Forest Mild Extreme,Random Forest,mild_extreme,none,233.0,-5.321928,-2.3915645301476363,2.9303634698523635,2.9303634698523635
Random Forest Mild Extreme,Random Forest,mild_extreme,none,233.0,0.0,-1.1446783650749934,-1.1446783650749934,1.1446783650749934
Random Forest Mild Extreme,Random Forest,mild_extreme,none,233.0,-5.321928,-2.448095750571303,2.873832249428697,2.873832249428697
Random Forest Mild Extreme,Random Forest,mild_extreme,none,233.0,-3.321928,-2.7341396090174603,0.5877883909825399,0.5877883909825399
Random Forest Mild Extreme,Random Forest,mild_extreme,none,239.0,-5.321928,-3.0239285088103536,2.297999491189646,2.297999491189646
Random Forest Mild Extreme,Random Forest,mild_extreme,none,239.0,-5.321928,-2.7495182026156133,2.5724097973843865,2.5724097973843865
Random Forest Mild Extreme,Random Forest,mild_extreme,none,239.0,-5.321928,-2.8782764955266633,2.4436515044733365,2.4436515044733365
Random Forest Mild Extreme,Random Forest,mild_extreme,none,239.0,-5.321928,-3.049635058690355,2.2722929413096447,2.2722929413096447
Random Forest Mild Extreme,Random Forest,mild_extreme,none,240.0,0.0,-1.3126434751473828,-1.3126434751473828,1.3126434751473828
Random Forest Mild Extreme,Random Forest,mild_extreme,none,240.0,-4.321928,-2.341822901645006,1.980105098354994,1.980105098354994
Random Forest Mild Extreme,Random Forest,mild_extreme,none,240.0,-5.321928,-2.1868399858381236,3.135088014161876,3.135088014161876
Random Forest Mild Extreme,Random Forest,mild_extreme,none,240.0,-1.0,-1.286328124798969,-0.2863281247989691,0.2863281247989691
Random Forest Mild Extreme,Random Forest,mild_extreme,none,247.0,-5.321928,-2.8256275121272494,2.4963004878727504,2.4963004878727504
Random Forest Mild Extreme,Random Forest,mild_extreme,none,247.0,-5.321928,-3.6797593728290563,1.6421686271709435,1.6421686271709435
Random Forest Mild Extreme,Random Forest,mild_extreme,none,247.0,-0.25,-0.9777598736848332,-0.7277598736848332,0.7277598736848332
Random Forest Mild Extreme,Random Forest,mild_extreme,none,247.0,-5.321928,-3.8272965279940063,1.4946314720059934,1.4946314720059934
Random Forest Mild Extreme,Random Forest,mild_extreme,none,250.0,0.5,-1.6636527234062342,-2.1636527234062344,2.1636527234062344
Random Forest Mild Extreme,Random Forest,mild_extreme,none,250.0,1.0,-1.7098669721046316,-2.7098669721046313,2.7098669721046313
Random Forest Mild Extreme,Random Forest,mild_extreme,none,250.0,0.0,-2.519501908301529,-2.519501908301529,2.519501908301529
Random Forest Mild Extreme,Random Forest,mild_extreme,none,250.0,0.0,-1.5415408211550994,-1.5415408211550994,1.5415408211550994
Random Forest Mild Extreme,Random Forest,mild_extreme,none,250.0,-0.333333333,-2.17835595544551,-1.84502262244551,1.84502262244551
Random Forest Mild Extreme,Random Forest,mild_extreme,none,250.0,0.0,-2.298294732591591,-2.298294732591591,2.298294732591591
Random Forest Mild Extreme,Random Forest,mild_extreme,none,255.0,-3.321928,-2.453441846945023,0.868486153054977,0.868486153054977
Random Forest Mild Extreme,Random Forest,mild_extreme,none,255.0,-1.7414459999999998,-1.2607218846615937,0.4807241153384061,0.4807241153384061
Random Forest Mild Extreme,Random Forest,mild_extreme,none,255.0,-1.881285333,-1.6712462139979267,0.21003911900207317,0.21003911900207317
Random Forest Mild Extreme,Random Forest,mild_extreme,none,263.0,-3.321928,-3.0725436215655657,0.2493843784344345,0.2493843784344345
Random Forest Mild Extreme,Random Forest,mild_extreme,none,263.0,-3.988594667,-3.296012264622591,0.692582402377409,0.692582402377409
Random Forest Mild Extreme,Random Forest,mild_extreme,none,273.0,0.0,-1.362954078681093,-1.362954078681093,1.362954078681093
Random Forest Mild Extreme,Random Forest,mild_extreme,none,273.0,0.5,-0.9385047116809079,-1.438504711680908,1.438504711680908
Random Forest Mild Extreme,Random Forest,mild_extreme,none,273.0,0.0,-1.7835315790592805,-1.7835315790592805,1.7835315790592805
Random Forest Mild Extreme,Random Forest,mild_extreme,none,273.0,0.0,-1.4073455446072929,-1.4073455446072929,1.4073455446072929
Random Forest Mild Extreme,Random Forest,mild_extreme,none,278.0,-5.321928,-3.133433925842793,2.188494074157207,2.188494074157207
Random Forest Mild Extreme,Random Forest,mild_extreme,none,278.0,0.0,-0.8784089417255091,-0.8784089417255091,0.8784089417255091
Random Forest Mild Extreme,Random Forest,mild_extreme,none,278.0,-4.321928,-2.52447813080357,1.7974498691964298,1.7974498691964298
Random Forest Mild Extreme,Random Forest,mild_extreme,none,278.0,-1.0,-0.9815294144280257,0.01847058557197434,0.01847058557197434
Random Forest Mild Extreme,Random Forest,mild_extreme,none,278.0,0.0,-0.803869556870097,-0.803869556870097,0.803869556870097
Random Forest Mild Extreme,Random Forest,mild_extreme,none,279.0,-1.0,-3.0258254704157643,-2.0258254704157643,2.0258254704157643
Random Forest Mild Extreme,Random Forest,mild_extreme,none,279.0,-5.321928,-4.2230688379487775,1.0988591620512222,1.0988591620512222
Random Forest Mild Extreme,Random Forest,mild_extreme,none,279.0,-1.660964,-1.8203847365384198,-0.1594207365384197,0.1594207365384197
Random Forest Mild Extreme,Random Forest,mild_extreme,none,283.0,0.0,-0.8273230007020232,-0.8273230007020232,0.8273230007020232
Random Forest Mild Extreme,Random Forest,mild_extreme,none,283.0,-0.333333333,-0.4297043078818914,-0.09637097488189139,0.09637097488189139
Random Forest Mild Extreme,Random Forest,mild_extreme,none,283.0,0.0,-2.594839467955038,-2.594839467955038,2.594839467955038
Random Forest Mild Extreme,Random Forest,mild_extreme,none,283.0,-4.321928,-3.6841794661724476,0.6377485338275521,0.6377485338275521
Random Forest Moderate Extreme,Random Forest,moderate_extreme,none,30.0,-0.386988,-1.457442112613214,-1.070454112613214,1.070454112613214
Random Forest Moderate Extreme,Random Forest,moderate_extreme,none,30.0,-1.0,-1.0307374540569978,-0.030737454056997793,0.030737454056997793
Random Forest Moderate Extreme,Random Forest,moderate_extreme,none,30.0,-2.321928,-1.2225198012474967,1.0994081987525035,1.0994081987525035
Random Forest Moderate Extreme,Random Forest,moderate_extreme,none,30.0,1.0,-1.2674172050692187,-2.2674172050692185,2.2674172050692185
Random Forest Moderate Extreme,Random Forest,moderate_extreme,none,30.0,0.0,-1.5948225109578584,-1.5948225109578584,1.5948225109578584
Random Forest Moderate Extreme,Random Forest,moderate_extreme,none,33.0,0.0,-2.613896241802163,-2.613896241802163,2.613896241802163
Random Forest Moderate Extreme,Random Forest,moderate_extreme,none,33.0,-1.0,-2.5804353712660695,-1.5804353712660695,1.5804353712660695
Random Forest Moderate Extreme,Random Forest,moderate_extreme,none,33.0,-1.0,-2.2482991587959624,-1.2482991587959624,1.2482991587959624
Random Forest Moderate Extreme,Random Forest,moderate_extreme,none,33.0,0.0,-1.9292667796846632,-1.9292667796846632,1.9292667796846632
Random Forest Moderate Extreme,Random Forest,moderate_extreme,none,34.0,-1.0643856000000005,-1.4973405715167882,-0.43295497151678775,0.43295497151678775
Random Forest Moderate Extreme,Random Forest,moderate_extreme,none,34.0,0.0,-1.4716696917818917,-1.4716696917818917,1.4716696917818917
Random Forest Moderate Extreme,Random Forest,moderate_extreme,none,34.0,-5.321928,-3.0503197537225395,2.2716082462774603,2.2716082462774603
Random Forest Moderate Extreme,Random Forest,moderate_extreme,none,34.0,-1.0,-1.1313926106217977,-0.13139261062179775,0.13139261062179775
Random Forest Moderate Extreme,Random Forest,moderate_extreme,none,34.0,-4.821928,-3.242857428090794,1.579070571909206,1.579070571909206
Random Forest Moderate Extreme,Random Forest,moderate_extreme,none,39.0,1.0,-1.3024152723269504,-2.30241527232695,2.30241527232695
Random Forest Moderate Extreme,Random Forest,moderate_extreme,none,39.0,-0.5,-2.4925488704653285,-1.9925488704653285,1.9925488704653285
Random Forest Moderate Extreme,Random Forest,moderate_extreme,none,39.0,0.0,-4.037557177213068,-4.037557177213068,4.037557177213068
Random Forest Moderate Extreme,Random Forest,moderate_extreme,none,39.0,0.0,-3.8673060713251233,-3.8673060713251233,3.8673060713251233
Random Forest Moderate Extreme,Random Forest,moderate_extreme,none,39.0,0.0,-1.1463368779879932,-1.1463368779879932,1.1463368779879932
Random Forest Moderate Extreme,Random Forest,moderate_extreme,none,42.0,-1.0,-1.0649896095805669,-0.06498960958056688,0.06498960958056688
Random Forest Moderate Extreme,Random Forest,moderate_extreme,none,42.0,0.25,-0.7060876293764274,-0.9560876293764274,0.9560876293764274
Random Forest Moderate Extreme,Random Forest,moderate_extreme,none,42.0,-5.321928,-2.515981737849167,2.8059462621508326,2.8059462621508326
Random Forest Moderate Extreme,Random Forest,moderate_extreme,none,42.0,-5.321928,-3.579591157053988,1.742336842946012,1.742336842946012
Random Forest Moderate Extreme,Random Forest,moderate_extreme,none,43.0,-0.666666667,-1.5495328163310174,-0.8828661493310174,0.8828661493310174
Random Forest Moderate Extreme,Random Forest,moderate_extreme,none,43.0,-3.321928,-2.365041276570831,0.9568867234291694,0.9568867234291694
Random Forest Moderate Extreme,Random Forest,moderate_extreme,none,43.0,-5.321928,-3.8031720139758276,1.5187559860241722,1.5187559860241722
Random Forest Moderate Extreme,Random Forest,moderate_extreme,none,43.0,-1.0,-1.4404316828277777,-0.44043168282777767,0.44043168282777767
Random Forest Moderate Extreme,Random Forest,moderate_extreme,none,48.0,0.0,-1.9638933121478215,-1.9638933121478215,1.9638933121478215
Random Forest Moderate Extreme,Random Forest,moderate_extreme,none,48.0,-1.0,-2.6112636551357307,-1.6112636551357307,1.6112636551357307
Random Forest Moderate Extreme,Random Forest,moderate_extreme,none,48.0,-1.0,-2.0167873897356245,-1.0167873897356245,1.0167873897356245
Random Forest Moderate Extreme,Random Forest,moderate_extreme,none,48.0,-1.991446,-2.633898550296661,-0.6424525502966609,0.6424525502966609
Random Forest Moderate Extreme,Random Forest,moderate_extreme,none,49.0,0.0,-0.63297009322623,-0.63297009322623,0.63297009322623
Random Forest Moderate Extreme,Random Forest,moderate_extreme,none,49.0,-2.321928,-2.847420874137413,-0.525492874137413,0.525492874137413
Random Forest Moderate Extreme,Random Forest,moderate_extreme,none,49.0,0.0,-0.9269077692957238,-0.9269077692957238,0.9269077692957238
Random Forest Moderate Extreme,Random Forest,moderate_extreme,none,49.0,-2.321928,-4.03016981917929,-1.7082418191792894,1.7082418191792894
Random Forest Moderate Extreme,Random Forest,moderate_extreme,none,49.0,-3.321928,-3.3336896263673257,-0.011761626367325473,0.011761626367325473
Random Forest Moderate Extreme,Random Forest,moderate_extreme,none,54.0,0.0,-0.8828969154715384,-0.8828969154715384,0.8828969154715384
Random Forest Moderate Extreme,Random Forest,moderate_extreme,none,54.0,-1.370723,-4.062024967958777,-2.6913019679587773,2.6913019679587773
Random Forest Moderate Extreme,Random Forest,moderate_extreme,none,54.0,0.25,-2.8941486897481954,-3.1441486897481954,3.1441486897481954
Random Forest Moderate Extreme,Random Forest,moderate_extreme,none,54.0,0.333333333,-0.5017145434372734,-0.8350478764372734,0.8350478764372734
Random Forest Moderate Extreme,Random Forest,moderate_extreme,none,57.0,0.0,-2.543645829091556,-2.543645829091556,2.543645829091556
Random Forest Moderate Extreme,Random Forest,moderate_extreme,none,57.0,0.0,-2.3859270651580764,-2.3859270651580764,2.3859270651580764
Random Forest Moderate Extreme,Random Forest,moderate_extreme,none,57.0,0.0,-1.728873213347447,-1.728873213347447,1.728873213347447
Random Forest Moderate Extreme,Random Forest,moderate_extreme,none,57.0,0.0,-2.856086335049282,-2.856086335049282,2.856086335049282
Random Forest Moderate Extreme,Random Forest,moderate_extreme,none,69.0,-5.321928,-3.1374933554557947,2.184434644544205,2.184434644544205
Random Forest Moderate Extreme,Random Forest,moderate_extreme,none,69.0,-2.821928,-2.12001429932052,0.70191370067948,0.70191370067948
Random Forest Moderate Extreme,Random Forest,moderate_extreme,none,69.0,-4.321928,-1.5530996460416537,2.7688283539583463,2.7688283539583463
Random Forest Moderate Extreme,Random Forest,moderate_extreme,none,69.0,-1.214618667,-1.1379868018685344,0.07663186513146569,0.07663186513146569
Random Forest Moderate Extreme,Random Forest,moderate_extreme,none,70.0,-1.0,-0.9357748905934978,0.06422510940650217,0.06422510940650217
Random Forest Moderate Extreme,Random Forest,moderate_extreme,none,70.0,-1.5287712,-0.9878306931570912,0.5409405068429088,0.5409405068429088
Random Forest Moderate Extreme,Random Forest,moderate_extreme,none,70.0,0.0,-2.2785443476751284,-2.2785443476751284,2.2785443476751284
Random Forest Moderate Extreme,Random Forest,moderate_extreme,none,70.0,-4.321928,-2.1516284238355414,2.1702995761644583,2.1702995761644583
Random Forest Moderate Extreme,Random Forest,moderate_extreme,none,70.0,-0.666666667,-1.0890087490211158,-0.4223420820211158,0.4223420820211158
Random Forest Moderate Extreme,Random Forest,moderate_extreme,none,90.0,0.0,-1.3191505450039012,-1.3191505450039012,1.3191505450039012
Random Forest Moderate Extreme,Random Forest,moderate_extreme,none,90.0,-1.7739759999999998,-2.6463211256439507,-0.872345125643951,0.872345125643951
Random Forest Moderate Extreme,Random Forest,moderate_extreme,none,90.0,0.0,-3.1244794179850497,-3.1244794179850497,3.1244794179850497
Random Forest Moderate Extreme,Random Forest,moderate_extreme,none,90.0,-0.4,-1.3770705144506874,-0.9770705144506874,0.9770705144506874
Random Forest Moderate Extreme,Random Forest,moderate_extreme,none,90.0,0.333333333,-3.484294416255415,-3.817627749255415,3.817627749255415
Random Forest Moderate Extreme,Random Forest,moderate_extreme,none,91.0,-3.321928,-2.0536839296011142,1.268244070398886,1.268244070398886
Random Forest Moderate Extreme,Random Forest,moderate_extreme,none,91.0,0.0,-0.888403586499346,-0.888403586499346,0.888403586499346
Random Forest Moderate Extreme,Random Forest,moderate_extreme,none,91.0,-2.321928,-1.67597888601162,0.6459491139883802,0.6459491139883802
Random Forest Moderate Extreme,Random Forest,moderate_extreme,none,91.0,-1.0,-1.314975448925145,-0.31497544892514506,0.31497544892514506
Random Forest Moderate Extreme,Random Forest,moderate_extreme,none,92.0,-1.0,-1.989403974471816,-0.9894039744718159,0.9894039744718159
Random Forest Moderate Extreme,Random Forest,moderate_extreme,none,92.0,-2.321928,-1.4310978240061552,0.8908301759938451,0.8908301759938451
Random Forest Moderate Extreme,Random Forest,moderate_extreme,none,92.0,-0.428571429,-0.8137515280938237,-0.38518009909382367,0.38518009909382367
Random Forest Moderate Extreme,Random Forest,moderate_extreme,none,92.0,0.2,-1.5028423022331436,-1.7028423022331436,1.7028423022331436
Random Forest Moderate Extreme,Random Forest,moderate_extreme,none,92.0,-1.0,-1.343528645401729,-0.343528645401729,0.343528645401729
Random Forest Moderate Extreme,Random Forest,moderate_extreme,none,97.0,-1.107309333,-1.4783267386589227,-0.3710174056589228,0.3710174056589228
Random Forest Moderate Extreme,Random Forest,moderate_extreme,none,97.0,0.0,-1.2152308259350282,-1.2152308259350282,1.2152308259350282
Random Forest Moderate Extreme,Random Forest,moderate_extreme,none,97.0,0.25,-1.1875846845334062,-1.4375846845334062,1.4375846845334062
Random Forest Moderate Extreme,Random Forest,moderate_extreme,none,97.0,0.0,-2.642778618151276,-2.642778618151276,2.642778618151276
Random Forest Moderate Extreme,Random Forest,moderate_extreme,none,99.0,-0.5,-2.785402134525956,-2.285402134525956,2.285402134525956
Random Forest Moderate Extreme,Random Forest,moderate_extreme,none,99.0,0.0,-2.1665277902043223,-2.1665277902043223,2.1665277902043223
Random Forest Moderate Extreme,Random Forest,moderate_extreme,none,99.0,-2.321928,-2.8341868994436634,-0.5122588994436632,0.5122588994436632
Random Forest Moderate Extreme,Random Forest,moderate_extreme,none,99.0,0.0,-1.7398172112401777,-1.7398172112401777,1.7398172112401777
Random Forest Moderate Extreme,Random Forest,moderate_extreme,none,102.0,-0.5,-1.2257360334335956,-0.7257360334335956,0.7257360334335956
Random Forest Moderate Extreme,Random Forest,moderate_extreme,none,102.0,0.333333333,-1.04666807671867,-1.3800014097186701,1.3800014097186701
Random Forest Moderate Extreme,Random Forest,moderate_extreme,none,102.0,-0.666666667,-1.237995357774334,-0.5713286907743339,0.5713286907743339
Random Forest Moderate Extreme,Random Forest,moderate_extreme,none,102.0,0.0,-0.8521422696880916,-0.8521422696880916,0.8521422696880916
Random Forest Moderate Extreme,Random Forest,moderate_extreme,none,103.0,-0.666666667,-3.1643502761415467,-2.497683609141547,2.497683609141547
Random Forest Moderate Extreme,Random Forest,moderate_extreme,none,110.0,0.0,-2.0310479805782315,-2.0310479805782315,2.0310479805782315
Random Forest Moderate Extreme,Random Forest,moderate_extreme,none,110.0,-0.5,-1.2398428659544882,-0.7398428659544882,0.7398428659544882
Random Forest Moderate Extreme,Random Forest,moderate_extreme,none,110.0,-1.0,-1.340189314268446,-0.340189314268446,0.340189314268446
Random Forest Moderate Extreme,Random Forest,moderate_extreme,none,110.0,-2.321928,-1.6998592988548837,0.6220687011451165,0.6220687011451165
Random Forest Moderate Extreme,Random Forest,moderate_extreme,none,120.0,-2.321928,-0.7735428962923404,1.54838510370766,1.54838510370766
Random Forest Moderate Extreme,Random Forest,moderate_extreme,none,120.0,-3.821928,-2.9236745464279945,0.8982534535720057,0.8982534535720057
Random Forest Moderate Extreme,Random Forest,moderate_extreme,none,125.0,0.0,-0.7397822230402594,-0.7397822230402594,0.7397822230402594
Random Forest Moderate Extreme,Random Forest,moderate_extreme,none,125.0,0.0,-0.9204793557674649,-0.9204793557674649,0.9204793557674649
Random Forest Moderate Extreme,Random Forest,moderate_extreme,none,125.0,0.0,-0.9120664206374698,-0.9120664206374698,0.9120664206374698
Random Forest Moderate Extreme,Random Forest,moderate_extreme,none,125.0,-5.321928,-4.030026397358061,1.2919016026419392,1.2919016026419392
Random Forest Moderate Extreme,Random Forest,moderate_extreme,none,125.0,-2.321928,-3.0179974385986306,-0.6960694385986304,0.6960694385986304
Random Forest Moderate Extreme,Random Forest,moderate_extreme,none,133.0,-3.821928,-0.8887329211982256,2.9331950788017744,2.9331950788017744
Random Forest Moderate Extreme,Random Forest,moderate_extreme,none,133.0,0.0,-1.1874697858027017,-1.1874697858027017,1.1874697858027017
Random Forest Moderate Extreme,Random Forest,moderate_extreme,none,135.0,-3.321928,-2.7893225720901262,0.532605427909874,0.532605427909874
Random Forest Moderate Extreme,Random Forest,moderate_extreme,none,135.0,0.0,-0.567016454331939,-0.567016454331939,0.567016454331939
Random Forest Moderate Extreme,Random Forest,moderate_extreme,none,135.0,-2.321928,-1.3939001480474658,0.9280278519525345,0.9280278519525345
Random Forest Moderate Extreme,Random Forest,moderate_extreme,none,138.0,0.0,-1.788829242783617,-1.788829242783617,1.788829242783617
Random Forest Moderate Extreme,Random Forest,moderate_extreme,none,138.0,0.0,-1.7145842612967437,-1.7145842612967437,1.7145842612967437
Random Forest Moderate Extreme,Random Forest,moderate_extreme,none,138.0,0.0,-3.459525945208187,-3.459525945208187,3.459525945208187
Random Forest Moderate Extreme,Random Forest,moderate_extreme,none,138.0,0.0,-3.4862537914649017,-3.4862537914649017,3.4862537914649017
Random Forest Moderate Extreme,Random Forest,moderate_extreme,none,139.0,0.333333333,-0.8300316799081732,-1.1633650129081732,1.1633650129081732
Random Forest Moderate Extreme,Random Forest,moderate_extreme,none,139.0,-0.5,-1.1275498257420622,-0.6275498257420622,0.6275498257420622
Random Forest Moderate Extreme,Random Forest,moderate_extreme,none,139.0,0.0,-0.7490796854017219,-0.7490796854017219,0.7490796854017219
Random Forest Moderate Extreme,Random Forest,moderate_extreme,none,141.0,-1.0,-3.6312861470694457,-2.6312861470694457,2.6312861470694457
Random Forest Moderate Extreme,Random Forest,moderate_extreme,none,141.0,-0.666666667,-3.654179294962343,-2.987512627962343,2.987512627962343
Random Forest Moderate Extreme,Random Forest,moderate_extreme,none,144.0,0.0,-0.8096197274476468,-0.8096197274476468,0.8096197274476468
Random Forest Moderate Extreme,Random Forest,moderate_extreme,none,144.0,0.0,-0.9015444062799939,-0.9015444062799939,0.9015444062799939
Random Forest Moderate Extreme,Random Forest,moderate_extreme,none,144.0,-1.107309333,-0.9407424306713957,0.16656690232860416,0.16656690232860416
Random Forest Moderate Extreme,Random Forest,moderate_extreme,none,156.0,-0.5,-1.3499440802928913,-0.8499440802928913,0.8499440802928913
Random Forest Moderate Extreme,Random Forest,moderate_extreme,none,156.0,0.25,-1.4293410032232412,-1.6793410032232412,1.6793410032232412
Random Forest Moderate Extreme,Random Forest,moderate_extreme,none,156.0,1.0,-2.9632502651765025,-3.9632502651765025,3.9632502651765025
Random Forest Moderate Extreme,Random Forest,moderate_extreme,none,160.0,-1.0,-0.9514304959909672,0.048569504009032816,0.048569504009032816
Random Forest Moderate Extreme,Random Forest,moderate_extreme,none,160.0,-0.5,-2.45287471030318,-1.9528747103031798,1.9528747103031798
Random Forest Moderate Extreme,Random Forest,moderate_extreme,none,160.0,-0.5,-0.734290838733811,-0.23429083873381096,0.23429083873381096
Random Forest Moderate Extreme,Random Forest,moderate_extreme,none,160.0,-1.0,-3.0689518197539916,-2.0689518197539916,2.0689518197539916
Random Forest Moderate Extreme,Random Forest,moderate_extreme,none,165.0,-1.0,-1.1586679446712305,-0.15866794467123047,0.15866794467123047
Random Forest Moderate Extreme,Random Forest,moderate_extreme,none,165.0,-0.333333333,-1.6808457155198524,-1.3475123825198523,1.3475123825198523
Random Forest Moderate Extreme,Random Forest,moderate_extreme,none,165.0,-1.160964,-1.184941838319207,-0.023977838319206857,0.023977838319206857
Random Forest Moderate Extreme,Random Forest,moderate_extreme,none,165.0,-1.0,-1.9626342857240537,-0.9626342857240537,0.9626342857240537
Random Forest Moderate Extreme,Random Forest,moderate_extreme,none,166.0,0.0,-1.4044548726173756,-1.4044548726173756,1.4044548726173756
Random Forest Moderate Extreme,Random Forest,moderate_extreme,none,166.0,0.0,-1.1402518094651022,-1.1402518094651022,1.1402518094651022
Random Forest Moderate Extreme,Random Forest,moderate_extreme,none,166.0,-0.666666667,-1.430885397448543,-0.7642187304485429,0.7642187304485429
Random Forest Moderate Extreme,Random Forest,moderate_extreme,none,166.0,0.0,-1.5450581870680096,-1.5450581870680096,1.5450581870680096
Random Forest Moderate Extreme,Random Forest,moderate_extreme,none,171.0,-0.166666667,-1.7123423148149002,-1.5456756478149,1.5456756478149
Random Forest Moderate Extreme,Random Forest,moderate_extreme,none,171.0,0.0,-1.500106465105352,-1.500106465105352,1.500106465105352
Random Forest Moderate Extreme,Random Forest,moderate_extreme,none,171.0,0.0,-2.973019745232846,-2.973019745232846,2.973019745232846
Random Forest Moderate Extreme,Random Forest,moderate_extreme,none,171.0,-0.25,-1.7965153065286112,-1.5465153065286112,1.5465153065286112
Random Forest Moderate Extreme,Random Forest,moderate_extreme,none,176.0,-0.5,-1.3387476730117325,-0.8387476730117325,0.8387476730117325
Random Forest Moderate Extreme,Random Forest,moderate_extreme,none,176.0,-1.0,-1.759703053539111,-0.7597030535391109,0.7597030535391109
Random Forest Moderate Extreme,Random Forest,moderate_extreme,none,188.0,0.0,-0.6970746965538591,-0.6970746965538591,0.6970746965538591
Random Forest Moderate Extreme,Random Forest,moderate_extreme,none,188.0,0.0,-1.137891491804632,-1.137891491804632,1.137891491804632
Random Forest Moderate Extreme,Random Forest,moderate_extreme,none,194.0,0.0,-0.9165839254378909,-0.9165839254378909,0.9165839254378909
Random Forest Moderate Extreme,Random Forest,moderate_extreme,none,194.0,0.0,-3.7966075631303053,-3.7966075631303053,3.7966075631303053
Random Forest Moderate Extreme,Random Forest,moderate_extreme,none,194.0,0.0,-0.9975976678927789,-0.9975976678927789,0.9975976678927789
Random Forest Moderate Extreme,Random Forest,moderate_extreme,none,194.0,-0.333333333,-1.9040334890550206,-1.5707001560550204,1.5707001560550204
Random Forest Moderate Extreme,Random Forest,moderate_extreme,none,196.0,0.0,-0.5780667208212293,-0.5780667208212293,0.5780667208212293
Random Forest Moderate Extreme,Random Forest,moderate_extreme,none,196.0,-1.0,-4.573803046737312,-3.5738030467373116,3.5738030467373116
Random Forest Moderate Extreme,Random Forest,moderate_extreme,none,196.0,0.0,-3.187551772514565,-3.187551772514565,3.187551772514565
Random Forest Moderate Extreme,Random Forest,moderate_extreme,none,200.0,-2.321928,-3.737124098153368,-1.415196098153368,1.415196098153368
Random Forest Moderate Extreme,Random Forest,moderate_extreme,none,200.0,0.0,-0.712134927021825,-0.712134927021825,0.712134927021825
Random Forest Moderate Extreme,Random Forest,moderate_extreme,none,200.0,0.0,-1.0393500810148257,-1.0393500810148257,1.0393500810148257
Random Forest Moderate Extreme,Random Forest,moderate_extreme,none,200.0,0.0,-0.6957368552864337,-0.6957368552864337,0.6957368552864337
Random Forest Moderate Extreme,Random Forest,moderate_extreme,none,200.0,0.0,-0.9424374254116058,-0.9424374254116058,0.9424374254116058
Random Forest Moderate Extreme,Random Forest,moderate_extreme,none,217.0,-0.2,-1.5726215313409,-1.3726215313409,1.3726215313409
Random Forest Moderate Extreme,Random Forest,moderate_extreme,none,217.0,0.0,-2.0788195322020733,-2.0788195322020733,2.0788195322020733
Random Forest Moderate Extreme,Random Forest,moderate_extreme,none,217.0,-0.924658667,-2.2843669271114906,-1.3597082601114905,1.3597082601114905
Random Forest Moderate Extreme,Random Forest,moderate_extreme,none,218.0,-2.321928,-0.6160915586423276,1.7058364413576728,1.7058364413576728
Random Forest Moderate Extreme,Random Forest,moderate_extreme,none,218.0,-3.321928,-3.050045148368929,0.2718828516310712,0.2718828516310712
Random Forest Moderate Extreme,Random Forest,moderate_extreme,none,218.0,-4.321928,-0.5849193220612717,3.737008677938728,3.737008677938728
Random Forest Moderate Extreme,Random Forest,moderate_extreme,none,218.0,-4.321928,-1.0014416262056096,3.32048637379439,3.32048637379439
Random Forest Moderate Extreme,Random Forest,moderate_extreme,none,221.0,-0.666666667,-3.1794844396630157,-2.512817772663016,2.512817772663016
Random Forest Moderate Extreme,Random Forest,moderate_extreme,none,221.0,0.0,-0.9439596538590959,-0.9439596538590959,0.9439596538590959
Random Forest Moderate Extreme,Random Forest,moderate_extreme,none,221.0,0.0,-0.7443639241780583,-0.7443639241780583,0.7443639241780583
Random Forest Moderate Extreme,Random Forest,moderate_extreme,none,221.0,-1.0,-2.357538164310538,-1.357538164310538,1.357538164310538
Random Forest Moderate Extreme,Random Forest,moderate_extreme,none,221.0,0.0,-1.6418048048920517,-1.6418048048920517,1.6418048048920517
Random Forest Moderate Extreme,Random Forest,moderate_extreme,none,228.0,-1.0,-1.8480516361040695,-0.8480516361040695,0.8480516361040695
Random Forest Moderate Extreme,Random Forest,moderate_extreme,none,228.0,-1.881285333,-1.9535259213387937,-0.07224058833879377,0.07224058833879377
Random Forest Moderate Extreme,Random Forest,moderate_extreme,none,228.0,-2.321928,-3.213047128712441,-0.8911191287124409,0.8911191287124409
Random Forest Moderate Extreme,Random Forest,moderate_extreme,none,233.0,-5.321928,-2.8354297831758544,2.4864982168241454,2.4864982168241454
Random Forest Moderate Extreme,Random Forest,moderate_extreme,none,233.0,0.0,-1.3346570349970652,-1.3346570349970652,1.3346570349970652
Random Forest Moderate Extreme,Random Forest,moderate_extreme,none,233.0,-5.321928,-2.603502092802725,2.718425907197275,2.718425907197275
Random Forest Moderate Extreme,Random Forest,moderate_extreme,none,233.0,-3.321928,-2.998626212666013,0.3233017873339872,0.3233017873339872
Random Forest Moderate Extreme,Random Forest,moderate_extreme,none,239.0,-5.321928,-3.055391564843037,2.266536435156963,2.266536435156963
Random Forest Moderate Extreme,Random Forest,moderate_extreme,none,239.0,-5.321928,-2.9913101578616135,2.3306178421383863,2.3306178421383863
Random Forest Moderate Extreme,Random Forest,moderate_extreme,none,239.0,-5.321928,-3.1100929316564243,2.2118350683435755,2.2118350683435755
Random Forest Moderate Extreme,Random Forest,moderate_extreme,none,239.0,-5.321928,-3.213707115336338,2.1082208846636616,2.1082208846636616
Random Forest Moderate Extreme,Random Forest,moderate_extreme,none,240.0,0.0,-1.2202599368655835,-1.2202599368655835,1.2202599368655835
Random Forest Moderate Extreme,Random Forest,moderate_extreme,none,240.0,-4.321928,-2.568234288190373,1.753693711809627,1.753693711809627
Random Forest Moderate Extreme,Random Forest,moderate_extreme,none,240.0,-5.321928,-2.6489498454466385,2.6729781545533613,2.6729781545533613
Random Forest Moderate Extreme,Random Forest,moderate_extreme,none,240.0,-1.0,-1.2235421646988678,-0.22354216469886778,0.22354216469886778
Random Forest Moderate Extreme,Random Forest,moderate_extreme,none,247.0,-5.321928,-3.054636579555589,2.2672914204444106,2.2672914204444106
Random Forest Moderate Extreme,Random Forest,moderate_extreme,none,247.0,-5.321928,-3.851721763791805,1.470206236208195,1.470206236208195
Random Forest Moderate Extreme,Random Forest,moderate_extreme,none,247.0,-0.25,-1.0137542165470446,-0.7637542165470446,0.7637542165470446
Random Forest Moderate Extreme,Random Forest,moderate_extreme,none,247.0,-5.321928,-4.039154900997777,1.282773099002223,1.282773099002223
Random Forest Moderate Extreme,Random Forest,moderate_extreme,none,250.0,0.5,-1.756922019549769,-2.2569220195497692,2.2569220195497692
Random Forest Moderate Extreme,Random Forest,moderate_extreme,none,250.0,1.0,-1.9710279111209295,-2.9710279111209292,2.9710279111209292
Random Forest Moderate Extreme,Random Forest,moderate_extreme,none,250.0,0.0,-2.579333473281999,-2.579333473281999,2.579333473281999
Random Forest Moderate Extreme,Random Forest,moderate_extreme,none,250.0,0.0,-1.6316595643036187,-1.6316595643036187,1.6316595643036187
Random Forest Moderate Extreme,Random Forest,moderate_extreme,none,250.0,-0.333333333,-2.470057023622458,-2.136723690622458,2.136723690622458
Random Forest Moderate Extreme,Random Forest,moderate_extreme,none,250.0,0.0,-2.562548191079484,-2.562548191079484,2.562548191079484
Random Forest Moderate Extreme,Random Forest,moderate_extreme,none,255.0,-3.321928,-2.5936481954693598,0.7282798045306405,0.7282798045306405
Random Forest Moderate Extreme,Random Forest,moderate_extreme,none,255.0,-1.7414459999999998,-1.3790665366499537,0.3623794633500461,0.3623794633500461
Random Forest Moderate Extreme,Random Forest,moderate_extreme,none,255.0,-1.881285333,-1.8705539209872053,0.010731412012794594,0.010731412012794594
Random Forest Moderate Extreme,Random Forest,moderate_extreme,none,263.0,-3.321928,-3.3465825561742135,-0.024654556174213305,0.024654556174213305
Random Forest Moderate Extreme,Random Forest,moderate_extreme,none,263.0,-3.988594667,-3.5404753276146717,0.44811933938532844,0.44811933938532844
Random Forest Moderate Extreme,Random Forest,moderate_extreme,none,273.0,0.0,-1.5636688884115422,-1.5636688884115422,1.5636688884115422
Random Forest Moderate Extreme,Random Forest,moderate_extreme,none,273.0,0.5,-1.0907473665434457,-1.5907473665434457,1.5907473665434457
Random Forest Moderate Extreme,Random Forest,moderate_extreme,none,273.0,0.0,-1.7907630547371127,-1.7907630547371127,1.7907630547371127
Random Forest Moderate Extreme,Random Forest,moderate_extreme,none,273.0,0.0,-1.6352517855138635,-1.6352517855138635,1.6352517855138635
Random Forest Moderate Extreme,Random Forest,moderate_extreme,none,278.0,-5.321928,-3.4168170504412583,1.9051109495587415,1.9051109495587415
Random Forest Moderate Extreme,Random Forest,moderate_extreme,none,278.0,0.0,-0.9273987673031784,-0.9273987673031784,0.9273987673031784
Random Forest Moderate Extreme,Random Forest,moderate_extreme,none,278.0,-4.321928,-2.693712626865751,1.6282153731342488,1.6282153731342488
Random Forest Moderate Extreme,Random Forest,moderate_extreme,none,278.0,-1.0,-0.968069834511894,0.03193016548810601,0.03193016548810601
Random Forest Moderate Extreme,Random Forest,moderate_extreme,none,278.0,0.0,-0.7499165669846372,-0.7499165669846372,0.7499165669846372
Random Forest Moderate Extreme,Random Forest,moderate_extreme,none,279.0,-1.0,-2.912049373446945,-1.912049373446945,1.912049373446945
Random Forest Moderate Extreme,Random Forest,moderate_extreme,none,279.0,-5.321928,-4.3450241438987165,0.9769038561012833,0.9769038561012833
Random Forest Moderate Extreme,Random Forest,moderate_extreme,none,279.0,-1.660964,-1.8188713266406615,-0.15790732664066143,0.15790732664066143
Random Forest Moderate Extreme,Random Forest,moderate_extreme,none,283.0,0.0,-0.7687926917607645,-0.7687926917607645,0.7687926917607645
Random Forest Moderate Extreme,Random Forest,moderate_extreme,none,283.0,-0.333333333,-0.44261679851068936,-0.10928346551068935,0.10928346551068935
Random Forest Moderate Extreme,Random Forest,moderate_extreme,none,283.0,0.0,-2.7749505547526923,-2.7749505547526923,2.7749505547526923
Random Forest Moderate Extreme,Random Forest,moderate_extreme,none,283.0,-4.321928,-3.893553732488831,0.4283742675111686,0.4283742675111686
Random Forest Balanced Extreme,Random Forest,balanced_extreme,none,30.0,-0.386988,-1.2934744405964425,-0.9064864405964425,0.9064864405964425
Random Forest Balanced Extreme,Random Forest,balanced_extreme,none,30.0,-1.0,-0.9755315561030113,0.024468443896988656,0.024468443896988656
Random Forest Balanced Extreme,Random Forest,balanced_extreme,none,30.0,-2.321928,-1.1377584612863085,1.1841695387136917,1.1841695387136917
Random Forest Balanced Extreme,Random Forest,balanced_extreme,none,30.0,1.0,-1.1302854425715965,-2.1302854425715965,2.1302854425715965
Random Forest Balanced Extreme,Random Forest,balanced_extreme,none,30.0,0.0,-1.2437715188801821,-1.2437715188801821,1.2437715188801821
Random Forest Balanced Extreme,Random Forest,balanced_extreme,none,33.0,0.0,-2.490138650876633,-2.490138650876633,2.490138650876633
Random Forest Balanced Extreme,Random Forest,balanced_extreme,none,33.0,-1.0,-2.4126974633099807,-1.4126974633099807,1.4126974633099807
Random Forest Balanced Extreme,Random Forest,balanced_extreme,none,33.0,-1.0,-2.011430415845683,-1.011430415845683,1.011430415845683
Random Forest Balanced Extreme,Random Forest,balanced_extreme,none,33.0,0.0,-1.6790148797000857,-1.6790148797000857,1.6790148797000857
Random Forest Balanced Extreme,Random Forest,balanced_extreme,none,34.0,-1.0643856000000005,-1.44558058483047,-0.38119498483046943,0.38119498483046943
Random Forest Balanced Extreme,Random Forest,balanced_extreme,none,34.0,0.0,-1.3757613487361102,-1.3757613487361102,1.3757613487361102
Random Forest Balanced Extreme,Random Forest,balanced_extreme,none,34.0,-5.321928,-2.988969105638316,2.332958894361684,2.332958894361684
Random Forest Balanced Extreme,Random Forest,balanced_extreme,none,34.0,-1.0,-1.1601121333117776,-0.16011213331177765,0.16011213331177765
Random Forest Balanced Extreme,Random Forest,balanced_extreme,none,34.0,-4.821928,-3.3269932053391496,1.4949347946608502,1.4949347946608502
Random Forest Balanced Extreme,Random Forest,balanced_extreme,none,39.0,1.0,-1.282786458765443,-2.282786458765443,2.282786458765443
Random Forest Balanced Extreme,Random Forest,balanced_extreme,none,39.0,-0.5,-2.3230732059849015,-1.8230732059849015,1.8230732059849015
Random Forest Balanced Extreme,Random Forest,balanced_extreme,none,39.0,0.0,-3.930412869685712,-3.930412869685712,3.930412869685712
Random Forest Balanced Extreme,Random Forest,balanced_extreme,none,39.0,0.0,-3.8148906491872148,-3.8148906491872148,3.8148906491872148
Random Forest Balanced Extreme,Random Forest,balanced_extreme,none,39.0,0.0,-1.1319520578717182,-1.1319520578717182,1.1319520578717182
Random Forest Balanced Extreme,Random Forest,balanced_extreme,none,42.0,-1.0,-1.0951990773191822,-0.0951990773191822,0.0951990773191822
Random Forest Balanced Extreme,Random Forest,balanced_extreme,none,42.0,0.25,-0.7277738239732379,-0.9777738239732379,0.9777738239732379
Random Forest Balanced Extreme,Random Forest,balanced_extreme,none,42.0,-5.321928,-2.668798762948997,2.6531292370510027,2.6531292370510027
Random Forest Balanced Extreme,Random Forest,balanced_extreme,none,42.0,-5.321928,-3.4439715943165057,1.877956405683494,1.877956405683494
Random Forest Balanced Extreme,Random Forest,balanced_extreme,none,43.0,-0.666666667,-1.425937527057663,-0.7592708600576631,0.7592708600576631
Random Forest Balanced Extreme,Random Forest,balanced_extreme,none,43.0,-3.321928,-2.2879546236371158,1.0339733763628844,1.0339733763628844
Random Forest Balanced Extreme,Random Forest,balanced_extreme,none,43.0,-5.321928,-3.8445098129276056,1.4774181870723941,1.4774181870723941
Random Forest Balanced Extreme,Random Forest,balanced_extreme,none,43.0,-1.0,-1.3183476173630593,-0.3183476173630593,0.3183476173630593
Random Forest Balanced Extreme,Random Forest,balanced_extreme,none,48.0,0.0,-1.8199988997622338,-1.8199988997622338,1.8199988997622338
Random Forest Balanced Extreme,Random Forest,balanced_extreme,none,48.0,-1.0,-2.6740528773376915,-1.6740528773376915,1.6740528773376915
Random Forest Balanced Extreme,Random Forest,balanced_extreme,none,48.0,-1.0,-2.0669504928867304,-1.0669504928867304,1.0669504928867304
Random Forest Balanced Extreme,Random Forest,balanced_extreme,none,48.0,-1.991446,-2.71898183462706,-0.7275358346270597,0.7275358346270597
Random Forest Balanced Extreme,Random Forest,balanced_extreme,none,49.0,0.0,-0.42214095592632384,-0.42214095592632384,0.42214095592632384
Random Forest Balanced Extreme,Random Forest,balanced_extreme,none,49.0,-2.321928,-2.609934121071093,-0.2880061210710929,0.2880061210710929
Random Forest Balanced Extreme,Random Forest,balanced_extreme,none,49.0,0.0,-0.7782073432823877,-0.7782073432823877,0.7782073432823877
Random Forest Balanced Extreme,Random Forest,balanced_extreme,none,49.0,-2.321928,-3.8850805257828407,-1.5631525257828405,1.5631525257828405
Random Forest Balanced Extreme,Random Forest,balanced_extreme,none,49.0,-3.321928,-3.1525205884770813,0.16940741152291894,0.16940741152291894
Random Forest Balanced Extreme,Random Forest,balanced_extreme,none,54.0,0.0,-0.9092809661963612,-0.9092809661963612,0.9092809661963612
Random Forest Balanced Extreme,Random Forest,balanced_extreme,none,54.0,-1.370723,-3.913122171731132,-2.542399171731132,2.542399171731132
Random Forest Balanced Extreme,Random Forest,balanced_extreme,none,54.0,0.25,-2.7139149633034485,-2.9639149633034485,2.9639149633034485
Random Forest Balanced Extreme,Random Forest,balanced_extreme,none,54.0,0.333333333,-0.42764144705158225,-0.7609747800515823,0.7609747800515823
Random Forest Balanced Extreme,Random Forest,balanced_extreme,none,57.0,0.0,-2.4766768612581846,-2.4766768612581846,2.4766768612581846
Random Forest Balanced Extreme,Random Forest,balanced_extreme,none,57.0,0.0,-2.401574174881297,-2.401574174881297,2.401574174881297
Random Forest Balanced Extreme,Random Forest,balanced_extreme,none,57.0,0.0,-1.5649779007383673,-1.5649779007383673,1.5649779007383673
Random Forest Balanced Extreme,Random Forest,balanced_extreme,none,57.0,0.0,-2.7806991135970116,-2.7806991135970116,2.7806991135970116
Random Forest Balanced Extreme,Random Forest,balanced_extreme,none,69.0,-5.321928,-3.0902057216145016,2.231722278385498,2.231722278385498
Random Forest Balanced Extreme,Random Forest,balanced_extreme,none,69.0,-2.821928,-2.033761597034348,0.7881664029656523,0.7881664029656523
Random Forest Balanced Extreme,Random Forest,balanced_extreme,none,69.0,-4.321928,-1.4530822597988584,2.8688457402011416,2.8688457402011416
Random Forest Balanced Extreme,Random Forest,balanced_extreme,none,69.0,-1.214618667,-0.9243455862817229,0.2902730807182772,0.2902730807182772
Random Forest Balanced Extreme,Random Forest,balanced_extreme,none,70.0,-1.0,-0.8783356075186032,0.12166439248139682,0.12166439248139682
Random Forest Balanced Extreme,Random Forest,balanced_extreme,none,70.0,-1.5287712,-0.9068820809350997,0.6218891190649003,0.6218891190649003
Random Forest Balanced Extreme,Random Forest,balanced_extreme,none,70.0,0.0,-2.3199652444330616,-2.3199652444330616,2.3199652444330616
Random Forest Balanced Extreme,Random Forest,balanced_extreme,none,70.0,-4.321928,-2.0509734702580915,2.2709545297419083,2.2709545297419083
Random Forest Balanced Extreme,Random Forest,balanced_extreme,none,70.0,-0.666666667,-0.9929575502254306,-0.32629088322543065,0.32629088322543065
Random Forest Balanced Extreme,Random Forest,balanced_extreme,none,90.0,0.0,-1.2242955407432023,-1.2242955407432023,1.2242955407432023
Random Forest Balanced Extreme,Random Forest,balanced_extreme,none,90.0,-1.7739759999999998,-2.453850442623684,-0.6798744426236842,0.6798744426236842
Random Forest Balanced Extreme,Random Forest,balanced_extreme,none,90.0,0.0,-2.9281161142219703,-2.9281161142219703,2.9281161142219703
Random Forest Balanced Extreme,Random Forest,balanced_extreme,none,90.0,-0.4,-1.163799333427021,-0.7637993334270209,0.7637993334270209
Random Forest Balanced Extreme,Random Forest,balanced_extreme,none,90.0,0.333333333,-3.3604872046615233,-3.6938205376615234,3.6938205376615234
Random Forest Balanced Extreme,Random Forest,balanced_extreme,none,91.0,-3.321928,-1.852141844845194,1.4697861551548062,1.4697861551548062
Random Forest Balanced Extreme,Random Forest,balanced_extreme,none,91.0,0.0,-0.7710058754432457,-0.7710058754432457,0.7710058754432457
Random Forest Balanced Extreme,Random Forest,balanced_extreme,none,91.0,-2.321928,-1.6220624190745987,0.6998655809254015,0.6998655809254015
Random Forest Balanced Extreme,Random Forest,balanced_extreme,none,91.0,-1.0,-1.134297907560387,-0.13429790756038695,0.13429790756038695
Random Forest Balanced Extreme,Random Forest,balanced_extreme,none,92.0,-1.0,-1.8722507142479137,-0.8722507142479137,0.8722507142479137
Random Forest Balanced Extreme,Random Forest,balanced_extreme,none,92.0,-2.321928,-1.3235624134600854,0.9983655865399148,0.9983655865399148
Random Forest Balanced Extreme,Random Forest,balanced_extreme,none,92.0,-0.428571429,-0.6717508050842125,-0.24317937608421247,0.24317937608421247
Random Forest Balanced Extreme,Random Forest,balanced_extreme,none,92.0,0.2,-1.5767312172089003,-1.7767312172089003,1.7767312172089003
Random Forest Balanced Extreme,Random Forest,balanced_extreme,none,92.0,-1.0,-1.251782121630397,-0.25178212163039704,0.25178212163039704
Random Forest Balanced Extreme,Random Forest,balanced_extreme,none,97.0,-1.107309333,-1.4362980348420973,-0.3289887018420974,0.3289887018420974
Random Forest Balanced Extreme,Random Forest,balanced_extreme,none,97.0,0.0,-1.1040357723569423,-1.1040357723569423,1.1040357723569423
Random Forest Balanced Extreme,Random Forest,balanced_extreme,none,97.0,0.25,-1.0820851112237135,-1.3320851112237135,1.3320851112237135
Random Forest Balanced Extreme,Random Forest,balanced_extreme,none,97.0,0.0,-2.788990908484404,-2.788990908484404,2.788990908484404
Random Forest Balanced Extreme,Random Forest,balanced_extreme,none,99.0,-0.5,-2.716266361776957,-2.216266361776957,2.216266361776957
Random Forest Balanced Extreme,Random Forest,balanced_extreme,none,99.0,0.0,-2.082973906118493,-2.082973906118493,2.082973906118493
Random Forest Balanced Extreme,Random Forest,balanced_extreme,none,99.0,-2.321928,-2.8577016830097546,-0.5357736830097544,0.5357736830097544
Random Forest Balanced Extreme,Random Forest,balanced_extreme,none,99.0,0.0,-1.5461774416586842,-1.5461774416586842,1.5461774416586842
Random Forest Balanced Extreme,Random Forest,balanced_extreme,none,102.0,-0.5,-1.2548492342160935,-0.7548492342160935,0.7548492342160935
Random Forest Balanced Extreme,Random Forest,balanced_extreme,none,102.0,0.333333333,-1.0455835287062598,-1.37891686170626,1.37891686170626
Random Forest Balanced Extreme,Random Forest,balanced_extreme,none,102.0,-0.666666667,-1.2502092651389796,-0.5835425981389796,0.5835425981389796
Random Forest Balanced Extreme,Random Forest,balanced_extreme,none,102.0,0.0,-0.8078217104195691,-0.8078217104195691,0.8078217104195691
Random Forest Balanced Extreme,Random Forest,balanced_extreme,none,103.0,-0.666666667,-3.2522466336495817,-2.585579966649582,2.585579966649582
Random Forest Balanced Extreme,Random Forest,balanced_extreme,none,110.0,0.0,-1.783223017357938,-1.783223017357938,1.783223017357938
Random Forest Balanced Extreme,Random Forest,balanced_extreme,none,110.0,-0.5,-1.0225660170008493,-0.5225660170008493,0.5225660170008493
Random Forest Balanced Extreme,Random Forest,balanced_extreme,none,110.0,-1.0,-1.0058986108559802,-0.005898610855980202,0.005898610855980202
Random Forest Balanced Extreme,Random Forest,balanced_extreme,none,110.0,-2.321928,-1.3180620917573624,1.0038659082426378,1.0038659082426378
Random Forest Balanced Extreme,Random Forest,balanced_extreme,none,120.0,-2.321928,-0.8051928390820677,1.5167351609179325,1.5167351609179325
Random Forest Balanced Extreme,Random Forest,balanced_extreme,none,120.0,-3.821928,-2.946096349343055,0.875831650656945,0.875831650656945
Random Forest Balanced Extreme,Random Forest,balanced_extreme,none,125.0,0.0,-0.7197081764109348,-0.7197081764109348,0.7197081764109348
Random Forest Balanced Extreme,Random Forest,balanced_extreme,none,125.0,0.0,-0.8678244889273732,-0.8678244889273732,0.8678244889273732
Random Forest Balanced Extreme,Random Forest,balanced_extreme,none,125.0,0.0,-0.9235045234434474,-0.9235045234434474,0.9235045234434474
Random Forest Balanced Extreme,Random Forest,balanced_extreme,none,125.0,-5.321928,-3.977300968990858,1.344627031009142,1.344627031009142
Random Forest Balanced Extreme,Random Forest,balanced_extreme,none,125.0,-2.321928,-3.0788318846341145,-0.7569038846341143,0.7569038846341143
Random Forest Balanced Extreme,Random Forest,balanced_extreme,none,133.0,-3.821928,-0.7703769290600574,3.0515510709399427,3.0515510709399427
Random Forest Balanced Extreme,Random Forest,balanced_extreme,none,133.0,0.0,-1.0229931135565535,-1.0229931135565535,1.0229931135565535
Random Forest Balanced Extreme,Random Forest,balanced_extreme,none,135.0,-3.321928,-2.786193847919373,0.5357341520806274,0.5357341520806274
Random Forest Balanced Extreme,Random Forest,balanced_extreme,none,135.0,0.0,-0.5912416368474127,-0.5912416368474127,0.5912416368474127
Random Forest Balanced Extreme,Random Forest,balanced_extreme,none,135.0,-2.321928,-1.3011240046310342,1.020803995368966,1.020803995368966
Random Forest Balanced Extreme,Random Forest,balanced_extreme,none,138.0,0.0,-1.6992079720274944,-1.6992079720274944,1.6992079720274944
Random Forest Balanced Extreme,Random Forest,balanced_extreme,none,138.0,0.0,-1.7047811663060506,-1.7047811663060506,1.7047811663060506
Random Forest Balanced Extreme,Random Forest,balanced_extreme,none,138.0,0.0,-3.4481734010420713,-3.4481734010420713,3.4481734010420713
Random Forest Balanced Extreme,Random Forest,balanced_extreme,none,138.0,0.0,-3.469068916920817,-3.469068916920817,3.469068916920817
Random Forest Balanced Extreme,Random Forest,balanced_extreme,none,139.0,0.333333333,-0.7702784468521379,-1.1036117798521379,1.1036117798521379
Random Forest Balanced Extreme,Random Forest,balanced_extreme,none,139.0,-0.5,-0.8965931994266307,-0.39659319942663074,0.39659319942663074
Random Forest Balanced Extreme,Random Forest,balanced_extreme,none,139.0,0.0,-0.8036662181215268,-0.8036662181215268,0.8036662181215268
Random Forest Balanced Extreme,Random Forest,balanced_extreme,none,141.0,-1.0,-3.467068406436701,-2.467068406436701,2.467068406436701
Random Forest Balanced Extreme,Random Forest,balanced_extreme,none,141.0,-0.666666667,-3.61908646547449,-2.95241979847449,2.95241979847449
Random Forest Balanced Extreme,Random Forest,balanced_extreme,none,144.0,0.0,-0.8079471516080758,-0.8079471516080758,0.8079471516080758
Random Forest Balanced Extreme,Random Forest,balanced_extreme,none,144.0,0.0,-0.7696079241337982,-0.7696079241337982,0.7696079241337982
Random Forest Balanced Extreme,Random Forest,balanced_extreme,none,144.0,-1.107309333,-0.8455604764001944,0.2617488565998055,0.2617488565998055
Random Forest Balanced Extreme,Random Forest,balanced_extreme,none,156.0,-0.5,-1.213600123208318,-0.713600123208318,0.713600123208318
Random Forest Balanced Extreme,Random Forest,balanced_extreme,none,156.0,0.25,-1.1951713848343872,-1.4451713848343872,1.4451713848343872
Random Forest Balanced Extreme,Random Forest,balanced_extreme,none,156.0,1.0,-2.9111349409996987,-3.9111349409996987,3.9111349409996987
Random Forest Balanced Extreme,Random Forest,balanced_extreme,none,160.0,-1.0,-0.7691359697425076,0.23086403025749236,0.23086403025749236
Random Forest Balanced Extreme,Random Forest,balanced_extreme,none,160.0,-0.5,-2.521017002439901,-2.021017002439901,2.021017002439901
Random Forest Balanced Extreme,Random Forest,balanced_extreme,none,160.0,-0.5,-0.5847663023428711,-0.08476630234287108,0.08476630234287108
Random Forest Balanced Extreme,Random Forest,balanced_extreme,none,160.0,-1.0,-3.0206979769941897,-2.0206979769941897,2.0206979769941897
Random Forest Balanced Extreme,Random Forest,balanced_extreme,none,165.0,-1.0,-1.0711473387677357,-0.07114733876773571,0.07114733876773571
Random Forest Balanced Extreme,Random Forest,balanced_extreme,none,165.0,-0.333333333,-1.5387331661782322,-1.205399833178232,1.205399833178232
Random Forest Balanced Extreme,Random Forest,balanced_extreme,none,165.0,-1.160964,-1.1681939296308346,-0.007229929630834464,0.007229929630834464
Random Forest Balanced Extreme,Random Forest,balanced_extreme,none,165.0,-1.0,-1.7181329435107497,-0.7181329435107497,0.7181329435107497
Random Forest Balanced Extreme,Random Forest,balanced_extreme,none,166.0,0.0,-1.3845173088850167,-1.3845173088850167,1.3845173088850167
Random Forest Balanced Extreme,Random Forest,balanced_extreme,none,166.0,0.0,-1.010005747585998,-1.010005747585998,1.010005747585998
Random Forest Balanced Extreme,Random Forest,balanced_extreme,none,166.0,-0.666666667,-1.3317854091310561,-0.6651187421310562,0.6651187421310562
Random Forest Balanced Extreme,Random Forest,balanced_extreme,none,166.0,0.0,-1.447790898976306,-1.447790898976306,1.447790898976306
Random Forest Balanced Extreme,Random Forest,balanced_extreme,none,171.0,-0.166666667,-1.6110655759645178,-1.444398908964518,1.444398908964518
Random Forest Balanced Extreme,Random Forest,balanced_extreme,none,171.0,0.0,-1.5239137919192725,-1.5239137919192725,1.5239137919192725
Random Forest Balanced Extreme,Random Forest,balanced_extreme,none,171.0,0.0,-2.792251189920412,-2.792251189920412,2.792251189920412
Random Forest Balanced Extreme,Random Forest,balanced_extreme,none,171.0,-0.25,-1.7428637182269595,-1.4928637182269595,1.4928637182269595
Random Forest Balanced Extreme,Random Forest,balanced_extreme,none,176.0,-0.5,-1.2245877737516861,-0.7245877737516861,0.7245877737516861
Random Forest Balanced Extreme,Random Forest,balanced_extreme,none,176.0,-1.0,-1.690885502065147,-0.690885502065147,0.690885502065147
Random Forest Balanced Extreme,Random Forest,balanced_extreme,none,188.0,0.0,-0.6254780102479379,-0.6254780102479379,0.6254780102479379
Random Forest Balanced Extreme,Random Forest,balanced_extreme,none,188.0,0.0,-0.9736658890531851,-0.9736658890531851,0.9736658890531851
Random Forest Balanced Extreme,Random Forest,balanced_extreme,none,194.0,0.0,-0.937041449193491,-0.937041449193491,0.937041449193491
Random Forest Balanced Extreme,Random Forest,balanced_extreme,none,194.0,0.0,-3.6926048644620693,-3.6926048644620693,3.6926048644620693
Random Forest Balanced Extreme,Random Forest,balanced_extreme,none,194.0,0.0,-0.9953848330250434,-0.9953848330250434,0.9953848330250434
Random Forest Balanced Extreme,Random Forest,balanced_extreme,none,194.0,-0.333333333,-1.8724719734488562,-1.539138640448856,1.539138640448856
Random Forest Balanced Extreme,Random Forest,balanced_extreme,none,196.0,0.0,-0.4725065944074465,-0.4725065944074465,0.4725065944074465
Random Forest Balanced Extreme,Random Forest,balanced_extreme,none,196.0,-1.0,-4.4065644333647604,-3.4065644333647604,3.4065644333647604
Random Forest Balanced Extreme,Random Forest,balanced_extreme,none,196.0,0.0,-2.928620611691382,-2.928620611691382,2.928620611691382
Random Forest Balanced Extreme,Random Forest,balanced_extreme,none,200.0,-2.321928,-3.713209179184488,-1.391281179184488,1.391281179184488
Random Forest Balanced Extreme,Random Forest,balanced_extreme,none,200.0,0.0,-0.664254523507181,-0.664254523507181,0.664254523507181
Random Forest Balanced Extreme,Random Forest,balanced_extreme,none,200.0,0.0,-0.9226839685068464,-0.9226839685068464,0.9226839685068464
Random Forest Balanced Extreme,Random Forest,balanced_extreme,none,200.0,0.0,-0.6623535831733217,-0.6623535831733217,0.6623535831733217
Random Forest Balanced Extreme,Random Forest,balanced_extreme,none,200.0,0.0,-0.8094650360045254,-0.8094650360045254,0.8094650360045254
Random Forest Balanced Extreme,Random Forest,balanced_extreme,none,217.0,-0.2,-1.6435566272896116,-1.4435566272896116,1.4435566272896116
Random Forest Balanced Extreme,Random Forest,balanced_extreme,none,217.0,0.0,-2.1925254514190513,-2.1925254514190513,2.1925254514190513
Random Forest Balanced Extreme,Random Forest,balanced_extreme,none,217.0,-0.924658667,-2.2071892099147012,-1.2825305429147011,1.2825305429147011
Random Forest Balanced Extreme,Random Forest,balanced_extreme,none,218.0,-2.321928,-0.5653717691352933,1.756556230864707,1.756556230864707
Random Forest Balanced Extreme,Random Forest,balanced_extreme,none,218.0,-3.321928,-2.873006758501914,0.4489212414980863,0.4489212414980863
Random Forest Balanced Extreme,Random Forest,balanced_extreme,none,218.0,-4.321928,-0.551747396599358,3.7701806034006418,3.7701806034006418
Random Forest Balanced Extreme,Random Forest,balanced_extreme,none,218.0,-4.321928,-0.9480139043217642,3.3739140956782356,3.3739140956782356
Random Forest Balanced Extreme,Random Forest,balanced_extreme,none,221.0,-0.666666667,-2.87863515035226,-2.21196848335226,2.21196848335226
Random Forest Balanced Extreme,Random Forest,balanced_extreme,none,221.0,0.0,-0.7869834567621357,-0.7869834567621357,0.7869834567621357
Random Forest Balanced Extreme,Random Forest,balanced_extreme,none,221.0,0.0,-0.7184459328740159,-0.7184459328740159,0.7184459328740159
Random Forest Balanced Extreme,Random Forest,balanced_extreme,none,221.0,-1.0,-2.098661645608326,-1.0986616456083258,1.0986616456083258
Random Forest Balanced Extreme,Random Forest,balanced_extreme,none,221.0,0.0,-1.5069175167924798,-1.5069175167924798,1.5069175167924798
Random Forest Balanced Extreme,Random Forest,balanced_extreme,none,228.0,-1.0,-1.8535925068598518,-0.8535925068598518,0.8535925068598518
Random Forest Balanced Extreme,Random Forest,balanced_extreme,none,228.0,-1.881285333,-1.8676829736118001,0.013602359388199758,0.013602359388199758
Random Forest Balanced Extreme,Random Forest,balanced_extreme,none,228.0,-2.321928,-3.17025009313941,-0.84832209313941,0.84832209313941
Random Forest Balanced Extreme,Random Forest,balanced_extreme,none,233.0,-5.321928,-2.6096355470114228,2.712292452988577,2.712292452988577
Random Forest Balanced Extreme,Random Forest,balanced_extreme,none,233.0,0.0,-1.1714482120259546,-1.1714482120259546,1.1714482120259546
Random Forest Balanced Extreme,Random Forest,balanced_extreme,none,233.0,-5.321928,-2.5335303191595173,2.7883976808404825,2.7883976808404825
Random Forest Balanced Extreme,Random Forest,balanced_extreme,none,233.0,-3.321928,-2.814138389092338,0.5077896109076621,0.5077896109076621
Random Forest Balanced Extreme,Random Forest,balanced_extreme,none,239.0,-5.321928,-3.02939663532015,2.2925313646798497,2.2925313646798497
Random Forest Balanced Extreme,Random Forest,balanced_extreme,none,239.0,-5.321928,-2.9599669191836755,2.3619610808163243,2.3619610808163243
Random Forest Balanced Extreme,Random Forest,balanced_extreme,none,239.0,-5.321928,-2.852578118260382,2.4693498817396176,2.4693498817396176
Random Forest Balanced Extreme,Random Forest,balanced_extreme,none,239.0,-5.321928,-3.0145379283442453,2.3073900716557545,2.3073900716557545
Random Forest Balanced Extreme,Random Forest,balanced_extreme,none,240.0,0.0,-1.3495325672946965,-1.3495325672946965,1.3495325672946965
Random Forest Balanced Extreme,Random Forest,balanced_extreme,none,240.0,-4.321928,-2.6513650295164353,1.6705629704835645,1.6705629704835645
Random Forest Balanced Extreme,Random Forest,balanced_extreme,none,240.0,-5.321928,-2.5486113848316765,2.7733166151683233,2.7733166151683233
Random Forest Balanced Extreme,Random Forest,balanced_extreme,none,240.0,-1.0,-1.253144161461002,-0.25314416146100194,0.25314416146100194
Random Forest Balanced Extreme,Random Forest,balanced_extreme,none,247.0,-5.321928,-2.6678372015410154,2.6540907984589843,2.6540907984589843
Random Forest Balanced Extreme,Random Forest,balanced_extreme,none,247.0,-5.321928,-3.6397350173121494,1.6821929826878503,1.6821929826878503
Random Forest Balanced Extreme,Random Forest,balanced_extreme,none,247.0,-0.25,-0.8972927386637768,-0.6472927386637768,0.6472927386637768
Random Forest Balanced Extreme,Random Forest,balanced_extreme,none,247.0,-5.321928,-3.9909237690385373,1.3310042309614625,1.3310042309614625
Random Forest Balanced Extreme,Random Forest,balanced_extreme,none,250.0,0.5,-1.7120315854486008,-2.212031585448601,2.212031585448601
Random Forest Balanced Extreme,Random Forest,balanced_extreme,none,250.0,1.0,-1.8633515022079703,-2.86335150220797,2.86335150220797
Random Forest Balanced Extreme,Random Forest,balanced_extreme,none,250.0,0.0,-2.630923846719462,-2.630923846719462,2.630923846719462
Random Forest Balanced Extreme,Random Forest,balanced_extreme,none,250.0,0.0,-1.6178789988942142,-1.6178789988942142,1.6178789988942142
Random Forest Balanced Extreme,Random Forest,balanced_extreme,none,250.0,-0.333333333,-2.2916726687070668,-1.9583393357070666,1.9583393357070666
Random Forest Balanced Extreme,Random Forest,balanced_extreme,none,250.0,0.0,-2.365934721533512,-2.365934721533512,2.365934721533512
Random Forest Balanced Extreme,Random Forest,balanced_extreme,none,255.0,-3.321928,-2.556351511221094,0.765576488778906,0.765576488778906
Random Forest Balanced Extreme,Random Forest,balanced_extreme,none,255.0,-1.7414459999999998,-1.3111995554371196,0.4302464445628802,0.4302464445628802
Random Forest Balanced Extreme,Random Forest,balanced_extreme,none,255.0,-1.881285333,-1.71386716203293,0.1674181709670699,0.1674181709670699
Random Forest Balanced Extreme,Random Forest,balanced_extreme,none,263.0,-3.321928,-3.0246197778155164,0.29730822218448383,0.29730822218448383
Random Forest Balanced Extreme,Random Forest,balanced_extreme,none,263.0,-3.988594667,-3.3721235625770776,0.6164711044229225,0.6164711044229225
Random Forest Balanced Extreme,Random Forest,balanced_extreme,none,273.0,0.0,-1.41842416032473,-1.41842416032473,1.41842416032473
Random Forest Balanced Extreme,Random Forest,balanced_extreme,none,273.0,0.5,-1.0105025685402425,-1.5105025685402425,1.5105025685402425
Random Forest Balanced Extreme,Random Forest,balanced_extreme,none,273.0,0.0,-1.83043362891187,-1.83043362891187,1.83043362891187
Random Forest Balanced Extreme,Random Forest,balanced_extreme,none,273.0,0.0,-1.5734564709386232,-1.5734564709386232,1.5734564709386232
Random Forest Balanced Extreme,Random Forest,balanced_extreme,none,278.0,-5.321928,-3.2460863742334958,2.075841625766504,2.075841625766504
Random Forest Balanced Extreme,Random Forest,balanced_extreme,none,278.0,0.0,-0.8285753733404004,-0.8285753733404004,0.8285753733404004
Random Forest Balanced Extreme,Random Forest,balanced_extreme,none,278.0,-4.321928,-2.6363329801717303,1.6855950198282694,1.6855950198282694
Random Forest Balanced Extreme,Random Forest,balanced_extreme,none,278.0,-1.0,-0.8673515540733586,0.13264844592664138,0.13264844592664138
Random Forest Balanced Extreme,Random Forest,balanced_extreme,none,278.0,0.0,-0.6297917479947767,-0.6297917479947767,0.6297917479947767
Random Forest Balanced Extreme,Random Forest,balanced_extreme,none,279.0,-1.0,-2.870421742013533,-1.8704217420135332,1.8704217420135332
Random Forest Balanced Extreme,Random Forest,balanced_extreme,none,279.0,-5.321928,-4.060448541975217,1.261479458024783,1.261479458024783
Random Forest Balanced Extreme,Random Forest,balanced_extreme,none,279.0,-1.660964,-1.77863717945224,-0.11767317945223987,0.11767317945223987
Random Forest Balanced Extreme,Random Forest,balanced_extreme,none,283.0,0.0,-0.7703342496419795,-0.7703342496419795,0.7703342496419795
Random Forest Balanced Extreme,Random Forest,balanced_extreme,none,283.0,-0.333333333,-0.32258306121333175,0.010750271786668264,0.010750271786668264
Random Forest Balanced Extreme,Random Forest,balanced_extreme,none,283.0,0.0,-2.703087662518397,-2.703087662518397,2.703087662518397
Random Forest Balanced Extreme,Random Forest,balanced_extreme,none,283.0,-4.321928,-3.8472768537556457,0.4746511462443541,0.4746511462443541
Extra Trees Baseline,Extra Trees,baseline,none,30.0,-0.386988,-0.7273674305711869,-0.3403794305711869,0.3403794305711869
Extra Trees Baseline,Extra Trees,baseline,none,30.0,-1.0,-0.6521201327687492,0.34787986723125075,0.34787986723125075
Extra Trees Baseline,Extra Trees,baseline,none,30.0,-2.321928,-0.7052048568717129,1.6167231431282874,1.6167231431282874
Extra Trees Baseline,Extra Trees,baseline,none,30.0,1.0,-0.6930406164606947,-1.6930406164606948,1.6930406164606948
Extra Trees Baseline,Extra Trees,baseline,none,30.0,0.0,-0.7420365488510887,-0.7420365488510887,0.7420365488510887
Extra Trees Baseline,Extra Trees,baseline,none,33.0,0.0,-2.194811826751049,-2.194811826751049,2.194811826751049
Extra Trees Baseline,Extra Trees,baseline,none,33.0,-1.0,-1.957536625955402,-0.9575366259554019,0.9575366259554019
Extra Trees Baseline,Extra Trees,baseline,none,33.0,-1.0,-1.7844581309916412,-0.7844581309916412,0.7844581309916412
Extra Trees Baseline,Extra Trees,baseline,none,33.0,0.0,-1.456650316556882,-1.456650316556882,1.456650316556882
Extra Trees Baseline,Extra Trees,baseline,none,34.0,-1.0643856000000005,-0.9526387069090849,0.11174689309091557,0.11174689309091557
Extra Trees Baseline,Extra Trees,baseline,none,34.0,0.0,-0.9137610844896765,-0.9137610844896765,0.9137610844896765
Extra Trees Baseline,Extra Trees,baseline,none,34.0,-5.321928,-2.1906057207023792,3.1313222792976205,3.1313222792976205
Extra Trees Baseline,Extra Trees,baseline,none,34.0,-1.0,-0.9374113256190758,0.06258867438092419,0.06258867438092419
Extra Trees Baseline,Extra Trees,baseline,none,34.0,-4.821928,-2.780418557234587,2.041509442765413,2.041509442765413
Extra Trees Baseline,Extra Trees,baseline,none,39.0,1.0,-1.6369205525253152,-2.636920552525315,2.636920552525315
Extra Trees Baseline,Extra Trees,baseline,none,39.0,-0.5,-2.194184044542594,-1.694184044542594,1.694184044542594
Extra Trees Baseline,Extra Trees,baseline,none,39.0,0.0,-3.477809049956319,-3.477809049956319,3.477809049956319
Extra Trees Baseline,Extra Trees,baseline,none,39.0,0.0,-3.3007716549575123,-3.3007716549575123,3.3007716549575123
Extra Trees Baseline,Extra Trees,baseline,none,39.0,0.0,-1.6205436635537633,-1.6205436635537633,1.6205436635537633
Extra Trees Baseline,Extra Trees,baseline,none,42.0,-1.0,-1.1864984796514655,-0.1864984796514655,0.1864984796514655
Extra Trees Baseline,Extra Trees,baseline,none,42.0,0.25,-0.7451045973879981,-0.9951045973879981,0.9951045973879981
Extra Trees Baseline,Extra Trees,baseline,none,42.0,-5.321928,-2.5015094558611706,2.820418544138829,2.820418544138829
Extra Trees Baseline,Extra Trees,baseline,none,42.0,-5.321928,-2.794283966237512,2.527644033762488,2.527644033762488
Extra Trees Baseline,Extra Trees,baseline,none,43.0,-0.666666667,-1.2182956354306562,-0.5516289684306562,0.5516289684306562
Extra Trees Baseline,Extra Trees,baseline,none,43.0,-3.321928,-1.644509290422721,1.6774187095772792,1.6774187095772792
Extra Trees Baseline,Extra Trees,baseline,none,43.0,-5.321928,-3.1541104843848706,2.167817515615129,2.167817515615129
Extra Trees Baseline,Extra Trees,baseline,none,43.0,-1.0,-1.0499416945529179,-0.04994169455291786,0.04994169455291786
Extra Trees Baseline,Extra Trees,baseline,none,48.0,0.0,-2.0061442826128446,-2.0061442826128446,2.0061442826128446
Extra Trees Baseline,Extra Trees,baseline,none,48.0,-1.0,-2.3340390237815263,-1.3340390237815263,1.3340390237815263
Extra Trees Baseline,Extra Trees,baseline,none,48.0,-1.0,-1.9574006751048683,-0.9574006751048683,0.9574006751048683
Extra Trees Baseline,Extra Trees,baseline,none,48.0,-1.991446,-2.3617092016456303,-0.3702632016456302,0.3702632016456302
Extra Trees Baseline,Extra Trees,baseline,none,49.0,0.0,-0.48037912141410094,-0.48037912141410094,0.48037912141410094
Extra Trees Baseline,Extra Trees,baseline,none,49.0,-2.321928,-2.0972235645181403,0.22470443548185992,0.22470443548185992
Extra Trees Baseline,Extra Trees,baseline,none,49.0,0.0,-0.7136115851944507,-0.7136115851944507,0.7136115851944507
Extra Trees Baseline,Extra Trees,baseline,none,49.0,-2.321928,-2.97143056481642,-0.6495025648164199,0.6495025648164199
Extra Trees Baseline,Extra Trees,baseline,none,49.0,-3.321928,-2.3776909392308707,0.9442370607691295,0.9442370607691295
Extra Trees Baseline,Extra Trees,baseline,none,54.0,0.0,-0.8507376812948662,-0.8507376812948662,0.8507376812948662
Extra Trees Baseline,Extra Trees,baseline,none,54.0,-1.370723,-3.9489419540582356,-2.5782189540582356,2.5782189540582356
Extra Trees Baseline,Extra Trees,baseline,none,54.0,0.25,-2.111984381345731,-2.361984381345731,2.361984381345731
Extra Trees Baseline,Extra Trees,baseline,none,54.0,0.333333333,-0.42762140819099115,-0.7609547411909912,0.7609547411909912
Extra Trees Baseline,Extra Trees,baseline,none,57.0,0.0,-1.3312347822867232,-1.3312347822867232,1.3312347822867232
Extra Trees Baseline,Extra Trees,baseline,none,57.0,0.0,-1.4856088036329644,-1.4856088036329644,1.4856088036329644
Extra Trees Baseline,Extra Trees,baseline,none,57.0,0.0,-1.0689380084780715,-1.0689380084780715,1.0689380084780715
Extra Trees Baseline,Extra Trees,baseline,none,57.0,0.0,-1.437933040446366,-1.437933040446366,1.437933040446366
Extra Trees Baseline,Extra Trees,baseline,none,69.0,-5.321928,-2.5717635680049815,2.7501644319950183,2.7501644319950183
Extra Trees Baseline,Extra Trees,baseline,none,69.0,-2.821928,-1.6990723640853385,1.1228556359146618,1.1228556359146618
Extra Trees Baseline,Extra Trees,baseline,none,69.0,-4.321928,-1.434095923045069,2.887832076954931,2.887832076954931
Extra Trees Baseline,Extra Trees,baseline,none,69.0,-1.214618667,-1.1962266687505096,0.01839199824949045,0.01839199824949045
Extra Trees Baseline,Extra Trees,baseline,none,70.0,-1.0,-0.7049434301121079,0.2950565698878921,0.2950565698878921
Extra Trees Baseline,Extra Trees,baseline,none,70.0,-1.5287712,-0.6834838756952775,0.8452873243047225,0.8452873243047225
Extra Trees Baseline,Extra Trees,baseline,none,70.0,0.0,-1.5168074863974061,-1.5168074863974061,1.5168074863974061
Extra Trees Baseline,Extra Trees,baseline,none,70.0,-4.321928,-1.138333514387997,3.183594485612003,3.183594485612003
Extra Trees Baseline,Extra Trees,baseline,none,70.0,-0.666666667,-0.7128769153697054,-0.04621024836970544,0.04621024836970544
Extra Trees Baseline,Extra Trees,baseline,none,90.0,0.0,-1.273112395108827,-1.273112395108827,1.273112395108827
Extra Trees Baseline,Extra Trees,baseline,none,90.0,-1.7739759999999998,-2.0075203223933227,-0.2335443223933229,0.2335443223933229
Extra Trees Baseline,Extra Trees,baseline,none,90.0,0.0,-2.5585673695781233,-2.5585673695781233,2.5585673695781233
Extra Trees Baseline,Extra Trees,baseline,none,90.0,-0.4,-1.3452926936368732,-0.9452926936368732,0.9452926936368732
Extra Trees Baseline,Extra Trees,baseline,none,90.0,0.333333333,-3.018562077770668,-3.351895410770668,3.351895410770668
Extra Trees Baseline,Extra Trees,baseline,none,91.0,-3.321928,-1.841099392349808,1.4808286076501922,1.4808286076501922
Extra Trees Baseline,Extra Trees,baseline,none,91.0,0.0,-1.1538713232136664,-1.1538713232136664,1.1538713232136664
Extra Trees Baseline,Extra Trees,baseline,none,91.0,-2.321928,-1.6943278375408606,0.6276001624591396,0.6276001624591396
Extra Trees Baseline,Extra Trees,baseline,none,91.0,-1.0,-1.331659837220295,-0.331659837220295,0.331659837220295
Extra Trees Baseline,Extra Trees,baseline,none,92.0,-1.0,-1.655756724716926,-0.655756724716926,0.655756724716926
Extra Trees Baseline,Extra Trees,baseline,none,92.0,-2.321928,-0.9418411508510465,1.3800868491489537,1.3800868491489537
Extra Trees Baseline,Extra Trees,baseline,none,92.0,-0.428571429,-0.7956265363990579,-0.3670551073990579,0.3670551073990579
Extra Trees Baseline,Extra Trees,baseline,none,92.0,0.2,-1.253013720308764,-1.4530137203087639,1.4530137203087639
Extra Trees Baseline,Extra Trees,baseline,none,92.0,-1.0,-1.0498384139325945,-0.04983841393259447,0.04983841393259447
Extra Trees Baseline,Extra Trees,baseline,none,97.0,-1.107309333,-0.6965430031623784,0.4107663298376215,0.4107663298376215
Extra Trees Baseline,Extra Trees,baseline,none,97.0,0.0,-0.6040880127111123,-0.6040880127111123,0.6040880127111123
Extra Trees Baseline,Extra Trees,baseline,none,97.0,0.25,-0.5108944870639329,-0.7608944870639329,0.7608944870639329
Extra Trees Baseline,Extra Trees,baseline,none,97.0,0.0,-2.146160838913825,-2.146160838913825,2.146160838913825
Extra Trees Baseline,Extra Trees,baseline,none,99.0,-0.5,-2.483093969021994,-1.983093969021994,1.983093969021994
Extra Trees Baseline,Extra Trees,baseline,none,99.0,0.0,-1.7851974696489745,-1.7851974696489745,1.7851974696489745
Extra Trees Baseline,Extra Trees,baseline,none,99.0,-2.321928,-2.268387795455328,0.05354020454467223,0.05354020454467223
Extra Trees Baseline,Extra Trees,baseline,none,99.0,0.0,-1.4582858887087262,-1.4582858887087262,1.4582858887087262
Extra Trees Baseline,Extra Trees,baseline,none,102.0,-0.5,-0.6689231227644613,-0.1689231227644613,0.1689231227644613
Extra Trees Baseline,Extra Trees,baseline,none,102.0,0.333333333,-0.6256231639566201,-0.9589564969566201,0.9589564969566201
Extra Trees Baseline,Extra Trees,baseline,none,102.0,-0.666666667,-0.6370689348800044,0.029597732119995612,0.029597732119995612
Extra Trees Baseline,Extra Trees,baseline,none,102.0,0.0,-0.5167178309550363,-0.5167178309550363,0.5167178309550363
Extra Trees Baseline,Extra Trees,baseline,none,103.0,-0.666666667,-2.772475278404169,-2.105808611404169,2.105808611404169
Extra Trees Baseline,Extra Trees,baseline,none,110.0,0.0,-1.7030134115215172,-1.7030134115215172,1.7030134115215172
Extra Trees Baseline,Extra Trees,baseline,none,110.0,-0.5,-1.6477007100089625,-1.1477007100089625,1.1477007100089625
Extra Trees Baseline,Extra Trees,baseline,none,110.0,-1.0,-1.5564181718021886,-0.5564181718021886,0.5564181718021886
Extra Trees Baseline,Extra Trees,baseline,none,110.0,-2.321928,-1.8405467684500179,0.48138123154998236,0.48138123154998236
Extra Trees Baseline,Extra Trees,baseline,none,120.0,-2.321928,-0.7315701006230483,1.590357899376952,1.590357899376952
Extra Trees Baseline,Extra Trees,baseline,none,120.0,-3.821928,-2.3492529051382514,1.4726750948617489,1.4726750948617489
Extra Trees Baseline,Extra Trees,baseline,none,125.0,0.0,-0.7054715177904074,-0.7054715177904074,0.7054715177904074
Extra Trees Baseline,Extra Trees,baseline,none,125.0,0.0,-0.6085346049080609,-0.6085346049080609,0.6085346049080609
Extra Trees Baseline,Extra Trees,baseline,none,125.0,0.0,-0.9098256310782601,-0.9098256310782601,0.9098256310782601
Extra Trees Baseline,Extra Trees,baseline,none,125.0,-5.321928,-3.0846184559290397,2.23730954407096,2.23730954407096
Extra Trees Baseline,Extra Trees,baseline,none,125.0,-2.321928,-2.196488652126459,0.12543934787354116,0.12543934787354116
Extra Trees Baseline,Extra Trees,baseline,none,133.0,-3.821928,-0.7056905344941582,3.116237465505842,3.116237465505842
Extra Trees Baseline,Extra Trees,baseline,none,133.0,0.0,-0.6330262298580565,-0.6330262298580565,0.6330262298580565
Extra Trees Baseline,Extra Trees,baseline,none,135.0,-3.321928,-1.999782713117552,1.3221452868824481,1.3221452868824481
Extra Trees Baseline,Extra Trees,baseline,none,135.0,0.0,-0.7635288534678331,-0.7635288534678331,0.7635288534678331
Extra Trees Baseline,Extra Trees,baseline,none,135.0,-2.321928,-1.1584947856941001,1.1634332143059,1.1634332143059
Extra Trees Baseline,Extra Trees,baseline,none,138.0,0.0,-0.9316933770291496,-0.9316933770291496,0.9316933770291496
Extra Trees Baseline,Extra Trees,baseline,none,138.0,0.0,-1.1009955435212815,-1.1009955435212815,1.1009955435212815
Extra Trees Baseline,Extra Trees,baseline,none,138.0,0.0,-2.235198981346907,-2.235198981346907,2.235198981346907
Extra Trees Baseline,Extra Trees,baseline,none,138.0,0.0,-2.32313177383395,-2.32313177383395,2.32313177383395
Extra Trees Baseline,Extra Trees,baseline,none,139.0,0.333333333,-0.7570479823026313,-1.0903813153026314,1.0903813153026314
Extra Trees Baseline,Extra Trees,baseline,none,139.0,-0.5,-0.6909962770999114,-0.1909962770999114,0.1909962770999114
Extra Trees Baseline,Extra Trees,baseline,none,139.0,0.0,-0.5490834682858472,-0.5490834682858472,0.5490834682858472
Extra Trees Baseline,Extra Trees,baseline,none,141.0,-1.0,-3.1283831874520525,-2.1283831874520525,2.1283831874520525
Extra Trees Baseline,Extra Trees,baseline,none,141.0,-0.666666667,-3.0328351743689197,-2.36616850736892,2.36616850736892
Extra Trees Baseline,Extra Trees,baseline,none,144.0,0.0,-0.551113269051544,-0.551113269051544,0.551113269051544
Extra Trees Baseline,Extra Trees,baseline,none,144.0,0.0,-0.5714176012519848,-0.5714176012519848,0.5714176012519848
Extra Trees Baseline,Extra Trees,baseline,none,144.0,-1.107309333,-0.28338199499749955,0.8239273380025003,0.8239273380025003
Extra Trees Baseline,Extra Trees,baseline,none,156.0,-0.5,-0.9543182594584751,-0.45431825945847515,0.45431825945847515
Extra Trees Baseline,Extra Trees,baseline,none,156.0,0.25,-1.1948727746522578,-1.4448727746522578,1.4448727746522578
Extra Trees Baseline,Extra Trees,baseline,none,156.0,1.0,-2.7831848070308562,-3.7831848070308562,3.7831848070308562
Extra Trees Baseline,Extra Trees,baseline,none,160.0,-1.0,-0.7991672358127221,0.2008327641872779,0.2008327641872779
Extra Trees Baseline,Extra Trees,baseline,none,160.0,-0.5,-1.930632710175547,-1.430632710175547,1.430632710175547
Extra Trees Baseline,Extra Trees,baseline,none,160.0,-0.5,-0.6375953623910047,-0.13759536239100467,0.13759536239100467
Extra Trees Baseline,Extra Trees,baseline,none,160.0,-1.0,-2.7956910784196776,-1.7956910784196776,1.7956910784196776
Extra Trees Baseline,Extra Trees,baseline,none,165.0,-1.0,-0.5808237249392453,0.4191762750607547,0.4191762750607547
Extra Trees Baseline,Extra Trees,baseline,none,165.0,-0.333333333,-0.799334446162269,-0.466001113162269,0.466001113162269
Extra Trees Baseline,Extra Trees,baseline,none,165.0,-1.160964,-0.5617561444903194,0.5992078555096807,0.5992078555096807
Extra Trees Baseline,Extra Trees,baseline,none,165.0,-1.0,-1.0379240569322947,-0.037924056932294725,0.037924056932294725
Extra Trees Baseline,Extra Trees,baseline,none,166.0,0.0,-1.1130302740566933,-1.1130302740566933,1.1130302740566933
Extra Trees Baseline,Extra Trees,baseline,none,166.0,0.0,-1.0356172215959916,-1.0356172215959916,1.0356172215959916
Extra Trees Baseline,Extra Trees,baseline,none,166.0,-0.666666667,-1.1986189530347036,-0.5319522860347036,0.5319522860347036
Extra Trees Baseline,Extra Trees,baseline,none,166.0,0.0,-1.1549170424772384,-1.1549170424772384,1.1549170424772384
Extra Trees Baseline,Extra Trees,baseline,none,171.0,-0.166666667,-2.1645415954892746,-1.9978749284892747,1.9978749284892747
Extra Trees Baseline,Extra Trees,baseline,none,171.0,0.0,-1.561437546537884,-1.561437546537884,1.561437546537884
Extra Trees Baseline,Extra Trees,baseline,none,171.0,0.0,-2.554139953146274,-2.554139953146274,2.554139953146274
Extra Trees Baseline,Extra Trees,baseline,none,171.0,-0.25,-2.2163508958193416,-1.9663508958193416,1.9663508958193416
Extra Trees Baseline,Extra Trees,baseline,none,176.0,-0.5,-1.2252601886867047,-0.7252601886867047,0.7252601886867047
Extra Trees Baseline,Extra Trees,baseline,none,176.0,-1.0,-1.4245594282768879,-0.42455942827688786,0.42455942827688786
Extra Trees Baseline,Extra Trees,baseline,none,188.0,0.0,-0.18795277608000804,-0.18795277608000804,0.18795277608000804
Extra Trees Baseline,Extra Trees,baseline,none,188.0,0.0,-0.6660107537333974,-0.6660107537333974,0.6660107537333974
Extra Trees Baseline,Extra Trees,baseline,none,194.0,0.0,-0.9622684630576925,-0.9622684630576925,0.9622684630576925
Extra Trees Baseline,Extra Trees,baseline,none,194.0,0.0,-2.6211584035093165,-2.6211584035093165,2.6211584035093165
Extra Trees Baseline,Extra Trees,baseline,none,194.0,0.0,-1.0951417680906483,-1.0951417680906483,1.0951417680906483
Extra Trees Baseline,Extra Trees,baseline,none,194.0,-0.333333333,-1.5078697591038464,-1.1745364261038462,1.1745364261038462
Extra Trees Baseline,Extra Trees,baseline,none,196.0,0.0,-0.5060766284951401,-0.5060766284951401,0.5060766284951401
Extra Trees Baseline,Extra Trees,baseline,none,196.0,-1.0,-3.9028168675322257,-2.9028168675322257,2.9028168675322257
Extra Trees Baseline,Extra Trees,baseline,none,196.0,0.0,-2.706344813537127,-2.706344813537127,2.706344813537127
Extra Trees Baseline,Extra Trees,baseline,none,200.0,-2.321928,-2.8268724887395957,-0.5049444887395955,0.5049444887395955
Extra Trees Baseline,Extra Trees,baseline,none,200.0,0.0,-0.7969722529575829,-0.7969722529575829,0.7969722529575829
Extra Trees Baseline,Extra Trees,baseline,none,200.0,0.0,-0.8799480136174744,-0.8799480136174744,0.8799480136174744
Extra Trees Baseline,Extra Trees,baseline,none,200.0,0.0,-0.7127575575646105,-0.7127575575646105,0.7127575575646105
Extra Trees Baseline,Extra Trees,baseline,none,200.0,0.0,-1.0041100945024852,-1.0041100945024852,1.0041100945024852
Extra Trees Baseline,Extra Trees,baseline,none,217.0,-0.2,-1.4002443291610236,-1.2002443291610236,1.2002443291610236
Extra Trees Baseline,Extra Trees,baseline,none,217.0,0.0,-1.7420525189317912,-1.7420525189317912,1.7420525189317912
Extra Trees Baseline,Extra Trees,baseline,none,217.0,-0.924658667,-1.8667561752788624,-0.9420975082788624,0.9420975082788624
Extra Trees Baseline,Extra Trees,baseline,none,218.0,-2.321928,-0.5557506879196896,1.7661773120803106,1.7661773120803106
Extra Trees Baseline,Extra Trees,baseline,none,218.0,-3.321928,-2.252583781634541,1.0693442183654591,1.0693442183654591
Extra Trees Baseline,Extra Trees,baseline,none,218.0,-4.321928,-0.5612387811573344,3.7606892188426655,3.7606892188426655
Extra Trees Baseline,Extra Trees,baseline,none,218.0,-4.321928,-0.8420049717106574,3.4799230282893423,3.4799230282893423
Extra Trees Baseline,Extra Trees,baseline,none,221.0,-0.666666667,-2.217294303006953,-1.5506276360069533,1.5506276360069533
Extra Trees Baseline,Extra Trees,baseline,none,221.0,0.0,-0.8364102230966318,-0.8364102230966318,0.8364102230966318
Extra Trees Baseline,Extra Trees,baseline,none,221.0,0.0,-0.7243382694653205,-0.7243382694653205,0.7243382694653205
Extra Trees Baseline,Extra Trees,baseline,none,221.0,-1.0,-1.3215296276145005,-0.32152962761450055,0.32152962761450055
Extra Trees Baseline,Extra Trees,baseline,none,221.0,0.0,-1.114444049435151,-1.114444049435151,1.114444049435151
Extra Trees Baseline,Extra Trees,baseline,none,228.0,-1.0,-2.6748112344595514,-1.6748112344595514,1.6748112344595514
Extra Trees Baseline,Extra Trees,baseline,none,228.0,-1.881285333,-2.619185758306739,-0.7379004253067392,0.7379004253067392
Extra Trees Baseline,Extra Trees,baseline,none,228.0,-2.321928,-2.893540027211623,-0.5716120272116227,0.5716120272116227
Extra Trees Baseline,Extra Trees,baseline,none,233.0,-5.321928,-1.608374844404057,3.7135531555959425,3.7135531555959425
Extra Trees Baseline,Extra Trees,baseline,none,233.0,0.0,-1.0089915346335872,-1.0089915346335872,1.0089915346335872
Extra Trees Baseline,Extra Trees,baseline,none,233.0,-5.321928,-2.002276808862458,3.3196511911375417,3.3196511911375417
Extra Trees Baseline,Extra Trees,baseline,none,233.0,-3.321928,-2.6616422417422374,0.6602857582577628,0.6602857582577628
Extra Trees Baseline,Extra Trees,baseline,none,239.0,-5.321928,-2.81856558569332,2.5033624143066797,2.5033624143066797
Extra Trees Baseline,Extra Trees,baseline,none,239.0,-5.321928,-2.9074597954357997,2.4144682045642,2.4144682045642
Extra Trees Baseline,Extra Trees,baseline,none,239.0,-5.321928,-2.8103692290577587,2.511558770942241,2.511558770942241
Extra Trees Baseline,Extra Trees,baseline,none,239.0,-5.321928,-2.7945061979643477,2.527421802035652,2.527421802035652
Extra Trees Baseline,Extra Trees,baseline,none,240.0,0.0,-1.3436991104204319,-1.3436991104204319,1.3436991104204319
Extra Trees Baseline,Extra Trees,baseline,none,240.0,-4.321928,-1.9017186252662959,2.420209374733704,2.420209374733704
Extra Trees Baseline,Extra Trees,baseline,none,240.0,-5.321928,-1.5122594229530575,3.809668577046942,3.809668577046942
Extra Trees Baseline,Extra Trees,baseline,none,240.0,-1.0,-1.1175146744448248,-0.11751467444482477,0.11751467444482477
Extra Trees Baseline,Extra Trees,baseline,none,247.0,-5.321928,-2.4449254542903356,2.877002545709664,2.877002545709664
Extra Trees Baseline,Extra Trees,baseline,none,247.0,-5.321928,-3.1709962521407786,2.150931747859221,2.150931747859221
Extra Trees Baseline,Extra Trees,baseline,none,247.0,-0.25,-0.5093467724823714,-0.25934677248237137,0.25934677248237137
Extra Trees Baseline,Extra Trees,baseline,none,247.0,-5.321928,-3.304550283454292,2.017377716545708,2.017377716545708
Extra Trees Baseline,Extra Trees,baseline,none,250.0,0.5,-1.4097130976164995,-1.9097130976164995,1.9097130976164995
Extra Trees Baseline,Extra Trees,baseline,none,250.0,1.0,-1.3797082147660786,-2.3797082147660786,2.3797082147660786
Extra Trees Baseline,Extra Trees,baseline,none,250.0,0.0,-1.8354222187562494,-1.8354222187562494,1.8354222187562494
Extra Trees Baseline,Extra Trees,baseline,none,250.0,0.0,-1.2706757177581314,-1.2706757177581314,1.2706757177581314
Extra Trees Baseline,Extra Trees,baseline,none,250.0,-0.333333333,-1.6347520852621313,-1.3014187522621312,1.3014187522621312
Extra Trees Baseline,Extra Trees,baseline,none,250.0,0.0,-1.6268117308858956,-1.6268117308858956,1.6268117308858956
Extra Trees Baseline,Extra Trees,baseline,none,255.0,-3.321928,-2.0362965085725424,1.2856314914274578,1.2856314914274578
Extra Trees Baseline,Extra Trees,baseline,none,255.0,-1.7414459999999998,-1.3726623835281273,0.3687836164718725,0.3687836164718725
Extra Trees Baseline,Extra Trees,baseline,none,255.0,-1.881285333,-1.4865568459612755,0.39472848703872443,0.39472848703872443
Extra Trees Baseline,Extra Trees,baseline,none,263.0,-3.321928,-2.4724294768556607,0.8494985231443395,0.8494985231443395
Extra Trees Baseline,Extra Trees,baseline,none,263.0,-3.988594667,-2.523153110475959,1.4654415565240413,1.4654415565240413
Extra Trees Baseline,Extra Trees,baseline,none,273.0,0.0,-1.3304342381262027,-1.3304342381262027,1.3304342381262027
Extra Trees Baseline,Extra Trees,baseline,none,273.0,0.5,-1.1137450461394258,-1.6137450461394258,1.6137450461394258
Extra Trees Baseline,Extra Trees,baseline,none,273.0,0.0,-1.5626201197520495,-1.5626201197520495,1.5626201197520495
Extra Trees Baseline,Extra Trees,baseline,none,273.0,0.0,-1.3466502545493175,-1.3466502545493175,1.3466502545493175
Extra Trees Baseline,Extra Trees,baseline,none,278.0,-5.321928,-2.7143068437949434,2.6076211562050564,2.6076211562050564
Extra Trees Baseline,Extra Trees,baseline,none,278.0,0.0,-0.8677874612359125,-0.8677874612359125,0.8677874612359125
Extra Trees Baseline,Extra Trees,baseline,none,278.0,-4.321928,-2.0559464644495247,2.265981535550475,2.265981535550475
Extra Trees Baseline,Extra Trees,baseline,none,278.0,-1.0,-0.45352788957181767,0.5464721104281823,0.5464721104281823
Extra Trees Baseline,Extra Trees,baseline,none,278.0,0.0,-0.7113091260910143,-0.7113091260910143,0.7113091260910143
Extra Trees Baseline,Extra Trees,baseline,none,279.0,-1.0,-2.3354321370521505,-1.3354321370521505,1.3354321370521505
Extra Trees Baseline,Extra Trees,baseline,none,279.0,-5.321928,-3.221795010911655,2.100132989088345,2.100132989088345
Extra Trees Baseline,Extra Trees,baseline,none,279.0,-1.660964,-1.9279122568136924,-0.2669482568136923,0.2669482568136923
Extra Trees Baseline,Extra Trees,baseline,none,283.0,0.0,-0.7470234238497435,-0.7470234238497435,0.7470234238497435
Extra Trees Baseline,Extra Trees,baseline,none,283.0,-0.333333333,-0.40332239298153943,-0.06998905998153943,0.06998905998153943
Extra Trees Baseline,Extra Trees,baseline,none,283.0,0.0,-2.279966511881197,-2.279966511881197,2.279966511881197
Extra Trees Baseline,Extra Trees,baseline,none,283.0,-4.321928,-3.685821429520379,0.6361065704796207,0.6361065704796207
Extra Trees Mild Extreme,Extra Trees,mild_extreme,none,30.0,-0.386988,-0.9057908471306794,-0.5188028471306794,0.5188028471306794
Extra Trees Mild Extreme,Extra Trees,mild_extreme,none,30.0,-1.0,-0.684005357061551,0.31599464293844903,0.31599464293844903
Extra Trees Mild Extreme,Extra Trees,mild_extreme,none,30.0,-2.321928,-0.7640724929260755,1.5578555070739246,1.5578555070739246
Extra Trees Mild Extreme,Extra Trees,mild_extreme,none,30.0,1.0,-0.669367615655691,-1.6693676156556911,1.6693676156556911
Extra Trees Mild Extreme,Extra Trees,mild_extreme,none,30.0,0.0,-0.8108190707563022,-0.8108190707563022,0.8108190707563022
Extra Trees Mild Extreme,Extra Trees,mild_extreme,none,33.0,0.0,-2.4627557344312123,-2.4627557344312123,2.4627557344312123
Extra Trees Mild Extreme,Extra Trees,mild_extreme,none,33.0,-1.0,-2.4152613174604,-1.4152613174603998,1.4152613174603998
Extra Trees Mild Extreme,Extra Trees,mild_extreme,none,33.0,-1.0,-2.1117857227828147,-1.1117857227828147,1.1117857227828147
Extra Trees Mild Extreme,Extra Trees,mild_extreme,none,33.0,0.0,-1.5800646789783035,-1.5800646789783035,1.5800646789783035
Extra Trees Mild Extreme,Extra Trees,mild_extreme,none,34.0,-1.0643856000000005,-0.9348322081304661,0.1295533918695344,0.1295533918695344
Extra Trees Mild Extreme,Extra Trees,mild_extreme,none,34.0,0.0,-0.9783259729918474,-0.9783259729918474,0.9783259729918474
Extra Trees Mild Extreme,Extra Trees,mild_extreme,none,34.0,-5.321928,-2.5720401922286507,2.749887807771349,2.749887807771349
Extra Trees Mild Extreme,Extra Trees,mild_extreme,none,34.0,-1.0,-0.9205563587854289,0.07944364121457115,0.07944364121457115
Extra Trees Mild Extreme,Extra Trees,mild_extreme,none,34.0,-4.821928,-3.206857147066809,1.615070852933191,1.615070852933191
Extra Trees Mild Extreme,Extra Trees,mild_extreme,none,39.0,1.0,-1.6811358887740357,-2.681135888774036,2.681135888774036
Extra Trees Mild Extreme,Extra Trees,mild_extreme,none,39.0,-0.5,-2.303673383250536,-1.803673383250536,1.803673383250536
Extra Trees Mild Extreme,Extra Trees,mild_extreme,none,39.0,0.0,-3.8123126558669282,-3.8123126558669282,3.8123126558669282
Extra Trees Mild Extreme,Extra Trees,mild_extreme,none,39.0,0.0,-3.6104633218068494,-3.6104633218068494,3.6104633218068494
Extra Trees Mild Extreme,Extra Trees,mild_extreme,none,39.0,0.0,-1.627779515688688,-1.627779515688688,1.627779515688688
Extra Trees Mild Extreme,Extra Trees,mild_extreme,none,42.0,-1.0,-1.3905458149569807,-0.3905458149569807,0.3905458149569807
Extra Trees Mild Extreme,Extra Trees,mild_extreme,none,42.0,0.25,-0.8749668629196091,-1.1249668629196092,1.1249668629196092
Extra Trees Mild Extreme,Extra Trees,mild_extreme,none,42.0,-5.321928,-2.515691094556384,2.806236905443616,2.806236905443616
Extra Trees Mild Extreme,Extra Trees,mild_extreme,none,42.0,-5.321928,-3.160871822601859,2.161056177398141,2.161056177398141
Extra Trees Mild Extreme,Extra Trees,mild_extreme,none,43.0,-0.666666667,-1.451497193599976,-0.7848305265999761,0.7848305265999761
Extra Trees Mild Extreme,Extra Trees,mild_extreme,none,43.0,-3.321928,-1.9099799425783408,1.4119480574216594,1.4119480574216594
Extra Trees Mild Extreme,Extra Trees,mild_extreme,none,43.0,-5.321928,-3.620822665425565,1.701105334574435,1.701105334574435
Extra Trees Mild Extreme,Extra Trees,mild_extreme,none,43.0,-1.0,-1.2251260577911691,-0.22512605779116912,0.22512605779116912
Extra Trees Mild Extreme,Extra Trees,mild_extreme,none,48.0,0.0,-2.1473957472654894,-2.1473957472654894,2.1473957472654894
Extra Trees Mild Extreme,Extra Trees,mild_extreme,none,48.0,-1.0,-2.699613591088911,-1.699613591088911,1.699613591088911
Extra Trees Mild Extreme,Extra Trees,mild_extreme,none,48.0,-1.0,-2.1536337489987054,-1.1536337489987054,1.1536337489987054
Extra Trees Mild Extreme,Extra Trees,mild_extreme,none,48.0,-1.991446,-2.7668108587963127,-0.7753648587963127,0.7753648587963127
Extra Trees Mild Extreme,Extra Trees,mild_extreme,none,49.0,0.0,-0.6804360494704429,-0.6804360494704429,0.6804360494704429
Extra Trees Mild Extreme,Extra Trees,mild_extreme,none,49.0,-2.321928,-2.1923675643685363,0.1295604356314639,0.1295604356314639
Extra Trees Mild Extreme,Extra Trees,mild_extreme,none,49.0,0.0,-0.9336686581944775,-0.9336686581944775,0.9336686581944775
Extra Trees Mild Extreme,Extra Trees,mild_extreme,none,49.0,-2.321928,-3.404016151844033,-1.0820881518440326,1.0820881518440326
Extra Trees Mild Extreme,Extra Trees,mild_extreme,none,49.0,-3.321928,-2.546848767568465,0.7750792324315352,0.7750792324315352
Extra Trees Mild Extreme,Extra Trees,mild_extreme,none,54.0,0.0,-0.7737399601368745,-0.7737399601368745,0.7737399601368745
Extra Trees Mild Extreme,Extra Trees,mild_extreme,none,54.0,-1.370723,-4.091745021637472,-2.721022021637472,2.721022021637472
Extra Trees Mild Extreme,Extra Trees,mild_extreme,none,54.0,0.25,-2.2971607762528388,-2.5471607762528388,2.5471607762528388
Extra Trees Mild Extreme,Extra Trees,mild_extreme,none,54.0,0.333333333,-0.424309774193056,-0.757643107193056,0.757643107193056
Extra Trees Mild Extreme,Extra Trees,mild_extreme,none,57.0,0.0,-1.4060017900908108,-1.4060017900908108,1.4060017900908108
Extra Trees Mild Extreme,Extra Trees,mild_extreme,none,57.0,0.0,-1.4420052140103474,-1.4420052140103474,1.4420052140103474
Extra Trees Mild Extreme,Extra Trees,mild_extreme,none,57.0,0.0,-1.1020772250349133,-1.1020772250349133,1.1020772250349133
Extra Trees Mild Extreme,Extra Trees,mild_extreme,none,57.0,0.0,-1.6438450109195506,-1.6438450109195506,1.6438450109195506
Extra Trees Mild Extreme,Extra Trees,mild_extreme,none,69.0,-5.321928,-2.879433754735566,2.4424942452644336,2.4424942452644336
Extra Trees Mild Extreme,Extra Trees,mild_extreme,none,69.0,-2.821928,-1.8399877926165036,0.9819402073834966,0.9819402073834966
Extra Trees Mild Extreme,Extra Trees,mild_extreme,none,69.0,-4.321928,-1.5312212706514263,2.7907067293485737,2.7907067293485737
Extra Trees Mild Extreme,Extra Trees,mild_extreme,none,69.0,-1.214618667,-1.2472225807315769,-0.032603913731576784,0.032603913731576784
Extra Trees Mild Extreme,Extra Trees,mild_extreme,none,70.0,-1.0,-0.6716964732453398,0.32830352675466024,0.32830352675466024
Extra Trees Mild Extreme,Extra Trees,mild_extreme,none,70.0,-1.5287712,-0.653282700669811,0.875488499330189,0.875488499330189
Extra Trees Mild Extreme,Extra Trees,mild_extreme,none,70.0,0.0,-1.6760200225528412,-1.6760200225528412,1.6760200225528412
Extra Trees Mild Extreme,Extra Trees,mild_extreme,none,70.0,-4.321928,-1.3548050268820868,2.967122973117913,2.967122973117913
Extra Trees Mild Extreme,Extra Trees,mild_extreme,none,70.0,-0.666666667,-0.7023626248531938,-0.035695957853193794,0.035695957853193794
Extra Trees Mild Extreme,Extra Trees,mild_extreme,none,90.0,0.0,-1.2432508646379596,-1.2432508646379596,1.2432508646379596
Extra Trees Mild Extreme,Extra Trees,mild_extreme,none,90.0,-1.7739759999999998,-2.1076851203381315,-0.3337091203381317,0.3337091203381317
Extra Trees Mild Extreme,Extra Trees,mild_extreme,none,90.0,0.0,-2.91579273036805,-2.91579273036805,2.91579273036805
Extra Trees Mild Extreme,Extra Trees,mild_extreme,none,90.0,-0.4,-1.3443385797366014,-0.9443385797366014,0.9443385797366014
Extra Trees Mild Extreme,Extra Trees,mild_extreme,none,90.0,0.333333333,-3.2779830835163333,-3.6113164165163334,3.6113164165163334
Extra Trees Mild Extreme,Extra Trees,mild_extreme,none,91.0,-3.321928,-1.79542996003448,1.5264980399655201,1.5264980399655201
Extra Trees Mild Extreme,Extra Trees,mild_extreme,none,91.0,0.0,-1.0159427574892175,-1.0159427574892175,1.0159427574892175
Extra Trees Mild Extreme,Extra Trees,mild_extreme,none,91.0,-2.321928,-1.5761321106951838,0.7457958893048164,0.7457958893048164
Extra Trees Mild Extreme,Extra Trees,mild_extreme,none,91.0,-1.0,-1.1986758841766312,-0.19867588417663118,0.19867588417663118
Extra Trees Mild Extreme,Extra Trees,mild_extreme,none,92.0,-1.0,-1.8811396591333542,-0.8811396591333542,0.8811396591333542
Extra Trees Mild Extreme,Extra Trees,mild_extreme,none,92.0,-2.321928,-1.1917037695478832,1.130224230452117,1.130224230452117
Extra Trees Mild Extreme,Extra Trees,mild_extreme,none,92.0,-0.428571429,-0.9609222345660217,-0.5323508055660217,0.5323508055660217
Extra Trees Mild Extreme,Extra Trees,mild_extreme,none,92.0,0.2,-1.3685955822596088,-1.5685955822596087,1.5685955822596087
Extra Trees Mild Extreme,Extra Trees,mild_extreme,none,92.0,-1.0,-1.2107040031061633,-0.21070400310616333,0.21070400310616333
Extra Trees Mild Extreme,Extra Trees,mild_extreme,none,97.0,-1.107309333,-0.779797915231531,0.3275114177684689,0.3275114177684689
Extra Trees Mild Extreme,Extra Trees,mild_extreme,none,97.0,0.0,-0.7282502554449525,-0.7282502554449525,0.7282502554449525
Extra Trees Mild Extreme,Extra Trees,mild_extreme,none,97.0,0.25,-0.6627700737783687,-0.9127700737783687,0.9127700737783687
Extra Trees Mild Extreme,Extra Trees,mild_extreme,none,97.0,0.0,-2.354144053891737,-2.354144053891737,2.354144053891737
Extra Trees Mild Extreme,Extra Trees,mild_extreme,none,99.0,-0.5,-2.692746034545398,-2.192746034545398,2.192746034545398
Extra Trees Mild Extreme,Extra Trees,mild_extreme,none,99.0,0.0,-1.8034879699944222,-1.8034879699944222,1.8034879699944222
Extra Trees Mild Extreme,Extra Trees,mild_extreme,none,99.0,-2.321928,-2.643085151552913,-0.3211571515529128,0.3211571515529128
Extra Trees Mild Extreme,Extra Trees,mild_extreme,none,99.0,0.0,-1.544451115870772,-1.544451115870772,1.544451115870772
Extra Trees Mild Extreme,Extra Trees,mild_extreme,none,102.0,-0.5,-0.6140190460709909,-0.11401904607099089,0.11401904607099089
Extra Trees Mild Extreme,Extra Trees,mild_extreme,none,102.0,0.333333333,-0.7046010531676717,-1.0379343861676718,1.0379343861676718
Extra Trees Mild Extreme,Extra Trees,mild_extreme,none,102.0,-0.666666667,-0.7784990964990284,-0.11183242949902839,0.11183242949902839
Extra Trees Mild Extreme,Extra Trees,mild_extreme,none,102.0,0.0,-0.5504155896090295,-0.5504155896090295,0.5504155896090295
Extra Trees Mild Extreme,Extra Trees,mild_extreme,none,103.0,-0.666666667,-2.9542151365294305,-2.2875484695294306,2.2875484695294306
Extra Trees Mild Extreme,Extra Trees,mild_extreme,none,110.0,0.0,-1.7962040007026037,-1.7962040007026037,1.7962040007026037
Extra Trees Mild Extreme,Extra Trees,mild_extreme,none,110.0,-0.5,-1.693453407416133,-1.193453407416133,1.193453407416133
Extra Trees Mild Extreme,Extra Trees,mild_extreme,none,110.0,-1.0,-1.7127150714137014,-0.7127150714137014,0.7127150714137014
Extra Trees Mild Extreme,Extra Trees,mild_extreme,none,110.0,-2.321928,-2.007825135213605,0.31410286478639504,0.31410286478639504
Extra Trees Mild Extreme,Extra Trees,mild_extreme,none,120.0,-2.321928,-0.7918554255938454,1.5300725744061547,1.5300725744061547
Extra Trees Mild Extreme,Extra Trees,mild_extreme,none,120.0,-3.821928,-2.4047746838378576,1.4171533161621426,1.4171533161621426
Extra Trees Mild Extreme,Extra Trees,mild_extreme,none,125.0,0.0,-0.7651859640801902,-0.7651859640801902,0.7651859640801902
Extra Trees Mild Extreme,Extra Trees,mild_extreme,none,125.0,0.0,-0.7417793693002538,-0.7417793693002538,0.7417793693002538
Extra Trees Mild Extreme,Extra Trees,mild_extreme,none,125.0,0.0,-0.8903072800645377,-0.8903072800645377,0.8903072800645377
Extra Trees Mild Extreme,Extra Trees,mild_extreme,none,125.0,-5.321928,-3.2853359310401085,2.0365920689598913,2.0365920689598913
Extra Trees Mild Extreme,Extra Trees,mild_extreme,none,125.0,-2.321928,-2.3876555538465634,-0.06572755384656315,0.06572755384656315
Extra Trees Mild Extreme,Extra Trees,mild_extreme,none,133.0,-3.821928,-0.710054820190568,3.1118731798094323,3.1118731798094323
Extra Trees Mild Extreme,Extra Trees,mild_extreme,none,133.0,0.0,-0.7567289311120933,-0.7567289311120933,0.7567289311120933
Extra Trees Mild Extreme,Extra Trees,mild_extreme,none,135.0,-3.321928,-2.2450897074766862,1.076838292523314,1.076838292523314
Extra Trees Mild Extreme,Extra Trees,mild_extreme,none,135.0,0.0,-0.8098727014548168,-0.8098727014548168,0.8098727014548168
Extra Trees Mild Extreme,Extra Trees,mild_extreme,none,135.0,-2.321928,-1.2471606781711775,1.0747673218288227,1.0747673218288227
Extra Trees Mild Extreme,Extra Trees,mild_extreme,none,138.0,0.0,-1.0672403594434088,-1.0672403594434088,1.0672403594434088
Extra Trees Mild Extreme,Extra Trees,mild_extreme,none,138.0,0.0,-1.239586466431971,-1.239586466431971,1.239586466431971
Extra Trees Mild Extreme,Extra Trees,mild_extreme,none,138.0,0.0,-2.615319439140062,-2.615319439140062,2.615319439140062
Extra Trees Mild Extreme,Extra Trees,mild_extreme,none,138.0,0.0,-2.5917265123221505,-2.5917265123221505,2.5917265123221505
Extra Trees Mild Extreme,Extra Trees,mild_extreme,none,139.0,0.333333333,-0.9006779159566306,-1.2340112489566306,1.2340112489566306
Extra Trees Mild Extreme,Extra Trees,mild_extreme,none,139.0,-0.5,-0.8184589674878432,-0.3184589674878432,0.3184589674878432
Extra Trees Mild Extreme,Extra Trees,mild_extreme,none,139.0,0.0,-0.6038298144614429,-0.6038298144614429,0.6038298144614429
Extra Trees Mild Extreme,Extra Trees,mild_extreme,none,141.0,-1.0,-3.326153168262852,-2.326153168262852,2.326153168262852
Extra Trees Mild Extreme,Extra Trees,mild_extreme,none,141.0,-0.666666667,-3.195958666465505,-2.529291999465505,2.529291999465505
Extra Trees Mild Extreme,Extra Trees,mild_extreme,none,144.0,0.0,-0.6089340806306848,-0.6089340806306848,0.6089340806306848
Extra Trees Mild Extreme,Extra Trees,mild_extreme,none,144.0,0.0,-0.7026451813479063,-0.7026451813479063,0.7026451813479063
Extra Trees Mild Extreme,Extra Trees,mild_extreme,none,144.0,-1.107309333,-0.43248501806358974,0.6748243149364102,0.6748243149364102
Extra Trees Mild Extreme,Extra Trees,mild_extreme,none,156.0,-0.5,-1.0088271058468747,-0.5088271058468747,0.5088271058468747
Extra Trees Mild Extreme,Extra Trees,mild_extreme,none,156.0,0.25,-1.351369676831428,-1.601369676831428,1.601369676831428
Extra Trees Mild Extreme,Extra Trees,mild_extreme,none,156.0,1.0,-2.858203002358228,-3.858203002358228,3.858203002358228
Extra Trees Mild Extreme,Extra Trees,mild_extreme,none,160.0,-1.0,-0.8438323759441544,0.1561676240558456,0.1561676240558456
Extra Trees Mild Extreme,Extra Trees,mild_extreme,none,160.0,-0.5,-2.1409061039095953,-1.6409061039095953,1.6409061039095953
Extra Trees Mild Extreme,Extra Trees,mild_extreme,none,160.0,-0.5,-0.6965420150613252,-0.19654201506132518,0.19654201506132518
Extra Trees Mild Extreme,Extra Trees,mild_extreme,none,160.0,-1.0,-3.2942939568392537,-2.2942939568392537,2.2942939568392537
Extra Trees Mild Extreme,Extra Trees,mild_extreme,none,165.0,-1.0,-0.6632080960541136,0.33679190394588643,0.33679190394588643
Extra Trees Mild Extreme,Extra Trees,mild_extreme,none,165.0,-0.333333333,-0.9100323053211237,-0.5766989723211237,0.5766989723211237
Extra Trees Mild Extreme,Extra Trees,mild_extreme,none,165.0,-1.160964,-0.6239340866237535,0.5370299133762466,0.5370299133762466
Extra Trees Mild Extreme,Extra Trees,mild_extreme,none,165.0,-1.0,-1.1904219603168753,-0.1904219603168753,0.1904219603168753
Extra Trees Mild Extreme,Extra Trees,mild_extreme,none,166.0,0.0,-1.302552113663795,-1.302552113663795,1.302552113663795
Extra Trees Mild Extreme,Extra Trees,mild_extreme,none,166.0,0.0,-1.1821897508026928,-1.1821897508026928,1.1821897508026928
Extra Trees Mild Extreme,Extra Trees,mild_extreme,none,166.0,-0.666666667,-1.3006797347557792,-0.6340130677557793,0.6340130677557793
Extra Trees Mild Extreme,Extra Trees,mild_extreme,none,166.0,0.0,-1.2901444047210913,-1.2901444047210913,1.2901444047210913
Extra Trees Mild Extreme,Extra Trees,mild_extreme,none,171.0,-0.166666667,-2.398960667689465,-2.232294000689465,2.232294000689465
Extra Trees Mild Extreme,Extra Trees,mild_extreme,none,171.0,0.0,-1.8198813164205583,-1.8198813164205583,1.8198813164205583
Extra Trees Mild Extreme,Extra Trees,mild_extreme,none,171.0,0.0,-2.8087244843858787,-2.8087244843858787,2.8087244843858787
Extra Trees Mild Extreme,Extra Trees,mild_extreme,none,171.0,-0.25,-2.3615214223867156,-2.1115214223867156,2.1115214223867156
Extra Trees Mild Extreme,Extra Trees,mild_extreme,none,176.0,-0.5,-1.3407206355832988,-0.8407206355832988,0.8407206355832988
Extra Trees Mild Extreme,Extra Trees,mild_extreme,none,176.0,-1.0,-1.4946433440570803,-0.4946433440570803,0.4946433440570803
Extra Trees Mild Extreme,Extra Trees,mild_extreme,none,188.0,0.0,-0.312398447982926,-0.312398447982926,0.312398447982926
Extra Trees Mild Extreme,Extra Trees,mild_extreme,none,188.0,0.0,-0.82569650915172,-0.82569650915172,0.82569650915172
Extra Trees Mild Extreme,Extra Trees,mild_extreme,none,194.0,0.0,-0.939409672322937,-0.939409672322937,0.939409672322937
Extra Trees Mild Extreme,Extra Trees,mild_extreme,none,194.0,0.0,-2.8350467931648975,-2.8350467931648975,2.8350467931648975
Extra Trees Mild Extreme,Extra Trees,mild_extreme,none,194.0,0.0,-1.1990842439968563,-1.1990842439968563,1.1990842439968563
Extra Trees Mild Extreme,Extra Trees,mild_extreme,none,194.0,-0.333333333,-1.5748856548885093,-1.2415523218885092,1.2415523218885092
Extra Trees Mild Extreme,Extra Trees,mild_extreme,none,196.0,0.0,-0.6214076182156046,-0.6214076182156046,0.6214076182156046
Extra Trees Mild Extreme,Extra Trees,mild_extreme,none,196.0,-1.0,-4.134966878608424,-3.1349668786084237,3.1349668786084237
Extra Trees Mild Extreme,Extra Trees,mild_extreme,none,196.0,0.0,-3.073215270015315,-3.073215270015315,3.073215270015315
Extra Trees Mild Extreme,Extra Trees,mild_extreme,none,200.0,-2.321928,-3.0863813606917767,-0.7644533606917765,0.7644533606917765
Extra Trees Mild Extreme,Extra Trees,mild_extreme,none,200.0,0.0,-0.8620808682940112,-0.8620808682940112,0.8620808682940112
Extra Trees Mild Extreme,Extra Trees,mild_extreme,none,200.0,0.0,-0.9385942743100624,-0.9385942743100624,0.9385942743100624
Extra Trees Mild Extreme,Extra Trees,mild_extreme,none,200.0,0.0,-0.6881495588342725,-0.6881495588342725,0.6881495588342725
Extra Trees Mild Extreme,Extra Trees,mild_extreme,none,200.0,0.0,-1.017071526052492,-1.017071526052492,1.017071526052492
Extra Trees Mild Extreme,Extra Trees,mild_extreme,none,217.0,-0.2,-1.2738306827483483,-1.0738306827483484,1.0738306827483484
Extra Trees Mild Extreme,Extra Trees,mild_extreme,none,217.0,0.0,-1.8358946667765088,-1.8358946667765088,1.8358946667765088
Extra Trees Mild Extreme,Extra Trees,mild_extreme,none,217.0,-0.924658667,-2.0743693224523874,-1.1497106554523873,1.1497106554523873
Extra Trees Mild Extreme,Extra Trees,mild_extreme,none,218.0,-2.321928,-0.5621826569671534,1.7597453430328467,1.7597453430328467
Extra Trees Mild Extreme,Extra Trees,mild_extreme,none,218.0,-3.321928,-2.460961505624324,0.8609664943756763,0.8609664943756763
Extra Trees Mild Extreme,Extra Trees,mild_extreme,none,218.0,-4.321928,-0.5545276777480999,3.7674003222519,3.7674003222519
Extra Trees Mild Extreme,Extra Trees,mild_extreme,none,218.0,-4.321928,-0.8567993708990371,3.4651286291009624,3.4651286291009624
Extra Trees Mild Extreme,Extra Trees,mild_extreme,none,221.0,-0.666666667,-2.4056232795975,-1.7389566125975002,1.7389566125975002
Extra Trees Mild Extreme,Extra Trees,mild_extreme,none,221.0,0.0,-0.9405148833273261,-0.9405148833273261,0.9405148833273261
Extra Trees Mild Extreme,Extra Trees,mild_extreme,none,221.0,0.0,-0.738145668803661,-0.738145668803661,0.738145668803661
Extra Trees Mild Extreme,Extra Trees,mild_extreme,none,221.0,-1.0,-1.361556581216001,-0.3615565812160011,0.3615565812160011
Extra Trees Mild Extreme,Extra Trees,mild_extreme,none,221.0,0.0,-1.2242985309126335,-1.2242985309126335,1.2242985309126335
Extra Trees Mild Extreme,Extra Trees,mild_extreme,none,228.0,-1.0,-2.8843134014507297,-1.8843134014507297,1.8843134014507297
Extra Trees Mild Extreme,Extra Trees,mild_extreme,none,228.0,-1.881285333,-2.810026515333787,-0.928741182333787,0.928741182333787
Extra Trees Mild Extreme,Extra Trees,mild_extreme,none,228.0,-2.321928,-2.944622313319717,-0.6226943133197169,0.6226943133197169
Extra Trees Mild Extreme,Extra Trees,mild_extreme,none,233.0,-5.321928,-1.6625984749858886,3.659329525014111,3.659329525014111
Extra Trees Mild Extreme,Extra Trees,mild_extreme,none,233.0,0.0,-1.0222551048630928,-1.0222551048630928,1.0222551048630928
Extra Trees Mild Extreme,Extra Trees,mild_extreme,none,233.0,-5.321928,-2.3234938593880385,2.9984341406119612,2.9984341406119612
Extra Trees Mild Extreme,Extra Trees,mild_extreme,none,233.0,-3.321928,-2.7884705299470274,0.5334574700529728,0.5334574700529728
Extra Trees Mild Extreme,Extra Trees,mild_extreme,none,239.0,-5.321928,-3.0884366548517215,2.2334913451482783,2.2334913451482783
Extra Trees Mild Extreme,Extra Trees,mild_extreme,none,239.0,-5.321928,-3.338431475134874,1.9834965248651257,1.9834965248651257
Extra Trees Mild Extreme,Extra Trees,mild_extreme,none,239.0,-5.321928,-3.152650152630379,2.169277847369621,2.169277847369621
Extra Trees Mild Extreme,Extra Trees,mild_extreme,none,239.0,-5.321928,-3.1531906746787417,2.168737325321258,2.168737325321258
Extra Trees Mild Extreme,Extra Trees,mild_extreme,none,240.0,0.0,-1.2960617211264467,-1.2960617211264467,1.2960617211264467
Extra Trees Mild Extreme,Extra Trees,mild_extreme,none,240.0,-4.321928,-1.9646908353407142,2.357237164659286,2.357237164659286
Extra Trees Mild Extreme,Extra Trees,mild_extreme,none,240.0,-5.321928,-1.6577470982936908,3.6641809017063087,3.6641809017063087
Extra Trees Mild Extreme,Extra Trees,mild_extreme,none,240.0,-1.0,-1.1844641092505364,-0.18446410925053636,0.18446410925053636
Extra Trees Mild Extreme,Extra Trees,mild_extreme,none,247.0,-5.321928,-2.562070311255168,2.7598576887448316,2.7598576887448316
Extra Trees Mild Extreme,Extra Trees,mild_extreme,none,247.0,-5.321928,-3.350561419558711,1.971366580441289,1.971366580441289
Extra Trees Mild Extreme,Extra Trees,mild_extreme,none,247.0,-0.25,-0.6438605538165433,-0.3938605538165433,0.3938605538165433
Extra Trees Mild Extreme,Extra Trees,mild_extreme,none,247.0,-5.321928,-3.5791108615078078,1.742817138492192,1.742817138492192
Extra Trees Mild Extreme,Extra Trees,mild_extreme,none,250.0,0.5,-1.4740159719249717,-1.9740159719249717,1.9740159719249717
Extra Trees Mild Extreme,Extra Trees,mild_extreme,none,250.0,1.0,-1.5524157144424102,-2.55241571444241,2.55241571444241
Extra Trees Mild Extreme,Extra Trees,mild_extreme,none,250.0,0.0,-2.078733389290261,-2.078733389290261,2.078733389290261
Extra Trees Mild Extreme,Extra Trees,mild_extreme,none,250.0,0.0,-1.309414608431088,-1.309414608431088,1.309414608431088
Extra Trees Mild Extreme,Extra Trees,mild_extreme,none,250.0,-0.333333333,-1.957391369609786,-1.624058036609786,1.624058036609786
Extra Trees Mild Extreme,Extra Trees,mild_extreme,none,250.0,0.0,-1.7911650388570612,-1.7911650388570612,1.7911650388570612
Extra Trees Mild Extreme,Extra Trees,mild_extreme,none,255.0,-3.321928,-2.379978916949068,0.9419490830509321,0.9419490830509321
Extra Trees Mild Extreme,Extra Trees,mild_extreme,none,255.0,-1.7414459999999998,-1.4028369270726029,0.33860907292739695,0.33860907292739695
Extra Trees Mild Extreme,Extra Trees,mild_extreme,none,255.0,-1.881285333,-1.5324189812606817,0.34886635173931824,0.34886635173931824
Extra Trees Mild Extreme,Extra Trees,mild_extreme,none,263.0,-3.321928,-2.7213870849873927,0.6005409150126075,0.6005409150126075
Extra Trees Mild Extreme,Extra Trees,mild_extreme,none,263.0,-3.988594667,-2.884886006965504,1.103708660034496,1.103708660034496
Extra Trees Mild Extreme,Extra Trees,mild_extreme,none,273.0,0.0,-1.3101032942606772,-1.3101032942606772,1.3101032942606772
Extra Trees Mild Extreme,Extra Trees,mild_extreme,none,273.0,0.5,-1.2772982413198057,-1.7772982413198057,1.7772982413198057
Extra Trees Mild Extreme,Extra Trees,mild_extreme,none,273.0,0.0,-1.5927477276675803,-1.5927477276675803,1.5927477276675803
Extra Trees Mild Extreme,Extra Trees,mild_extreme,none,273.0,0.0,-1.3749442715907192,-1.3749442715907192,1.3749442715907192
Extra Trees Mild Extreme,Extra Trees,mild_extreme,none,278.0,-5.321928,-2.8690078919356403,2.4529201080643595,2.4529201080643595
Extra Trees Mild Extreme,Extra Trees,mild_extreme,none,278.0,0.0,-0.8820439553220188,-0.8820439553220188,0.8820439553220188
Extra Trees Mild Extreme,Extra Trees,mild_extreme,none,278.0,-4.321928,-2.232287574807326,2.0896404251926737,2.0896404251926737
Extra Trees Mild Extreme,Extra Trees,mild_extreme,none,278.0,-1.0,-0.6051430260047291,0.39485697399527087,0.39485697399527087
Extra Trees Mild Extreme,Extra Trees,mild_extreme,none,278.0,0.0,-0.7587993771282644,-0.7587993771282644,0.7587993771282644
Extra Trees Mild Extreme,Extra Trees,mild_extreme,none,279.0,-1.0,-2.6554237153782285,-1.6554237153782285,1.6554237153782285
Extra Trees Mild Extreme,Extra Trees,mild_extreme,none,279.0,-5.321928,-3.525845061746358,1.7960829382536416,1.7960829382536416
Extra Trees Mild Extreme,Extra Trees,mild_extreme,none,279.0,-1.660964,-2.1239708633094,-0.4630068633093998,0.4630068633093998
Extra Trees Mild Extreme,Extra Trees,mild_extreme,none,283.0,0.0,-0.8230641707617488,-0.8230641707617488,0.8230641707617488
Extra Trees Mild Extreme,Extra Trees,mild_extreme,none,283.0,-0.333333333,-0.43860693947421525,-0.10527360647421524,0.10527360647421524
Extra Trees Mild Extreme,Extra Trees,mild_extreme,none,283.0,0.0,-2.4734333258497574,-2.4734333258497574,2.4734333258497574
Extra Trees Mild Extreme,Extra Trees,mild_extreme,none,283.0,-4.321928,-3.745446492007166,0.5764815079928338,0.5764815079928338
Extra Trees Moderate Extreme,Extra Trees,moderate_extreme,none,30.0,-0.386988,-1.0480993537600911,-0.6611113537600911,0.6611113537600911
Extra Trees Moderate Extreme,Extra Trees,moderate_extreme,none,30.0,-1.0,-0.8029549574269771,0.1970450425730229,0.1970450425730229
Extra Trees Moderate Extreme,Extra Trees,moderate_extreme,none,30.0,-2.321928,-0.8796248816182732,1.442303118381727,1.442303118381727
Extra Trees Moderate Extreme,Extra Trees,moderate_extreme,none,30.0,1.0,-0.8070999927803317,-1.8070999927803317,1.8070999927803317
Extra Trees Moderate Extreme,Extra Trees,moderate_extreme,none,30.0,0.0,-0.9477073746636455,-0.9477073746636455,0.9477073746636455
Extra Trees Moderate Extreme,Extra Trees,moderate_extreme,none,33.0,0.0,-2.567806203256251,-2.567806203256251,2.567806203256251
Extra Trees Moderate Extreme,Extra Trees,moderate_extreme,none,33.0,-1.0,-2.4384327920817883,-1.4384327920817883,1.4384327920817883
Extra Trees Moderate Extreme,Extra Trees,moderate_extreme,none,33.0,-1.0,-2.0041542944610513,-1.0041542944610513,1.0041542944610513
Extra Trees Moderate Extreme,Extra Trees,moderate_extreme,none,33.0,0.0,-1.6978142430082042,-1.6978142430082042,1.6978142430082042
Extra Trees Moderate Extreme,Extra Trees,moderate_extreme,none,34.0,-1.0643856000000005,-1.073990050636594,-0.009604450636593542,0.009604450636593542
Extra Trees Moderate Extreme,Extra Trees,moderate_extreme,none,34.0,0.0,-1.0315042491226103,-1.0315042491226103,1.0315042491226103
Extra Trees Moderate Extreme,Extra Trees,moderate_extreme,none,34.0,-5.321928,-2.6704285173922626,2.651499482607737,2.651499482607737
Extra Trees Moderate Extreme,Extra Trees,moderate_extreme,none,34.0,-1.0,-0.8875992464949519,0.11240075350504808,0.11240075350504808
Extra Trees Moderate Extreme,Extra Trees,moderate_extreme,none,34.0,-4.821928,-3.427221771579793,1.394706228420207,1.394706228420207
Extra Trees Moderate Extreme,Extra Trees,moderate_extreme,none,39.0,1.0,-1.7708700059007294,-2.770870005900729,2.770870005900729
Extra Trees Moderate Extreme,Extra Trees,moderate_extreme,none,39.0,-0.5,-2.4089962145231447,-1.9089962145231447,1.9089962145231447
Extra Trees Moderate Extreme,Extra Trees,moderate_extreme,none,39.0,0.0,-4.035302809356188,-4.035302809356188,4.035302809356188
Extra Trees Moderate Extreme,Extra Trees,moderate_extreme,none,39.0,0.0,-3.9307421937701705,-3.9307421937701705,3.9307421937701705
Extra Trees Moderate Extreme,Extra Trees,moderate_extreme,none,39.0,0.0,-1.709840383628219,-1.709840383628219,1.709840383628219
Extra Trees Moderate Extreme,Extra Trees,moderate_extreme,none,42.0,-1.0,-1.3883616722422374,-0.3883616722422374,0.3883616722422374
Extra Trees Moderate Extreme,Extra Trees,moderate_extreme,none,42.0,0.25,-0.9827948919100418,-1.2327948919100418,1.2327948919100418
Extra Trees Moderate Extreme,Extra Trees,moderate_extreme,none,42.0,-5.321928,-2.5426108175732987,2.779317182426701,2.779317182426701
Extra Trees Moderate Extreme,Extra Trees,moderate_extreme,none,42.0,-5.321928,-3.3769852849464543,1.9449427150535454,1.9449427150535454
Extra Trees Moderate Extreme,Extra Trees,moderate_extreme,none,43.0,-0.666666667,-1.4493986824581817,-0.7827320154581817,0.7827320154581817
Extra Trees Moderate Extreme,Extra Trees,moderate_extreme,none,43.0,-3.321928,-1.920805578311526,1.4011224216884741,1.4011224216884741
Extra Trees Moderate Extreme,Extra Trees,moderate_extreme,none,43.0,-5.321928,-3.879911563852755,1.4420164361472447,1.4420164361472447
Extra Trees Moderate Extreme,Extra Trees,moderate_extreme,none,43.0,-1.0,-1.2236158199447569,-0.22361581994475688,0.22361581994475688
Extra Trees Moderate Extreme,Extra Trees,moderate_extreme,none,48.0,0.0,-2.1255068031095092,-2.1255068031095092,2.1255068031095092
Extra Trees Moderate Extreme,Extra Trees,moderate_extreme,none,48.0,-1.0,-2.8127699043529475,-1.8127699043529475,1.8127699043529475
Extra Trees Moderate Extreme,Extra Trees,moderate_extreme,none,48.0,-1.0,-2.0755006205189694,-1.0755006205189694,1.0755006205189694
Extra Trees Moderate Extreme,Extra Trees,moderate_extreme,none,48.0,-1.991446,-2.8159676066465287,-0.8245216066465286,0.8245216066465286
Extra Trees Moderate Extreme,Extra Trees,moderate_extreme,none,49.0,0.0,-0.6014427036272361,-0.6014427036272361,0.6014427036272361
Extra Trees Moderate Extreme,Extra Trees,moderate_extreme,none,49.0,-2.321928,-2.2125243495419116,0.10940365045808864,0.10940365045808864
Extra Trees Moderate Extreme,Extra Trees,moderate_extreme,none,49.0,0.0,-0.8402295157117727,-0.8402295157117727,0.8402295157117727
Extra Trees Moderate Extreme,Extra Trees,moderate_extreme,none,49.0,-2.321928,-3.482487977164588,-1.1605599771645876,1.1605599771645876
Extra Trees Moderate Extreme,Extra Trees,moderate_extreme,none,49.0,-3.321928,-2.7050236800328324,0.6169043199671678,0.6169043199671678
Extra Trees Moderate Extreme,Extra Trees,moderate_extreme,none,54.0,0.0,-0.8261391631328074,-0.8261391631328074,0.8261391631328074
Extra Trees Moderate Extreme,Extra Trees,moderate_extreme,none,54.0,-1.370723,-4.185640670214832,-2.8149176702148324,2.8149176702148324
Extra Trees Moderate Extreme,Extra Trees,moderate_extreme,none,54.0,0.25,-2.324011018441166,-2.574011018441166,2.574011018441166
Extra Trees Moderate Extreme,Extra Trees,moderate_extreme,none,54.0,0.333333333,-0.5518460756781094,-0.8851794086781094,0.8851794086781094
Extra Trees Moderate Extreme,Extra Trees,moderate_extreme,none,57.0,0.0,-1.5904466017241823,-1.5904466017241823,1.5904466017241823
Extra Trees Moderate Extreme,Extra Trees,moderate_extreme,none,57.0,0.0,-1.4525094279031614,-1.4525094279031614,1.4525094279031614
Extra Trees Moderate Extreme,Extra Trees,moderate_extreme,none,57.0,0.0,-1.1296852361425487,-1.1296852361425487,1.1296852361425487
Extra Trees Moderate Extreme,Extra Trees,moderate_extreme,none,57.0,0.0,-1.673932472840946,-1.673932472840946,1.673932472840946
Extra Trees Moderate Extreme,Extra Trees,moderate_extreme,none,69.0,-5.321928,-2.983373619504371,2.3385543804956286,2.3385543804956286
Extra Trees Moderate Extreme,Extra Trees,moderate_extreme,none,69.0,-2.821928,-2.0253781138486593,0.7965498861513409,0.7965498861513409
Extra Trees Moderate Extreme,Extra Trees,moderate_extreme,none,69.0,-4.321928,-1.6009195145443829,2.721008485455617,2.721008485455617
Extra Trees Moderate Extreme,Extra Trees,moderate_extreme,none,69.0,-1.214618667,-1.2251038165552295,-0.01048514955522939,0.01048514955522939
Extra Trees Moderate Extreme,Extra Trees,moderate_extreme,none,70.0,-1.0,-0.761056585875918,0.23894341412408204,0.23894341412408204
Extra Trees Moderate Extreme,Extra Trees,moderate_extreme,none,70.0,-1.5287712,-0.7869357410679994,0.7418354589320006,0.7418354589320006
Extra Trees Moderate Extreme,Extra Trees,moderate_extreme,none,70.0,0.0,-1.7705837758996539,-1.7705837758996539,1.7705837758996539
Extra Trees Moderate Extreme,Extra Trees,moderate_extreme,none,70.0,-4.321928,-1.5344706945168904,2.7874573054831093,2.7874573054831093
Extra Trees Moderate Extreme,Extra Trees,moderate_extreme,none,70.0,-0.666666667,-0.7670058815043809,-0.10033921450438088,0.10033921450438088
Extra Trees Moderate Extreme,Extra Trees,moderate_extreme,none,90.0,0.0,-1.3733202325317326,-1.3733202325317326,1.3733202325317326
Extra Trees Moderate Extreme,Extra Trees,moderate_extreme,none,90.0,-1.7739759999999998,-2.255580418192862,-0.48160441819286204,0.48160441819286204
Extra Trees Moderate Extreme,Extra Trees,moderate_extreme,none,90.0,0.0,-3.195937811668781,-3.195937811668781,3.195937811668781
Extra Trees Moderate Extreme,Extra Trees,moderate_extreme,none,90.0,-0.4,-1.4897687277767204,-1.0897687277767205,1.0897687277767205
Extra Trees Moderate Extreme,Extra Trees,moderate_extreme,none,90.0,0.333333333,-3.4845808224748454,-3.8179141554748455,3.8179141554748455
Extra Trees Moderate Extreme,Extra Trees,moderate_extreme,none,91.0,-3.321928,-1.9202510777669222,1.401676922233078,1.401676922233078
Extra Trees Moderate Extreme,Extra Trees,moderate_extreme,none,91.0,0.0,-1.0582600869394019,-1.0582600869394019,1.0582600869394019
Extra Trees Moderate Extreme,Extra Trees,moderate_extreme,none,91.0,-2.321928,-1.7598509861476506,0.5620770138523496,0.5620770138523496
Extra Trees Moderate Extreme,Extra Trees,moderate_extreme,none,91.0,-1.0,-1.193882372567915,-0.19388237256791507,0.19388237256791507
Extra Trees Moderate Extreme,Extra Trees,moderate_extreme,none,92.0,-1.0,-2.054831757889097,-1.0548317578890969,1.0548317578890969
Extra Trees Moderate Extreme,Extra Trees,moderate_extreme,none,92.0,-2.321928,-1.2013590326763355,1.1205689673236647,1.1205689673236647
Extra Trees Moderate Extreme,Extra Trees,moderate_extreme,none,92.0,-0.428571429,-0.9383348404139046,-0.5097634114139046,0.5097634114139046
Extra Trees Moderate Extreme,Extra Trees,moderate_extreme,none,92.0,0.2,-1.4486838884246132,-1.648683888424613,1.648683888424613
Extra Trees Moderate Extreme,Extra Trees,moderate_extreme,none,92.0,-1.0,-1.2172157265148225,-0.21721572651482246,0.21721572651482246
Extra Trees Moderate Extreme,Extra Trees,moderate_extreme,none,97.0,-1.107309333,-0.8657869750067941,0.24152235799320576,0.24152235799320576
Extra Trees Moderate Extreme,Extra Trees,moderate_extreme,none,97.0,0.0,-0.7216396418774871,-0.7216396418774871,0.7216396418774871
Extra Trees Moderate Extreme,Extra Trees,moderate_extreme,none,97.0,0.25,-0.6604272430951322,-0.9104272430951322,0.9104272430951322
Extra Trees Moderate Extreme,Extra Trees,moderate_extreme,none,97.0,0.0,-2.3043805716925814,-2.3043805716925814,2.3043805716925814
Extra Trees Moderate Extreme,Extra Trees,moderate_extreme,none,99.0,-0.5,-2.9041886674234223,-2.4041886674234223,2.4041886674234223
Extra Trees Moderate Extreme,Extra Trees,moderate_extreme,none,99.0,0.0,-2.0033105959260866,-2.0033105959260866,2.0033105959260866
Extra Trees Moderate Extreme,Extra Trees,moderate_extreme,none,99.0,-2.321928,-2.7623259977214594,-0.44039799772145916,0.44039799772145916
Extra Trees Moderate Extreme,Extra Trees,moderate_extreme,none,99.0,0.0,-1.6513384158623012,-1.6513384158623012,1.6513384158623012
Extra Trees Moderate Extreme,Extra Trees,moderate_extreme,none,102.0,-0.5,-0.5678393417207435,-0.06783934172074346,0.06783934172074346
Extra Trees Moderate Extreme,Extra Trees,moderate_extreme,none,102.0,0.333333333,-0.5764860532624729,-0.9098193862624729,0.9098193862624729
Extra Trees Moderate Extreme,Extra Trees,moderate_extreme,none,102.0,-0.666666667,-0.7005489739149965,-0.033882306914996496,0.033882306914996496
Extra Trees Moderate Extreme,Extra Trees,moderate_extreme,none,102.0,0.0,-0.5342191408331153,-0.5342191408331153,0.5342191408331153
Extra Trees Moderate Extreme,Extra Trees,moderate_extreme,none,103.0,-0.666666667,-2.8868080515965038,-2.220141384596504,2.220141384596504
Extra Trees Moderate Extreme,Extra Trees,moderate_extreme,none,110.0,0.0,-2.023061145515008,-2.023061145515008,2.023061145515008
Extra Trees Moderate Extreme,Extra Trees,moderate_extreme,none,110.0,-0.5,-1.7696106450242408,-1.2696106450242408,1.2696106450242408
Extra Trees Moderate Extreme,Extra Trees,moderate_extreme,none,110.0,-1.0,-1.7706974072293724,-0.7706974072293724,0.7706974072293724
Extra Trees Moderate Extreme,Extra Trees,moderate_extreme,none,110.0,-2.321928,-2.05428109889028,0.2676469011097202,0.2676469011097202
Extra Trees Moderate Extreme,Extra Trees,moderate_extreme,none,120.0,-2.321928,-0.6915581434558492,1.6303698565441511,1.6303698565441511
Extra Trees Moderate Extreme,Extra Trees,moderate_extreme,none,120.0,-3.821928,-2.4622149884776228,1.3597130115223774,1.3597130115223774
Extra Trees Moderate Extreme,Extra Trees,moderate_extreme,none,125.0,0.0,-0.7464637798984718,-0.7464637798984718,0.7464637798984718
Extra Trees Moderate Extreme,Extra Trees,moderate_extreme,none,125.0,0.0,-0.7123789046691638,-0.7123789046691638,0.7123789046691638
Extra Trees Moderate Extreme,Extra Trees,moderate_extreme,none,125.0,0.0,-0.9767801165952053,-0.9767801165952053,0.9767801165952053
Extra Trees Moderate Extreme,Extra Trees,moderate_extreme,none,125.0,-5.321928,-3.439312411531394,1.8826155884686058,1.8826155884686058
Extra Trees Moderate Extreme,Extra Trees,moderate_extreme,none,125.0,-2.321928,-2.3814799029691573,-0.05955190296915713,0.05955190296915713
Extra Trees Moderate Extreme,Extra Trees,moderate_extreme,none,133.0,-3.821928,-0.6741071683352841,3.147820831664716,3.147820831664716
Extra Trees Moderate Extreme,Extra Trees,moderate_extreme,none,133.0,0.0,-0.8071123639097678,-0.8071123639097678,0.8071123639097678
Extra Trees Moderate Extreme,Extra Trees,moderate_extreme,none,135.0,-3.321928,-2.3438899653450527,0.9780380346549475,0.9780380346549475
Extra Trees Moderate Extreme,Extra Trees,moderate_extreme,none,135.0,0.0,-0.8777463192402376,-0.8777463192402376,0.8777463192402376
Extra Trees Moderate Extreme,Extra Trees,moderate_extreme,none,135.0,-2.321928,-1.304219449592897,1.0177085504071033,1.0177085504071033
Extra Trees Moderate Extreme,Extra Trees,moderate_extreme,none,138.0,0.0,-1.2009598426595747,-1.2009598426595747,1.2009598426595747
Extra Trees Moderate Extreme,Extra Trees,moderate_extreme,none,138.0,0.0,-1.2778977954135236,-1.2778977954135236,1.2778977954135236
Extra Trees Moderate Extreme,Extra Trees,moderate_extreme,none,138.0,0.0,-2.927232538564201,-2.927232538564201,2.927232538564201
Extra Trees Moderate Extreme,Extra Trees,moderate_extreme,none,138.0,0.0,-2.8350876469286037,-2.8350876469286037,2.8350876469286037
Extra Trees Moderate Extreme,Extra Trees,moderate_extreme,none,139.0,0.333333333,-1.0172577740874338,-1.3505911070874337,1.3505911070874337
Extra Trees Moderate Extreme,Extra Trees,moderate_extreme,none,139.0,-0.5,-0.9365412272839239,-0.43654122728392386,0.43654122728392386
Extra Trees Moderate Extreme,Extra Trees,moderate_extreme,none,139.0,0.0,-0.6914725202378139,-0.6914725202378139,0.6914725202378139
Extra Trees Moderate Extreme,Extra Trees,moderate_extreme,none,141.0,-1.0,-3.61758350734753,-2.61758350734753,2.61758350734753
Extra Trees Moderate Extreme,Extra Trees,moderate_extreme,none,141.0,-0.666666667,-3.4574877899951595,-2.7908211229951596,2.7908211229951596
Extra Trees Moderate Extreme,Extra Trees,moderate_extreme,none,144.0,0.0,-0.7422192435144362,-0.7422192435144362,0.7422192435144362
Extra Trees Moderate Extreme,Extra Trees,moderate_extreme,none,144.0,0.0,-0.7777625081005276,-0.7777625081005276,0.7777625081005276
Extra Trees Moderate Extreme,Extra Trees,moderate_extreme,none,144.0,-1.107309333,-0.5511998309030581,0.5561095020969418,0.5561095020969418
Extra Trees Moderate Extreme,Extra Trees,moderate_extreme,none,156.0,-0.5,-1.0171091011978701,-0.5171091011978701,0.5171091011978701
Extra Trees Moderate Extreme,Extra Trees,moderate_extreme,none,156.0,0.25,-1.4897405214277868,-1.7397405214277868,1.7397405214277868
Extra Trees Moderate Extreme,Extra Trees,moderate_extreme,none,156.0,1.0,-3.073186317084005,-4.073186317084005,4.073186317084005
Extra Trees Moderate Extreme,Extra Trees,moderate_extreme,none,160.0,-1.0,-0.8158697861324506,0.18413021386754935,0.18413021386754935
Extra Trees Moderate Extreme,Extra Trees,moderate_extreme,none,160.0,-0.5,-2.279607046762346,-1.779607046762346,1.779607046762346
Extra Trees Moderate Extreme,Extra Trees,moderate_extreme,none,160.0,-0.5,-0.6775135590620858,-0.17751355906208577,0.17751355906208577
Extra Trees Moderate Extreme,Extra Trees,moderate_extreme,none,160.0,-1.0,-3.403103873908585,-2.403103873908585,2.403103873908585
Extra Trees Moderate Extreme,Extra Trees,moderate_extreme,none,165.0,-1.0,-0.7983589407737859,0.20164105922621411,0.20164105922621411
Extra Trees Moderate Extreme,Extra Trees,moderate_extreme,none,165.0,-0.333333333,-1.007842010916724,-0.6745086779167241,0.6745086779167241
Extra Trees Moderate Extreme,Extra Trees,moderate_extreme,none,165.0,-1.160964,-0.7350883675714055,0.4258756324285946,0.4258756324285946
Extra Trees Moderate Extreme,Extra Trees,moderate_extreme,none,165.0,-1.0,-1.4289983578616878,-0.42899835786168783,0.42899835786168783
Extra Trees Moderate Extreme,Extra Trees,moderate_extreme,none,166.0,0.0,-1.3743969004559995,-1.3743969004559995,1.3743969004559995
Extra Trees Moderate Extreme,Extra Trees,moderate_extreme,none,166.0,0.0,-1.2290398570652388,-1.2290398570652388,1.2290398570652388
Extra Trees Moderate Extreme,Extra Trees,moderate_extreme,none,166.0,-0.666666667,-1.4152780017390607,-0.7486113347390607,0.7486113347390607
Extra Trees Moderate Extreme,Extra Trees,moderate_extreme,none,166.0,0.0,-1.3723167743446263,-1.3723167743446263,1.3723167743446263
Extra Trees Moderate Extreme,Extra Trees,moderate_extreme,none,171.0,-0.166666667,-2.5652842790226993,-2.3986176120226994,2.3986176120226994
Extra Trees Moderate Extreme,Extra Trees,moderate_extreme,none,171.0,0.0,-2.031399407393203,-2.031399407393203,2.031399407393203
Extra Trees Moderate Extreme,Extra Trees,moderate_extreme,none,171.0,0.0,-2.952076538724092,-2.952076538724092,2.952076538724092
Extra Trees Moderate Extreme,Extra Trees,moderate_extreme,none,171.0,-0.25,-2.578894276816381,-2.328894276816381,2.328894276816381
Extra Trees Moderate Extreme,Extra Trees,moderate_extreme,none,176.0,-0.5,-1.386688716689251,-0.886688716689251,0.886688716689251
Extra Trees Moderate Extreme,Extra Trees,moderate_extreme,none,176.0,-1.0,-1.5844504449054202,-0.5844504449054202,0.5844504449054202
Extra Trees Moderate Extreme,Extra Trees,moderate_extreme,none,188.0,0.0,-0.3328892935981866,-0.3328892935981866,0.3328892935981866
Extra Trees Moderate Extreme,Extra Trees,moderate_extreme,none,188.0,0.0,-0.8089073323218419,-0.8089073323218419,0.8089073323218419
Extra Trees Moderate Extreme,Extra Trees,moderate_extreme,none,194.0,0.0,-1.0627711122037733,-1.0627711122037733,1.0627711122037733
Extra Trees Moderate Extreme,Extra Trees,moderate_extreme,none,194.0,0.0,-3.1140353517974946,-3.1140353517974946,3.1140353517974946
Extra Trees Moderate Extreme,Extra Trees,moderate_extreme,none,194.0,0.0,-1.3338103481716894,-1.3338103481716894,1.3338103481716894
Extra Trees Moderate Extreme,Extra Trees,moderate_extreme,none,194.0,-0.333333333,-1.74336880989337,-1.4100354768933698,1.4100354768933698
Extra Trees Moderate Extreme,Extra Trees,moderate_extreme,none,196.0,0.0,-0.654712838871227,-0.654712838871227,0.654712838871227
Extra Trees Moderate Extreme,Extra Trees,moderate_extreme,none,196.0,-1.0,-4.325466518470596,-3.325466518470596,3.325466518470596
Extra Trees Moderate Extreme,Extra Trees,moderate_extreme,none,196.0,0.0,-3.228451825371012,-3.228451825371012,3.228451825371012
Extra Trees Moderate Extreme,Extra Trees,moderate_extreme,none,200.0,-2.321928,-3.2592645933684214,-0.9373365933684212,0.9373365933684212
Extra Trees Moderate Extreme,Extra Trees,moderate_extreme,none,200.0,0.0,-1.0217350519239572,-1.0217350519239572,1.0217350519239572
Extra Trees Moderate Extreme,Extra Trees,moderate_extreme,none,200.0,0.0,-1.0822695956371415,-1.0822695956371415,1.0822695956371415
Extra Trees Moderate Extreme,Extra Trees,moderate_extreme,none,200.0,0.0,-0.8454214960259081,-0.8454214960259081,0.8454214960259081
Extra Trees Moderate Extreme,Extra Trees,moderate_extreme,none,200.0,0.0,-1.1041165744963042,-1.1041165744963042,1.1041165744963042
Extra Trees Moderate Extreme,Extra Trees,moderate_extreme,none,217.0,-0.2,-1.3911611199295368,-1.1911611199295369,1.1911611199295369
Extra Trees Moderate Extreme,Extra Trees,moderate_extreme,none,217.0,0.0,-1.9469000863875252,-1.9469000863875252,1.9469000863875252
Extra Trees Moderate Extreme,Extra Trees,moderate_extreme,none,217.0,-0.924658667,-2.365192899264825,-1.4405342322648247,1.4405342322648247
Extra Trees Moderate Extreme,Extra Trees,moderate_extreme,none,218.0,-2.321928,-0.5542785982790641,1.767649401720936,1.767649401720936
Extra Trees Moderate Extreme,Extra Trees,moderate_extreme,none,218.0,-3.321928,-2.5603138216657415,0.7616141783342587,0.7616141783342587
Extra Trees Moderate Extreme,Extra Trees,moderate_extreme,none,218.0,-4.321928,-0.5314373969496148,3.790490603050385,3.790490603050385
Extra Trees Moderate Extreme,Extra Trees,moderate_extreme,none,218.0,-4.321928,-0.8177887556718959,3.504139244328104,3.504139244328104
Extra Trees Moderate Extreme,Extra Trees,moderate_extreme,none,221.0,-0.666666667,-2.6214696688110437,-1.9548030018110438,1.9548030018110438
Extra Trees Moderate Extreme,Extra Trees,moderate_extreme,none,221.0,0.0,-1.0013886124818543,-1.0013886124818543,1.0013886124818543
Extra Trees Moderate Extreme,Extra Trees,moderate_extreme,none,221.0,0.0,-0.8520263454213038,-0.8520263454213038,0.8520263454213038
Extra Trees Moderate Extreme,Extra Trees,moderate_extreme,none,221.0,-1.0,-1.5279943105434888,-0.5279943105434888,0.5279943105434888
Extra Trees Moderate Extreme,Extra Trees,moderate_extreme,none,221.0,0.0,-1.3094728745242596,-1.3094728745242596,1.3094728745242596
Extra Trees Moderate Extreme,Extra Trees,moderate_extreme,none,228.0,-1.0,-2.9654266058530387,-1.9654266058530387,1.9654266058530387
Extra Trees Moderate Extreme,Extra Trees,moderate_extreme,none,228.0,-1.881285333,-2.931695622993096,-1.0504102899930963,1.0504102899930963
Extra Trees Moderate Extreme,Extra Trees,moderate_extreme,none,228.0,-2.321928,-2.9566114333605893,-0.6346834333605891,0.6346834333605891
Extra Trees Moderate Extreme,Extra Trees,moderate_extreme,none,233.0,-5.321928,-1.8373957885909273,3.484532211409072,3.484532211409072
Extra Trees Moderate Extreme,Extra Trees,moderate_extreme,none,233.0,0.0,-0.987648397326989,-0.987648397326989,0.987648397326989
Extra Trees Moderate Extreme,Extra Trees,moderate_extreme,none,233.0,-5.321928,-2.4404355046880046,2.881492495311995,2.881492495311995
Extra Trees Moderate Extreme,Extra Trees,moderate_extreme,none,233.0,-3.321928,-2.989447273377097,0.33248072662290307,0.33248072662290307
Extra Trees Moderate Extreme,Extra Trees,moderate_extreme,none,239.0,-5.321928,-3.2764418691085253,2.0454861308914745,2.0454861308914745
Extra Trees Moderate Extreme,Extra Trees,moderate_extreme,none,239.0,-5.321928,-3.281614077764361,2.040313922235639,2.040313922235639
Extra Trees Moderate Extreme,Extra Trees,moderate_extreme,none,239.0,-5.321928,-3.391904220969133,1.9300237790308667,1.9300237790308667
Extra Trees Moderate Extreme,Extra Trees,moderate_extreme,none,239.0,-5.321928,-3.217230601280405,2.104697398719595,2.104697398719595
Extra Trees Moderate Extreme,Extra Trees,moderate_extreme,none,240.0,0.0,-1.3032930039097583,-1.3032930039097583,1.3032930039097583
Extra Trees Moderate Extreme,Extra Trees,moderate_extreme,none,240.0,-4.321928,-2.0603689439373474,2.2615590560626524,2.2615590560626524
Extra Trees Moderate Extreme,Extra Trees,moderate_extreme,none,240.0,-5.321928,-1.8013173920871934,3.5206106079128063,3.5206106079128063
Extra Trees Moderate Extreme,Extra Trees,moderate_extreme,none,240.0,-1.0,-1.1712001434680839,-0.17120014346808388,0.17120014346808388
Extra Trees Moderate Extreme,Extra Trees,moderate_extreme,none,247.0,-5.321928,-2.70023699350039,2.62169100649961,2.62169100649961
Extra Trees Moderate Extreme,Extra Trees,moderate_extreme,none,247.0,-5.321928,-3.4425437033851463,1.8793842966148535,1.8793842966148535
Extra Trees Moderate Extreme,Extra Trees,moderate_extreme,none,247.0,-0.25,-0.5203605718289721,-0.2703605718289721,0.2703605718289721
Extra Trees Moderate Extreme,Extra Trees,moderate_extreme,none,247.0,-5.321928,-3.66921320431157,1.6527147956884298,1.6527147956884298
Extra Trees Moderate Extreme,Extra Trees,moderate_extreme,none,250.0,0.5,-1.393920878794852,-1.893920878794852,1.893920878794852
Extra Trees Moderate Extreme,Extra Trees,moderate_extreme,none,250.0,1.0,-1.5204570782225648,-2.520457078222565,2.520457078222565
Extra Trees Moderate Extreme,Extra Trees,moderate_extreme,none,250.0,0.0,-1.9094244067632558,-1.9094244067632558,1.9094244067632558
Extra Trees Moderate Extreme,Extra Trees,moderate_extreme,none,250.0,0.0,-1.3170789976290629,-1.3170789976290629,1.3170789976290629
Extra Trees Moderate Extreme,Extra Trees,moderate_extreme,none,250.0,-0.333333333,-1.6775038716615653,-1.3441705386615652,1.3441705386615652
Extra Trees Moderate Extreme,Extra Trees,moderate_extreme,none,250.0,0.0,-1.5598801353916774,-1.5598801353916774,1.5598801353916774
Extra Trees Moderate Extreme,Extra Trees,moderate_extreme,none,255.0,-3.321928,-2.562937403635813,0.7589905963641872,0.7589905963641872
Extra Trees Moderate Extreme,Extra Trees,moderate_extreme,none,255.0,-1.7414459999999998,-1.648459257683523,0.09298674231647674,0.09298674231647674
Extra Trees Moderate Extreme,Extra Trees,moderate_extreme,none,255.0,-1.881285333,-1.8296182155715426,0.05166711742845731,0.05166711742845731
Extra Trees Moderate Extreme,Extra Trees,moderate_extreme,none,263.0,-3.321928,-2.931277154343385,0.39065084565661534,0.39065084565661534
Extra Trees Moderate Extreme,Extra Trees,moderate_extreme,none,263.0,-3.988594667,-3.0681900841855745,0.9204045828144256,0.9204045828144256
Extra Trees Moderate Extreme,Extra Trees,moderate_extreme,none,273.0,0.0,-1.3853564853565785,-1.3853564853565785,1.3853564853565785
Extra Trees Moderate Extreme,Extra Trees,moderate_extreme,none,273.0,0.5,-1.2277420152131588,-1.7277420152131588,1.7277420152131588
Extra Trees Moderate Extreme,Extra Trees,moderate_extreme,none,273.0,0.0,-1.87159879842965,-1.87159879842965,1.87159879842965
Extra Trees Moderate Extreme,Extra Trees,moderate_extreme,none,273.0,0.0,-1.433668417214064,-1.433668417214064,1.433668417214064
Extra Trees Moderate Extreme,Extra Trees,moderate_extreme,none,278.0,-5.321928,-3.0380417548396155,2.2838862451603843,2.2838862451603843
Extra Trees Moderate Extreme,Extra Trees,moderate_extreme,none,278.0,0.0,-0.873330183601893,-0.873330183601893,0.873330183601893
Extra Trees Moderate Extreme,Extra Trees,moderate_extreme,none,278.0,-4.321928,-2.2091542298308022,2.1127737701691975,2.1127737701691975
Extra Trees Moderate Extreme,Extra Trees,moderate_extreme,none,278.0,-1.0,-0.5604554856115049,0.43954451438849507,0.43954451438849507
Extra Trees Moderate Extreme,Extra Trees,moderate_extreme,none,278.0,0.0,-0.7596440544809574,-0.7596440544809574,0.7596440544809574
Extra Trees Moderate Extreme,Extra Trees,moderate_extreme,none,279.0,-1.0,-2.626793990598056,-1.6267939905980562,1.6267939905980562
Extra Trees Moderate Extreme,Extra Trees,moderate_extreme,none,279.0,-5.321928,-3.720270188800558,1.6016578111994417,1.6016578111994417
Extra Trees Moderate Extreme,Extra Trees,moderate_extreme,none,279.0,-1.660964,-1.9909568950413299,-0.3299928950413298,0.3299928950413298
Extra Trees Moderate Extreme,Extra Trees,moderate_extreme,none,283.0,0.0,-0.8071999500416933,-0.8071999500416933,0.8071999500416933
Extra Trees Moderate Extreme,Extra Trees,moderate_extreme,none,283.0,-0.333333333,-0.46119790959937934,-0.12786457659937933,0.12786457659937933
Extra Trees Moderate Extreme,Extra Trees,moderate_extreme,none,283.0,0.0,-2.496017390776596,-2.496017390776596,2.496017390776596
Extra Trees Moderate Extreme,Extra Trees,moderate_extreme,none,283.0,-4.321928,-3.853440860463231,0.4684871395367689,0.4684871395367689
HistGradientBoosting Baseline,HistGradientBoosting,baseline,none,30.0,-0.386988,-0.25000060216795034,0.13698739783204966,0.13698739783204966
HistGradientBoosting Baseline,HistGradientBoosting,baseline,none,30.0,-1.0,0.3442417922648371,1.344241792264837,1.344241792264837
HistGradientBoosting Baseline,HistGradientBoosting,baseline,none,30.0,-2.321928,0.21010685668978987,2.53203485668979,2.53203485668979
HistGradientBoosting Baseline,HistGradientBoosting,baseline,none,30.0,1.0,-0.2111530211114939,-1.2111530211114938,1.2111530211114938
HistGradientBoosting Baseline,HistGradientBoosting,baseline,none,30.0,0.0,-0.04273725555939108,-0.04273725555939108,0.04273725555939108
HistGradientBoosting Baseline,HistGradientBoosting,baseline,none,33.0,0.0,-1.7962411687038322,-1.7962411687038322,1.7962411687038322
HistGradientBoosting Baseline,HistGradientBoosting,baseline,none,33.0,-1.0,-1.8114900513807721,-0.8114900513807721,0.8114900513807721
HistGradientBoosting Baseline,HistGradientBoosting,baseline,none,33.0,-1.0,-1.5046917657691816,-0.5046917657691816,0.5046917657691816
HistGradientBoosting Baseline,HistGradientBoosting,baseline,none,33.0,0.0,-0.9816089384869052,-0.9816089384869052,0.9816089384869052
HistGradientBoosting Baseline,HistGradientBoosting,baseline,none,34.0,-1.0643856000000005,-1.6307526106758046,-0.5663670106758041,0.5663670106758041
HistGradientBoosting Baseline,HistGradientBoosting,baseline,none,34.0,0.0,-1.0597245900259122,-1.0597245900259122,1.0597245900259122
HistGradientBoosting Baseline,HistGradientBoosting,baseline,none,34.0,-5.321928,-2.565008802838371,2.7569191971616287,2.7569191971616287
HistGradientBoosting Baseline,HistGradientBoosting,baseline,none,34.0,-1.0,-1.2809140390940816,-0.28091403909408164,0.28091403909408164
HistGradientBoosting Baseline,HistGradientBoosting,baseline,none,34.0,-4.821928,-4.118572851978056,0.7033551480219442,0.7033551480219442
HistGradientBoosting Baseline,HistGradientBoosting,baseline,none,39.0,1.0,-0.4843499547092954,-1.4843499547092955,1.4843499547092955
HistGradientBoosting Baseline,HistGradientBoosting,baseline,none,39.0,-0.5,-2.038220085694123,-1.5382200856941228,1.5382200856941228
HistGradientBoosting Baseline,HistGradientBoosting,baseline,none,39.0,0.0,-3.293421909966548,-3.293421909966548,3.293421909966548
HistGradientBoosting Baseline,HistGradientBoosting,baseline,none,39.0,0.0,-3.2366510461670397,-3.2366510461670397,3.2366510461670397
HistGradientBoosting Baseline,HistGradientBoosting,baseline,none,39.0,0.0,-0.6178264184652587,-0.6178264184652587,0.6178264184652587
HistGradientBoosting Baseline,HistGradientBoosting,baseline,none,42.0,-1.0,-0.5013812690537688,0.4986187309462312,0.4986187309462312
HistGradientBoosting Baseline,HistGradientBoosting,baseline,none,42.0,0.25,-0.2054638094416568,-0.45546380944165676,0.45546380944165676
HistGradientBoosting Baseline,HistGradientBoosting,baseline,none,42.0,-5.321928,-2.2750949837878327,3.046833016212167,3.046833016212167
HistGradientBoosting Baseline,HistGradientBoosting,baseline,none,42.0,-5.321928,-2.6878083801257064,2.6341196198742933,2.6341196198742933
HistGradientBoosting Baseline,HistGradientBoosting,baseline,none,43.0,-0.666666667,-0.2607962604974572,0.4058704065025428,0.4058704065025428
HistGradientBoosting Baseline,HistGradientBoosting,baseline,none,43.0,-3.321928,-1.5470227423164837,1.7749052576835165,1.7749052576835165
HistGradientBoosting Baseline,HistGradientBoosting,baseline,none,43.0,-5.321928,-3.396064236239172,1.9258637637608276,1.9258637637608276
HistGradientBoosting Baseline,HistGradientBoosting,baseline,none,43.0,-1.0,-0.4439106101590966,0.5560893898409034,0.5560893898409034
HistGradientBoosting Baseline,HistGradientBoosting,baseline,none,48.0,0.0,-2.940284935502066,-2.940284935502066,2.940284935502066
HistGradientBoosting Baseline,HistGradientBoosting,baseline,none,48.0,-1.0,-3.2567924413462843,-2.2567924413462843,2.2567924413462843
HistGradientBoosting Baseline,HistGradientBoosting,baseline,none,48.0,-1.0,-2.830663972818381,-1.830663972818381,1.830663972818381
HistGradientBoosting Baseline,HistGradientBoosting,baseline,none,48.0,-1.991446,-3.3085902928543276,-1.3171442928543275,1.3171442928543275
HistGradientBoosting Baseline,HistGradientBoosting,baseline,none,49.0,0.0,-0.6951986782864484,-0.6951986782864484,0.6951986782864484
HistGradientBoosting Baseline,HistGradientBoosting,baseline,none,49.0,-2.321928,-2.082938106079755,0.23898989392024506,0.23898989392024506
HistGradientBoosting Baseline,HistGradientBoosting,baseline,none,49.0,0.0,-0.867546261625453,-0.867546261625453,0.867546261625453
HistGradientBoosting Baseline,HistGradientBoosting,baseline,none,49.0,-2.321928,-3.328286660494354,-1.006358660494354,1.006358660494354
HistGradientBoosting Baseline,HistGradientBoosting,baseline,none,49.0,-3.321928,-1.9909473718264332,1.330980628173567,1.330980628173567
HistGradientBoosting Baseline,HistGradientBoosting,baseline,none,54.0,0.0,-0.502069382368749,-0.502069382368749,0.502069382368749
HistGradientBoosting Baseline,HistGradientBoosting,baseline,none,54.0,-1.370723,-3.462498240631037,-2.091775240631037,2.091775240631037
HistGradientBoosting Baseline,HistGradientBoosting,baseline,none,54.0,0.25,-2.1861076992337107,-2.4361076992337107,2.4361076992337107
HistGradientBoosting Baseline,HistGradientBoosting,baseline,none,54.0,0.333333333,-0.09194284985214098,-0.42527618285214097,0.42527618285214097
HistGradientBoosting Baseline,HistGradientBoosting,baseline,none,57.0,0.0,-1.3156583003115652,-1.3156583003115652,1.3156583003115652
HistGradientBoosting Baseline,HistGradientBoosting,baseline,none,57.0,0.0,-0.908617929532631,-0.908617929532631,0.908617929532631
HistGradientBoosting Baseline,HistGradientBoosting,baseline,none,57.0,0.0,-1.338531386805096,-1.338531386805096,1.338531386805096
HistGradientBoosting Baseline,HistGradientBoosting,baseline,none,57.0,0.0,-1.8288499941692469,-1.8288499941692469,1.8288499941692469
HistGradientBoosting Baseline,HistGradientBoosting,baseline,none,69.0,-5.321928,-2.364582671494256,2.9573453285057436,2.9573453285057436
HistGradientBoosting Baseline,HistGradientBoosting,baseline,none,69.0,-2.821928,-2.074433568680844,0.747494431319156,0.747494431319156
HistGradientBoosting Baseline,HistGradientBoosting,baseline,none,69.0,-4.321928,-1.0509647186725886,3.270963281327411,3.270963281327411
HistGradientBoosting Baseline,HistGradientBoosting,baseline,none,69.0,-1.214618667,-0.840173600609429,0.37444506639057107,0.37444506639057107
HistGradientBoosting Baseline,HistGradientBoosting,baseline,none,70.0,-1.0,-0.40312273375169516,0.5968772662483048,0.5968772662483048
HistGradientBoosting Baseline,HistGradientBoosting,baseline,none,70.0,-1.5287712,-0.45981987525863743,1.0689513247413625,1.0689513247413625
HistGradientBoosting Baseline,HistGradientBoosting,baseline,none,70.0,0.0,-1.3047397204594293,-1.3047397204594293,1.3047397204594293
HistGradientBoosting Baseline,HistGradientBoosting,baseline,none,70.0,-4.321928,-0.8370474571561014,3.4848805428438983,3.4848805428438983
HistGradientBoosting Baseline,HistGradientBoosting,baseline,none,70.0,-0.666666667,-0.37146534147705823,0.29520132552294176,0.29520132552294176
HistGradientBoosting Baseline,HistGradientBoosting,baseline,none,90.0,0.0,-0.1507135887675822,-0.1507135887675822,0.1507135887675822
HistGradientBoosting Baseline,HistGradientBoosting,baseline,none,90.0,-1.7739759999999998,-1.5883961963036861,0.18557980369631366,0.18557980369631366
HistGradientBoosting Baseline,HistGradientBoosting,baseline,none,90.0,0.0,-2.595818135228237,-2.595818135228237,2.595818135228237
HistGradientBoosting Baseline,HistGradientBoosting,baseline,none,90.0,-0.4,-0.38444223915193737,0.015557760848062652,0.015557760848062652
HistGradientBoosting Baseline,HistGradientBoosting,baseline,none,90.0,0.333333333,-2.7183118288992807,-3.051645161899281,3.051645161899281
HistGradientBoosting Baseline,HistGradientBoosting,baseline,none,91.0,-3.321928,-2.3702268989721826,0.9517011010278176,0.9517011010278176
HistGradientBoosting Baseline,HistGradientBoosting,baseline,none,91.0,0.0,-0.9606112914102174,-0.9606112914102174,0.9606112914102174
HistGradientBoosting Baseline,HistGradientBoosting,baseline,none,91.0,-2.321928,-1.7954366330871583,0.5264913669128419,0.5264913669128419
HistGradientBoosting Baseline,HistGradientBoosting,baseline,none,91.0,-1.0,-1.3723302369929147,-0.3723302369929147,0.3723302369929147
HistGradientBoosting Baseline,HistGradientBoosting,baseline,none,92.0,-1.0,-1.3807891496104507,-0.38078914961045074,0.38078914961045074
HistGradientBoosting Baseline,HistGradientBoosting,baseline,none,92.0,-2.321928,-0.7283033445570163,1.593624655442984,1.593624655442984
HistGradientBoosting Baseline,HistGradientBoosting,baseline,none,92.0,-0.428571429,-0.45016152762364176,-0.02159009862364175,0.02159009862364175
HistGradientBoosting Baseline,HistGradientBoosting,baseline,none,92.0,0.2,-1.1029043241745666,-1.3029043241745666,1.3029043241745666
HistGradientBoosting Baseline,HistGradientBoosting,baseline,none,92.0,-1.0,-0.5662668691999272,0.4337331308000728,0.4337331308000728
HistGradientBoosting Baseline,HistGradientBoosting,baseline,none,97.0,-1.107309333,-1.5496640149630156,-0.44235468196301575,0.44235468196301575
HistGradientBoosting Baseline,HistGradientBoosting,baseline,none,97.0,0.0,-1.302980206143062,-1.302980206143062,1.302980206143062
HistGradientBoosting Baseline,HistGradientBoosting,baseline,none,97.0,0.25,-1.087359259583063,-1.337359259583063,1.337359259583063
HistGradientBoosting Baseline,HistGradientBoosting,baseline,none,97.0,0.0,-3.265452827481492,-3.265452827481492,3.265452827481492
HistGradientBoosting Baseline,HistGradientBoosting,baseline,none,99.0,-0.5,-2.529232929841466,-2.029232929841466,2.029232929841466
HistGradientBoosting Baseline,HistGradientBoosting,baseline,none,99.0,0.0,-1.7854978400429475,-1.7854978400429475,1.7854978400429475
HistGradientBoosting Baseline,HistGradientBoosting,baseline,none,99.0,-2.321928,-2.7078604788475364,-0.38593247884753623,0.38593247884753623
HistGradientBoosting Baseline,HistGradientBoosting,baseline,none,99.0,0.0,-1.7739499055072807,-1.7739499055072807,1.7739499055072807
HistGradientBoosting Baseline,HistGradientBoosting,baseline,none,102.0,-0.5,-1.0781189964448288,-0.5781189964448288,0.5781189964448288
HistGradientBoosting Baseline,HistGradientBoosting,baseline,none,102.0,0.333333333,-0.7569485444629049,-1.090281877462905,1.090281877462905
HistGradientBoosting Baseline,HistGradientBoosting,baseline,none,102.0,-0.666666667,-0.9808819616272165,-0.31421529462721653,0.31421529462721653
HistGradientBoosting Baseline,HistGradientBoosting,baseline,none,102.0,0.0,-0.8563056593574898,-0.8563056593574898,0.8563056593574898
HistGradientBoosting Baseline,HistGradientBoosting,baseline,none,103.0,-0.666666667,-3.1377203194884093,-2.4710536524884095,2.4710536524884095
HistGradientBoosting Baseline,HistGradientBoosting,baseline,none,110.0,0.0,-0.4327413067695163,-0.4327413067695163,0.4327413067695163
HistGradientBoosting Baseline,HistGradientBoosting,baseline,none,110.0,-0.5,-0.6600877248146658,-0.16008772481466582,0.16008772481466582
HistGradientBoosting Baseline,HistGradientBoosting,baseline,none,110.0,-1.0,-0.2872190434938428,0.7127809565061571,0.7127809565061571
HistGradientBoosting Baseline,HistGradientBoosting,baseline,none,110.0,-2.321928,-1.532774091412522,0.7891539085874781,0.7891539085874781
HistGradientBoosting Baseline,HistGradientBoosting,baseline,none,120.0,-2.321928,-1.554691418819921,0.7672365811800792,0.7672365811800792
HistGradientBoosting Baseline,HistGradientBoosting,baseline,none,120.0,-3.821928,-3.4717185514780367,0.35020944852196356,0.35020944852196356
HistGradientBoosting Baseline,HistGradientBoosting,baseline,none,125.0,0.0,-0.5970704285273348,-0.5970704285273348,0.5970704285273348
HistGradientBoosting Baseline,HistGradientBoosting,baseline,none,125.0,0.0,-0.22848987072606305,-0.22848987072606305,0.22848987072606305
HistGradientBoosting Baseline,HistGradientBoosting,baseline,none,125.0,0.0,-0.783300346410093,-0.783300346410093,0.783300346410093
HistGradientBoosting Baseline,HistGradientBoosting,baseline,none,125.0,-5.321928,-3.4501614773254756,1.8717665226745241,1.8717665226745241
HistGradientBoosting Baseline,HistGradientBoosting,baseline,none,125.0,-2.321928,-2.6285806248893726,-0.3066526248893724,0.3066526248893724
HistGradientBoosting Baseline,HistGradientBoosting,baseline,none,133.0,-3.821928,-1.2739901029380412,2.547937897061959,2.547937897061959
HistGradientBoosting Baseline,HistGradientBoosting,baseline,none,133.0,0.0,-1.0658624381553823,-1.0658624381553823,1.0658624381553823
HistGradientBoosting Baseline,HistGradientBoosting,baseline,none,135.0,-3.321928,-2.7380443756722883,0.5838836243277119,0.5838836243277119
HistGradientBoosting Baseline,HistGradientBoosting,baseline,none,135.0,0.0,-0.21146817456372058,-0.21146817456372058,0.21146817456372058
HistGradientBoosting Baseline,HistGradientBoosting,baseline,none,135.0,-2.321928,-0.9375225354968484,1.3844054645031518,1.3844054645031518
HistGradientBoosting Baseline,HistGradientBoosting,baseline,none,138.0,0.0,-0.6779965219864685,-0.6779965219864685,0.6779965219864685
HistGradientBoosting Baseline,HistGradientBoosting,baseline,none,138.0,0.0,-0.923974098413091,-0.923974098413091,0.923974098413091
HistGradientBoosting Baseline,HistGradientBoosting,baseline,none,138.0,0.0,-2.715171640454039,-2.715171640454039,2.715171640454039
HistGradientBoosting Baseline,HistGradientBoosting,baseline,none,138.0,0.0,-3.4017513600573177,-3.4017513600573177,3.4017513600573177
HistGradientBoosting Baseline,HistGradientBoosting,baseline,none,139.0,0.333333333,-0.5012757478778774,-0.8346090808778774,0.8346090808778774
HistGradientBoosting Baseline,HistGradientBoosting,baseline,none,139.0,-0.5,-0.5477237645918762,-0.04772376459187622,0.04772376459187622
HistGradientBoosting Baseline,HistGradientBoosting,baseline,none,139.0,0.0,0.22098574788248984,0.22098574788248984,0.22098574788248984
HistGradientBoosting Baseline,HistGradientBoosting,baseline,none,141.0,-1.0,-3.0921008178196554,-2.0921008178196554,2.0921008178196554
HistGradientBoosting Baseline,HistGradientBoosting,baseline,none,141.0,-0.666666667,-2.9253834371109204,-2.2587167701109205,2.2587167701109205
HistGradientBoosting Baseline,HistGradientBoosting,baseline,none,144.0,0.0,-0.12424164966524538,-0.12424164966524538,0.12424164966524538
HistGradientBoosting Baseline,HistGradientBoosting,baseline,none,144.0,0.0,-0.30231813740539026,-0.30231813740539026,0.30231813740539026
HistGradientBoosting Baseline,HistGradientBoosting,baseline,none,144.0,-1.107309333,-0.5710425710251821,0.5362667619748178,0.5362667619748178
HistGradientBoosting Baseline,HistGradientBoosting,baseline,none,156.0,-0.5,-0.8034808616120139,-0.30348086161201393,0.30348086161201393
HistGradientBoosting Baseline,HistGradientBoosting,baseline,none,156.0,0.25,-0.4639679591360876,-0.7139679591360877,0.7139679591360877
HistGradientBoosting Baseline,HistGradientBoosting,baseline,none,156.0,1.0,-2.7697821067425528,-3.7697821067425528,3.7697821067425528
HistGradientBoosting Baseline,HistGradientBoosting,baseline,none,160.0,-1.0,-0.4735838736012338,0.5264161263987662,0.5264161263987662
HistGradientBoosting Baseline,HistGradientBoosting,baseline,none,160.0,-0.5,-1.6140248692180024,-1.1140248692180024,1.1140248692180024
HistGradientBoosting Baseline,HistGradientBoosting,baseline,none,160.0,-0.5,-0.16398571780694654,0.33601428219305346,0.33601428219305346
HistGradientBoosting Baseline,HistGradientBoosting,baseline,none,160.0,-1.0,-2.4525166670250202,-1.4525166670250202,1.4525166670250202
HistGradientBoosting Baseline,HistGradientBoosting,baseline,none,165.0,-1.0,-0.3516941070306093,0.6483058929693907,0.6483058929693907
HistGradientBoosting Baseline,HistGradientBoosting,baseline,none,165.0,-0.333333333,-0.9645016475782117,-0.6311683145782117,0.6311683145782117
HistGradientBoosting Baseline,HistGradientBoosting,baseline,none,165.0,-1.160964,-0.6894158902160665,0.4715481097839336,0.4715481097839336
HistGradientBoosting Baseline,HistGradientBoosting,baseline,none,165.0,-1.0,-0.6161578249618829,0.38384217503811713,0.38384217503811713
HistGradientBoosting Baseline,HistGradientBoosting,baseline,none,166.0,0.0,-1.2461650534023498,-1.2461650534023498,1.2461650534023498
HistGradientBoosting Baseline,HistGradientBoosting,baseline,none,166.0,0.0,-0.5065137751743851,-0.5065137751743851,0.5065137751743851
HistGradientBoosting Baseline,HistGradientBoosting,baseline,none,166.0,-0.666666667,-0.8273696160996068,-0.1607029490996068,0.1607029490996068
HistGradientBoosting Baseline,HistGradientBoosting,baseline,none,166.0,0.0,-0.7174053145116033,-0.7174053145116033,0.7174053145116033
HistGradientBoosting Baseline,HistGradientBoosting,baseline,none,171.0,-0.166666667,-0.9062317673844862,-0.7395651003844862,0.7395651003844862
HistGradientBoosting Baseline,HistGradientBoosting,baseline,none,171.0,0.0,-0.27559293756243897,-0.27559293756243897,0.27559293756243897
HistGradientBoosting Baseline,HistGradientBoosting,baseline,none,171.0,0.0,-2.8172868587816886,-2.8172868587816886,2.8172868587816886
HistGradientBoosting Baseline,HistGradientBoosting,baseline,none,171.0,-0.25,-1.6384608934939522,-1.3884608934939522,1.3884608934939522
HistGradientBoosting Baseline,HistGradientBoosting,baseline,none,176.0,-0.5,-0.8122364944465154,-0.31223649444651536,0.31223649444651536
HistGradientBoosting Baseline,HistGradientBoosting,baseline,none,176.0,-1.0,-1.0558897758935915,-0.055889775893591453,0.055889775893591453
HistGradientBoosting Baseline,HistGradientBoosting,baseline,none,188.0,0.0,-0.562955041759798,-0.562955041759798,0.562955041759798
HistGradientBoosting Baseline,HistGradientBoosting,baseline,none,188.0,0.0,-1.3283356428670785,-1.3283356428670785,1.3283356428670785
HistGradientBoosting Baseline,HistGradientBoosting,baseline,none,194.0,0.0,-0.38896262564191136,-0.38896262564191136,0.38896262564191136
HistGradientBoosting Baseline,HistGradientBoosting,baseline,none,194.0,0.0,-2.4157776998029954,-2.4157776998029954,2.4157776998029954
HistGradientBoosting Baseline,HistGradientBoosting,baseline,none,194.0,0.0,-0.13166830042463917,-0.13166830042463917,0.13166830042463917
HistGradientBoosting Baseline,HistGradientBoosting,baseline,none,194.0,-0.333333333,-0.8662478845751277,-0.5329145515751277,0.5329145515751277
HistGradientBoosting Baseline,HistGradientBoosting,baseline,none,196.0,0.0,-0.11636112413300122,-0.11636112413300122,0.11636112413300122
HistGradientBoosting Baseline,HistGradientBoosting,baseline,none,196.0,-1.0,-4.095191336443819,-3.0951913364438193,3.0951913364438193
HistGradientBoosting Baseline,HistGradientBoosting,baseline,none,196.0,0.0,-2.061903706657255,-2.061903706657255,2.061903706657255
HistGradientBoosting Baseline,HistGradientBoosting,baseline,none,200.0,-2.321928,-2.6924162081705783,-0.37048820817057804,0.37048820817057804
HistGradientBoosting Baseline,HistGradientBoosting,baseline,none,200.0,0.0,-0.2536338391984866,-0.2536338391984866,0.2536338391984866
HistGradientBoosting Baseline,HistGradientBoosting,baseline,none,200.0,0.0,-0.4355818663643452,-0.4355818663643452,0.4355818663643452
HistGradientBoosting Baseline,HistGradientBoosting,baseline,none,200.0,0.0,-0.21107346269865987,-0.21107346269865987,0.21107346269865987
HistGradientBoosting Baseline,HistGradientBoosting,baseline,none,200.0,0.0,-0.7863432514153263,-0.7863432514153263,0.7863432514153263
HistGradientBoosting Baseline,HistGradientBoosting,baseline,none,217.0,-0.2,-1.4268505945669203,-1.2268505945669204,1.2268505945669204
HistGradientBoosting Baseline,HistGradientBoosting,baseline,none,217.0,0.0,-1.7474220644627658,-1.7474220644627658,1.7474220644627658
HistGradientBoosting Baseline,HistGradientBoosting,baseline,none,217.0,-0.924658667,-1.3506718878726565,-0.4260132208726565,0.4260132208726565
HistGradientBoosting Baseline,HistGradientBoosting,baseline,none,218.0,-2.321928,-0.25887807946342106,2.0630499205365793,2.0630499205365793
HistGradientBoosting Baseline,HistGradientBoosting,baseline,none,218.0,-3.321928,-2.7495226226043714,0.5724053773956288,0.5724053773956288
HistGradientBoosting Baseline,HistGradientBoosting,baseline,none,218.0,-4.321928,-0.17492907264304036,4.146998927356959,4.146998927356959
HistGradientBoosting Baseline,HistGradientBoosting,baseline,none,218.0,-4.321928,-0.5151169138303309,3.806811086169669,3.806811086169669
HistGradientBoosting Baseline,HistGradientBoosting,baseline,none,221.0,-0.666666667,-2.809202258146658,-2.142535591146658,2.142535591146658
HistGradientBoosting Baseline,HistGradientBoosting,baseline,none,221.0,0.0,0.05678732036222096,0.05678732036222096,0.05678732036222096
HistGradientBoosting Baseline,HistGradientBoosting,baseline,none,221.0,0.0,-0.09419709741038015,-0.09419709741038015,0.09419709741038015
HistGradientBoosting Baseline,HistGradientBoosting,baseline,none,221.0,-1.0,-1.044855705111644,-0.04485570511164405,0.04485570511164405
HistGradientBoosting Baseline,HistGradientBoosting,baseline,none,221.0,0.0,-0.6405281494463968,-0.6405281494463968,0.6405281494463968
HistGradientBoosting Baseline,HistGradientBoosting,baseline,none,228.0,-1.0,-0.41439972088795446,0.5856002791120456,0.5856002791120456
HistGradientBoosting Baseline,HistGradientBoosting,baseline,none,228.0,-1.881285333,-0.5617568474296608,1.319528485570339,1.319528485570339
HistGradientBoosting Baseline,HistGradientBoosting,baseline,none,228.0,-2.321928,-2.6950152769534483,-0.3730872769534481,0.3730872769534481
HistGradientBoosting Baseline,HistGradientBoosting,baseline,none,233.0,-5.321928,-2.2310855114080974,3.0908424885919024,3.0908424885919024
HistGradientBoosting Baseline,HistGradientBoosting,baseline,none,233.0,0.0,-0.8904164023807406,-0.8904164023807406,0.8904164023807406
HistGradientBoosting Baseline,HistGradientBoosting,baseline,none,233.0,-5.321928,-2.5407648305643225,2.7811631694356773,2.7811631694356773
HistGradientBoosting Baseline,HistGradientBoosting,baseline,none,233.0,-3.321928,-3.2438511032844177,0.07807689671558249,0.07807689671558249
HistGradientBoosting Baseline,HistGradientBoosting,baseline,none,239.0,-5.321928,-2.1758392067340924,3.1460887932659074,3.1460887932659074
HistGradientBoosting Baseline,HistGradientBoosting,baseline,none,239.0,-5.321928,-1.9768951657529374,3.3450328342470623,3.3450328342470623
HistGradientBoosting Baseline,HistGradientBoosting,baseline,none,239.0,-5.321928,-2.067228696586835,3.254699303413165,3.254699303413165
HistGradientBoosting Baseline,HistGradientBoosting,baseline,none,239.0,-5.321928,-2.401304595513378,2.920623404486622,2.920623404486622
HistGradientBoosting Baseline,HistGradientBoosting,baseline,none,240.0,0.0,-1.202481977906783,-1.202481977906783,1.202481977906783
HistGradientBoosting Baseline,HistGradientBoosting,baseline,none,240.0,-4.321928,-2.781702064511255,1.5402259354887446,1.5402259354887446
HistGradientBoosting Baseline,HistGradientBoosting,baseline,none,240.0,-5.321928,-1.7481317490309405,3.5737962509690595,3.5737962509690595
HistGradientBoosting Baseline,HistGradientBoosting,baseline,none,240.0,-1.0,-1.3545209695680007,-0.3545209695680007,0.3545209695680007
HistGradientBoosting Baseline,HistGradientBoosting,baseline,none,247.0,-5.321928,-2.6745995231795816,2.647328476820418,2.647328476820418
HistGradientBoosting Baseline,HistGradientBoosting,baseline,none,247.0,-5.321928,-3.6715696018085633,1.6503583981914365,1.6503583981914365
HistGradientBoosting Baseline,HistGradientBoosting,baseline,none,247.0,-0.25,-1.342516772109312,-1.092516772109312,1.092516772109312
HistGradientBoosting Baseline,HistGradientBoosting,baseline,none,247.0,-5.321928,-4.443216909864288,0.8787110901357114,0.8787110901357114
HistGradientBoosting Baseline,HistGradientBoosting,baseline,none,250.0,0.5,-1.180932763172651,-1.680932763172651,1.680932763172651
HistGradientBoosting Baseline,HistGradientBoosting,baseline,none,250.0,1.0,-1.4120737948439437,-2.412073794843944,2.412073794843944
HistGradientBoosting Baseline,HistGradientBoosting,baseline,none,250.0,0.0,-2.329271794156596,-2.329271794156596,2.329271794156596
HistGradientBoosting Baseline,HistGradientBoosting,baseline,none,250.0,0.0,-1.456007402439304,-1.456007402439304,1.456007402439304
HistGradientBoosting Baseline,HistGradientBoosting,baseline,none,250.0,-0.333333333,-1.8682746954292835,-1.5349413624292834,1.5349413624292834
HistGradientBoosting Baseline,HistGradientBoosting,baseline,none,250.0,0.0,-2.14394211151244,-2.14394211151244,2.14394211151244
HistGradientBoosting Baseline,HistGradientBoosting,baseline,none,255.0,-3.321928,-2.526089237877341,0.795838762122659,0.795838762122659
HistGradientBoosting Baseline,HistGradientBoosting,baseline,none,255.0,-1.7414459999999998,-1.1000849786361326,0.6413610213638672,0.6413610213638672
HistGradientBoosting Baseline,HistGradientBoosting,baseline,none,255.0,-1.881285333,-1.99819834651869,-0.11691301351869021,0.11691301351869021
HistGradientBoosting Baseline,HistGradientBoosting,baseline,none,263.0,-3.321928,-2.8977170640745786,0.4242109359254216,0.4242109359254216
HistGradientBoosting Baseline,HistGradientBoosting,baseline,none,263.0,-3.988594667,-3.318751628769842,0.6698430382301579,0.6698430382301579
HistGradientBoosting Baseline,HistGradientBoosting,baseline,none,273.0,0.0,-1.4426330644085974,-1.4426330644085974,1.4426330644085974
HistGradientBoosting Baseline,HistGradientBoosting,baseline,none,273.0,0.5,-0.6377386248932223,-1.1377386248932222,1.1377386248932222
HistGradientBoosting Baseline,HistGradientBoosting,baseline,none,273.0,0.0,-1.548384434263602,-1.548384434263602,1.548384434263602
HistGradientBoosting Baseline,HistGradientBoosting,baseline,none,273.0,0.0,-1.669415277869388,-1.669415277869388,1.669415277869388
HistGradientBoosting Baseline,HistGradientBoosting,baseline,none,278.0,-5.321928,-2.7950242287020615,2.5269037712979383,2.5269037712979383
HistGradientBoosting Baseline,HistGradientBoosting,baseline,none,278.0,0.0,-0.38055658867488834,-0.38055658867488834,0.38055658867488834
HistGradientBoosting Baseline,HistGradientBoosting,baseline,none,278.0,-4.321928,-2.607949689806223,1.7139783101937769,1.7139783101937769
HistGradientBoosting Baseline,HistGradientBoosting,baseline,none,278.0,-1.0,-0.40084158610342474,0.5991584138965753,0.5991584138965753
HistGradientBoosting Baseline,HistGradientBoosting,baseline,none,278.0,0.0,-0.5156170982892945,-0.5156170982892945,0.5156170982892945
HistGradientBoosting Baseline,HistGradientBoosting,baseline,none,279.0,-1.0,-4.211863832178125,-3.2118638321781248,3.2118638321781248
HistGradientBoosting Baseline,HistGradientBoosting,baseline,none,279.0,-5.321928,-4.256642600366588,1.065285399633412,1.065285399633412
HistGradientBoosting Baseline,HistGradientBoosting,baseline,none,279.0,-1.660964,-2.585478795731733,-0.924514795731733,0.924514795731733
HistGradientBoosting Baseline,HistGradientBoosting,baseline,none,283.0,0.0,-0.708664144676597,-0.708664144676597,0.708664144676597
HistGradientBoosting Baseline,HistGradientBoosting,baseline,none,283.0,-0.333333333,-0.012210332096580102,0.3211230009034199,0.3211230009034199
HistGradientBoosting Baseline,HistGradientBoosting,baseline,none,283.0,0.0,-2.1451337612642707,-2.1451337612642707,2.1451337612642707
HistGradientBoosting Baseline,HistGradientBoosting,baseline,none,283.0,-4.321928,-3.486979217732318,0.834948782267682,0.834948782267682
HistGradientBoosting Mild Extreme,HistGradientBoosting,mild_extreme,none,30.0,-0.386988,-0.9610779537466231,-0.5740899537466231,0.5740899537466231
HistGradientBoosting Mild Extreme,HistGradientBoosting,mild_extreme,none,30.0,-1.0,-0.15885385541239455,0.8411461445876054,0.8411461445876054
HistGradientBoosting Mild Extreme,HistGradientBoosting,mild_extreme,none,30.0,-2.321928,-0.4931086245255288,1.8288193754744715,1.8288193754744715
HistGradientBoosting Mild Extreme,HistGradientBoosting,mild_extreme,none,30.0,1.0,-0.7620570596751954,-1.7620570596751954,1.7620570596751954
HistGradientBoosting Mild Extreme,HistGradientBoosting,mild_extreme,none,30.0,0.0,-0.5370531359844454,-0.5370531359844454,0.5370531359844454
HistGradientBoosting Mild Extreme,HistGradientBoosting,mild_extreme,none,33.0,0.0,-2.3641500182143047,-2.3641500182143047,2.3641500182143047
HistGradientBoosting Mild Extreme,HistGradientBoosting,mild_extreme,none,33.0,-1.0,-2.529406795510222,-1.529406795510222,1.529406795510222
HistGradientBoosting Mild Extreme,HistGradientBoosting,mild_extreme,none,33.0,-1.0,-2.138320523157883,-1.138320523157883,1.138320523157883
HistGradientBoosting Mild Extreme,HistGradientBoosting,mild_extreme,none,33.0,0.0,-1.516898311433547,-1.516898311433547,1.516898311433547
HistGradientBoosting Mild Extreme,HistGradientBoosting,mild_extreme,none,34.0,-1.0643856000000005,-1.7058914522146935,-0.641505852214693,0.641505852214693
HistGradientBoosting Mild Extreme,HistGradientBoosting,mild_extreme,none,34.0,0.0,-1.1670065935333203,-1.1670065935333203,1.1670065935333203
HistGradientBoosting Mild Extreme,HistGradientBoosting,mild_extreme,none,34.0,-5.321928,-3.360354293334673,1.9615737066653267,1.9615737066653267
HistGradientBoosting Mild Extreme,HistGradientBoosting,mild_extreme,none,34.0,-1.0,-1.0584047185402892,-0.05840471854028917,0.05840471854028917
HistGradientBoosting Mild Extreme,HistGradientBoosting,mild_extreme,none,34.0,-4.821928,-4.46823610475078,0.35369189524922007,0.35369189524922007
HistGradientBoosting Mild Extreme,HistGradientBoosting,mild_extreme,none,39.0,1.0,-0.2929490447600452,-1.2929490447600451,1.2929490447600451
HistGradientBoosting Mild Extreme,HistGradientBoosting,mild_extreme,none,39.0,-0.5,-1.792642093557145,-1.292642093557145,1.292642093557145
HistGradientBoosting Mild Extreme,HistGradientBoosting,mild_extreme,none,39.0,0.0,-3.3558501140301673,-3.3558501140301673,3.3558501140301673
HistGradientBoosting Mild Extreme,HistGradientBoosting,mild_extreme,none,39.0,0.0,-3.457058729533718,-3.457058729533718,3.457058729533718
HistGradientBoosting Mild Extreme,HistGradientBoosting,mild_extreme,none,39.0,0.0,-0.26638212884099655,-0.26638212884099655,0.26638212884099655
HistGradientBoosting Mild Extreme,HistGradientBoosting,mild_extreme,none,42.0,-1.0,-0.11557047551728454,0.8844295244827155,0.8844295244827155
HistGradientBoosting Mild Extreme,HistGradientBoosting,mild_extreme,none,42.0,0.25,-0.023874171390706737,-0.27387417139070674,0.27387417139070674
HistGradientBoosting Mild Extreme,HistGradientBoosting,mild_extreme,none,42.0,-5.321928,-2.25956293499731,3.0623650650026897,3.0623650650026897
HistGradientBoosting Mild Extreme,HistGradientBoosting,mild_extreme,none,42.0,-5.321928,-2.762099678108234,2.5598283218917657,2.5598283218917657
HistGradientBoosting Mild Extreme,HistGradientBoosting,mild_extreme,none,43.0,-0.666666667,-0.5820171053970615,0.08464956160293846,0.08464956160293846
HistGradientBoosting Mild Extreme,HistGradientBoosting,mild_extreme,none,43.0,-3.321928,-1.8177866530913465,1.5041413469086538,1.5041413469086538
HistGradientBoosting Mild Extreme,HistGradientBoosting,mild_extreme,none,43.0,-5.321928,-3.641891380757631,1.6800366192423688,1.6800366192423688
HistGradientBoosting Mild Extreme,HistGradientBoosting,mild_extreme,none,43.0,-1.0,-0.7521333015698316,0.2478666984301684,0.2478666984301684
HistGradientBoosting Mild Extreme,HistGradientBoosting,mild_extreme,none,48.0,0.0,-2.93204036781672,-2.93204036781672,2.93204036781672
HistGradientBoosting Mild Extreme,HistGradientBoosting,mild_extreme,none,48.0,-1.0,-3.8966681356360753,-2.8966681356360753,2.8966681356360753
HistGradientBoosting Mild Extreme,HistGradientBoosting,mild_extreme,none,48.0,-1.0,-3.2247741676759603,-2.2247741676759603,2.2247741676759603
HistGradientBoosting Mild Extreme,HistGradientBoosting,mild_extreme,none,48.0,-1.991446,-3.62786140926869,-1.6364154092686898,1.6364154092686898
HistGradientBoosting Mild Extreme,HistGradientBoosting,mild_extreme,none,49.0,0.0,-0.3922403863156267,-0.3922403863156267,0.3922403863156267
HistGradientBoosting Mild Extreme,HistGradientBoosting,mild_extreme,none,49.0,-2.321928,-1.803683259477959,0.5182447405220412,0.5182447405220412
HistGradientBoosting Mild Extreme,HistGradientBoosting,mild_extreme,none,49.0,0.0,-0.7738686836609214,-0.7738686836609214,0.7738686836609214
HistGradientBoosting Mild Extreme,HistGradientBoosting,mild_extreme,none,49.0,-2.321928,-3.4979447612722656,-1.1760167612722654,1.1760167612722654
HistGradientBoosting Mild Extreme,HistGradientBoosting,mild_extreme,none,49.0,-3.321928,-2.1838535895387157,1.1380744104612845,1.1380744104612845
HistGradientBoosting Mild Extreme,HistGradientBoosting,mild_extreme,none,54.0,0.0,-1.0746412779843617,-1.0746412779843617,1.0746412779843617
HistGradientBoosting Mild Extreme,HistGradientBoosting,mild_extreme,none,54.0,-1.370723,-3.782838918505609,-2.412115918505609,2.412115918505609
HistGradientBoosting Mild Extreme,HistGradientBoosting,mild_extreme,none,54.0,0.25,-2.8819679806697858,-3.1319679806697858,3.1319679806697858
HistGradientBoosting Mild Extreme,HistGradientBoosting,mild_extreme,none,54.0,0.333333333,-0.1754740817738782,-0.5088074147738781,0.5088074147738781
HistGradientBoosting Mild Extreme,HistGradientBoosting,mild_extreme,none,57.0,0.0,-0.9971294878013286,-0.9971294878013286,0.9971294878013286
HistGradientBoosting Mild Extreme,HistGradientBoosting,mild_extreme,none,57.0,0.0,-0.37836808031162666,-0.37836808031162666,0.37836808031162666
HistGradientBoosting Mild Extreme,HistGradientBoosting,mild_extreme,none,57.0,0.0,-0.9126415761174046,-0.9126415761174046,0.9126415761174046
HistGradientBoosting Mild Extreme,HistGradientBoosting,mild_extreme,none,57.0,0.0,-1.9629065018837066,-1.9629065018837066,1.9629065018837066
HistGradientBoosting Mild Extreme,HistGradientBoosting,mild_extreme,none,69.0,-5.321928,-2.0071624984600756,3.314765501539924,3.314765501539924
HistGradientBoosting Mild Extreme,HistGradientBoosting,mild_extreme,none,69.0,-2.821928,-1.9826181071016602,0.83930989289834,0.83930989289834
HistGradientBoosting Mild Extreme,HistGradientBoosting,mild_extreme,none,69.0,-4.321928,-1.394977031006124,2.926950968993876,2.926950968993876
HistGradientBoosting Mild Extreme,HistGradientBoosting,mild_extreme,none,69.0,-1.214618667,-0.5881959877492585,0.6264226792507416,0.6264226792507416
HistGradientBoosting Mild Extreme,HistGradientBoosting,mild_extreme,none,70.0,-1.0,-0.12194981748384472,0.8780501825161553,0.8780501825161553
HistGradientBoosting Mild Extreme,HistGradientBoosting,mild_extreme,none,70.0,-1.5287712,-0.28775845047000487,1.2410127495299952,1.2410127495299952
HistGradientBoosting Mild Extreme,HistGradientBoosting,mild_extreme,none,70.0,0.0,-1.4086929775979968,-1.4086929775979968,1.4086929775979968
HistGradientBoosting Mild Extreme,HistGradientBoosting,mild_extreme,none,70.0,-4.321928,-1.4127116957299808,2.9092163042700188,2.9092163042700188
HistGradientBoosting Mild Extreme,HistGradientBoosting,mild_extreme,none,70.0,-0.666666667,-0.0020077093117200594,0.66465895768828,0.66465895768828
HistGradientBoosting Mild Extreme,HistGradientBoosting,mild_extreme,none,90.0,0.0,0.02189774420798087,0.02189774420798087,0.02189774420798087
HistGradientBoosting Mild Extreme,HistGradientBoosting,mild_extreme,none,90.0,-1.7739759999999998,-1.6449895727585095,0.12898642724149023,0.12898642724149023
HistGradientBoosting Mild Extreme,HistGradientBoosting,mild_extreme,none,90.0,0.0,-2.5688930630650835,-2.5688930630650835,2.5688930630650835
HistGradientBoosting Mild Extreme,HistGradientBoosting,mild_extreme,none,90.0,-0.4,-0.3445361700836589,0.055463829916341134,0.055463829916341134
HistGradientBoosting Mild Extreme,HistGradientBoosting,mild_extreme,none,90.0,0.333333333,-2.7588068813010915,-3.0921402143010916,3.0921402143010916
HistGradientBoosting Mild Extreme,HistGradientBoosting,mild_extreme,none,91.0,-3.321928,-2.3392967340649307,0.9826312659350696,0.9826312659350696
HistGradientBoosting Mild Extreme,HistGradientBoosting,mild_extreme,none,91.0,0.0,-0.4998659269720979,-0.4998659269720979,0.4998659269720979
HistGradientBoosting Mild Extreme,HistGradientBoosting,mild_extreme,none,91.0,-2.321928,-1.5757257910247948,0.7462022089752054,0.7462022089752054
HistGradientBoosting Mild Extreme,HistGradientBoosting,mild_extreme,none,91.0,-1.0,-1.1805781145762158,-0.18057811457621575,0.18057811457621575
HistGradientBoosting Mild Extreme,HistGradientBoosting,mild_extreme,none,92.0,-1.0,-1.3670809113764666,-0.3670809113764666,0.3670809113764666
HistGradientBoosting Mild Extreme,HistGradientBoosting,mild_extreme,none,92.0,-2.321928,-0.8010524324929263,1.520875567507074,1.520875567507074
HistGradientBoosting Mild Extreme,HistGradientBoosting,mild_extreme,none,92.0,-0.428571429,-0.6480722863657878,-0.21950085736578784,0.21950085736578784
HistGradientBoosting Mild Extreme,HistGradientBoosting,mild_extreme,none,92.0,0.2,-1.2501269931671812,-1.4501269931671812,1.4501269931671812
HistGradientBoosting Mild Extreme,HistGradientBoosting,mild_extreme,none,92.0,-1.0,-0.7829483452541187,0.21705165474588128,0.21705165474588128
HistGradientBoosting Mild Extreme,HistGradientBoosting,mild_extreme,none,97.0,-1.107309333,-1.667545608020892,-0.560236275020892,0.560236275020892
HistGradientBoosting Mild Extreme,HistGradientBoosting,mild_extreme,none,97.0,0.0,-1.730316708471812,-1.730316708471812,1.730316708471812
HistGradientBoosting Mild Extreme,HistGradientBoosting,mild_extreme,none,97.0,0.25,-1.2730363281733401,-1.5230363281733401,1.5230363281733401
HistGradientBoosting Mild Extreme,HistGradientBoosting,mild_extreme,none,97.0,0.0,-3.11491491423406,-3.11491491423406,3.11491491423406
HistGradientBoosting Mild Extreme,HistGradientBoosting,mild_extreme,none,99.0,-0.5,-2.818819403089437,-2.318819403089437,2.318819403089437
HistGradientBoosting Mild Extreme,HistGradientBoosting,mild_extreme,none,99.0,0.0,-1.986288436316637,-1.986288436316637,1.986288436316637
HistGradientBoosting Mild Extreme,HistGradientBoosting,mild_extreme,none,99.0,-2.321928,-2.930299614038136,-0.6083716140381359,0.6083716140381359
HistGradientBoosting Mild Extreme,HistGradientBoosting,mild_extreme,none,99.0,0.0,-1.7115394653588165,-1.7115394653588165,1.7115394653588165
HistGradientBoosting Mild Extreme,HistGradientBoosting,mild_extreme,none,102.0,-0.5,-0.9802965550856999,-0.4802965550856999,0.4802965550856999
HistGradientBoosting Mild Extreme,HistGradientBoosting,mild_extreme,none,102.0,0.333333333,-0.7713165579133938,-1.104649890913394,1.104649890913394
HistGradientBoosting Mild Extreme,HistGradientBoosting,mild_extreme,none,102.0,-0.666666667,-0.9526694205281144,-0.28600275352811444,0.28600275352811444
HistGradientBoosting Mild Extreme,HistGradientBoosting,mild_extreme,none,102.0,0.0,-0.7677656884256321,-0.7677656884256321,0.7677656884256321
HistGradientBoosting Mild Extreme,HistGradientBoosting,mild_extreme,none,103.0,-0.666666667,-3.032737532553855,-2.366070865553855,2.366070865553855
HistGradientBoosting Mild Extreme,HistGradientBoosting,mild_extreme,none,110.0,0.0,-0.5066783608061901,-0.5066783608061901,0.5066783608061901
HistGradientBoosting Mild Extreme,HistGradientBoosting,mild_extreme,none,110.0,-0.5,-1.4771521704846822,-0.9771521704846822,0.9771521704846822
HistGradientBoosting Mild Extreme,HistGradientBoosting,mild_extreme,none,110.0,-1.0,-1.2455561188790938,-0.2455561188790938,0.2455561188790938
HistGradientBoosting Mild Extreme,HistGradientBoosting,mild_extreme,none,110.0,-2.321928,-1.9985493836163268,0.3233786163836734,0.3233786163836734
HistGradientBoosting Mild Extreme,HistGradientBoosting,mild_extreme,none,120.0,-2.321928,-1.757368768687184,0.5645592313128163,0.5645592313128163
HistGradientBoosting Mild Extreme,HistGradientBoosting,mild_extreme,none,120.0,-3.821928,-3.5151532153547516,0.30677478464524865,0.30677478464524865
HistGradientBoosting Mild Extreme,HistGradientBoosting,mild_extreme,none,125.0,0.0,-0.3659852726412798,-0.3659852726412798,0.3659852726412798
HistGradientBoosting Mild Extreme,HistGradientBoosting,mild_extreme,none,125.0,0.0,0.13956968460264926,0.13956968460264926,0.13956968460264926
HistGradientBoosting Mild Extreme,HistGradientBoosting,mild_extreme,none,125.0,0.0,-0.5926091876478501,-0.5926091876478501,0.5926091876478501
HistGradientBoosting Mild Extreme,HistGradientBoosting,mild_extreme,none,125.0,-5.321928,-3.887580869830222,1.4343471301697779,1.4343471301697779
HistGradientBoosting Mild Extreme,HistGradientBoosting,mild_extreme,none,125.0,-2.321928,-2.915982317632883,-0.594054317632883,0.594054317632883
HistGradientBoosting Mild Extreme,HistGradientBoosting,mild_extreme,none,133.0,-3.821928,-1.0764877121323644,2.745440287867636,2.745440287867636
HistGradientBoosting Mild Extreme,HistGradientBoosting,mild_extreme,none,133.0,0.0,-1.1887107040085565,-1.1887107040085565,1.1887107040085565
HistGradientBoosting Mild Extreme,HistGradientBoosting,mild_extreme,none,135.0,-3.321928,-2.9954029093830936,0.3265250906169066,0.3265250906169066
HistGradientBoosting Mild Extreme,HistGradientBoosting,mild_extreme,none,135.0,0.0,0.13264136949898875,0.13264136949898875,0.13264136949898875
HistGradientBoosting Mild Extreme,HistGradientBoosting,mild_extreme,none,135.0,-2.321928,-0.8103413990209527,1.5115866009790475,1.5115866009790475
HistGradientBoosting Mild Extreme,HistGradientBoosting,mild_extreme,none,138.0,0.0,-1.743570755872611,-1.743570755872611,1.743570755872611
HistGradientBoosting Mild Extreme,HistGradientBoosting,mild_extreme,none,138.0,0.0,-1.3688130454321583,-1.3688130454321583,1.3688130454321583
HistGradientBoosting Mild Extreme,HistGradientBoosting,mild_extreme,none,138.0,0.0,-2.8900248161048228,-2.8900248161048228,2.8900248161048228
HistGradientBoosting Mild Extreme,HistGradientBoosting,mild_extreme,none,138.0,0.0,-3.612167526244527,-3.612167526244527,3.612167526244527
HistGradientBoosting Mild Extreme,HistGradientBoosting,mild_extreme,none,139.0,0.333333333,-0.8440876400194518,-1.1774209730194518,1.1774209730194518
HistGradientBoosting Mild Extreme,HistGradientBoosting,mild_extreme,none,139.0,-0.5,-0.6300423108208254,-0.1300423108208254,0.1300423108208254
HistGradientBoosting Mild Extreme,HistGradientBoosting,mild_extreme,none,139.0,0.0,-0.40552998041527333,-0.40552998041527333,0.40552998041527333
HistGradientBoosting Mild Extreme,HistGradientBoosting,mild_extreme,none,141.0,-1.0,-2.9168245686396483,-1.9168245686396483,1.9168245686396483
HistGradientBoosting Mild Extreme,HistGradientBoosting,mild_extreme,none,141.0,-0.666666667,-2.7825766636060356,-2.1159099966060357,2.1159099966060357
HistGradientBoosting Mild Extreme,HistGradientBoosting,mild_extreme,none,144.0,0.0,-0.31952615582272664,-0.31952615582272664,0.31952615582272664
HistGradientBoosting Mild Extreme,HistGradientBoosting,mild_extreme,none,144.0,0.0,-0.23888679416500125,-0.23888679416500125,0.23888679416500125
HistGradientBoosting Mild Extreme,HistGradientBoosting,mild_extreme,none,144.0,-1.107309333,0.01692756523433208,1.124236898234332,1.124236898234332
HistGradientBoosting Mild Extreme,HistGradientBoosting,mild_extreme,none,156.0,-0.5,-0.7198085859212253,-0.21980858592122532,0.21980858592122532
HistGradientBoosting Mild Extreme,HistGradientBoosting,mild_extreme,none,156.0,0.25,-0.36620336261080466,-0.6162033626108047,0.6162033626108047
HistGradientBoosting Mild Extreme,HistGradientBoosting,mild_extreme,none,156.0,1.0,-3.189228565783559,-4.189228565783559,4.189228565783559
HistGradientBoosting Mild Extreme,HistGradientBoosting,mild_extreme,none,160.0,-1.0,-0.2971987927690496,0.7028012072309504,0.7028012072309504
HistGradientBoosting Mild Extreme,HistGradientBoosting,mild_extreme,none,160.0,-0.5,-1.755124934876166,-1.255124934876166,1.255124934876166
HistGradientBoosting Mild Extreme,HistGradientBoosting,mild_extreme,none,160.0,-0.5,0.14541822159633566,0.6454182215963357,0.6454182215963357
HistGradientBoosting Mild Extreme,HistGradientBoosting,mild_extreme,none,160.0,-1.0,-2.2549140808888812,-1.2549140808888812,1.2549140808888812
HistGradientBoosting Mild Extreme,HistGradientBoosting,mild_extreme,none,165.0,-1.0,-0.02585881265310131,0.9741411873468987,0.9741411873468987
HistGradientBoosting Mild Extreme,HistGradientBoosting,mild_extreme,none,165.0,-0.333333333,-0.8418375618705237,-0.5085042288705237,0.5085042288705237
HistGradientBoosting Mild Extreme,HistGradientBoosting,mild_extreme,none,165.0,-1.160964,-0.4598615436267509,0.7011024563732492,0.7011024563732492
HistGradientBoosting Mild Extreme,HistGradientBoosting,mild_extreme,none,165.0,-1.0,-0.6250504466042651,0.3749495533957349,0.3749495533957349
HistGradientBoosting Mild Extreme,HistGradientBoosting,mild_extreme,none,166.0,0.0,-0.9388197451125538,-0.9388197451125538,0.9388197451125538
HistGradientBoosting Mild Extreme,HistGradientBoosting,mild_extreme,none,166.0,0.0,-0.41191689153845856,-0.41191689153845856,0.41191689153845856
HistGradientBoosting Mild Extreme,HistGradientBoosting,mild_extreme,none,166.0,-0.666666667,-0.5070114584656868,0.15965520853431314,0.15965520853431314
HistGradientBoosting Mild Extreme,HistGradientBoosting,mild_extreme,none,166.0,0.0,-0.48375067671611277,-0.48375067671611277,0.48375067671611277
HistGradientBoosting Mild Extreme,HistGradientBoosting,mild_extreme,none,171.0,-0.166666667,-1.3192837638326962,-1.1526170968326963,1.1526170968326963
HistGradientBoosting Mild Extreme,HistGradientBoosting,mild_extreme,none,171.0,0.0,-0.341878973837447,-0.341878973837447,0.341878973837447
HistGradientBoosting Mild Extreme,HistGradientBoosting,mild_extreme,none,171.0,0.0,-3.0934313191155343,-3.0934313191155343,3.0934313191155343
HistGradientBoosting Mild Extreme,HistGradientBoosting,mild_extreme,none,171.0,-0.25,-1.5637417800098412,-1.3137417800098412,1.3137417800098412
HistGradientBoosting Mild Extreme,HistGradientBoosting,mild_extreme,none,176.0,-0.5,-0.8959673908067091,-0.39596739080670906,0.39596739080670906
HistGradientBoosting Mild Extreme,HistGradientBoosting,mild_extreme,none,176.0,-1.0,-0.989728466802025,0.010271533197975025,0.010271533197975025
HistGradientBoosting Mild Extreme,HistGradientBoosting,mild_extreme,none,188.0,0.0,-0.5033452498192991,-0.5033452498192991,0.5033452498192991
HistGradientBoosting Mild Extreme,HistGradientBoosting,mild_extreme,none,188.0,0.0,-1.4647237639347632,-1.4647237639347632,1.4647237639347632
HistGradientBoosting Mild Extreme,HistGradientBoosting,mild_extreme,none,194.0,0.0,-0.36934121093522365,-0.36934121093522365,0.36934121093522365
HistGradientBoosting Mild Extreme,HistGradientBoosting,mild_extreme,none,194.0,0.0,-2.39910674934612,-2.39910674934612,2.39910674934612
HistGradientBoosting Mild Extreme,HistGradientBoosting,mild_extreme,none,194.0,0.0,0.02746619719717464,0.02746619719717464,0.02746619719717464
HistGradientBoosting Mild Extreme,HistGradientBoosting,mild_extreme,none,194.0,-0.333333333,-0.6322889179884252,-0.2989555849884252,0.2989555849884252
HistGradientBoosting Mild Extreme,HistGradientBoosting,mild_extreme,none,196.0,0.0,-0.10897735534584949,-0.10897735534584949,0.10897735534584949
HistGradientBoosting Mild Extreme,HistGradientBoosting,mild_extreme,none,196.0,-1.0,-4.540069210521828,-3.5400692105218283,3.5400692105218283
HistGradientBoosting Mild Extreme,HistGradientBoosting,mild_extreme,none,196.0,0.0,-2.8508656812169195,-2.8508656812169195,2.8508656812169195
HistGradientBoosting Mild Extreme,HistGradientBoosting,mild_extreme,none,200.0,-2.321928,-2.75175231242619,-0.4298243124261898,0.4298243124261898
HistGradientBoosting Mild Extreme,HistGradientBoosting,mild_extreme,none,200.0,0.0,0.36035501360558986,0.36035501360558986,0.36035501360558986
HistGradientBoosting Mild Extreme,HistGradientBoosting,mild_extreme,none,200.0,0.0,-0.010650609842134364,-0.010650609842134364,0.010650609842134364
HistGradientBoosting Mild Extreme,HistGradientBoosting,mild_extreme,none,200.0,0.0,0.40361043058825186,0.40361043058825186,0.40361043058825186
HistGradientBoosting Mild Extreme,HistGradientBoosting,mild_extreme,none,200.0,0.0,-0.43572957705467086,-0.43572957705467086,0.43572957705467086
HistGradientBoosting Mild Extreme,HistGradientBoosting,mild_extreme,none,217.0,-0.2,-0.8788876014555925,-0.6788876014555925,0.6788876014555925
HistGradientBoosting Mild Extreme,HistGradientBoosting,mild_extreme,none,217.0,0.0,-1.7340655614731753,-1.7340655614731753,1.7340655614731753
HistGradientBoosting Mild Extreme,HistGradientBoosting,mild_extreme,none,217.0,-0.924658667,-1.468206743280887,-0.543548076280887,0.543548076280887
HistGradientBoosting Mild Extreme,HistGradientBoosting,mild_extreme,none,218.0,-2.321928,-0.05009595808461867,2.2718320419153817,2.2718320419153817
HistGradientBoosting Mild Extreme,HistGradientBoosting,mild_extreme,none,218.0,-3.321928,-2.6162072446750972,0.705720755324903,0.705720755324903
HistGradientBoosting Mild Extreme,HistGradientBoosting,mild_extreme,none,218.0,-4.321928,0.02514338057395113,4.347071380573951,4.347071380573951
HistGradientBoosting Mild Extreme,HistGradientBoosting,mild_extreme,none,218.0,-4.321928,-0.6757704101401493,3.6461575898598504,3.6461575898598504
HistGradientBoosting Mild Extreme,HistGradientBoosting,mild_extreme,none,221.0,-0.666666667,-3.051001815206933,-2.384335148206933,2.384335148206933
HistGradientBoosting Mild Extreme,HistGradientBoosting,mild_extreme,none,221.0,0.0,0.3484710536487461,0.3484710536487461,0.3484710536487461
HistGradientBoosting Mild Extreme,HistGradientBoosting,mild_extreme,none,221.0,0.0,0.24873738412657367,0.24873738412657367,0.24873738412657367
HistGradientBoosting Mild Extreme,HistGradientBoosting,mild_extreme,none,221.0,-1.0,-0.5998526681406403,0.4001473318593597,0.4001473318593597
HistGradientBoosting Mild Extreme,HistGradientBoosting,mild_extreme,none,221.0,0.0,-0.5943822389933052,-0.5943822389933052,0.5943822389933052
HistGradientBoosting Mild Extreme,HistGradientBoosting,mild_extreme,none,228.0,-1.0,-0.6038554806472414,0.39614451935275863,0.39614451935275863
HistGradientBoosting Mild Extreme,HistGradientBoosting,mild_extreme,none,228.0,-1.881285333,-0.6398871785783254,1.2413981544216743,1.2413981544216743
HistGradientBoosting Mild Extreme,HistGradientBoosting,mild_extreme,none,228.0,-2.321928,-3.484510762441299,-1.162582762441299,1.162582762441299
HistGradientBoosting Mild Extreme,HistGradientBoosting,mild_extreme,none,233.0,-5.321928,-2.5822845513212367,2.739643448678763,2.739643448678763
HistGradientBoosting Mild Extreme,HistGradientBoosting,mild_extreme,none,233.0,0.0,-1.2226424923011392,-1.2226424923011392,1.2226424923011392
HistGradientBoosting Mild Extreme,HistGradientBoosting,mild_extreme,none,233.0,-5.321928,-2.6970795100244325,2.6248484899755673,2.6248484899755673
HistGradientBoosting Mild Extreme,HistGradientBoosting,mild_extreme,none,233.0,-3.321928,-3.3762619226613517,-0.05433392266135151,0.05433392266135151
HistGradientBoosting Mild Extreme,HistGradientBoosting,mild_extreme,none,239.0,-5.321928,-1.8510536349424203,3.4708743650575795,3.4708743650575795
HistGradientBoosting Mild Extreme,HistGradientBoosting,mild_extreme,none,239.0,-5.321928,-2.054858857580752,3.2670691424192477,3.2670691424192477
HistGradientBoosting Mild Extreme,HistGradientBoosting,mild_extreme,none,239.0,-5.321928,-2.199852605693564,3.1220753943064357,3.1220753943064357
HistGradientBoosting Mild Extreme,HistGradientBoosting,mild_extreme,none,239.0,-5.321928,-2.0819774975677947,3.239950502432205,3.239950502432205
HistGradientBoosting Mild Extreme,HistGradientBoosting,mild_extreme,none,240.0,0.0,-1.1358397615004139,-1.1358397615004139,1.1358397615004139
HistGradientBoosting Mild Extreme,HistGradientBoosting,mild_extreme,none,240.0,-4.321928,-2.8729629384879396,1.4489650615120602,1.4489650615120602
HistGradientBoosting Mild Extreme,HistGradientBoosting,mild_extreme,none,240.0,-5.321928,-2.013365421270181,3.308562578729819,3.308562578729819
HistGradientBoosting Mild Extreme,HistGradientBoosting,mild_extreme,none,240.0,-1.0,-1.3758010268025582,-0.3758010268025582,0.3758010268025582
HistGradientBoosting Mild Extreme,HistGradientBoosting,mild_extreme,none,247.0,-5.321928,-2.908878138851811,2.4130498611481888,2.4130498611481888
HistGradientBoosting Mild Extreme,HistGradientBoosting,mild_extreme,none,247.0,-5.321928,-4.381718333834051,0.9402096661659485,0.9402096661659485
HistGradientBoosting Mild Extreme,HistGradientBoosting,mild_extreme,none,247.0,-0.25,-1.3385723812554857,-1.0885723812554857,1.0885723812554857
HistGradientBoosting Mild Extreme,HistGradientBoosting,mild_extreme,none,247.0,-5.321928,-4.771225811198195,0.5507021888018047,0.5507021888018047
HistGradientBoosting Mild Extreme,HistGradientBoosting,mild_extreme,none,250.0,0.5,-1.411465069355743,-1.911465069355743,1.911465069355743
HistGradientBoosting Mild Extreme,HistGradientBoosting,mild_extreme,none,250.0,1.0,-1.87071443332575,-2.87071443332575,2.87071443332575
HistGradientBoosting Mild Extreme,HistGradientBoosting,mild_extreme,none,250.0,0.0,-2.7577198639915035,-2.7577198639915035,2.7577198639915035
HistGradientBoosting Mild Extreme,HistGradientBoosting,mild_extreme,none,250.0,0.0,-1.706033868046145,-1.706033868046145,1.706033868046145
HistGradientBoosting Mild Extreme,HistGradientBoosting,mild_extreme,none,250.0,-0.333333333,-2.4303074354225873,-2.096974102422587,2.096974102422587
HistGradientBoosting Mild Extreme,HistGradientBoosting,mild_extreme,none,250.0,0.0,-3.245966791337011,-3.245966791337011,3.245966791337011
HistGradientBoosting Mild Extreme,HistGradientBoosting,mild_extreme,none,255.0,-3.321928,-2.4683344853431435,0.8535935146568567,0.8535935146568567
HistGradientBoosting Mild Extreme,HistGradientBoosting,mild_extreme,none,255.0,-1.7414459999999998,-1.2228213860977004,0.5186246139022994,0.5186246139022994
HistGradientBoosting Mild Extreme,HistGradientBoosting,mild_extreme,none,255.0,-1.881285333,-1.8596812016692295,0.021604131330770437,0.021604131330770437
HistGradientBoosting Mild Extreme,HistGradientBoosting,mild_extreme,none,263.0,-3.321928,-3.499341818687017,-0.1774138186870169,0.1774138186870169
HistGradientBoosting Mild Extreme,HistGradientBoosting,mild_extreme,none,263.0,-3.988594667,-3.722428598653878,0.2661660683461222,0.2661660683461222
HistGradientBoosting Mild Extreme,HistGradientBoosting,mild_extreme,none,273.0,0.0,-1.6965756214869918,-1.6965756214869918,1.6965756214869918
HistGradientBoosting Mild Extreme,HistGradientBoosting,mild_extreme,none,273.0,0.5,-1.112555611839982,-1.612555611839982,1.612555611839982
HistGradientBoosting Mild Extreme,HistGradientBoosting,mild_extreme,none,273.0,0.0,-1.8940032433105125,-1.8940032433105125,1.8940032433105125
HistGradientBoosting Mild Extreme,HistGradientBoosting,mild_extreme,none,273.0,0.0,-1.63064392921511,-1.63064392921511,1.63064392921511
HistGradientBoosting Mild Extreme,HistGradientBoosting,mild_extreme,none,278.0,-5.321928,-3.9372655711869244,1.3846624288130753,1.3846624288130753
HistGradientBoosting Mild Extreme,HistGradientBoosting,mild_extreme,none,278.0,0.0,-0.9209744370183096,-0.9209744370183096,0.9209744370183096
HistGradientBoosting Mild Extreme,HistGradientBoosting,mild_extreme,none,278.0,-4.321928,-3.3537794553105464,0.9681485446894533,0.9681485446894533
HistGradientBoosting Mild Extreme,HistGradientBoosting,mild_extreme,none,278.0,-1.0,-1.0979648264647999,-0.09796482646479987,0.09796482646479987
HistGradientBoosting Mild Extreme,HistGradientBoosting,mild_extreme,none,278.0,0.0,-1.0029043181026647,-1.0029043181026647,1.0029043181026647
HistGradientBoosting Mild Extreme,HistGradientBoosting,mild_extreme,none,279.0,-1.0,-4.079162541405004,-3.0791625414050037,3.0791625414050037
HistGradientBoosting Mild Extreme,HistGradientBoosting,mild_extreme,none,279.0,-5.321928,-4.171323250863818,1.150604749136182,1.150604749136182
HistGradientBoosting Mild Extreme,HistGradientBoosting,mild_extreme,none,279.0,-1.660964,-2.4330644323692763,-0.7721004323692762,0.7721004323692762
HistGradientBoosting Mild Extreme,HistGradientBoosting,mild_extreme,none,283.0,0.0,-0.9058928769705148,-0.9058928769705148,0.9058928769705148
HistGradientBoosting Mild Extreme,HistGradientBoosting,mild_extreme,none,283.0,-0.333333333,0.21368706626015846,0.5470203992601584,0.5470203992601584
HistGradientBoosting Mild Extreme,HistGradientBoosting,mild_extreme,none,283.0,0.0,-2.3629846456553114,-2.3629846456553114,2.3629846456553114
HistGradientBoosting Mild Extreme,HistGradientBoosting,mild_extreme,none,283.0,-4.321928,-3.650100963175591,0.6718270368244088,0.6718270368244088
Random Forest Target Transform,Random Forest,baseline,log1p_abs,30.0,-0.386988,-0.527722647081936,-0.14073464708193595,0.14073464708193595
Random Forest Target Transform,Random Forest,baseline,log1p_abs,30.0,-1.0,-0.39801405689941893,0.6019859431005811,0.6019859431005811
Random Forest Target Transform,Random Forest,baseline,log1p_abs,30.0,-2.321928,-0.49320759487685034,1.8287204051231498,1.8287204051231498
Random Forest Target Transform,Random Forest,baseline,log1p_abs,30.0,1.0,-0.4871407281006608,-1.4871407281006608,1.4871407281006608
Random Forest Target Transform,Random Forest,baseline,log1p_abs,30.0,0.0,-0.5807487584342411,-0.5807487584342411,0.5807487584342411
Random Forest Target Transform,Random Forest,baseline,log1p_abs,33.0,0.0,-1.440224756935026,-1.440224756935026,1.440224756935026
Random Forest Target Transform,Random Forest,baseline,log1p_abs,33.0,-1.0,-1.280150799545704,-0.280150799545704,0.280150799545704
Random Forest Target Transform,Random Forest,baseline,log1p_abs,33.0,-1.0,-1.144402764173443,-0.1444027641734431,0.1444027641734431
Random Forest Target Transform,Random Forest,baseline,log1p_abs,33.0,0.0,-1.042681905361476,-1.042681905361476,1.042681905361476
Random Forest Target Transform,Random Forest,baseline,log1p_abs,34.0,-1.0643856000000005,-0.5911385906749448,0.4732470093250557,0.4732470093250557
Random Forest Target Transform,Random Forest,baseline,log1p_abs,34.0,0.0,-0.6477264089519611,-0.6477264089519611,0.6477264089519611
Random Forest Target Transform,Random Forest,baseline,log1p_abs,34.0,-5.321928,-1.7134394050707624,3.6084885949292373,3.6084885949292373
Random Forest Target Transform,Random Forest,baseline,log1p_abs,34.0,-1.0,-0.49353485920858214,0.5064651407914178,0.5064651407914178
Random Forest Target Transform,Random Forest,baseline,log1p_abs,34.0,-4.821928,-1.7054969418957744,3.1164310581042254,3.1164310581042254
Random Forest Target Transform,Random Forest,baseline,log1p_abs,39.0,1.0,-0.7916396687394585,-1.7916396687394585,1.7916396687394585
Random Forest Target Transform,Random Forest,baseline,log1p_abs,39.0,-0.5,-1.5491951277154188,-1.0491951277154188,1.0491951277154188
Random Forest Target Transform,Random Forest,baseline,log1p_abs,39.0,0.0,-2.6834415665863594,-2.6834415665863594,2.6834415665863594
Random Forest Target Transform,Random Forest,baseline,log1p_abs,39.0,0.0,-2.5403852808591485,-2.5403852808591485,2.5403852808591485
Random Forest Target Transform,Random Forest,baseline,log1p_abs,39.0,0.0,-0.8575883063730227,-0.8575883063730227,0.8575883063730227
Random Forest Target Transform,Random Forest,baseline,log1p_abs,42.0,-1.0,-0.6450327797153538,0.3549672202846462,0.3549672202846462
Random Forest Target Transform,Random Forest,baseline,log1p_abs,42.0,0.25,-0.39611948091233773,-0.6461194809123377,0.6461194809123377
Random Forest Target Transform,Random Forest,baseline,log1p_abs,42.0,-5.321928,-1.9234359377998982,3.3984920622001016,3.3984920622001016
Random Forest Target Transform,Random Forest,baseline,log1p_abs,42.0,-5.321928,-2.2323827585518314,3.0895452414481683,3.0895452414481683
Random Forest Target Transform,Random Forest,baseline,log1p_abs,43.0,-0.666666667,-0.8157347447078769,-0.1490680777078769,0.1490680777078769
Random Forest Target Transform,Random Forest,baseline,log1p_abs,43.0,-3.321928,-1.4496254651581835,1.8723025348418167,1.8723025348418167
Random Forest Target Transform,Random Forest,baseline,log1p_abs,43.0,-5.321928,-2.4430009284539724,2.8789270715460273,2.8789270715460273
Random Forest Target Transform,Random Forest,baseline,log1p_abs,43.0,-1.0,-0.802809138706737,0.19719086129326302,0.19719086129326302
Random Forest Target Transform,Random Forest,baseline,log1p_abs,48.0,0.0,-1.0688531906725804,-1.0688531906725804,1.0688531906725804
Random Forest Target Transform,Random Forest,baseline,log1p_abs,48.0,-1.0,-1.5549571094711432,-0.5549571094711432,0.5549571094711432
Random Forest Target Transform,Random Forest,baseline,log1p_abs,48.0,-1.0,-1.254575965977508,-0.254575965977508,0.254575965977508
Random Forest Target Transform,Random Forest,baseline,log1p_abs,48.0,-1.991446,-1.493272902615574,0.49817309738442606,0.49817309738442606
Random Forest Target Transform,Random Forest,baseline,log1p_abs,49.0,0.0,-0.25346359766982635,-0.25346359766982635,0.25346359766982635
Random Forest Target Transform,Random Forest,baseline,log1p_abs,49.0,-2.321928,-1.73211398731157,0.5898140126884301,0.5898140126884301
Random Forest Target Transform,Random Forest,baseline,log1p_abs,49.0,0.0,-0.40174034761102806,-0.40174034761102806,0.40174034761102806
Random Forest Target Transform,Random Forest,baseline,log1p_abs,49.0,-2.321928,-2.714034380488546,-0.3921063804885456,0.3921063804885456
Random Forest Target Transform,Random Forest,baseline,log1p_abs,49.0,-3.321928,-1.8447529649064343,1.477175035093566,1.477175035093566
Random Forest Target Transform,Random Forest,baseline,log1p_abs,54.0,0.0,-0.5258891079029976,-0.5258891079029976,0.5258891079029976
Random Forest Target Transform,Random Forest,baseline,log1p_abs,54.0,-1.370723,-2.946291750447332,-1.575568750447332,1.575568750447332
Random Forest Target Transform,Random Forest,baseline,log1p_abs,54.0,0.25,-1.9900383656867022,-2.2400383656867024,2.2400383656867024
Random Forest Target Transform,Random Forest,baseline,log1p_abs,54.0,0.333333333,-0.24762903344207624,-0.5809623664420762,0.5809623664420762
Random Forest Target Transform,Random Forest,baseline,log1p_abs,57.0,0.0,-1.1835996186053304,-1.1835996186053304,1.1835996186053304
Random Forest Target Transform,Random Forest,baseline,log1p_abs,57.0,0.0,-1.5218272290732273,-1.5218272290732273,1.5218272290732273
Random Forest Target Transform,Random Forest,baseline,log1p_abs,57.0,0.0,-0.7612149538670591,-0.7612149538670591,0.7612149538670591
Random Forest Target Transform,Random Forest,baseline,log1p_abs,57.0,0.0,-1.4760986747315599,-1.4760986747315599,1.4760986747315599
Random Forest Target Transform,Random Forest,baseline,log1p_abs,69.0,-5.321928,-1.7890337794951277,3.532894220504872,3.532894220504872
Random Forest Target Transform,Random Forest,baseline,log1p_abs,69.0,-2.821928,-1.290338485877227,1.531589514122773,1.531589514122773
Random Forest Target Transform,Random Forest,baseline,log1p_abs,69.0,-4.321928,-0.9039898149998639,3.417938185000136,3.417938185000136
Random Forest Target Transform,Random Forest,baseline,log1p_abs,69.0,-1.214618667,-0.4667816617924141,0.747837005207586,0.747837005207586
Random Forest Target Transform,Random Forest,baseline,log1p_abs,70.0,-1.0,-0.5070697830451022,0.4929302169548978,0.4929302169548978
Random Forest Target Transform,Random Forest,baseline,log1p_abs,70.0,-1.5287712,-0.540597071188827,0.988174128811173,0.988174128811173
Random Forest Target Transform,Random Forest,baseline,log1p_abs,70.0,0.0,-1.4757349555593613,-1.4757349555593613,1.4757349555593613
Random Forest Target Transform,Random Forest,baseline,log1p_abs,70.0,-4.321928,-0.8543055055664595,3.4676224944335403,3.4676224944335403
Random Forest Target Transform,Random Forest,baseline,log1p_abs,70.0,-0.666666667,-0.5745508529219703,0.09211581407802971,0.09211581407802971
Random Forest Target Transform,Random Forest,baseline,log1p_abs,90.0,0.0,-0.7528043833601782,-0.7528043833601782,0.7528043833601782
Random Forest Target Transform,Random Forest,baseline,log1p_abs,90.0,-1.7739759999999998,-1.6520262073546113,0.12194979264538852,0.12194979264538852
Random Forest Target Transform,Random Forest,baseline,log1p_abs,90.0,0.0,-1.789408260338722,-1.789408260338722,1.789408260338722
Random Forest Target Transform,Random Forest,baseline,log1p_abs,90.0,-0.4,-0.787097625164935,-0.38709762516493496,0.38709762516493496
Random Forest Target Transform,Random Forest,baseline,log1p_abs,90.0,0.333333333,-2.259308177250446,-2.5926415102504463,2.5926415102504463
Random Forest Target Transform,Random Forest,baseline,log1p_abs,91.0,-3.321928,-1.4523462603699224,1.8695817396300778,1.8695817396300778
Random Forest Target Transform,Random Forest,baseline,log1p_abs,91.0,0.0,-0.47878875360350076,-0.47878875360350076,0.47878875360350076
Random Forest Target Transform,Random Forest,baseline,log1p_abs,91.0,-2.321928,-1.0185998403442482,1.303328159655752,1.303328159655752
Random Forest Target Transform,Random Forest,baseline,log1p_abs,91.0,-1.0,-0.6837661724713845,0.3162338275286155,0.3162338275286155
Random Forest Target Transform,Random Forest,baseline,log1p_abs,92.0,-1.0,-1.422420049573457,-0.4224200495734569,0.4224200495734569
Random Forest Target Transform,Random Forest,baseline,log1p_abs,92.0,-2.321928,-0.7607724582030659,1.5611555417969343,1.5611555417969343
Random Forest Target Transform,Random Forest,baseline,log1p_abs,92.0,-0.428571429,-0.35626891857747695,0.07230251042252306,0.07230251042252306
Random Forest Target Transform,Random Forest,baseline,log1p_abs,92.0,0.2,-0.9851101871901214,-1.1851101871901215,1.1851101871901215
Random Forest Target Transform,Random Forest,baseline,log1p_abs,92.0,-1.0,-0.7694252194013325,0.23057478059866754,0.23057478059866754
Random Forest Target Transform,Random Forest,baseline,log1p_abs,97.0,-1.107309333,-0.743884575425416,0.3634247575745839,0.3634247575745839
Random Forest Target Transform,Random Forest,baseline,log1p_abs,97.0,0.0,-0.33324502660174227,-0.33324502660174227,0.33324502660174227
Random Forest Target Transform,Random Forest,baseline,log1p_abs,97.0,0.25,-0.29682431818011584,-0.5468243181801158,0.5468243181801158
Random Forest Target Transform,Random Forest,baseline,log1p_abs,97.0,0.0,-1.432299599876759,-1.432299599876759,1.432299599876759
Random Forest Target Transform,Random Forest,baseline,log1p_abs,99.0,-0.5,-1.5183990134003464,-1.0183990134003464,1.0183990134003464
Random Forest Target Transform,Random Forest,baseline,log1p_abs,99.0,0.0,-1.3322791624418318,-1.3322791624418318,1.3322791624418318
Random Forest Target Transform,Random Forest,baseline,log1p_abs,99.0,-2.321928,-1.602781527425559,0.7191464725744412,0.7191464725744412
Random Forest Target Transform,Random Forest,baseline,log1p_abs,99.0,0.0,-0.9421454983151114,-0.9421454983151114,0.9421454983151114
Random Forest Target Transform,Random Forest,baseline,log1p_abs,102.0,-0.5,-0.6203183235311067,-0.12031832353110672,0.12031832353110672
Random Forest Target Transform,Random Forest,baseline,log1p_abs,102.0,0.333333333,-0.5848791304320999,-0.9182124634321,0.9182124634321
Random Forest Target Transform,Random Forest,baseline,log1p_abs,102.0,-0.666666667,-0.4552140313041927,0.2114526356958073,0.2114526356958073
Random Forest Target Transform,Random Forest,baseline,log1p_abs,102.0,0.0,-0.30310865190559627,-0.30310865190559627,0.30310865190559627
Random Forest Target Transform,Random Forest,baseline,log1p_abs,103.0,-0.666666667,-2.186860228354169,-1.5201935613541693,1.5201935613541693
Random Forest Target Transform,Random Forest,baseline,log1p_abs,110.0,0.0,-0.8966436185078853,-0.8966436185078853,0.8966436185078853
Random Forest Target Transform,Random Forest,baseline,log1p_abs,110.0,-0.5,-0.4824007488299277,0.017599251170072328,0.017599251170072328
Random Forest Target Transform,Random Forest,baseline,log1p_abs,110.0,-1.0,-0.5945782724221501,0.4054217275778499,0.4054217275778499
Random Forest Target Transform,Random Forest,baseline,log1p_abs,110.0,-2.321928,-0.7120559768553085,1.6098720231446917,1.6098720231446917
Random Forest Target Transform,Random Forest,baseline,log1p_abs,120.0,-2.321928,-0.4647668852054599,1.8571611147945404,1.8571611147945404
Random Forest Target Transform,Random Forest,baseline,log1p_abs,120.0,-3.821928,-2.1104853959595484,1.7114426040404518,1.7114426040404518
Random Forest Target Transform,Random Forest,baseline,log1p_abs,125.0,0.0,-0.35097753473312915,-0.35097753473312915,0.35097753473312915
Random Forest Target Transform,Random Forest,baseline,log1p_abs,125.0,0.0,-0.3889451835964625,-0.3889451835964625,0.3889451835964625
Random Forest Target Transform,Random Forest,baseline,log1p_abs,125.0,0.0,-0.5000477151512115,-0.5000477151512115,0.5000477151512115
Random Forest Target Transform,Random Forest,baseline,log1p_abs,125.0,-5.321928,-2.6625110744686196,2.65941692553138,2.65941692553138
Random Forest Target Transform,Random Forest,baseline,log1p_abs,125.0,-2.321928,-1.9927406254544828,0.3291873745455174,0.3291873745455174
Random Forest Target Transform,Random Forest,baseline,log1p_abs,133.0,-3.821928,-0.46574333606583873,3.3561846639341617,3.3561846639341617
Random Forest Target Transform,Random Forest,baseline,log1p_abs,133.0,0.0,-0.5503374306400601,-0.5503374306400601,0.5503374306400601
Random Forest Target Transform,Random Forest,baseline,log1p_abs,135.0,-3.321928,-1.8892264663552705,1.4327015336447297,1.4327015336447297
Random Forest Target Transform,Random Forest,baseline,log1p_abs,135.0,0.0,-0.28800354185598237,-0.28800354185598237,0.28800354185598237
Random Forest Target Transform,Random Forest,baseline,log1p_abs,135.0,-2.321928,-0.757043284770218,1.5648847152297822,1.5648847152297822
Random Forest Target Transform,Random Forest,baseline,log1p_abs,138.0,0.0,-0.6613126569086307,-0.6613126569086307,0.6613126569086307
Random Forest Target Transform,Random Forest,baseline,log1p_abs,138.0,0.0,-0.9100970315554084,-0.9100970315554084,0.9100970315554084
Random Forest Target Transform,Random Forest,baseline,log1p_abs,138.0,0.0,-1.9691172947133542,-1.9691172947133542,1.9691172947133542
Random Forest Target Transform,Random Forest,baseline,log1p_abs,138.0,0.0,-1.9419680717843055,-1.9419680717843055,1.9419680717843055
Random Forest Target Transform,Random Forest,baseline,log1p_abs,139.0,0.333333333,-0.4418559877403189,-0.7751893207403189,0.7751893207403189
Random Forest Target Transform,Random Forest,baseline,log1p_abs,139.0,-0.5,-0.38570975271898256,0.11429024728101744,0.11429024728101744
Random Forest Target Transform,Random Forest,baseline,log1p_abs,139.0,0.0,-0.3768292794833594,-0.3768292794833594,0.3768292794833594
Random Forest Target Transform,Random Forest,baseline,log1p_abs,141.0,-1.0,-2.357316180514807,-1.357316180514807,1.357316180514807
Random Forest Target Transform,Random Forest,baseline,log1p_abs,141.0,-0.666666667,-2.501150436062894,-1.834483769062894,1.834483769062894
Random Forest Target Transform,Random Forest,baseline,log1p_abs,144.0,0.0,-0.26053434938306996,-0.26053434938306996,0.26053434938306996
Random Forest Target Transform,Random Forest,baseline,log1p_abs,144.0,0.0,-0.30985208854950136,-0.30985208854950136,0.30985208854950136
Random Forest Target Transform,Random Forest,baseline,log1p_abs,144.0,-1.107309333,-0.20817197527324152,0.8991373577267584,0.8991373577267584
Random Forest Target Transform,Random Forest,baseline,log1p_abs,156.0,-0.5,-0.6623997714324171,-0.16239977143241713,0.16239977143241713
Random Forest Target Transform,Random Forest,baseline,log1p_abs,156.0,0.25,-0.5148853988995197,-0.7648853988995197,0.7648853988995197
Random Forest Target Transform,Random Forest,baseline,log1p_abs,156.0,1.0,-2.0337356275039604,-3.0337356275039604,3.0337356275039604
Random Forest Target Transform,Random Forest,baseline,log1p_abs,160.0,-1.0,-0.4120092004026733,0.5879907995973267,0.5879907995973267
Random Forest Target Transform,Random Forest,baseline,log1p_abs,160.0,-0.5,-1.4226344612721116,-0.9226344612721116,0.9226344612721116
Random Forest Target Transform,Random Forest,baseline,log1p_abs,160.0,-0.5,-0.35073402553081645,0.14926597446918355,0.14926597446918355
Random Forest Target Transform,Random Forest,baseline,log1p_abs,160.0,-1.0,-1.7825929093065853,-0.7825929093065853,0.7825929093065853
Random Forest Target Transform,Random Forest,baseline,log1p_abs,165.0,-1.0,-0.4013060634523665,0.5986939365476335,0.5986939365476335
Random Forest Target Transform,Random Forest,baseline,log1p_abs,165.0,-0.333333333,-0.8136617976848064,-0.4803284646848064,0.4803284646848064
Random Forest Target Transform,Random Forest,baseline,log1p_abs,165.0,-1.160964,-0.5645194746290108,0.5964445253709894,0.5964445253709894
Random Forest Target Transform,Random Forest,baseline,log1p_abs,165.0,-1.0,-0.6386198907155851,0.3613801092844149,0.3613801092844149
Random Forest Target Transform,Random Forest,baseline,log1p_abs,166.0,0.0,-0.7586088753205015,-0.7586088753205015,0.7586088753205015
Random Forest Target Transform,Random Forest,baseline,log1p_abs,166.0,0.0,-0.45936565999496665,-0.45936565999496665,0.45936565999496665
Random Forest Target Transform,Random Forest,baseline,log1p_abs,166.0,-0.666666667,-0.7627294816719821,-0.09606281467198208,0.09606281467198208
Random Forest Target Transform,Random Forest,baseline,log1p_abs,166.0,0.0,-0.5290909224778511,-0.5290909224778511,0.5290909224778511
Random Forest Target Transform,Random Forest,baseline,log1p_abs,171.0,-0.166666667,-0.8158980133804632,-0.6492313463804632,0.6492313463804632
Random Forest Target Transform,Random Forest,baseline,log1p_abs,171.0,0.0,-0.47771776683019346,-0.47771776683019346,0.47771776683019346
Random Forest Target Transform,Random Forest,baseline,log1p_abs,171.0,0.0,-1.859546927185443,-1.859546927185443,1.859546927185443
Random Forest Target Transform,Random Forest,baseline,log1p_abs,171.0,-0.25,-0.8180661328093267,-0.5680661328093267,0.5680661328093267
Random Forest Target Transform,Random Forest,baseline,log1p_abs,176.0,-0.5,-0.6014060755121385,-0.10140607551213854,0.10140607551213854
Random Forest Target Transform,Random Forest,baseline,log1p_abs,176.0,-1.0,-1.091425749559009,-0.09142574955900895,0.09142574955900895
Random Forest Target Transform,Random Forest,baseline,log1p_abs,188.0,0.0,-0.1513922217856538,-0.1513922217856538,0.1513922217856538
Random Forest Target Transform,Random Forest,baseline,log1p_abs,188.0,0.0,-0.4718236306426339,-0.4718236306426339,0.4718236306426339
Random Forest Target Transform,Random Forest,baseline,log1p_abs,194.0,0.0,-0.5928810998429629,-0.5928810998429629,0.5928810998429629
Random Forest Target Transform,Random Forest,baseline,log1p_abs,194.0,0.0,-2.015924904627237,-2.015924904627237,2.015924904627237
Random Forest Target Transform,Random Forest,baseline,log1p_abs,194.0,0.0,-0.5538135006493915,-0.5538135006493915,0.5538135006493915
Random Forest Target Transform,Random Forest,baseline,log1p_abs,194.0,-0.333333333,-1.20901920488546,-0.87568587188546,0.87568587188546
Random Forest Target Transform,Random Forest,baseline,log1p_abs,196.0,0.0,-0.2863374821646311,-0.2863374821646311,0.2863374821646311
Random Forest Target Transform,Random Forest,baseline,log1p_abs,196.0,-1.0,-3.6353060752528106,-2.6353060752528106,2.6353060752528106
Random Forest Target Transform,Random Forest,baseline,log1p_abs,196.0,0.0,-2.205619465537,-2.205619465537,2.205619465537
Random Forest Target Transform,Random Forest,baseline,log1p_abs,200.0,-2.321928,-2.5777715361068383,-0.2558435361068381,0.2558435361068381
Random Forest Target Transform,Random Forest,baseline,log1p_abs,200.0,0.0,-0.3676130919448116,-0.3676130919448116,0.3676130919448116
Random Forest Target Transform,Random Forest,baseline,log1p_abs,200.0,0.0,-0.5656892425750497,-0.5656892425750497,0.5656892425750497
Random Forest Target Transform,Random Forest,baseline,log1p_abs,200.0,0.0,-0.39990526094204387,-0.39990526094204387,0.39990526094204387
Random Forest Target Transform,Random Forest,baseline,log1p_abs,200.0,0.0,-0.6077767265298017,-0.6077767265298017,0.6077767265298017
Random Forest Target Transform,Random Forest,baseline,log1p_abs,217.0,-0.2,-0.8220858890303823,-0.6220858890303822,0.6220858890303822
Random Forest Target Transform,Random Forest,baseline,log1p_abs,217.0,0.0,-1.270970899345471,-1.270970899345471,1.270970899345471
Random Forest Target Transform,Random Forest,baseline,log1p_abs,217.0,-0.924658667,-1.0761906014232938,-0.15153193442329382,0.15153193442329382
Random Forest Target Transform,Random Forest,baseline,log1p_abs,218.0,-2.321928,-0.3550209997215851,1.966907000278415,1.966907000278415
Random Forest Target Transform,Random Forest,baseline,log1p_abs,218.0,-3.321928,-2.0677023305359294,1.2542256694640708,1.2542256694640708
Random Forest Target Transform,Random Forest,baseline,log1p_abs,218.0,-4.321928,-0.3396488376715606,3.9822791623284393,3.9822791623284393
Random Forest Target Transform,Random Forest,baseline,log1p_abs,218.0,-4.321928,-0.5875590791210644,3.7343689208789352,3.7343689208789352
Random Forest Target Transform,Random Forest,baseline,log1p_abs,221.0,-0.666666667,-1.7680819304096353,-1.1014152634096352,1.1014152634096352
Random Forest Target Transform,Random Forest,baseline,log1p_abs,221.0,0.0,-0.4832343382999898,-0.4832343382999898,0.4832343382999898
Random Forest Target Transform,Random Forest,baseline,log1p_abs,221.0,0.0,-0.3383771726138674,-0.3383771726138674,0.3383771726138674
Random Forest Target Transform,Random Forest,baseline,log1p_abs,221.0,-1.0,-1.0902738293382752,-0.09027382933827521,0.09027382933827521
Random Forest Target Transform,Random Forest,baseline,log1p_abs,221.0,0.0,-0.8802140515491766,-0.8802140515491766,0.8802140515491766
Random Forest Target Transform,Random Forest,baseline,log1p_abs,228.0,-1.0,-0.8823961165754711,0.11760388342452888,0.11760388342452888
Random Forest Target Transform,Random Forest,baseline,log1p_abs,228.0,-1.881285333,-0.9939281492326449,0.887357183767355,0.887357183767355
Random Forest Target Transform,Random Forest,baseline,log1p_abs,228.0,-2.321928,-2.123435036588453,0.19849296341154732,0.19849296341154732
Random Forest Target Transform,Random Forest,baseline,log1p_abs,233.0,-5.321928,-1.5248327111974171,3.7970952888025824,3.7970952888025824
Random Forest Target Transform,Random Forest,baseline,log1p_abs,233.0,0.0,-0.6619949551365973,-0.6619949551365973,0.6619949551365973
Random Forest Target Transform,Random Forest,baseline,log1p_abs,233.0,-5.321928,-1.5798230187036424,3.7421049812963574,3.7421049812963574
Random Forest Target Transform,Random Forest,baseline,log1p_abs,233.0,-3.321928,-1.7810081316553181,1.540919868344682,1.540919868344682
Random Forest Target Transform,Random Forest,baseline,log1p_abs,239.0,-5.321928,-1.9800991524545173,3.3418288475454823,3.3418288475454823
Random Forest Target Transform,Random Forest,baseline,log1p_abs,239.0,-5.321928,-1.8087447490111275,3.513183250988872,3.513183250988872
Random Forest Target Transform,Random Forest,baseline,log1p_abs,239.0,-5.321928,-1.6302469042564511,3.6916810957435486,3.6916810957435486
Random Forest Target Transform,Random Forest,baseline,log1p_abs,239.0,-5.321928,-1.9187100791489016,3.403217920851098,3.403217920851098
Random Forest Target Transform,Random Forest,baseline,log1p_abs,240.0,0.0,-0.7657155308368468,-0.7657155308368468,0.7657155308368468
Random Forest Target Transform,Random Forest,baseline,log1p_abs,240.0,-4.321928,-1.479654166723079,2.842273833276921,2.842273833276921
Random Forest Target Transform,Random Forest,baseline,log1p_abs,240.0,-5.321928,-1.1989262738025062,4.123001726197494,4.123001726197494
Random Forest Target Transform,Random Forest,baseline,log1p_abs,240.0,-1.0,-0.6865165311942363,0.3134834688057637,0.3134834688057637
Random Forest Target Transform,Random Forest,baseline,log1p_abs,247.0,-5.321928,-1.9506737147425457,3.371254285257454,3.371254285257454
Random Forest Target Transform,Random Forest,baseline,log1p_abs,247.0,-5.321928,-2.8594968648525882,2.4624311351474115,2.4624311351474115
Random Forest Target Transform,Random Forest,baseline,log1p_abs,247.0,-0.25,-0.40625081105172983,-0.15625081105172983,0.15625081105172983
Random Forest Target Transform,Random Forest,baseline,log1p_abs,247.0,-5.321928,-2.7990369536287045,2.5228910463712952,2.5228910463712952
Random Forest Target Transform,Random Forest,baseline,log1p_abs,250.0,0.5,-0.9925916230029805,-1.4925916230029805,1.4925916230029805
Random Forest Target Transform,Random Forest,baseline,log1p_abs,250.0,1.0,-0.9234578244579125,-1.9234578244579126,1.9234578244579126
Random Forest Target Transform,Random Forest,baseline,log1p_abs,250.0,0.0,-1.4184510448633032,-1.4184510448633032,1.4184510448633032
Random Forest Target Transform,Random Forest,baseline,log1p_abs,250.0,0.0,-0.8579014986109387,-0.8579014986109387,0.8579014986109387
Random Forest Target Transform,Random Forest,baseline,log1p_abs,250.0,-0.333333333,-1.1505153030261417,-0.8171819700261417,0.8171819700261417
Random Forest Target Transform,Random Forest,baseline,log1p_abs,250.0,0.0,-1.1386124870507959,-1.1386124870507959,1.1386124870507959
Random Forest Target Transform,Random Forest,baseline,log1p_abs,255.0,-3.321928,-1.8167502656016843,1.505177734398316,1.505177734398316
Random Forest Target Transform,Random Forest,baseline,log1p_abs,255.0,-1.7414459999999998,-0.755988515938345,0.9854574840616548,0.9854574840616548
Random Forest Target Transform,Random Forest,baseline,log1p_abs,255.0,-1.881285333,-1.1555345275756437,0.7257508054243562,0.7257508054243562
Random Forest Target Transform,Random Forest,baseline,log1p_abs,263.0,-3.321928,-2.1222211408394003,1.1997068591606,1.1997068591606
Random Forest Target Transform,Random Forest,baseline,log1p_abs,263.0,-3.988594667,-2.3216587490831637,1.6669359179168364,1.6669359179168364
Random Forest Target Transform,Random Forest,baseline,log1p_abs,273.0,0.0,-0.7529550444532189,-0.7529550444532189,0.7529550444532189
Random Forest Target Transform,Random Forest,baseline,log1p_abs,273.0,0.5,-0.4557518709445319,-0.9557518709445318,0.9557518709445318
Random Forest Target Transform,Random Forest,baseline,log1p_abs,273.0,0.0,-1.0771972990276881,-1.0771972990276881,1.0771972990276881
Random Forest Target Transform,Random Forest,baseline,log1p_abs,273.0,0.0,-0.8212581110959947,-0.8212581110959947,0.8212581110959947
Random Forest Target Transform,Random Forest,baseline,log1p_abs,278.0,-5.321928,-2.1312020055117804,3.1907259944882194,3.1907259944882194
Random Forest Target Transform,Random Forest,baseline,log1p_abs,278.0,0.0,-0.5063299335764315,-0.5063299335764315,0.5063299335764315
Random Forest Target Transform,Random Forest,baseline,log1p_abs,278.0,-4.321928,-1.850999880222244,2.4709281197777555,2.4709281197777555
Random Forest Target Transform,Random Forest,baseline,log1p_abs,278.0,-1.0,-0.38866525819239184,0.6113347418076082,0.6113347418076082
Random Forest Target Transform,Random Forest,baseline,log1p_abs,278.0,0.0,-0.37030305865228946,-0.37030305865228946,0.37030305865228946
Random Forest Target Transform,Random Forest,baseline,log1p_abs,279.0,-1.0,-2.107146112946634,-1.107146112946634,1.107146112946634
Random Forest Target Transform,Random Forest,baseline,log1p_abs,279.0,-5.321928,-3.045205042667155,2.276722957332845,2.276722957332845
Random Forest Target Transform,Random Forest,baseline,log1p_abs,279.0,-1.660964,-1.2747298140814174,0.3862341859185827,0.3862341859185827
Random Forest Target Transform,Random Forest,baseline,log1p_abs,283.0,0.0,-0.41717049033913917,-0.41717049033913917,0.41717049033913917
Random Forest Target Transform,Random Forest,baseline,log1p_abs,283.0,-0.333333333,-0.21645993827961296,0.11687339472038705,0.11687339472038705
Random Forest Target Transform,Random Forest,baseline,log1p_abs,283.0,0.0,-1.9671777973492763,-1.9671777973492763,1.9671777973492763
Random Forest Target Transform,Random Forest,baseline,log1p_abs,283.0,-4.321928,-2.9557924607043216,1.3661355392956782,1.3661355392956782
Extra Trees Target Transform,Extra Trees,baseline,log1p_abs,30.0,-0.386988,-0.35894225471522495,0.028045745284775048,0.028045745284775048
Extra Trees Target Transform,Extra Trees,baseline,log1p_abs,30.0,-1.0,-0.31842552756528214,0.6815744724347179,0.6815744724347179
Extra Trees Target Transform,Extra Trees,baseline,log1p_abs,30.0,-2.321928,-0.35435249450185813,1.967575505498142,1.967575505498142
Extra Trees Target Transform,Extra Trees,baseline,log1p_abs,30.0,1.0,-0.3204858508231305,-1.3204858508231305,1.3204858508231305
Extra Trees Target Transform,Extra Trees,baseline,log1p_abs,30.0,0.0,-0.32125072107744385,-0.32125072107744385,0.32125072107744385
Extra Trees Target Transform,Extra Trees,baseline,log1p_abs,33.0,0.0,-1.5573928822768224,-1.5573928822768224,1.5573928822768224
Extra Trees Target Transform,Extra Trees,baseline,log1p_abs,33.0,-1.0,-1.383510717281347,-0.383510717281347,0.383510717281347
Extra Trees Target Transform,Extra Trees,baseline,log1p_abs,33.0,-1.0,-1.1976931406934006,-0.1976931406934006,0.1976931406934006
Extra Trees Target Transform,Extra Trees,baseline,log1p_abs,33.0,0.0,-1.0581801561136643,-1.0581801561136643,1.0581801561136643
Extra Trees Target Transform,Extra Trees,baseline,log1p_abs,34.0,-1.0643856000000005,-0.5583931446537845,0.505992455346216,0.505992455346216
Extra Trees Target Transform,Extra Trees,baseline,log1p_abs,34.0,0.0,-0.5535531901392423,-0.5535531901392423,0.5535531901392423
Extra Trees Target Transform,Extra Trees,baseline,log1p_abs,34.0,-5.321928,-1.391696120000418,3.9302318799995817,3.9302318799995817
Extra Trees Target Transform,Extra Trees,baseline,log1p_abs,34.0,-1.0,-0.5295784501356843,0.4704215498643157,0.4704215498643157
Extra Trees Target Transform,Extra Trees,baseline,log1p_abs,34.0,-4.821928,-1.9565783083035881,2.8653496916964114,2.8653496916964114
Extra Trees Target Transform,Extra Trees,baseline,log1p_abs,39.0,1.0,-1.0528348917517403,-2.0528348917517403,2.0528348917517403
Extra Trees Target Transform,Extra Trees,baseline,log1p_abs,39.0,-0.5,-1.558236759243159,-1.058236759243159,1.058236759243159
Extra Trees Target Transform,Extra Trees,baseline,log1p_abs,39.0,0.0,-2.7824131454853713,-2.7824131454853713,2.7824131454853713
Extra Trees Target Transform,Extra Trees,baseline,log1p_abs,39.0,0.0,-2.3297307692688696,-2.3297307692688696,2.3297307692688696
Extra Trees Target Transform,Extra Trees,baseline,log1p_abs,39.0,0.0,-1.1846805259142408,-1.1846805259142408,1.1846805259142408
Extra Trees Target Transform,Extra Trees,baseline,log1p_abs,42.0,-1.0,-0.8539324765915179,0.14606752340848206,0.14606752340848206
Extra Trees Target Transform,Extra Trees,baseline,log1p_abs,42.0,0.25,-0.49112356693127956,-0.7411235669312796,0.7411235669312796
Extra Trees Target Transform,Extra Trees,baseline,log1p_abs,42.0,-5.321928,-1.8683595031396505,3.453568496860349,3.453568496860349
Extra Trees Target Transform,Extra Trees,baseline,log1p_abs,42.0,-5.321928,-2.1197813201706452,3.2021466798293545,3.2021466798293545
Extra Trees Target Transform,Extra Trees,baseline,log1p_abs,43.0,-0.666666667,-0.8672618034422775,-0.20059513644227756,0.20059513644227756
Extra Trees Target Transform,Extra Trees,baseline,log1p_abs,43.0,-3.321928,-1.2944697549664517,2.0274582450335483,2.0274582450335483
Extra Trees Target Transform,Extra Trees,baseline,log1p_abs,43.0,-5.321928,-2.316176603543378,3.005751396456622,3.005751396456622
Extra Trees Target Transform,Extra Trees,baseline,log1p_abs,43.0,-1.0,-0.8540229652432735,0.14597703475672652,0.14597703475672652
Extra Trees Target Transform,Extra Trees,baseline,log1p_abs,48.0,0.0,-1.3028908088834346,-1.3028908088834346,1.3028908088834346
Extra Trees Target Transform,Extra Trees,baseline,log1p_abs,48.0,-1.0,-1.680549308133479,-0.680549308133479,0.680549308133479
Extra Trees Target Transform,Extra Trees,baseline,log1p_abs,48.0,-1.0,-1.3647968519054186,-0.36479685190541855,0.36479685190541855
Extra Trees Target Transform,Extra Trees,baseline,log1p_abs,48.0,-1.991446,-1.83666162900441,0.15478437099559006,0.15478437099559006
Extra Trees Target Transform,Extra Trees,baseline,log1p_abs,49.0,0.0,-0.36059534004498617,-0.36059534004498617,0.36059534004498617
Extra Trees Target Transform,Extra Trees,baseline,log1p_abs,49.0,-2.321928,-1.5079260074601468,0.8140019925398534,0.8140019925398534
Extra Trees Target Transform,Extra Trees,baseline,log1p_abs,49.0,0.0,-0.4979050049351739,-0.4979050049351739,0.4979050049351739
Extra Trees Target Transform,Extra Trees,baseline,log1p_abs,49.0,-2.321928,-2.331184502958851,-0.00925650295885072,0.00925650295885072
Extra Trees Target Transform,Extra Trees,baseline,log1p_abs,49.0,-3.321928,-1.7252047529658132,1.596723247034187,1.596723247034187
Extra Trees Target Transform,Extra Trees,baseline,log1p_abs,54.0,0.0,-0.5449326839657245,-0.5449326839657245,0.5449326839657245
Extra Trees Target Transform,Extra Trees,baseline,log1p_abs,54.0,-1.370723,-3.383602354660479,-2.012879354660479,2.012879354660479
Extra Trees Target Transform,Extra Trees,baseline,log1p_abs,54.0,0.25,-1.628311468984714,-1.878311468984714,1.878311468984714
Extra Trees Target Transform,Extra Trees,baseline,log1p_abs,54.0,0.333333333,-0.26709027239329575,-0.6004236053932958,0.6004236053932958
Extra Trees Target Transform,Extra Trees,baseline,log1p_abs,57.0,0.0,-0.8642711063028069,-0.8642711063028069,0.8642711063028069
Extra Trees Target Transform,Extra Trees,baseline,log1p_abs,57.0,0.0,-0.9977943457768808,-0.9977943457768808,0.9977943457768808
Extra Trees Target Transform,Extra Trees,baseline,log1p_abs,57.0,0.0,-0.6393904313310935,-0.6393904313310935,0.6393904313310935
Extra Trees Target Transform,Extra Trees,baseline,log1p_abs,57.0,0.0,-1.00315999194765,-1.00315999194765,1.00315999194765
Extra Trees Target Transform,Extra Trees,baseline,log1p_abs,69.0,-5.321928,-1.6664381087983149,3.655489891201685,3.655489891201685
Extra Trees Target Transform,Extra Trees,baseline,log1p_abs,69.0,-2.821928,-1.17085605554885,1.6510719444511501,1.6510719444511501
Extra Trees Target Transform,Extra Trees,baseline,log1p_abs,69.0,-4.321928,-0.9586590729837944,3.3632689270162053,3.3632689270162053
Extra Trees Target Transform,Extra Trees,baseline,log1p_abs,69.0,-1.214618667,-0.6842374321773353,0.5303812348226647,0.5303812348226647
Extra Trees Target Transform,Extra Trees,baseline,log1p_abs,70.0,-1.0,-0.44728785429775925,0.5527121457022408,0.5527121457022408
Extra Trees Target Transform,Extra Trees,baseline,log1p_abs,70.0,-1.5287712,-0.4811147655741313,1.0476564344258688,1.0476564344258688
Extra Trees Target Transform,Extra Trees,baseline,log1p_abs,70.0,0.0,-1.1892058216319208,-1.1892058216319208,1.1892058216319208
Extra Trees Target Transform,Extra Trees,baseline,log1p_abs,70.0,-4.321928,-0.7660453127789918,3.555882687221008,3.555882687221008
Extra Trees Target Transform,Extra Trees,baseline,log1p_abs,70.0,-0.666666667,-0.5110182352997618,0.15564843170023823,0.15564843170023823
Extra Trees Target Transform,Extra Trees,baseline,log1p_abs,90.0,0.0,-0.8172113301992774,-0.8172113301992774,0.8172113301992774
Extra Trees Target Transform,Extra Trees,baseline,log1p_abs,90.0,-1.7739759999999998,-1.4893892829121336,0.2845867170878662,0.2845867170878662
Extra Trees Target Transform,Extra Trees,baseline,log1p_abs,90.0,0.0,-1.8198181465451981,-1.8198181465451981,1.8198181465451981
Extra Trees Target Transform,Extra Trees,baseline,log1p_abs,90.0,-0.4,-1.0081362797513633,-0.6081362797513633,0.6081362797513633
Extra Trees Target Transform,Extra Trees,baseline,log1p_abs,90.0,0.333333333,-2.2802386997682538,-2.613572032768254,2.613572032768254
Extra Trees Target Transform,Extra Trees,baseline,log1p_abs,91.0,-3.321928,-1.5029724172735226,1.8189555827264776,1.8189555827264776
Extra Trees Target Transform,Extra Trees,baseline,log1p_abs,91.0,0.0,-0.7362820364923107,-0.7362820364923107,0.7362820364923107
Extra Trees Target Transform,Extra Trees,baseline,log1p_abs,91.0,-2.321928,-1.275326236624539,1.0466017633754612,1.0466017633754612
Extra Trees Target Transform,Extra Trees,baseline,log1p_abs,91.0,-1.0,-0.9245552201750684,0.07544477982493158,0.07544477982493158
Extra Trees Target Transform,Extra Trees,baseline,log1p_abs,92.0,-1.0,-1.4530451149595347,-0.4530451149595347,0.4530451149595347
Extra Trees Target Transform,Extra Trees,baseline,log1p_abs,92.0,-2.321928,-0.6799995043593304,1.64192849564067,1.64192849564067
Extra Trees Target Transform,Extra Trees,baseline,log1p_abs,92.0,-0.428571429,-0.5291113599020489,-0.10053993090204894,0.10053993090204894
Extra Trees Target Transform,Extra Trees,baseline,log1p_abs,92.0,0.2,-0.9643536816689836,-1.1643536816689837,1.1643536816689837
Extra Trees Target Transform,Extra Trees,baseline,log1p_abs,92.0,-1.0,-0.7349908609453986,0.26500913905460144,0.26500913905460144
Extra Trees Target Transform,Extra Trees,baseline,log1p_abs,97.0,-1.107309333,-0.44046748041750855,0.6668418525824913,0.6668418525824913
Extra Trees Target Transform,Extra Trees,baseline,log1p_abs,97.0,0.0,-0.28541230458586203,-0.28541230458586203,0.28541230458586203
Extra Trees Target Transform,Extra Trees,baseline,log1p_abs,97.0,0.25,-0.20475540349617238,-0.4547554034961724,0.4547554034961724
Extra Trees Target Transform,Extra Trees,baseline,log1p_abs,97.0,0.0,-1.333048774051703,-1.333048774051703,1.333048774051703
Extra Trees Target Transform,Extra Trees,baseline,log1p_abs,99.0,-0.5,-1.784168514254856,-1.284168514254856,1.284168514254856
Extra Trees Target Transform,Extra Trees,baseline,log1p_abs,99.0,0.0,-1.2578617591471348,-1.2578617591471348,1.2578617591471348
Extra Trees Target Transform,Extra Trees,baseline,log1p_abs,99.0,-2.321928,-1.6797277107436248,0.6422002892563754,0.6422002892563754
Extra Trees Target Transform,Extra Trees,baseline,log1p_abs,99.0,0.0,-1.0107423564987545,-1.0107423564987545,1.0107423564987545
Extra Trees Target Transform,Extra Trees,baseline,log1p_abs,102.0,-0.5,-0.44149270765408494,0.05850729234591506,0.05850729234591506
Extra Trees Target Transform,Extra Trees,baseline,log1p_abs,102.0,0.333333333,-0.44660685944822315,-0.7799401924482232,0.7799401924482232
Extra Trees Target Transform,Extra Trees,baseline,log1p_abs,102.0,-0.666666667,-0.39875402732622767,0.2679126396737723,0.2679126396737723
Extra Trees Target Transform,Extra Trees,baseline,log1p_abs,102.0,0.0,-0.3053939752094759,-0.3053939752094759,0.3053939752094759
Extra Trees Target Transform,Extra Trees,baseline,log1p_abs,103.0,-0.666666667,-2.297976332391153,-1.6313096653911532,1.6313096653911532
Extra Trees Target Transform,Extra Trees,baseline,log1p_abs,110.0,0.0,-1.0046435762897792,-1.0046435762897792,1.0046435762897792
Extra Trees Target Transform,Extra Trees,baseline,log1p_abs,110.0,-0.5,-0.8653382843382702,-0.3653382843382702,0.3653382843382702
Extra Trees Target Transform,Extra Trees,baseline,log1p_abs,110.0,-1.0,-0.8927147519414613,0.10728524805853867,0.10728524805853867
Extra Trees Target Transform,Extra Trees,baseline,log1p_abs,110.0,-2.321928,-1.0881119969794184,1.2338160030205818,1.2338160030205818
Extra Trees Target Transform,Extra Trees,baseline,log1p_abs,120.0,-2.321928,-0.5296187974882558,1.7923092025117444,1.7923092025117444
Extra Trees Target Transform,Extra Trees,baseline,log1p_abs,120.0,-3.821928,-1.9062439330716214,1.9156840669283788,1.9156840669283788
Extra Trees Target Transform,Extra Trees,baseline,log1p_abs,125.0,0.0,-0.4056295346338891,-0.4056295346338891,0.4056295346338891
Extra Trees Target Transform,Extra Trees,baseline,log1p_abs,125.0,0.0,-0.2936567599000608,-0.2936567599000608,0.2936567599000608
Extra Trees Target Transform,Extra Trees,baseline,log1p_abs,125.0,0.0,-0.5214322193401966,-0.5214322193401966,0.5214322193401966
Extra Trees Target Transform,Extra Trees,baseline,log1p_abs,125.0,-5.321928,-2.456551235477635,2.865376764522365,2.865376764522365
Extra Trees Target Transform,Extra Trees,baseline,log1p_abs,125.0,-2.321928,-1.7946636292564517,0.5272643707435485,0.5272643707435485
Extra Trees Target Transform,Extra Trees,baseline,log1p_abs,133.0,-3.821928,-0.38792468193735324,3.434003318062647,3.434003318062647
Extra Trees Target Transform,Extra Trees,baseline,log1p_abs,133.0,0.0,-0.38796521069538265,-0.38796521069538265,0.38796521069538265
Extra Trees Target Transform,Extra Trees,baseline,log1p_abs,135.0,-3.321928,-1.4018840327742095,1.9200439672257907,1.9200439672257907
Extra Trees Target Transform,Extra Trees,baseline,log1p_abs,135.0,0.0,-0.49274301658725217,-0.49274301658725217,0.49274301658725217
Extra Trees Target Transform,Extra Trees,baseline,log1p_abs,135.0,-2.321928,-0.8469079542698669,1.4750200457301332,1.4750200457301332
Extra Trees Target Transform,Extra Trees,baseline,log1p_abs,138.0,0.0,-0.5206257433761967,-0.5206257433761967,0.5206257433761967
Extra Trees Target Transform,Extra Trees,baseline,log1p_abs,138.0,0.0,-0.6992227607687365,-0.6992227607687365,0.6992227607687365
Extra Trees Target Transform,Extra Trees,baseline,log1p_abs,138.0,0.0,-1.4350943740943947,-1.4350943740943947,1.4350943740943947
Extra Trees Target Transform,Extra Trees,baseline,log1p_abs,138.0,0.0,-1.5352905569321733,-1.5352905569321733,1.5352905569321733
Extra Trees Target Transform,Extra Trees,baseline,log1p_abs,139.0,0.333333333,-0.4977349886068457,-0.8310683216068457,0.8310683216068457
Extra Trees Target Transform,Extra Trees,baseline,log1p_abs,139.0,-0.5,-0.4408795291147295,0.059120470885270504,0.059120470885270504
Extra Trees Target Transform,Extra Trees,baseline,log1p_abs,139.0,0.0,-0.33865966716567775,-0.33865966716567775,0.33865966716567775
Extra Trees Target Transform,Extra Trees,baseline,log1p_abs,141.0,-1.0,-2.6189612580547292,-1.6189612580547292,1.6189612580547292
Extra Trees Target Transform,Extra Trees,baseline,log1p_abs,141.0,-0.666666667,-2.3828958676990415,-1.7162292006990416,1.7162292006990416
Extra Trees Target Transform,Extra Trees,baseline,log1p_abs,144.0,0.0,-0.19347450219989817,-0.19347450219989817,0.19347450219989817
Extra Trees Target Transform,Extra Trees,baseline,log1p_abs,144.0,0.0,-0.24639474676767492,-0.24639474676767492,0.24639474676767492
Extra Trees Target Transform,Extra Trees,baseline,log1p_abs,144.0,-1.107309333,-0.10156465264817231,1.0057446803518275,1.0057446803518275
Extra Trees Target Transform,Extra Trees,baseline,log1p_abs,156.0,-0.5,-0.626136808836367,-0.12613680883636702,0.12613680883636702
Extra Trees Target Transform,Extra Trees,baseline,log1p_abs,156.0,0.25,-0.6331029877019618,-0.8831029877019618,0.8831029877019618
Extra Trees Target Transform,Extra Trees,baseline,log1p_abs,156.0,1.0,-2.1658804297329985,-3.1658804297329985,3.1658804297329985
Extra Trees Target Transform,Extra Trees,baseline,log1p_abs,160.0,-1.0,-0.56521219189886,0.43478780810114004,0.43478780810114004
Extra Trees Target Transform,Extra Trees,baseline,log1p_abs,160.0,-0.5,-1.5547387756141606,-1.0547387756141606,1.0547387756141606
Extra Trees Target Transform,Extra Trees,baseline,log1p_abs,160.0,-0.5,-0.40410600539890024,0.09589399460109976,0.09589399460109976
Extra Trees Target Transform,Extra Trees,baseline,log1p_abs,160.0,-1.0,-2.1219334985453058,-1.1219334985453058,1.1219334985453058
Extra Trees Target Transform,Extra Trees,baseline,log1p_abs,165.0,-1.0,-0.35509306138317487,0.6449069386168251,0.6449069386168251
Extra Trees Target Transform,Extra Trees,baseline,log1p_abs,165.0,-0.333333333,-0.4944409540231818,-0.16110762102318177,0.16110762102318177
Extra Trees Target Transform,Extra Trees,baseline,log1p_abs,165.0,-1.160964,-0.3739265666524538,0.7870374333475463,0.7870374333475463
Extra Trees Target Transform,Extra Trees,baseline,log1p_abs,165.0,-1.0,-0.610945004790542,0.38905499520945797,0.38905499520945797
Extra Trees Target Transform,Extra Trees,baseline,log1p_abs,166.0,0.0,-0.6642321427698407,-0.6642321427698407,0.6642321427698407
Extra Trees Target Transform,Extra Trees,baseline,log1p_abs,166.0,0.0,-0.5888157397090611,-0.5888157397090611,0.5888157397090611
Extra Trees Target Transform,Extra Trees,baseline,log1p_abs,166.0,-0.666666667,-0.7107966555217838,-0.04412998852178385,0.04412998852178385
Extra Trees Target Transform,Extra Trees,baseline,log1p_abs,166.0,0.0,-0.6085354241139767,-0.6085354241139767,0.6085354241139767
Extra Trees Target Transform,Extra Trees,baseline,log1p_abs,171.0,-0.166666667,-1.5401177601692466,-1.3734510931692467,1.3734510931692467
Extra Trees Target Transform,Extra Trees,baseline,log1p_abs,171.0,0.0,-0.8710696059990355,-0.8710696059990355,0.8710696059990355
Extra Trees Target Transform,Extra Trees,baseline,log1p_abs,171.0,0.0,-1.9751553527548786,-1.9751553527548786,1.9751553527548786
Extra Trees Target Transform,Extra Trees,baseline,log1p_abs,171.0,-0.25,-1.585092028774342,-1.335092028774342,1.335092028774342
Extra Trees Target Transform,Extra Trees,baseline,log1p_abs,176.0,-0.5,-0.7448119851670069,-0.24481198516700686,0.24481198516700686
Extra Trees Target Transform,Extra Trees,baseline,log1p_abs,176.0,-1.0,-1.1057455529789388,-0.10574555297893884,0.10574555297893884
Extra Trees Target Transform,Extra Trees,baseline,log1p_abs,188.0,0.0,-0.08651959281899338,-0.08651959281899338,0.08651959281899338
Extra Trees Target Transform,Extra Trees,baseline,log1p_abs,188.0,0.0,-0.49286388161198136,-0.49286388161198136,0.49286388161198136
Extra Trees Target Transform,Extra Trees,baseline,log1p_abs,194.0,0.0,-0.6453438545475234,-0.6453438545475234,0.6453438545475234
Extra Trees Target Transform,Extra Trees,baseline,log1p_abs,194.0,0.0,-1.6475737649583728,-1.6475737649583728,1.6475737649583728
Extra Trees Target Transform,Extra Trees,baseline,log1p_abs,194.0,0.0,-0.6315334606471652,-0.6315334606471652,0.6315334606471652
Extra Trees Target Transform,Extra Trees,baseline,log1p_abs,194.0,-0.333333333,-1.021910308863641,-0.688576975863641,0.688576975863641
Extra Trees Target Transform,Extra Trees,baseline,log1p_abs,196.0,0.0,-0.38688071319802825,-0.38688071319802825,0.38688071319802825
Extra Trees Target Transform,Extra Trees,baseline,log1p_abs,196.0,-1.0,-3.4663547857887504,-2.4663547857887504,2.4663547857887504
Extra Trees Target Transform,Extra Trees,baseline,log1p_abs,196.0,0.0,-2.130682940486504,-2.130682940486504,2.130682940486504
Extra Trees Target Transform,Extra Trees,baseline,log1p_abs,200.0,-2.321928,-2.1507112874438974,0.17121671255610282,0.17121671255610282
Extra Trees Target Transform,Extra Trees,baseline,log1p_abs,200.0,0.0,-0.5155639789398272,-0.5155639789398272,0.5155639789398272
Extra Trees Target Transform,Extra Trees,baseline,log1p_abs,200.0,0.0,-0.5632113647146252,-0.5632113647146252,0.5632113647146252
Extra Trees Target Transform,Extra Trees,baseline,log1p_abs,200.0,0.0,-0.4033165392168029,-0.4033165392168029,0.4033165392168029
Extra Trees Target Transform,Extra Trees,baseline,log1p_abs,200.0,0.0,-0.5817793133540174,-0.5817793133540174,0.5817793133540174
Extra Trees Target Transform,Extra Trees,baseline,log1p_abs,217.0,-0.2,-0.9479426567202611,-0.7479426567202612,0.7479426567202612
Extra Trees Target Transform,Extra Trees,baseline,log1p_abs,217.0,0.0,-1.199225820682061,-1.199225820682061,1.199225820682061
Extra Trees Target Transform,Extra Trees,baseline,log1p_abs,217.0,-0.924658667,-1.0842892949814409,-0.1596306279814409,0.1596306279814409
Extra Trees Target Transform,Extra Trees,baseline,log1p_abs,218.0,-2.321928,-0.27104416061924086,2.0508838393807594,2.0508838393807594
Extra Trees Target Transform,Extra Trees,baseline,log1p_abs,218.0,-3.321928,-1.5756727690069787,1.7462552309930215,1.7462552309930215
Extra Trees Target Transform,Extra Trees,baseline,log1p_abs,218.0,-4.321928,-0.2789878045767773,4.042940195423222,4.042940195423222
Extra Trees Target Transform,Extra Trees,baseline,log1p_abs,218.0,-4.321928,-0.5092811072953446,3.812646892704655,3.812646892704655
Extra Trees Target Transform,Extra Trees,baseline,log1p_abs,221.0,-0.666666667,-1.554513851437268,-0.8878471844372681,0.8878471844372681
Extra Trees Target Transform,Extra Trees,baseline,log1p_abs,221.0,0.0,-0.5368303102937299,-0.5368303102937299,0.5368303102937299
Extra Trees Target Transform,Extra Trees,baseline,log1p_abs,221.0,0.0,-0.4230330111759559,-0.4230330111759559,0.4230330111759559
Extra Trees Target Transform,Extra Trees,baseline,log1p_abs,221.0,-1.0,-0.7282913035609743,0.27170869643902573,0.27170869643902573
Extra Trees Target Transform,Extra Trees,baseline,log1p_abs,221.0,0.0,-0.7459572996522926,-0.7459572996522926,0.7459572996522926
Extra Trees Target Transform,Extra Trees,baseline,log1p_abs,228.0,-1.0,-1.3703861367469359,-0.3703861367469359,0.3703861367469359
Extra Trees Target Transform,Extra Trees,baseline,log1p_abs,228.0,-1.881285333,-1.4350382570485207,0.44624707595147917,0.44624707595147917
Extra Trees Target Transform,Extra Trees,baseline,log1p_abs,228.0,-2.321928,-1.9214994752649757,0.40042852473502455,0.40042852473502455
Extra Trees Target Transform,Extra Trees,baseline,log1p_abs,233.0,-5.321928,-0.9924010015132471,4.329526998486752,4.329526998486752
Extra Trees Target Transform,Extra Trees,baseline,log1p_abs,233.0,0.0,-0.5880378459241031,-0.5880378459241031,0.5880378459241031
Extra Trees Target Transform,Extra Trees,baseline,log1p_abs,233.0,-5.321928,-1.548086196312828,3.773841803687172,3.773841803687172
Extra Trees Target Transform,Extra Trees,baseline,log1p_abs,233.0,-3.321928,-2.024091555746047,1.2978364442539534,1.2978364442539534
Extra Trees Target Transform,Extra Trees,baseline,log1p_abs,239.0,-5.321928,-2.232781612133338,3.089146387866662,3.089146387866662
Extra Trees Target Transform,Extra Trees,baseline,log1p_abs,239.0,-5.321928,-2.103397600363778,3.218530399636222,3.218530399636222
Extra Trees Target Transform,Extra Trees,baseline,log1p_abs,239.0,-5.321928,-2.069374995099677,3.2525530049003226,3.2525530049003226
Extra Trees Target Transform,Extra Trees,baseline,log1p_abs,239.0,-5.321928,-2.2104203563822074,3.1115076436177924,3.1115076436177924
Extra Trees Target Transform,Extra Trees,baseline,log1p_abs,240.0,0.0,-0.9455983929212026,-0.9455983929212026,0.9455983929212026
Extra Trees Target Transform,Extra Trees,baseline,log1p_abs,240.0,-4.321928,-1.4914881504568536,2.830439849543146,2.830439849543146
Extra Trees Target Transform,Extra Trees,baseline,log1p_abs,240.0,-5.321928,-1.0470336247294487,4.274894375270551,4.274894375270551
Extra Trees Target Transform,Extra Trees,baseline,log1p_abs,240.0,-1.0,-0.8240310008023494,0.17596899919765063,0.17596899919765063
Extra Trees Target Transform,Extra Trees,baseline,log1p_abs,247.0,-5.321928,-1.787873111079692,3.534054888920308,3.534054888920308
Extra Trees Target Transform,Extra Trees,baseline,log1p_abs,247.0,-5.321928,-2.537201787269634,2.784726212730366,2.784726212730366
Extra Trees Target Transform,Extra Trees,baseline,log1p_abs,247.0,-0.25,-0.15670928835230336,0.09329071164769664,0.09329071164769664
Extra Trees Target Transform,Extra Trees,baseline,log1p_abs,247.0,-5.321928,-2.724371052074641,2.5975569479253586,2.5975569479253586
Extra Trees Target Transform,Extra Trees,baseline,log1p_abs,250.0,0.5,-0.6563545927369097,-1.1563545927369097,1.1563545927369097
Extra Trees Target Transform,Extra Trees,baseline,log1p_abs,250.0,1.0,-0.6669284391342433,-1.6669284391342432,1.6669284391342432
Extra Trees Target Transform,Extra Trees,baseline,log1p_abs,250.0,0.0,-0.9418663990769239,-0.9418663990769239,0.9418663990769239
Extra Trees Target Transform,Extra Trees,baseline,log1p_abs,250.0,0.0,-0.6010515838445737,-0.6010515838445737,0.6010515838445737
Extra Trees Target Transform,Extra Trees,baseline,log1p_abs,250.0,-0.333333333,-0.7997584208320022,-0.4664250878320022,0.4664250878320022
Extra Trees Target Transform,Extra Trees,baseline,log1p_abs,250.0,0.0,-0.7514585330039126,-0.7514585330039126,0.7514585330039126
Extra Trees Target Transform,Extra Trees,baseline,log1p_abs,255.0,-3.321928,-1.853873909726719,1.4680540902732813,1.4680540902732813
Extra Trees Target Transform,Extra Trees,baseline,log1p_abs,255.0,-1.7414459999999998,-1.003931320086609,0.7375146799133909,0.7375146799133909
Extra Trees Target Transform,Extra Trees,baseline,log1p_abs,255.0,-1.881285333,-1.1442829149274139,0.737002418072586,0.737002418072586
Extra Trees Target Transform,Extra Trees,baseline,log1p_abs,263.0,-3.321928,-2.0273049737841404,1.2946230262158598,1.2946230262158598
Extra Trees Target Transform,Extra Trees,baseline,log1p_abs,263.0,-3.988594667,-2.1033144461972437,1.8852802208027564,1.8852802208027564
Extra Trees Target Transform,Extra Trees,baseline,log1p_abs,273.0,0.0,-0.9569876789271351,-0.9569876789271351,0.9569876789271351
Extra Trees Target Transform,Extra Trees,baseline,log1p_abs,273.0,0.5,-0.6705807750967593,-1.1705807750967594,1.1705807750967594
Extra Trees Target Transform,Extra Trees,baseline,log1p_abs,273.0,0.0,-1.1449673803353502,-1.1449673803353502,1.1449673803353502
Extra Trees Target Transform,Extra Trees,baseline,log1p_abs,273.0,0.0,-0.9375337999031855,-0.9375337999031855,0.9375337999031855
Extra Trees Target Transform,Extra Trees,baseline,log1p_abs,278.0,-5.321928,-2.2605254581780763,3.0614025418219235,3.0614025418219235
Extra Trees Target Transform,Extra Trees,baseline,log1p_abs,278.0,0.0,-0.5532080155717704,-0.5532080155717704,0.5532080155717704
Extra Trees Target Transform,Extra Trees,baseline,log1p_abs,278.0,-4.321928,-1.5997925593248454,2.7221354406751543,2.7221354406751543
Extra Trees Target Transform,Extra Trees,baseline,log1p_abs,278.0,-1.0,-0.2190559659596796,0.7809440340403204,0.7809440340403204
Extra Trees Target Transform,Extra Trees,baseline,log1p_abs,278.0,0.0,-0.4350663903483738,-0.4350663903483738,0.4350663903483738
Extra Trees Target Transform,Extra Trees,baseline,log1p_abs,279.0,-1.0,-1.8728821006231924,-0.8728821006231924,0.8728821006231924
Extra Trees Target Transform,Extra Trees,baseline,log1p_abs,279.0,-5.321928,-2.665744892526634,2.6561831074733657,2.6561831074733657
Extra Trees Target Transform,Extra Trees,baseline,log1p_abs,279.0,-1.660964,-1.5456448450384856,0.11531915496151446,0.11531915496151446
Extra Trees Target Transform,Extra Trees,baseline,log1p_abs,283.0,0.0,-0.5171367654053701,-0.5171367654053701,0.5171367654053701
Extra Trees Target Transform,Extra Trees,baseline,log1p_abs,283.0,-0.333333333,-0.27941157868973965,0.05392175431026036,0.05392175431026036
Extra Trees Target Transform,Extra Trees,baseline,log1p_abs,283.0,0.0,-1.8333493238137444,-1.8333493238137444,1.8333493238137444
Extra Trees Target Transform,Extra Trees,baseline,log1p_abs,283.0,-4.321928,-3.132247633049222,1.1896803669507778,1.1896803669507778
HistGradientBoosting Target Transform,HistGradientBoosting,baseline,log1p_abs,30.0,-0.386988,-0.3364370748516093,0.05055092514839071,0.05055092514839071
HistGradientBoosting Target Transform,HistGradientBoosting,baseline,log1p_abs,30.0,-1.0,-0.24262461545048963,0.7573753845495104,0.7573753845495104
HistGradientBoosting Target Transform,HistGradientBoosting,baseline,log1p_abs,30.0,-2.321928,-0.32298485846203656,1.9989431415379637,1.9989431415379637
HistGradientBoosting Target Transform,HistGradientBoosting,baseline,log1p_abs,30.0,1.0,-0.3751152226297976,-1.3751152226297976,1.3751152226297976
HistGradientBoosting Target Transform,HistGradientBoosting,baseline,log1p_abs,30.0,0.0,-0.2499334997221115,-0.2499334997221115,0.2499334997221115
HistGradientBoosting Target Transform,HistGradientBoosting,baseline,log1p_abs,33.0,0.0,-1.281892014459642,-1.281892014459642,1.281892014459642
HistGradientBoosting Target Transform,HistGradientBoosting,baseline,log1p_abs,33.0,-1.0,-0.9682210250429791,0.03177897495702087,0.03177897495702087
HistGradientBoosting Target Transform,HistGradientBoosting,baseline,log1p_abs,33.0,-1.0,-0.8996480501219589,0.10035194987804108,0.10035194987804108
HistGradientBoosting Target Transform,HistGradientBoosting,baseline,log1p_abs,33.0,0.0,-0.6874070796192762,-0.6874070796192762,0.6874070796192762
HistGradientBoosting Target Transform,HistGradientBoosting,baseline,log1p_abs,34.0,-1.0643856000000005,-0.9538388712854412,0.11054672871455928,0.11054672871455928
HistGradientBoosting Target Transform,HistGradientBoosting,baseline,log1p_abs,34.0,0.0,-0.700635360514193,-0.700635360514193,0.700635360514193
HistGradientBoosting Target Transform,HistGradientBoosting,baseline,log1p_abs,34.0,-5.321928,-2.151476761758832,3.1704512382411676,3.1704512382411676
HistGradientBoosting Target Transform,HistGradientBoosting,baseline,log1p_abs,34.0,-1.0,-0.4043353409267893,0.5956646590732106,0.5956646590732106
HistGradientBoosting Target Transform,HistGradientBoosting,baseline,log1p_abs,34.0,-4.821928,-3.4141338830363264,1.4077941169636734,1.4077941169636734
HistGradientBoosting Target Transform,HistGradientBoosting,baseline,log1p_abs,39.0,1.0,-0.6015443837987362,-1.6015443837987362,1.6015443837987362
HistGradientBoosting Target Transform,HistGradientBoosting,baseline,log1p_abs,39.0,-0.5,-1.5884441496986206,-1.0884441496986206,1.0884441496986206
HistGradientBoosting Target Transform,HistGradientBoosting,baseline,log1p_abs,39.0,0.0,-2.6973464415530275,-2.6973464415530275,2.6973464415530275
HistGradientBoosting Target Transform,HistGradientBoosting,baseline,log1p_abs,39.0,0.0,-2.7472030254359874,-2.7472030254359874,2.7472030254359874
HistGradientBoosting Target Transform,HistGradientBoosting,baseline,log1p_abs,39.0,0.0,-0.7153861548220193,-0.7153861548220193,0.7153861548220193
HistGradientBoosting Target Transform,HistGradientBoosting,baseline,log1p_abs,42.0,-1.0,-0.37404944547257096,0.6259505545274291,0.6259505545274291
HistGradientBoosting Target Transform,HistGradientBoosting,baseline,log1p_abs,42.0,0.25,-0.11454641251987978,-0.3645464125198798,0.3645464125198798
HistGradientBoosting Target Transform,HistGradientBoosting,baseline,log1p_abs,42.0,-5.321928,-1.5838607720344537,3.738067227965546,3.738067227965546
HistGradientBoosting Target Transform,HistGradientBoosting,baseline,log1p_abs,42.0,-5.321928,-2.3039224834303735,3.0180055165696262,3.0180055165696262
HistGradientBoosting Target Transform,HistGradientBoosting,baseline,log1p_abs,43.0,-0.666666667,-0.35990750783135056,0.30675915916864943,0.30675915916864943
HistGradientBoosting Target Transform,HistGradientBoosting,baseline,log1p_abs,43.0,-3.321928,-1.3341021370365886,1.9878258629634116,1.9878258629634116
HistGradientBoosting Target Transform,HistGradientBoosting,baseline,log1p_abs,43.0,-5.321928,-2.5704635070454236,2.751464492954576,2.751464492954576
HistGradientBoosting Target Transform,HistGradientBoosting,baseline,log1p_abs,43.0,-1.0,-0.2855873100171767,0.7144126899828234,0.7144126899828234
HistGradientBoosting Target Transform,HistGradientBoosting,baseline,log1p_abs,48.0,0.0,-2.552416123270338,-2.552416123270338,2.552416123270338
HistGradientBoosting Target Transform,HistGradientBoosting,baseline,log1p_abs,48.0,-1.0,-3.2497051851644305,-2.2497051851644305,2.2497051851644305
HistGradientBoosting Target Transform,HistGradientBoosting,baseline,log1p_abs,48.0,-1.0,-2.887425904487058,-1.887425904487058,1.887425904487058
HistGradientBoosting Target Transform,HistGradientBoosting,baseline,log1p_abs,48.0,-1.991446,-3.157462885032738,-1.166016885032738,1.166016885032738
HistGradientBoosting Target Transform,HistGradientBoosting,baseline,log1p_abs,49.0,0.0,-0.14999406077259825,-0.14999406077259825,0.14999406077259825
HistGradientBoosting Target Transform,HistGradientBoosting,baseline,log1p_abs,49.0,-2.321928,-1.6049905525260557,0.7169374474739445,0.7169374474739445
HistGradientBoosting Target Transform,HistGradientBoosting,baseline,log1p_abs,49.0,0.0,-0.28698542676497973,-0.28698542676497973,0.28698542676497973
HistGradientBoosting Target Transform,HistGradientBoosting,baseline,log1p_abs,49.0,-2.321928,-2.3214107427752366,0.0005172572247635898,0.0005172572247635898
HistGradientBoosting Target Transform,HistGradientBoosting,baseline,log1p_abs,49.0,-3.321928,-1.5228547463022954,1.7990732536977048,1.7990732536977048
HistGradientBoosting Target Transform,HistGradientBoosting,baseline,log1p_abs,54.0,0.0,-0.4921738250899436,-0.4921738250899436,0.4921738250899436
HistGradientBoosting Target Transform,HistGradientBoosting,baseline,log1p_abs,54.0,-1.370723,-2.8979997729968217,-1.5272767729968217,1.5272767729968217
HistGradientBoosting Target Transform,HistGradientBoosting,baseline,log1p_abs,54.0,0.25,-1.864153368457463,-2.1141533684574627,2.1141533684574627
HistGradientBoosting Target Transform,HistGradientBoosting,baseline,log1p_abs,54.0,0.333333333,-0.14670902586801887,-0.4800423588680189,0.4800423588680189
HistGradientBoosting Target Transform,HistGradientBoosting,baseline,log1p_abs,57.0,0.0,-0.44932530177122587,-0.44932530177122587,0.44932530177122587
HistGradientBoosting Target Transform,HistGradientBoosting,baseline,log1p_abs,57.0,0.0,-0.40632546896398536,-0.40632546896398536,0.40632546896398536
HistGradientBoosting Target Transform,HistGradientBoosting,baseline,log1p_abs,57.0,0.0,-0.852299075175762,-0.852299075175762,0.852299075175762
HistGradientBoosting Target Transform,HistGradientBoosting,baseline,log1p_abs,57.0,0.0,-0.9417416868294827,-0.9417416868294827,0.9417416868294827
HistGradientBoosting Target Transform,HistGradientBoosting,baseline,log1p_abs,69.0,-5.321928,-1.8186932780107574,3.5032347219892426,3.5032347219892426
HistGradientBoosting Target Transform,HistGradientBoosting,baseline,log1p_abs,69.0,-2.821928,-1.813294988708557,1.0086330112914432,1.0086330112914432
HistGradientBoosting Target Transform,HistGradientBoosting,baseline,log1p_abs,69.0,-4.321928,-1.347869299239507,2.9740587007604926,2.9740587007604926
HistGradientBoosting Target Transform,HistGradientBoosting,baseline,log1p_abs,69.0,-1.214618667,-0.3841259469029288,0.8304927200970713,0.8304927200970713
HistGradientBoosting Target Transform,HistGradientBoosting,baseline,log1p_abs,70.0,-1.0,-0.28526696957483366,0.7147330304251663,0.7147330304251663
HistGradientBoosting Target Transform,HistGradientBoosting,baseline,log1p_abs,70.0,-1.5287712,-0.43182722007765806,1.096943979922342,1.096943979922342
HistGradientBoosting Target Transform,HistGradientBoosting,baseline,log1p_abs,70.0,0.0,-0.9776197947412868,-0.9776197947412868,0.9776197947412868
HistGradientBoosting Target Transform,HistGradientBoosting,baseline,log1p_abs,70.0,-4.321928,-0.5063121776660578,3.815615822333942,3.815615822333942
HistGradientBoosting Target Transform,HistGradientBoosting,baseline,log1p_abs,70.0,-0.666666667,-0.34313088886258025,0.32353577813741974,0.32353577813741974
HistGradientBoosting Target Transform,HistGradientBoosting,baseline,log1p_abs,90.0,0.0,-0.04122530119937993,-0.04122530119937993,0.04122530119937993
HistGradientBoosting Target Transform,HistGradientBoosting,baseline,log1p_abs,90.0,-1.7739759999999998,-0.8574870292815057,0.9164889707184941,0.9164889707184941
HistGradientBoosting Target Transform,HistGradientBoosting,baseline,log1p_abs,90.0,0.0,-0.8747945675372558,-0.8747945675372558,0.8747945675372558
HistGradientBoosting Target Transform,HistGradientBoosting,baseline,log1p_abs,90.0,-0.4,-0.1949360245515206,0.20506397544847943,0.20506397544847943
HistGradientBoosting Target Transform,HistGradientBoosting,baseline,log1p_abs,90.0,0.333333333,-1.36196587111238,-1.6952992041123802,1.6952992041123802
HistGradientBoosting Target Transform,HistGradientBoosting,baseline,log1p_abs,91.0,-3.321928,-1.9251213798775693,1.396806620122431,1.396806620122431
HistGradientBoosting Target Transform,HistGradientBoosting,baseline,log1p_abs,91.0,0.0,-0.7630286730783834,-0.7630286730783834,0.7630286730783834
HistGradientBoosting Target Transform,HistGradientBoosting,baseline,log1p_abs,91.0,-2.321928,-1.3390350062195846,0.9828929937804156,0.9828929937804156
HistGradientBoosting Target Transform,HistGradientBoosting,baseline,log1p_abs,91.0,-1.0,-0.8856660974799675,0.1143339025200325,0.1143339025200325
HistGradientBoosting Target Transform,HistGradientBoosting,baseline,log1p_abs,92.0,-1.0,-1.558630204152134,-0.558630204152134,0.558630204152134
HistGradientBoosting Target Transform,HistGradientBoosting,baseline,log1p_abs,92.0,-2.321928,-0.8433026349771326,1.4786253650228676,1.4786253650228676
HistGradientBoosting Target Transform,HistGradientBoosting,baseline,log1p_abs,92.0,-0.428571429,-0.48660864570367807,-0.05803721670367806,0.05803721670367806
HistGradientBoosting Target Transform,HistGradientBoosting,baseline,log1p_abs,92.0,0.2,-1.058297362980269,-1.258297362980269,1.258297362980269
HistGradientBoosting Target Transform,HistGradientBoosting,baseline,log1p_abs,92.0,-1.0,-0.5304061029303864,0.46959389706961363,0.46959389706961363
HistGradientBoosting Target Transform,HistGradientBoosting,baseline,log1p_abs,97.0,-1.107309333,-0.742022555849851,0.3652867771501489,0.3652867771501489
HistGradientBoosting Target Transform,HistGradientBoosting,baseline,log1p_abs,97.0,0.0,-0.4107195793982397,-0.4107195793982397,0.4107195793982397
HistGradientBoosting Target Transform,HistGradientBoosting,baseline,log1p_abs,97.0,0.25,-0.35573633315894365,-0.6057363331589436,0.6057363331589436
HistGradientBoosting Target Transform,HistGradientBoosting,baseline,log1p_abs,97.0,0.0,-2.31753254716859,-2.31753254716859,2.31753254716859
HistGradientBoosting Target Transform,HistGradientBoosting,baseline,log1p_abs,99.0,-0.5,-1.9160099794250103,-1.4160099794250103,1.4160099794250103
HistGradientBoosting Target Transform,HistGradientBoosting,baseline,log1p_abs,99.0,0.0,-1.4048949535757758,-1.4048949535757758,1.4048949535757758
HistGradientBoosting Target Transform,HistGradientBoosting,baseline,log1p_abs,99.0,-2.321928,-1.8775148760843807,0.4444131239156195,0.4444131239156195
HistGradientBoosting Target Transform,HistGradientBoosting,baseline,log1p_abs,99.0,0.0,-1.2611941527233206,-1.2611941527233206,1.2611941527233206
HistGradientBoosting Target Transform,HistGradientBoosting,baseline,log1p_abs,102.0,-0.5,-0.7311269410731491,-0.23112694107314913,0.23112694107314913
HistGradientBoosting Target Transform,HistGradientBoosting,baseline,log1p_abs,102.0,0.333333333,-0.5070937456198358,-0.8404270786198358,0.8404270786198358
HistGradientBoosting Target Transform,HistGradientBoosting,baseline,log1p_abs,102.0,-0.666666667,-0.7918483847112521,-0.12518171771125208,0.12518171771125208
HistGradientBoosting Target Transform,HistGradientBoosting,baseline,log1p_abs,102.0,0.0,-0.4080170977957665,-0.4080170977957665,0.4080170977957665
HistGradientBoosting Target Transform,HistGradientBoosting,baseline,log1p_abs,103.0,-0.666666667,-2.2301192806408268,-1.5634526136408269,1.5634526136408269
HistGradientBoosting Target Transform,HistGradientBoosting,baseline,log1p_abs,110.0,0.0,-0.573471505714206,-0.573471505714206,0.573471505714206
HistGradientBoosting Target Transform,HistGradientBoosting,baseline,log1p_abs,110.0,-0.5,-0.5240108959972563,-0.024010895997256254,0.024010895997256254
HistGradientBoosting Target Transform,HistGradientBoosting,baseline,log1p_abs,110.0,-1.0,-0.6017460130465033,0.3982539869534967,0.3982539869534967
HistGradientBoosting Target Transform,HistGradientBoosting,baseline,log1p_abs,110.0,-2.321928,-1.2967318629980493,1.025196137001951,1.025196137001951
HistGradientBoosting Target Transform,HistGradientBoosting,baseline,log1p_abs,120.0,-2.321928,-1.1238379951822963,1.198090004817704,1.198090004817704
HistGradientBoosting Target Transform,HistGradientBoosting,baseline,log1p_abs,120.0,-3.821928,-2.6096508463062897,1.2122771536937105,1.2122771536937105
HistGradientBoosting Target Transform,HistGradientBoosting,baseline,log1p_abs,125.0,0.0,-0.43303978892899153,-0.43303978892899153,0.43303978892899153
HistGradientBoosting Target Transform,HistGradientBoosting,baseline,log1p_abs,125.0,0.0,-0.1377868621245901,-0.1377868621245901,0.1377868621245901
HistGradientBoosting Target Transform,HistGradientBoosting,baseline,log1p_abs,125.0,0.0,-0.6689646623774992,-0.6689646623774992,0.6689646623774992
HistGradientBoosting Target Transform,HistGradientBoosting,baseline,log1p_abs,125.0,-5.321928,-3.867437638534528,1.4544903614654716,1.4544903614654716
HistGradientBoosting Target Transform,HistGradientBoosting,baseline,log1p_abs,125.0,-2.321928,-2.926847368965982,-0.604919368965982,0.604919368965982
HistGradientBoosting Target Transform,HistGradientBoosting,baseline,log1p_abs,133.0,-3.821928,-0.7434137456991536,3.0785142543008464,3.0785142543008464
HistGradientBoosting Target Transform,HistGradientBoosting,baseline,log1p_abs,133.0,0.0,-0.610571448041039,-0.610571448041039,0.610571448041039
HistGradientBoosting Target Transform,HistGradientBoosting,baseline,log1p_abs,135.0,-3.321928,-1.9637815768530862,1.358146423146914,1.358146423146914
HistGradientBoosting Target Transform,HistGradientBoosting,baseline,log1p_abs,135.0,0.0,0.016839963874707098,0.016839963874707098,0.016839963874707098
HistGradientBoosting Target Transform,HistGradientBoosting,baseline,log1p_abs,135.0,-2.321928,-0.5115288449755974,1.810399155024403,1.810399155024403
HistGradientBoosting Target Transform,HistGradientBoosting,baseline,log1p_abs,138.0,0.0,-0.7915871325044875,-0.7915871325044875,0.7915871325044875
HistGradientBoosting Target Transform,HistGradientBoosting,baseline,log1p_abs,138.0,0.0,-0.8655086566780875,-0.8655086566780875,0.8655086566780875
HistGradientBoosting Target Transform,HistGradientBoosting,baseline,log1p_abs,138.0,0.0,-1.659449135684999,-1.659449135684999,1.659449135684999
HistGradientBoosting Target Transform,HistGradientBoosting,baseline,log1p_abs,138.0,0.0,-2.2070750611670436,-2.2070750611670436,2.2070750611670436
HistGradientBoosting Target Transform,HistGradientBoosting,baseline,log1p_abs,139.0,0.333333333,-0.4873887095765309,-0.8207220425765309,0.8207220425765309
HistGradientBoosting Target Transform,HistGradientBoosting,baseline,log1p_abs,139.0,-0.5,-0.3593402567162656,0.14065974328373437,0.14065974328373437
HistGradientBoosting Target Transform,HistGradientBoosting,baseline,log1p_abs,139.0,0.0,-0.1650905818039512,-0.1650905818039512,0.1650905818039512
HistGradientBoosting Target Transform,HistGradientBoosting,baseline,log1p_abs,141.0,-1.0,-2.2968047795606,-1.2968047795606,1.2968047795606
HistGradientBoosting Target Transform,HistGradientBoosting,baseline,log1p_abs,141.0,-0.666666667,-2.624827714096968,-1.9581610470969681,1.9581610470969681
HistGradientBoosting Target Transform,HistGradientBoosting,baseline,log1p_abs,144.0,0.0,-0.10125526086085751,-0.10125526086085751,0.10125526086085751
HistGradientBoosting Target Transform,HistGradientBoosting,baseline,log1p_abs,144.0,0.0,-0.20470308448397304,-0.20470308448397304,0.20470308448397304
HistGradientBoosting Target Transform,HistGradientBoosting,baseline,log1p_abs,144.0,-1.107309333,-0.08677112465325454,1.0205382083467454,1.0205382083467454
HistGradientBoosting Target Transform,HistGradientBoosting,baseline,log1p_abs,156.0,-0.5,-0.5956955241527091,-0.0956955241527091,0.0956955241527091
HistGradientBoosting Target Transform,HistGradientBoosting,baseline,log1p_abs,156.0,0.25,-0.3210773866882168,-0.5710773866882168,0.5710773866882168
HistGradientBoosting Target Transform,HistGradientBoosting,baseline,log1p_abs,156.0,1.0,-2.569422920006279,-3.569422920006279,3.569422920006279
HistGradientBoosting Target Transform,HistGradientBoosting,baseline,log1p_abs,160.0,-1.0,-0.20800026770339544,0.7919997322966046,0.7919997322966046
HistGradientBoosting Target Transform,HistGradientBoosting,baseline,log1p_abs,160.0,-0.5,-1.06936932871757,-0.5693693287175701,0.5693693287175701
HistGradientBoosting Target Transform,HistGradientBoosting,baseline,log1p_abs,160.0,-0.5,-0.012127304216118932,0.4878726957838811,0.4878726957838811
HistGradientBoosting Target Transform,HistGradientBoosting,baseline,log1p_abs,160.0,-1.0,-1.7488312635623455,-0.7488312635623455,0.7488312635623455
HistGradientBoosting Target Transform,HistGradientBoosting,baseline,log1p_abs,165.0,-1.0,-0.10502108653765711,0.8949789134623429,0.8949789134623429
HistGradientBoosting Target Transform,HistGradientBoosting,baseline,log1p_abs,165.0,-0.333333333,-0.6344498884030914,-0.30111655540309135,0.30111655540309135
HistGradientBoosting Target Transform,HistGradientBoosting,baseline,log1p_abs,165.0,-1.160964,-0.5128169136299997,0.6481470863700004,0.6481470863700004
HistGradientBoosting Target Transform,HistGradientBoosting,baseline,log1p_abs,165.0,-1.0,-0.23014100063328155,0.7698589993667184,0.7698589993667184
HistGradientBoosting Target Transform,HistGradientBoosting,baseline,log1p_abs,166.0,0.0,-0.5915583961138886,-0.5915583961138886,0.5915583961138886
HistGradientBoosting Target Transform,HistGradientBoosting,baseline,log1p_abs,166.0,0.0,-0.35898867479124685,-0.35898867479124685,0.35898867479124685
HistGradientBoosting Target Transform,HistGradientBoosting,baseline,log1p_abs,166.0,-0.666666667,-0.5567511636051645,0.10991550339483547,0.10991550339483547
HistGradientBoosting Target Transform,HistGradientBoosting,baseline,log1p_abs,166.0,0.0,-0.3376317318022822,-0.3376317318022822,0.3376317318022822
HistGradientBoosting Target Transform,HistGradientBoosting,baseline,log1p_abs,171.0,-0.166666667,-0.9727193774409445,-0.8060527104409445,0.8060527104409445
HistGradientBoosting Target Transform,HistGradientBoosting,baseline,log1p_abs,171.0,0.0,-0.264728327643048,-0.264728327643048,0.264728327643048
HistGradientBoosting Target Transform,HistGradientBoosting,baseline,log1p_abs,171.0,0.0,-2.846387189770571,-2.846387189770571,2.846387189770571
HistGradientBoosting Target Transform,HistGradientBoosting,baseline,log1p_abs,171.0,-0.25,-1.2282973311451788,-0.9782973311451788,0.9782973311451788
HistGradientBoosting Target Transform,HistGradientBoosting,baseline,log1p_abs,176.0,-0.5,-0.46946811341488276,0.03053188658511724,0.03053188658511724
HistGradientBoosting Target Transform,HistGradientBoosting,baseline,log1p_abs,176.0,-1.0,-0.6991424494894892,0.3008575505105108,0.3008575505105108
HistGradientBoosting Target Transform,HistGradientBoosting,baseline,log1p_abs,188.0,0.0,0.016133403888966013,0.016133403888966013,0.016133403888966013
HistGradientBoosting Target Transform,HistGradientBoosting,baseline,log1p_abs,188.0,0.0,-0.7424683854750065,-0.7424683854750065,0.7424683854750065
HistGradientBoosting Target Transform,HistGradientBoosting,baseline,log1p_abs,194.0,0.0,-0.44534589874387376,-0.44534589874387376,0.44534589874387376
HistGradientBoosting Target Transform,HistGradientBoosting,baseline,log1p_abs,194.0,0.0,-1.7233609289090408,-1.7233609289090408,1.7233609289090408
HistGradientBoosting Target Transform,HistGradientBoosting,baseline,log1p_abs,194.0,0.0,-0.22430600107116136,-0.22430600107116136,0.22430600107116136
HistGradientBoosting Target Transform,HistGradientBoosting,baseline,log1p_abs,194.0,-0.333333333,-0.8960925210265561,-0.5627591880265561,0.5627591880265561
HistGradientBoosting Target Transform,HistGradientBoosting,baseline,log1p_abs,196.0,0.0,-0.3452205495084873,-0.3452205495084873,0.3452205495084873
HistGradientBoosting Target Transform,HistGradientBoosting,baseline,log1p_abs,196.0,-1.0,-4.0281542494785905,-3.0281542494785905,3.0281542494785905
HistGradientBoosting Target Transform,HistGradientBoosting,baseline,log1p_abs,196.0,0.0,-1.8336184489724905,-1.8336184489724905,1.8336184489724905
HistGradientBoosting Target Transform,HistGradientBoosting,baseline,log1p_abs,200.0,-2.321928,-2.451808809490245,-0.1298808094902446,0.1298808094902446
HistGradientBoosting Target Transform,HistGradientBoosting,baseline,log1p_abs,200.0,0.0,-0.17750493417997212,-0.17750493417997212,0.17750493417997212
HistGradientBoosting Target Transform,HistGradientBoosting,baseline,log1p_abs,200.0,0.0,-0.5969987775842338,-0.5969987775842338,0.5969987775842338
HistGradientBoosting Target Transform,HistGradientBoosting,baseline,log1p_abs,200.0,0.0,-0.30264672568494133,-0.30264672568494133,0.30264672568494133
HistGradientBoosting Target Transform,HistGradientBoosting,baseline,log1p_abs,200.0,0.0,-0.6144231179597067,-0.6144231179597067,0.6144231179597067
HistGradientBoosting Target Transform,HistGradientBoosting,baseline,log1p_abs,217.0,-0.2,-0.4903468030326012,-0.2903468030326012,0.2903468030326012
HistGradientBoosting Target Transform,HistGradientBoosting,baseline,log1p_abs,217.0,0.0,-1.2087632489065452,-1.2087632489065452,1.2087632489065452
HistGradientBoosting Target Transform,HistGradientBoosting,baseline,log1p_abs,217.0,-0.924658667,-0.8075316747432164,0.11712699225678358,0.11712699225678358
HistGradientBoosting Target Transform,HistGradientBoosting,baseline,log1p_abs,218.0,-2.321928,-0.11052011041446036,2.21140788958554,2.21140788958554
HistGradientBoosting Target Transform,HistGradientBoosting,baseline,log1p_abs,218.0,-3.321928,-2.3483881296816227,0.9735398703183775,0.9735398703183775
HistGradientBoosting Target Transform,HistGradientBoosting,baseline,log1p_abs,218.0,-4.321928,-0.10924089289871951,4.212687107101281,4.212687107101281
HistGradientBoosting Target Transform,HistGradientBoosting,baseline,log1p_abs,218.0,-4.321928,-0.3292173650641853,3.9927106349358144,3.9927106349358144
HistGradientBoosting Target Transform,HistGradientBoosting,baseline,log1p_abs,221.0,-0.666666667,-2.1319115417900134,-1.4652448747900135,1.4652448747900135
HistGradientBoosting Target Transform,HistGradientBoosting,baseline,log1p_abs,221.0,0.0,0.01332038036248206,0.01332038036248206,0.01332038036248206
HistGradientBoosting Target Transform,HistGradientBoosting,baseline,log1p_abs,221.0,0.0,-0.029109152160853177,-0.029109152160853177,0.029109152160853177
HistGradientBoosting Target Transform,HistGradientBoosting,baseline,log1p_abs,221.0,-1.0,-0.6010832241591464,0.3989167758408536,0.3989167758408536
HistGradientBoosting Target Transform,HistGradientBoosting,baseline,log1p_abs,221.0,0.0,-0.38871705365914805,-0.38871705365914805,0.38871705365914805
HistGradientBoosting Target Transform,HistGradientBoosting,baseline,log1p_abs,228.0,-1.0,-0.4131690169536703,0.5868309830463296,0.5868309830463296
HistGradientBoosting Target Transform,HistGradientBoosting,baseline,log1p_abs,228.0,-1.881285333,-0.5398850690804894,1.3414002639195104,1.3414002639195104
HistGradientBoosting Target Transform,HistGradientBoosting,baseline,log1p_abs,228.0,-2.321928,-2.0729594259137305,0.2489685740862697,0.2489685740862697
HistGradientBoosting Target Transform,HistGradientBoosting,baseline,log1p_abs,233.0,-5.321928,-2.3280964578503593,2.9938315421496404,2.9938315421496404
HistGradientBoosting Target Transform,HistGradientBoosting,baseline,log1p_abs,233.0,0.0,-0.6037868556859983,-0.6037868556859983,0.6037868556859983
HistGradientBoosting Target Transform,HistGradientBoosting,baseline,log1p_abs,233.0,-5.321928,-2.2228802202081086,3.099047779791891,3.099047779791891
HistGradientBoosting Target Transform,HistGradientBoosting,baseline,log1p_abs,233.0,-3.321928,-3.222955257923121,0.09897274207687934,0.09897274207687934
HistGradientBoosting Target Transform,HistGradientBoosting,baseline,log1p_abs,239.0,-5.321928,-1.789176390825193,3.532751609174807,3.532751609174807
HistGradientBoosting Target Transform,HistGradientBoosting,baseline,log1p_abs,239.0,-5.321928,-1.0169485146638844,4.304979485336116,4.304979485336116
HistGradientBoosting Target Transform,HistGradientBoosting,baseline,log1p_abs,239.0,-5.321928,-1.0708210886830467,4.251106911316953,4.251106911316953
HistGradientBoosting Target Transform,HistGradientBoosting,baseline,log1p_abs,239.0,-5.321928,-1.5363108812368786,3.7856171187631213,3.7856171187631213
HistGradientBoosting Target Transform,HistGradientBoosting,baseline,log1p_abs,240.0,0.0,-0.6228942914966289,-0.6228942914966289,0.6228942914966289
HistGradientBoosting Target Transform,HistGradientBoosting,baseline,log1p_abs,240.0,-4.321928,-1.5774334150288682,2.7444945849711315,2.7444945849711315
HistGradientBoosting Target Transform,HistGradientBoosting,baseline,log1p_abs,240.0,-5.321928,-1.069298278893411,4.252629721106588,4.252629721106588
HistGradientBoosting Target Transform,HistGradientBoosting,baseline,log1p_abs,240.0,-1.0,-0.7467623655964455,0.2532376344035545,0.2532376344035545
HistGradientBoosting Target Transform,HistGradientBoosting,baseline,log1p_abs,247.0,-5.321928,-2.572963681650735,2.7489643183492647,2.7489643183492647
HistGradientBoosting Target Transform,HistGradientBoosting,baseline,log1p_abs,247.0,-5.321928,-4.419909665790155,0.9020183342098447,0.9020183342098447
HistGradientBoosting Target Transform,HistGradientBoosting,baseline,log1p_abs,247.0,-0.25,-0.7632853711566014,-0.5132853711566014,0.5132853711566014
HistGradientBoosting Target Transform,HistGradientBoosting,baseline,log1p_abs,247.0,-5.321928,-3.98437441319361,1.33755358680639,1.33755358680639
HistGradientBoosting Target Transform,HistGradientBoosting,baseline,log1p_abs,250.0,0.5,-0.47469973514691105,-0.9746997351469111,0.9746997351469111
HistGradientBoosting Target Transform,HistGradientBoosting,baseline,log1p_abs,250.0,1.0,-0.6940881218540242,-1.6940881218540242,1.6940881218540242
HistGradientBoosting Target Transform,HistGradientBoosting,baseline,log1p_abs,250.0,0.0,-1.222260260371095,-1.222260260371095,1.222260260371095
HistGradientBoosting Target Transform,HistGradientBoosting,baseline,log1p_abs,250.0,0.0,-0.5985292912296851,-0.5985292912296851,0.5985292912296851
HistGradientBoosting Target Transform,HistGradientBoosting,baseline,log1p_abs,250.0,-0.333333333,-0.655840234287493,-0.32250690128749304,0.32250690128749304
HistGradientBoosting Target Transform,HistGradientBoosting,baseline,log1p_abs,250.0,0.0,-2.046398657471763,-2.046398657471763,2.046398657471763
HistGradientBoosting Target Transform,HistGradientBoosting,baseline,log1p_abs,255.0,-3.321928,-2.259679038627623,1.0622489613723771,1.0622489613723771
HistGradientBoosting Target Transform,HistGradientBoosting,baseline,log1p_abs,255.0,-1.7414459999999998,-0.7892884317030557,0.9521575682969441,0.9521575682969441
HistGradientBoosting Target Transform,HistGradientBoosting,baseline,log1p_abs,255.0,-1.881285333,-1.588350709732237,0.292934623267763,0.292934623267763
HistGradientBoosting Target Transform,HistGradientBoosting,baseline,log1p_abs,263.0,-3.321928,-3.0500382388745786,0.2718897611254216,0.2718897611254216
HistGradientBoosting Target Transform,HistGradientBoosting,baseline,log1p_abs,263.0,-3.988594667,-3.3815368582454033,0.6070578087545968,0.6070578087545968
HistGradientBoosting Target Transform,HistGradientBoosting,baseline,log1p_abs,273.0,0.0,-0.8609218171553179,-0.8609218171553179,0.8609218171553179
HistGradientBoosting Target Transform,HistGradientBoosting,baseline,log1p_abs,273.0,0.5,-0.24741228541453367,-0.7474122854145336,0.7474122854145336
HistGradientBoosting Target Transform,HistGradientBoosting,baseline,log1p_abs,273.0,0.0,-1.079112300741096,-1.079112300741096,1.079112300741096
HistGradientBoosting Target Transform,HistGradientBoosting,baseline,log1p_abs,273.0,0.0,-1.117555073709358,-1.117555073709358,1.117555073709358
HistGradientBoosting Target Transform,HistGradientBoosting,baseline,log1p_abs,278.0,-5.321928,-3.254019872011826,2.067908127988174,2.067908127988174
HistGradientBoosting Target Transform,HistGradientBoosting,baseline,log1p_abs,278.0,0.0,-0.27981592668823746,-0.27981592668823746,0.27981592668823746
HistGradientBoosting Target Transform,HistGradientBoosting,baseline,log1p_abs,278.0,-4.321928,-2.7044490692502863,1.6174789307497135,1.6174789307497135
HistGradientBoosting Target Transform,HistGradientBoosting,baseline,log1p_abs,278.0,-1.0,-0.3942037523618779,0.6057962476381221,0.6057962476381221
HistGradientBoosting Target Transform,HistGradientBoosting,baseline,log1p_abs,278.0,0.0,-0.2005814396987003,-0.2005814396987003,0.2005814396987003
HistGradientBoosting Target Transform,HistGradientBoosting,baseline,log1p_abs,279.0,-1.0,-4.249012946724079,-3.249012946724079,3.249012946724079
HistGradientBoosting Target Transform,HistGradientBoosting,baseline,log1p_abs,279.0,-5.321928,-3.757986148328085,1.5639418516719146,1.5639418516719146
HistGradientBoosting Target Transform,HistGradientBoosting,baseline,log1p_abs,279.0,-1.660964,-2.3064053673137,-0.6454413673137,0.6454413673137
HistGradientBoosting Target Transform,HistGradientBoosting,baseline,log1p_abs,283.0,0.0,-0.4749315331462517,-0.4749315331462517,0.4749315331462517
HistGradientBoosting Target Transform,HistGradientBoosting,baseline,log1p_abs,283.0,-0.333333333,-0.08319228600292937,0.2501410469970706,0.2501410469970706
HistGradientBoosting Target Transform,HistGradientBoosting,baseline,log1p_abs,283.0,0.0,-1.6966549177547283,-1.6966549177547283,1.6966549177547283
HistGradientBoosting Target Transform,HistGradientBoosting,baseline,log1p_abs,283.0,-4.321928,-2.611740267989527,1.7101877320104726,1.7101877320104726
